0,Perk Name,Cost,Source,Description
1,Builder's Might,1000 CP,Vanilla Minecraft,"You have access to powers inspired by a player character from the Minecraft game. You abilities can summarized as:

>Force - You belong to a race of Builders capable of channeling a unique Force to empower their actions and intended functions of thier tools. This energy makes tools more efficient, weapons more dangerous, and has many other applications - some obvious, others requiring discovery and practice to master.
>Inventory - Builders possess a personal pocket dimension for storing items and materials. Storage capacity depends on volume, mass, and material diversity. Objects inside are frozen in time, but creatures with complex enough minds or strong willed can resist being stored quote easily.
>Crafting - Builders can manipulate materials stored in their inventory, either subtly or by projecting their work externally - allowing collaboration and easier visualization. When combined with Force, they can even reshape items outside their inventory. By studying an object, they gain its blueprint, enabling them to replicate it if they have the necessary materials, skills, and tools.
>Building - Builders can construct structures that defy conventional architecture, such as floating islands, by subtly altering the mass of matter in exotic way. These effects can be disrupted by sufficient force or degrade slowly over time due to wear and tear.
>Peak Body - A Builder's Force constantly preserves their body, granting biological immortality, rapid healing, and even regeneration of lost limbs over time. Severe injuries may drain bodily resources, increasing hunger and thirst. They are also significantly tougher, stronger, and more resilient than an average human, with their body striving to return to its peak state when resources are available and being able to quickly replenish energy and materials via eating.
>Awareness - Builders have heightened awareness of their own bodies, enhancing agility, dexterity, and speed, and allowing them to learn or relearn skills quickly. They instinctively know if they are ill or poisoned and, with enough experience, can identify the cause.
>Respawn - By sleeping in a safe place with a calm mind and intent, you can set a spawn point. Upon death, you may respawn there once every 24 hours, though you temporarily weaken and lose all items. Respawn only works if the location remains intact, your soul is whole, and no heavy dimensional barriers interfere."
2,Crating Book,100 CP,Vanilla Minecraft,"You have access to a mental compendium containing blueprints for all craftable items from the Minecraft game (inspired by it). This compendium does not grant you skill or knowledge of the intricate inner workings of what you build, nor does it include variations of the same blueprint - it provides only a list of specific items you know how to craft. For each item, it offers step-by-step instructions, images and important parameters to keep in mind. It does not grant you the skill or ability to use your creations, nor does it provide access to brewing, enchanting, or other supernatural capabilities. "
3,Vanilla Brewing,200 CP,Vanilla Minecraft,"This perk grants you the ability to utilize magic for Minecraft-style brewing, along with a natural talent for the craft and a scholarly intuition for its underlying principles. You gain a comprehensive understanding of the general theory behind the brewing process and learn how to apply potions in both conventional and creative ways. While this perk does not provide you with any specific recipes, it allows you to freely experiment, test new brews, and modify existing blueprints in your possession far beyond the limitations of the original game. Mastery of this perk is required to use a brewing stand effectively."
4,Vanilla  Enchanting ,300 CP,Vanilla Minecraft,"This perk grants you the ability to utilize magic for the Minecraft-style art of enchantment, along with a natural talent for the craft and a scholarly intuition for its underlying principles. You gain a comprehensive understanding of the general theory behind the enchanting process and learn how to apply enchanted items in both conventional and creative ways. While this perk does not provide you with any specific enchantment recipes, it allows you to freely experiment, test applications on different items, and modify existing blueprints in your possession far beyond the limitations of the original game. Mastery of this perk is required to use an enchanting table effectively."
5,Jack of Basic Trades,50 CP,Vanilla Minecraft,"You possess basic skills and practical knowledge across a wide variety of disciplines, including farming, animal husbandry, riding, mining, cartography, fishing, and more. Essentially, anything mundane an average player can accomplish in the vamilla Minecraft game, you can now attempt at a basic, functional level. Chopping down a tree, constructing a simple shelter, or hunting wild game for food are well within your reach. While you are capable enough to get by and handle everyday tasks, you remain an amateur in all these fields - competent, but unrefined. Still, having a broad foundation is far better than starting with nothing at all."
6,Villager Trades ,100 CP,Vanilla Minecraft,"You gain an average level of skill in haggling and the principles of primitive commerce, allowing you to barter effectively in markets that deal in goods rather than currency. Additionally, upon acquiring this perk, you receive above-average level skill and practical knowledge in one villager profession of your choice from the list below. You may pay an additional 100 CP (or wait for this perk to be rolled again) to gain expertise in another profession, repeating the process until you have mastered them all.

>Villager Professions: Armorer, Butcher, Cartographer, Cleric, Farmer, Fisherman, Fletcher, Leatherworker, Librarian, Mason, Shepherd, Toolsmith, Weaponsmith."
7,Structural Know-how,150 CP,Vanilla Minecraft,"You are a skilled architect and builder, possessing both the practical expertise and the theoretical knowledge required to construct any naturally generated Minecraft structure - from humble villages and abandoned mineshafts to woodland mansions and strongholds. You carry complete mental blueprints of every build, allowing you to recreate them exactly or draw inspiration from their designs. "
8,Gate Making,600 CP,Vanilla Minecraft,"You possess the skills, basic theoretical knowledge, and practical capability to construct functional portals leading to the Nether and the End, even if the world you currently inhabit does not naturally connect to these dimensions. By gathering the proper materials and following the correct construction methods, you can create stable gateways to both realms. However, your expertise is limited to these two specific portal types - you cannot build custom variations, modify their destinations, or create gateways to other dimensions without additional perks or abilities."
9,Technically Infinite Dimensions,600 CP,Vanilla Minecraft,"This perk grants you the ability to modify existing Nether portals to access a vast and unpredictable variety of random dimensions, inspired by the Minecraft April Fools snapshot 20w14∞. By applying wild magic principles to a standard portal frame, you can destabilize its destination, opening gateways to strange new realms. You never know what awaits on the other side before stepping through - it could be wondrous, dangerous, or simply bizarre. The beauty of applied wild magic!"
10,Vanilla Golems,250 CP,Vanilla Minecraft,"You possess a supernatural talent, theoretical background knowledge, and practical skill in the construction of golems. Your expertise currently includes complete blueprints for all golem types present in the vanilla game - snow, iron and copper. Golems you create are inherently aligned with you and will follow your orders to the best of their ability, though their intelligence is limited to their primary function, making them susceptible to trickery or distraction. When not given direct commands, they default to their basic innate programming - such as patrolling, protecting an area, or simply remaining idle until needed."
11,What Are We Looking At,100 CP,Modded Minecraft,"This thinker power grants you basic but useful information about anything you directly look at. When focusing on a creature, object, or material, you receive short, practical details such as its health, common name, type, charge level and - in the case of materials - the minimum tool level required to harvest it effectively. The information provided is surface-level and utilitarian, offering quick insights to aid in navigation, combat, and resource gathering, but it does not reveal anything deep, hidden, or complex about the target."
12,Just Enough Items,400 CP,Modded Minecraft,"This thinker power grants you the ability to obtain a mental blueprint for crafting any object you are holding in your hands or currently examining. It provides the simplest, most straightforward version of the recipe first, drawing upon your existing perks and knowledge to generate a feasible method. More complex items require additional time to analyze, and in some cases, the power may fail to provide a blueprint if the object cannot be reasonably recreated with the abilities you currently possess. 

When successfully crafting an item using one of these blueprints, you may occasionally discover new variations or improved versions of the original design - particularly if you are lucky or if the power learns something significant during the process. This perk is exceptionally useful for reverse engineering technology, magic items, or any intriguing object you happen to come across."
13,Waystones,250 CP,Modded Minecraft,"This perk grants you the ability to craft and enchant waystone pillars, along with all associated accessories needed to utilize them. Once activated, these waystones serve as fixed teleportation points that you can return to through various means - using a Warp Scroll, a rechargeable Warp Stone, or by hopping directly from one waystone to another. You possess the necessary skills and practical abilities to create these items and make them functional, though you do not actually understand the underlying magical or mechanical principles that make them work. You can build them, but explaining how they function is beyond your current knowledge."
14,Extensive Automated Mapping,300 CP,Modded Minecraft,"This mental ability combines the core functions of several popular minimap mods, such as Xaero's Minimap and JourneyMap, into a single convenient power. You possess a fully customizable mental map that automatically updates as you explore, detecting and categorizing creatures, players, and points of interest in your vicinity. The map also provides useful information such as the current time, your coordinates, and other environmental details. You can create and manage waypoints to mark important locations, though this perk does not grant any fast travel functionality - you still need to reach those destinations on your own."
15,Create,350 CP,Modded Minecraft,"You possess all blueprints, expertise, and practical skills required to build and operate devices inspired by the Create mod for Minecraft, along with several of its most famous addons. Your knowledge centers primarily on mechanical engineering, rotational power, factory automation, and the wonderfully complex ""tinker-bullshit"". Included addons cover a wide range of themes: Steam 'n' Rails for trains and locomotives; Crafts & Additions for supplementary tools; Big Cannons for artillery; New Age for alternative power sources; Enchantment Industry for automated enchanting; Utilities for miscellaneous gadgets; and others besides. 

However, exploring addons further removed from the core mechanical theme becomes progressively more difficult - the more distant an addon's focus from the main Create experience, the harder and more vaguely defined your knowledge becomes, requiring greater time and effort to master, making your creations less reliable."
16,Thermal Expansion,500 CP,Modded Minecraft,"This perk grants you access to all blueprints, expertise, and practical skills required to create and operate machines from the Thermal Expansion mod for Minecraft. Your knowledge encompasses all six main modules of the mod: Foundation (base components and materials), Cultivation (farming and botany), Dynamics (item and fluid transport), Innovation (advanced gadgets), Integration (cross-mod compatibility), and Locomotion (movable structures and carts). Additionally, you have access to various famous addons that expand upon the Thermal series. 

However, exploring these addon branches becomes progressively more difficult - the further you venture from the core theme of the base mod, the harder and more vaguely defined your knowledge becomes, requiring significantly more time and effort to master, with results that can be rather tedious to achieve and less reliable."
17,Applied Refined Storage,500 CP,Modded Minecraft,"You possess all blueprints, theoretical knowledge, and practical skills required to create and utilize concepts from the Applied Energistics and Refined Storage mods, along with their various addons. Your expertise centers on the conversion of matter and energy into digital form for the purposes of storage, transportation, retrieval, and even automated processing - transforming physical resources into data and back again with remarkable efficiency. 

However, as you venture further from the core themes of these mods and delve deeper into addon content, your understanding becomes progressively more difficult to apply. The further an addon strays from the main storage-and-automation focus, the harder and more vaguely defined your knowledge becomes, making reliable creation and implementation increasingly challenging."
18,Mekanism,400 CP,Modded Minecraft,"You possess access to blueprints for all craftable items, a comprehensive theoretical foundation, and the basic skills necessary to construct machines and devices from the Mekanism mod, along with its various popular add-ons. This perk encompasses the full scope of Mekanism's core modules: Additions (miscellaneous gadgets and decoration), Generators (power production systems), and Tools (equipment and armor). 

However, as you venture further from the main theme of the base mod and deeper into add-on content, your understanding becomes progressively more limited and less straightforward - the further an add-on strays from Mekanism's core focus, the more difficult and unreliable your ability to comprehend and create its content becomes."
19,Immersive Engineering,250 CP,Modded Minecraft,"You possess access to blueprints for all craftable items, along with the expertise required to create and operate machines and devices from the Immersive Engineering mod and its various popular add-ons. This perk also provides you with the equivalent of a high-end professional education in engineering by 20th-century standards, giving you a solid foundation in real-world mechanical and electrical principles that complements your modded knowledge. 

However, your understanding of add-on content becomes progressively more vague the further it strays from the core themes and aesthetic of the original Immersive Engineering mod - familiar territory remains clear, but distant branches require greater effort and intuition to navigate reliably."
20,Botania,400 CP,Modded Minecraft,"You gain access to the magical abilities required to create items and structures from the Botania mod, a tech-inspired magic mod centered around the power of natural flora and mana manipulation. This perk provides you with a basic theoretical foundation, a set of starting blueprints, and the innate capacity to unlock further content through acts of creation, experimentation, and dedicated research. Your progression path includes access to some popular add-ons for the mod, though your understanding becomes progressively more vague and tedious the further an add-on strays from Botania's core themes."
21,Tinker's Construct,200 CP,Modded Minecraft,"You gain the necessary knowledge, blueprints for all craftable items, skills and abilities to produce tools, weapons, and machines from the Tinker's Construct mod, along with its various add-ons and extensions. This power is partly magical in nature, allowing you to draw out unique and exotic functionalities from even seemingly mundane materials through the art of tool forging and material modification. Your understanding of material properties runs deep enough that you may eventually discover new properties and combinations not present in the original mod or its add-ons - pushing the boundaries of what can be crafted through experimentation and creative tinkering."
22,Doing Cool Stuff With Pressurised Air,150 CP,Modded Minecraft,"You gain access to mental blueprints for all craftable items from the PneumaticCraft mod, along with significant innate talent for understanding pneumatic technology and principles as a whole. While this perk provides you with a comprehensive education in pneumatic systems, their theoretical underpinnings, and their potential applied uses, it does not grant much in the way of actual practical skill - you know how things should work in principle, but developing the hands-on expertise to build and operate them reliably will require practice and experience."
23,Charging Gadgets,50 CP,Modded Minecraft,"This perk grants you the ability to construct a single, deceptively simple machine - the charging station. Despite its unassuming design, this device functions as a full tinkertech apparatus capable of recharging almost any item from Minecraft mods, and with some creative tweaking, it can even be modified to charge other, unrelated devices you may encounter. You do not understand how it works on any fundamental level, and frankly, you are reasonably certain it should not work this well given how simple the design appears. Nevertheless, it provides an easy and reliable solution for keeping your various gadgets powered. Perhaps if you dedicated significant time to researching the device in depth, you might begin to figure out some of the little things that make it tick..."
24,Extreme Reactors,250 CP,Modded Minecraft,"This perk grants you the ability to construct powerful reactors to harness the power of the atom. You also gain the expertise needed to build mighty turbines that convert steam into usable energy. Your knowledge includes complete blueprints, a deep understanding of reactor mechanics, extensive practical expertise in maintenance and proper operation, and the required theoretical background to keep your systems running safely and efficiently. While your expertise focuses specifically on these particular reactor designs, you understand them inside and out."
25,Mystical Agriculture,400 CP,Modded Minecraft,"You gain the supernatural ability to craft and cultivate magical plants that produce a wide variety of resources, drawing from the Mystical Agriculture mod and its various add-ons. Your mystical crops can yield everything from basic Minecraft materials to resources from other mods, allowing you to grow what would otherwise need to be mined or crafted. You possess a great natural talent for gardening and a keen intuitive understanding of magical flora, enabling you to nurture your crops effectively and expand your agricultural operations with confidence. "
26,Vein Mining,300 CP,Modded Minecraft,"This striker power, inspired by various popular mining mods, allows you to harvest extensive quantities of connected or similar material in a single action. By activating this ability while mining a target material/structure - such as starting to chop down a tree - the effect propagates through all connected materials of the same type, rapidly disassembling the entire structure into its base materials. A single swing can fell an entire forest giant or clear a massive ore vein with startling efficiency.

However, this convenience comes with significant limitations. You require the appropriate tool for each material type (an axe for wood, a pickaxe for stone, etc.), and the process accelerates tool wear proportionally to the quantity of material harvested. Tools will break faster, and any fuel or energy sources will be consumed at an increased rate. The ability also places additional strain on your body, making you hungrier much faster than normal exertion would. 

Complex structures built from multiple different material types cannot be reliably broken down with vein mining, and there are hard size limits on how large a single excavation can be. If you possess a personal inventory or pocket dimension, all mined resources will be automatically deposited there; otherwise, they will be neatly piled in stacks near your location."
27,The Aether,600 CP,Modded Minecraft,"This perk grants you the ability to construct a functional portal to the Aether - a luminous floating dimension inspired by the classic Aether mod for Minecraft - even if your current world does not naturally connect to this realm. To build the portal, you will need glowstone or a sufficiently close equivalent material, arranged in the proper frame configuration and activated with water. You have basic theoretical understanding behind working of the portal.

You also possess basic survival knowledge about the Aether: an understanding of the native materials you may encounter, awareness of points of interest such as dungeons or structures, and familiarity with the general landscape and biomes of floating islands. Additionally, you gain a remarkable adaptability to high altitudes, allowing you to navigate the sky realms without the disorientation or physical strain that might normally accompany such extreme heights."
28,Better Dimensions,400 CP,Modded Minecraft,"You possess the ability to modify portals to the Nether and the End, allowing you to redirect them to their modded counterparts instead. By mixing and matching different combinations of mods - such as Better Nether or Better End - you can extensively customize each portal and the dimension it leads to.

However, there are limitations. There is only one version of a dimension for each modified portal decided by the moment you firstly created specific variation of the gates: each version of the dimension can only be generated once. Modifying a portal requires both time and resources, and you must first possess the ability to build vanilla Minecraft portals for this perk to function properly.

In addition, you gain extensive and in-depth knowledge of all things related to the mods you wish to use. You are intimately familiar with the materials, structures, creatures, flora, dangers, and useful tricks found within these transformed dimensions, ensuring you are prepared for what awaits."
29,Spartan Weaponry,150 CP,Modded Minecraft,"You gain access to all blueprints and crafting recipes from the Spartan Weaponry and Spartan Shields Minecraft mods. You gain the knowledge and skill required to forge this expanded arsenal - everything from pikes and rapiers to battleaxes, javelins, and reinforced shields. Beyond mere crafting, you receive the equivalent of extensive combat training with each weapon type, allowing you to wield them with an above-average degree of finesse right from the start. You understand the strengths and weaknesses of each weapon, proper techniques for different combat scenarios, and how to maintain your gear effectively. Furthermore, you possess great natural talent for advancing these skills further, enabling you to progress toward true mastery with continued practice and experience far more quickly than most."
30,Draconic Evolution,800 CP,Modded Minecraft,"This perk grants you the knowledge, complete blueprints for all craftable items, and degree of practical skills required to create and utilize the powerful technologies found in the Draconic Evolution mod. Your expertise spans the full spectrum of this magitech progression system. Be warned: this is high-end magitech creation capability, and it is extraordinarily resource-intensive. The reactors alone can level mountains if they malfunction, and the weapons... Well, let's just say you should be very certain about what you're aiming at. Take proper precautions, follow safety protocols, and for the love of all that is holy, do not accidentally explode yourself and your neighbors."
31,Dis-Enchanting,100 CP,Modded Minecraft,"You possess the knowledge to design, build, and operate dis-enchantment machinery. This allows you to safely extract and recover enchantments from items and enchanted books, preserving them for later use on new equipment. This knowledge is based on the eponymous mod and is optimized for the runic and symbolic enchantment systems common to Minecraft and closely related types of enchanting. It is basically useless for other situations."
32,Ore Generation,400 CP,Modded Minecraft,"You gain the ability to trigger a single, massive burst of Minecraft-style ore generation in any landscape you choose. Upon activation, ores ranging from coal and iron to redstone and amethyst geodes will spawn throughout the underground in a radius of one thousand chunks (roughly 1,600 meters) around you. All generated ores possess their unique properties as inspired by their source game. You may hold this perk's activation charge indefinitely, allowing you to wait until you find the perfect location to use it. 

This perk can be purchased multiple times, stockpiling additional activations for later use. Each purchase after the first is discounted to 200 CP."
33,Cheap Storage Solutions,200 CP,Modded Minecraft,"Why build a warehouse when you can build a drawer? You now have the know-how and ability to construct containers that defy physics, from simple chests to elaborate drawer systems, all capable of holding stacks upon stacks of items. Some specialize in single item types for efficiency, while others accept everything (and will absolutely become a sorting nightmare if you're not careful). Your repertoire includes designs inspired by Storage Drawers, Sophisticated Backpacks, and Iron Chests, allowing you to experiment with a wide variety of functions. Do note that this technology is essentially tinkertech running at maximum settings - held together by fiat rather than genuine physics. With time and study, you may eventually learn to create truly ""bigger on the inside"" containers that function without reality-warping assistance, but not using this perk alone."
34,Tempad,300 CP ,Modded Minecraft,"This perk provides you with the blueprints for every craftable item from the Tempad mod, as well as the basic theory and hands-on skills required to use them. With this knowledge, you can create personal portal devices that let you and your companions blink across vast distances in an instant - provided you're staying within the same world, at least for now."
35,EvilCraft,350 CP,Modded Minecraft,"The path of blood and vengeance calls. This perk grants you supernatural capabilities, basic theoretical knowledge, and the essential blueprints needed to harness the dark arts inspired by the EvilCraft mod. You receive one Dark Gem at no additional cost, and you know the ritual required to sacrifice it - transforming the gem into a special book that will guide you further down the path of blood magic and mechanical mayhem."
36,Oritech,300 CP,Modded Minecraft,"You gain access to blueprints for all craftable items, along with the methodologies and scientific knowledge required to create, maintain, and operate devices from the Oritech mod for Minecraft. You also become particularly good at applying stylistics of this mod machines yo your other creations as cosmetic feature."
37,Modular Force Field Systems,150 CP,Modded Minecraft,"You gain access to blueprints and the practical skills needed to create, use, and maintain a variety of devices from the Modular Force Field Systems mod for Minecraft. These force fields can be constructed relatively cheaply if you embrace a tinkertech approach. However, your knowledge is almost entirely practical - you have little to no understanding of how these devices function on a fundamental level."
38,Thaumcraft,600 CP,Modded Minecraft,"The path of the thaumaturge opens before you. This perk grants you the power to wield the magic of Thaumcraft (including its various versions and famous addons), along with the ability to research its mysteries with exceptional speed and efficiency. Your knowledge of the arcane also allows you, with some ingenuity, to awaken the ability to use this magic in others later."
39,Ender IO,500 CP,Modded Minecraft," This perk provides you with mental compendium of complete blueprints for every craftable item from the Ender IO Minecraft mod, as well as the foundational theory and practical skills needed to operate its devices."
40,Mining Gadgets ,100 CP,Modded Minecraft,"""Sometimes you want a quick change of pace when it comes to mining. Pickaxes. Drills. Bores. Robots. Quarries. These are all great options. Now you can use lasers too if you want."" You gain the blueprints needed to craft a variety of mining tools inspired by the Mining Gadgets mod, along with the practical skill to use them effectively. You can easily go full tinkertech with this perk, if you want to save resources and time. "
41,Iron Jetpacks,100 CP,Modded Minecraft,"Why walk when you can fly? This perk grants you the knowledge to construct and operate every device from the Iron Jetpacks mod with expert skill. These are tinkertech through and through - strap one on, fire it up and soar. They work reliably, but you have no actual theory or reasonable explanation for how they function."
42,Tetra,100 CP,Modded Minecraft,"You gain access to all the necessary skills and knowledge to modify tools and weapons in the style of the Tetra mod. From simple hammers to intricate blades, you can swap components, enhance performance, and tailor every detail to your needs. With creativity, you can even apply this modular crafting system to items beyond the original scope of the mod. "
43,Biomancy ,200 CP,Modded Minecraft,"Life is the ultimate resource, and now you know how to reshape it. This perk provides you with the blueprints, theoretical knowledge, and inherent magical capacity to build and utilize every device from the Biomancy mod."
44,Industrial Craft,400 CP,Modded Minecraft,"The spark of industry ignites within you. This perk provides the blueprints, theoretical knowledge, and fundamental skills needed to build and operate machines from Industrial Craft, its many versions, and its extensive addons. Base technology is intuitive and clear: cables, generators, and machines all behave as expected. But venture into the more exotic addons, and things start to get messy. Documentation becomes sparse, interactions grow unpredictable, and you'll find yourself relying more on trial and error than clean engineering."
45,Ex Nihilo,150 CP,Modded Minecraft,"You gain the ability to create anomalous tools inspired by the Ex Nihilo Minecraft mod and its various addons. These seemingly simple machines and tools allow you to produce resources literally from nothing. Not in great quantity, and with many caveats, but enough to scrape together essential materials even in the most barren wastelands where only scraps and dirt are available."
46,The Undergarden,600 CP,Modded Minecraft,"This perk grants you the knowledge to craft the key - a special tool that, when used correctly, activates a portal to the Undergarden. Upon arrival, you will find a newly generated dimension filled with strange flora, eerie creatures, and untold mysteries. You are granted encyclopedic knowledge of this realm and the fundamental survival skills to navigate its dangers. Most importantly, you are completely immune to any diseases, blights, or contaminants that fester within this subterranean world."
47,RFTools Dimensions,900 CP,Modded Minecraft,"This perk grants you the blueprints and knowledge to construct the dimension-building machines of RFTools Dimensions mod. Yes, they are absurdly energy-hungry and tedious to program. Yes, they require constant maintenance and careful monitoring. But with enough patience and power, you can shape new realities to your whims - whether that means an ocean of liquid gold, an infinite field of giant truffles, or something far stranger."
48,Immersive Portals,1000 CP,Modded Minecraft,"You possess the power to manipulate and create portals, cut doors into other accessible dimensions, and modify existing portals with changes being stable and permanent, if you wish so. This ability is inspired by the Immersive Portals mod for Minecraft, granting you everything the mod allows and a bit more. You gain access to additional possibilities and a deeper understanding of the implications of carving space in this way. However, be cautious. While the power provides some intuition and feedback, it is not foolproof. Mistakes can have consequences."
49,The Twilight Forest,600 CP,Modded Minecraft,"You gain the ability to create a portal that leads to a newly generated Twilight Forest dimension, inspired by the Minecraft mod of the same name. This dimension includes all content from the original mod and its various addons. You possess general knowledge of its important aspects: the dangers that lurk within, useful materials to be found, the unique flora and fauna, and the mystical laws that govern this enchanted realm."
50,Better Questing,450 CP,Modded Minecraft," There are many modpacks with some sort of quest system or book. You gain the ability to create personal, soul-bound quest books for individuals. Each person can possess only one such book, and it cannot be destroyed by conventional means, as it is a projection of their inner world. These books contain unique, dynamically updating quests tailored to the owner. Completing quests rewards the individual with thematic prizes based on their accomplishments. However, the nature of both quests and rewards depends heavily on the person: their desires, beliefs, knowledge, and personal journey."
51,Mining Dimension,700 CP,Modded Minecraft,"You gain the ability to create a mystical portal that leads to a personal mining dimension, inspired by Aroma1997's Dimensional World mod for Minecraft. The contents, resources, and terrain of this dimension are permanently set at the moment of the portal's creation, based entirely on the perks and abilities you possess at that time. Once the dimension is actualized, acquiring new perks after this point will not alter its contents. 

However, this perk may be purchased multiple times. Subsequent purchases are discounted to 350 CP and allow you to create an additional, separate dimension, each with its own unique contents based on your perk loadout at the time of its creation."
52,Tasty-Tasty Addon!,100 CP,Modded Minecraft,"You are now a skilled culinary artist, possessing a complete mental compendium of every recipe, blueprint, and design from popular food and farming mods such as Farmer's Delight, Cooking for Blockheads, Pam's HarvestCraft, and all their various addons and expansions. In addition to your cooking knowledge, you have been granted the fundamental skills required to source, grow, or gather any ingredient you might need, ensuring you can always prepare a delicious meal."
53,Ars Nouveau,500 CP,Modded Minecraft,"""Ars Nouveau is a magic mod inspired by Ars Magicka that allows players to craft their own spells, create magical artifacts, perform rituals, and much more."" You receive the degree of magical abilities required to utilize and create items from Ars Nouveau mod and its various addons, along with a comprehensive mental library of basic blueprints, core theories, and the innate talent to progress swiftly along this path of magic."
54,ProjectE,1000 CP,Modded Minecraft,"You now possess the knowledge and ability to create and utilize a set of supernatural tools and devices capable of exchanging one material for another. This system is built upon the fundamental concept of EMC (Energy-Matter Currency) - a value assigned to every item and block that represents its intrinsic energy cost or worth. With this power, you can collect, store, transfer, and convert EMC, allowing you to duplicate existing items or transmute materials into entirely different substances. You gain a complete understanding of how to construct and operate all devices related to this alchemical system of ProjectE Minecraft mod."
55,Blood Magic,500 CP,Modded Minecraft,"""Blood Magic is an arcane art practiced by mages who seek to gather vast power through the use of a forbidden material: blood. Though it grants immense power, every action performed with this volatile magic can prove deadly. You have been warned."" 

You gain the necessary magical abilities to practice the art of Blood Magic, including the knowledge required to create and use all devices, rituals, and tools from this mod and its various addons. You receive basic blueprints, a firm grasp of the underlying theories, and the innate talent to progress swiftly along this dangerous but rewarding path. Provided you can survive the cost."
56,Astral Sorcery,400 CP,Modded Minecraft,"""Astral Sorcery is a magic mod focused around harnessing the powers of starlight and the constellations.""

You gain the necessary magical abilities to practice the art of Astral Sorcery, including the knowledge required to use and create all items, structures, and enchantments from this mod and its various addons. You receive basic blueprints, a comprehensive understanding of stellar theory, and the innate talent to progress swiftly along this path, allowing you to draw down the power of the stars themselves."
57,Ensorcellation,200 CP,Modded Minecraft,"You gain the ability to practice the magical enchantment art found in the Ensorcellation mod, along with natural talent in this craft and a scholarly intuition for applying enchanted items in both conventional and creative ways. 

However, if you do not have access to vanilla Minecraft enchanting, your creations will inevitably function as tinkertech (unreliable, difficult to replicate, or prone to malfunction) and your knowledge of the field will have significant gaps. You can still create enchanted items, but your work will be limited by these constraints until you acquire a proper foundation in enchanting."
58,Doggy Talents Next,200 CP,Modded Minecraft,"""This mod aims to create harmony between dogs and the player throughout the game. Imagine playing a piano concerto, you as the pianist and the dogs as the orchestra. When the two sounds are played together, they create harmony - something our ears love. Thus, the orchestra does not overwhelm but empowers the pianist. The mod is and will be designed along this principle: the dogs should accompany the player well without becoming overpowered. However, when the situation demands it, sufficient abilities should be granted to them - but they must work to achieve those abilities, and you, the responsible owner, should help them.""

You possess a special talent for bringing the content of Doggy Talents Next mod into reality. You have a natural affinity for bonding with and training canine companions, unlocking their hidden potential and teaching them a wide variety of useful talents and abilities. Your dogs will accompany you faithfully, growing stronger through shared effort."
59,Modded Ores,700 CP,Modded Minecraft,"You gain the ability to infuse any landscape with Minecraft-style ore generation - once per purchase of this perk. When activated, the effect targets a radius of up to one thousand chunks (approximately 1,600 meters) around your current location. Within this area, new ores will generate underground, drawn from a single mod of your choice for which you possess the corresponding perk.

The ores spawned by this effect possess all the unique properties, behaviors, and uses inspired by their source mod, allowing you to introduce new resources into worlds that previously lacked them. You may hold this activation indefinitely, waiting until you find the perfect location and perk before committing the effect.

This perk may be purchased multiple times, with each additional roll stockpiling another activation for later use. At the moment of casting, you decide which mod's ores will generate. Subsequent purchases after the first are discounted to 350 CP. This perk can be discarded and rerolled for free."
60,Simply Skills,200 CP,Modded Minecraft,"You gain access to the skill tree system from the Simply Skills mod for Minecraft. By participating in challenging fights and experiencing unique or interesting adventures, you earn points that can be used to unlock new effects, passive bonuses, and special abilities within the tree. 

What qualifies as a ""good fight"" or a ""suitable experience"" scales with your current abilities and past experiences, ensuring that you must continually push your limits to earn further progression. As a consolidation prize, you receive one free skill point immediately upon purchasing this perk, and thereafter, you will automatically gain one random, accessible skill from the tree each month."
61,Improvable Skills ,150 CP,Modded Minecraft,"You gain access to the skill tree system from the Improvable Skills mod for Minecraft. By living through unique, interesting, or formative experiences, you earn points that can be used to unlock new effects, passive bonuses, and special abilities within the tree.

What qualifies as a ""suitable experience"" scales with your current abilities and past experiences, ensuring that you must continually seek out new challenges and growth opportunities to earn further progression. As a consolidation prize, you receive one free skill point immediately upon purchasing this perk, and thereafter, you will automatically gain one random, accessible skill from the tree each month."
62,Dark Utilities,200 CP,Modded Minecraft,"""The Dark Utilities mod adds many new items and blocks that expand upon the vanilla game. This mod aims to be useful in a wide range of circumstances while also adding fun and interesting mechanics.""

You gain the knowledge and ability to construct all devices, machines, and items from the Dark Utilities mod, along with a complete understanding of how to use them effectively. Furthermore, you find this technology exceptionally intuitive to tinker with, allowing you to adapt, modify, and integrate it with other systems with surprising ease."
63,Simply Swords,200 CP,Modded Minecraft,"You gain exceptional smithing skills focused specifically on the creation of weapons and items from the Simply Swords mod for Minecraft. You can craft every blade, hilt, and unique weapon featured in the mod with masterful precision.

Additionally, you possess a natural talent for wielding all types of weapons found in the Simply Swords mod (including unique variants) though this talent manifests only as raw affinity, not as actual combat skills. You will find these weapons comfortable and intuitive in your hands, but you must still train and practice to use them effectively in battle."
64,It's Gold in Here!,400 CP,Modded Minecraft,"When exploring new places in person, you have a chance to find unique materials and resources from the Mythic Metals and Gobber mods for Minecraft - even if it doesn't make much sense for them to be there, and even though they definitely weren't there before you explored the area.

This effect only triggers in locations you explore personally, and its strength is inversely proportional to your prior knowledge of the area: the more you already know about a location before setting foot there, the less effective this perk becomes. You may toggle this effect on or off at will, or configure it to work partially - causing some materials to appear while others do not. Any resources generated will only appear in places similar to their typical generation conditions from their source mods.

This perk may be purchased multiple times. Each additional purchase (discounted to 200 CP) allows you to include materials from one other Minecraft mod you currently possess a perk for. If you have no other mod perks, you may instead choose to have this perk select a random source mod with material or resource content for you from all Minecraft mods list."
65,Almost Unified,100 CP,Modded Minecraft,"Inspired by the Almost Unified mod for Minecraft, this perk grants you exceptional expertise in the field of material science. You possess a keen intuition and a supernatural advantage when working to substitute materials in your creations with functionally similar alternatives.

If you find yourself lacking access to a specific exotic metal or rare component, you can devise special alloys or material equivalents using only the resources currently available to you. These substitutions will perform nearly as well as the original. At least, close enough that only a true expert would notice the difference. Although, there are limitations on how much can stretch thing."
66,Actually Additions,100 CP,Modded Minecraft,"""Use the Atomic Reconstructor and the Empowerer to turn minerals into powerful crystals that allow the creation of useful machines for processing and sorting items, lasers for wirelessly transporting energy, items, and fluids, renewable oil to generate power, and much more."" - You gain the knowledge and ability to construct and utilize all devices, tools, and systems from the Actually Additions mod."
67,Large Ore Deposits,400 CP,Modded Minecraft,"This perk grants you the power to perform a special ritual that creates a substantial ore deposit beneath your current location. By sacrificing a targeted material as a ""seed,"" along with several other components determined by the primary material, you can force the generation of a large underground vein containing raw ore inspired by the sacrificed seed.

The more esoteric, rare, or unique the material you wish to duplicate, the more elaborate, complex, and costly the ritual becomes - requiring rarer catalysts, more precise conditions, or additional steps. The ritual can only be performed once every 24 hours, and it carries a risk of failure if you are underprepared, interrupt the procedure, or make a mistake in its execution."
68,Forestry,500 CP,Modded Minecraft,"You gain access to the full breadth of content inspired by the Forestry mod for Minecraft and its various addons. You possess the capability to create, use, and even modify all devices, machines, and systems found within - including apiaries, multifarms, greenhouses, and tree breeding setups.

Unlike some other perks that grant extensive theoretical knowledge, this perk focuses on pure capability. You may not always understand the underlying principles of why something works, but you can make it work regardless. For example, it includes the skills of a supernatural beekeeper - allowing you to breed, crossbreed, and mutate bees in ways that defy conventional biology, producing remarkable hybrids with extraordinary properties."
69,Theurgy ,200 CP,Modded Minecraft,"You gain the knowledge and ability to utilize the mechanics of the Minecraft mod Theurgy and its various addons. This includes the skill to create all machines, devices, materials, and mystical apparatuses featured in the mod, allowing you to practice the art of alchemical transformation, mineral purification, and essence manipulation with confidence and precision."
70,TerraFirmaCraft,200 CP,Modded Minecraft,"You gain the comprehensive knowledge and practical skills needed to progress through the entire tech tree from the TerraFirmaCraft mod for Minecraft and its various addons. Starting with nothing but the raw materials nature provides, you can knap stone tools, process ores, craft advanced machinery, and gradually build the foundations of a thriving civilization from scratch. "
71,Silent Gear,150 CP,Modded Minecraft,"""This mod focuses on tools, weapons, and armor  (collectively called 'gear'). Recipes are modular, down to each individual piece used in crafting. Possible combinations for each gear type are practically unlimited.""

You possess the ability to create the full range of modular gear from the Silent Gear mod and its various addons. This crafting ability is enhanced by a supernatural component, allowing you to intuitively understand material properties, predict optimal part combinations, and forge equipment that exceeds normal expectations. You can mix and match components endlessly, discovering unique synergies and crafting gear perfectly suited to any task."
72,Jewelry and Baubles,300 CP,Modded Minecraft,"You become a master jeweler of exceptional skill, gifted with the special ability to create a wide variety of magical jewelry and baubles and to utilize them effectively. This perk encompasses the full content from several mods, including Iron's Gems 'n Jewelry, Jewelry (RPG Series), and Magical Jewelry, along with all their respective addons and expansions. You understand the intricate art of gemcutting, precious metalworking, and enchanting jewelry with potent magical effects. "
73,Modular Machinery,400 CP,Modded Minecraft,"""A modpack-maker's toolset for creating custom, massive, unique, and complex machines and recipes from scratch.""

This perk grants you extensive knowledge of modular machine design methodology, along with a supernatural advantage when designing and building modular modifications for any creation you already know how to make. Heavily inspired by the mod of the same name, this ability allows you to construct elaborate, multi-block industrial systems with interchangeable components, tailoring each machine to perform exactly the task you need."
74,"Extended Crafting
",400 CP,Modded Minecraft,"""Extended Crafting adds more ways to craft items, more items to craft with, and more utilities for crafting. The mod doesn't do much on its own and is intended to be configured heavily. All recipes and settings should be changed to fit the progression of the modpack it's in and how the modpack developer wants it to be used.""

This perk grants you great knowledge of extended crafting methodologies, along with a supernatural advantage when designing and applying modifications to any blueprint you already possess. It also provides the base blueprints needed to construct the fundamental machinery from the mod itself.

Essentially, this perk allows you to fundamentally change how you craft things: discovering new approaches, combining existing knowledge in novel ways, and creating entirely new production methods using only the resources and recipes you already have at your disposal. You are good at finding out how to create same things in different ways."
75,Advanced Generators,250 CP,Modded Minecraft,"This perk provides a mental compendium of blueprints for creating machines and devices from the Advanced Generators mod for Minecraft, along with basic construction skills and deep insight into general energy-generation technology and its applications.

More importantly, this perk grants you a fundamental understanding of how to adapt and integrate power systems. You find it significantly easier to tweak and modify various generators you know how to build, and you can devise clever ways to connect machines to power sources. Even when such connections would normally be incompatible. You simply know how to think about these problems and, more often than not, how to solve them."
76,Simple Generators,200 CP,Modded Minecraft,"This perk grants you the ability to construct the various power-generating machines from the Simple Generators mod for Minecraft. As the name suggests, these devices produce energy, but they function largely as tinkertech, reliable only in your own hands.

You gain exceptional skill and a supernatural advantage specifically when working with generators from this perk: building them, maintaining them, integrating them into systems, and keeping them operational. Outside of this narrow focus, your expertise does not translate. However, the perk does still provide you with some useful and unique theoretical knowledge about energy unorthodox generation solutions that can be applied more broadly. Even if the practical applications remain a bit elusive."
77,Psi Technology,400 CP,Modded Minecraft,"""Psi is a magical tech spell programming mod inspired by Mahouka Kokou no Rettousei. Don't worry if that doesn't make any sense.""

You gain the ability to utilize all devices from the Psi Technology mod, along with complete blueprints for every craftable item. More importantly, you receive an extensive theoretical foundation in the principles of psionic energy manipulation and spell programming, allowing you to understand why your creations work, not just how to build them. You also possess a natural talent for wielding this unique form of magical technology, enabling you to craft complex spell programs and integrate psionic devices into your existing arsenals with creativity and precision."
78,Desertification 'Infection',600 CP,Modded Minecraft,"This perk allows you to generate the Infectious Desert biome from the Minecraft Desertification mod, transforming the area within a few kilometers around you into this hostile landscape. The biome will spread slowly outward from the initial point of impact after generation using sand, though the speed and effectiveness of this spread depend heavily on the nature of the surrounding environment (including native flora and fauna), the resistance of local materials, and geographical features that may hinder or accelerate the infection.

You may hold this effect in storage indefinitely, waiting until you find a suitable location before unleashing it. This perk may be purchased multiple times, with each additional purchase (discounted to 300 CP) stacking another held activation for later use.

The first purchase of this perk also grants you encyclopedic knowledge about the nature, contents, and unique properties of the Infectious Desert biome, including any resources, creatures, or phenomena found within and how to take advantage of them."
79,Sculk Horde,600 CP,Modded Minecraft,"This perk allows you to spawn an active Ancient Sculk Node with an awakening Gravemind from the Sculk Horde Minecraft mod. Upon activation, the node will begin generating and spreading the Sculk ecosystem throughout the surrounding area, slowly expanding outward over time. The speed and effectiveness of this spread depend heavily on the nature of the local environment (including native flora and fauna), the resistance of local materials, and geographical features that may hinder or accelerate the infection.

You may hold this effect in storage indefinitely, waiting until you find a suitable location before unleashing it. This perk may be purchased multiple times, with each additional purchase (discounted to 300 CP) stacking another held activation for later use.

The first purchase of this perk grants you complete encyclopedic knowledge about the Sculk Ecosystem: its nature, properties, and contents. Additionally, you are rendered permanently immune to the infection and any harmful status effects the Sculk Horde might inflict upon you."
80,Fungal Infection,600 CP,Modded Minecraft,"This perk allows you to deploy an active Fungal Infection bioweapon from the Fungal Infection: Spore Minecraft mod. Upon activation, the infection will take root in the surrounding area and begin spreading slowly outward over time. The speed and effectiveness of this spread depend heavily on the nature of the local environment (including native flora and fauna), the resistance of local materials, and geographical features that may hinder or accelerate the fungal growth.

You may hold this effect in storage indefinitely, waiting until you find a suitable location before unleashing it. This perk may be purchased multiple times, with each additional purchase (discounted to 300 CP) stacking another held activation for later use.

The first purchase of this perk grants you complete encyclopedic knowledge about the Fungal Infection: its nature, properties, life cycle, and contents. Additionally, you are rendered permanently immune to the infection and any harmful status effects it might inflict upon you."
81,Scape and Run: Parasites,600 CP,Modded Minecraft,"This perk allows you to generate a Parasite-Infected Biome from the Scape and Run: Parasites Minecraft mod, transforming the area within a few tens of meters around you into a hostile, corrupted landscape. Once established, the infection will spread outward using mechanics inspired by the mod: expanding through organic matter, corrupting native life, and adapting to local conditions.

You may hold this effect in storage indefinitely, waiting until you find a suitable location before unleashing it. This perk may be purchased multiple times, with each additional purchase (discounted to 300 CP) stacking another held activation for later use.

The first purchase of this perk grants you complete encyclopedic knowledge about the Parasites: their nature, evolution, behavior, and the corrupted contents of the biome. Additionally, you are rendered permanently immune to the infection and any harmful status effects the Parasites might inflict upon you."
82,Potion Rings,250 CP,Modded Minecraft,"""This is a really simple mod, which adds rings that, when equipped in a baubles slot, provide a permanent potion effect. Wearing two of the same ring upgrades that effect to level two.""

You gain the capability to create and enchant rings that grant continuous potion effects while worn. This crafting method specializes in Minecraft-style potions and works best with vanilla effects - producing stable, reliable rings with predictable results. Wearing two identical rings will upgrade the granted effect to its second level.

However, this perk has limitations. Potions from other sources will generally not work with this enchanting method, and the rare few that do prove compatible may cause dangerous failures or unpredictable side effects during the creation process. Additionally, this perk does not grant you any ability or skill to brew potions themselves; it only enables you to embed existing potion effects into rings. You must obtain your potions elsewhere."
83,The Hallow Spreads,600 CP,Vanilla Terraria,"This perk allows you to generate the Hallow biome from Terraria, transforming the area within a few kilometers around you into lands of light and dangerous purity. Once established, the Hallow will spread slowly outward over time, though the speed and effectiveness of this conversion depend heavily on the nature of the local environment (including native flora and fauna), the resistance of local materials, and geographical features that may hinder or accelerate the transformation.

You may hold this effect in storage indefinitely, waiting until you find a suitable location before unleashing it. This perk may be purchased multiple times, with each additional purchase (discounted to 300 CP) stacking another held activation for later use. 

The first purchase of this perk grants you complete encyclopedic knowledge of the Hallow biome: its properties, creatures, resources, unique phenomena and to take advantage of them. You are also immune to the harmful effects of the Hallow, though this does not protect you from its native inhabitants."
84,The Crimson Spreads,600 CP,Vanilla Terraria,"This perk allows you to generate the Crimson biome from Terraria, transforming the area within a few kilometers around you into a fleshy, corrupted landscape of gore and horror. Once established, the Crimson will spread slowly outward over time, though the speed and effectiveness of this conversion depend heavily on the nature of the local environment (including native flora and fauna), the resistance of local materials, and geographical features that may hinder or accelerate the transformation.

You may hold this effect in storage indefinitely, waiting until you find a suitable location before unleashing it. This perk may be purchased multiple times, with each additional purchase (discounted to 300 CP) stacking another held activation for later use.

The first purchase of this perk grants you complete encyclopedic knowledge of the Crimson biome: its properties, creatures, resources, unique phenomena and to take advantage of them. You are also immune to the harmful effects of the Crimson, though this does not protect you from its native inhabitants."
85,The Corruption Spreads,600 CP,Vanilla Terraria,"This perk allows you to generate the Corruption biome from Terraria, transforming the area within a few kilometers around you into a purple, blighted wasteland of decay and shadow. Once established, the Corruption will spread slowly outward over time, though the speed and effectiveness of this conversion depend heavily on the nature of the local environment (including native flora and fauna), the resistance of local materials, and geographical features that may hinder or accelerate the transformation.

You may hold this effect in storage indefinitely, waiting until you find a suitable location before unleashing it. This perk may be purchased multiple times, with each additional purchase (discounted to 300 CP) stacking another held activation for later use.

The first purchase of this perk grants you complete encyclopedic knowledge of the Corruption biome: its properties, creatures, resources, unique phenomena and to take advantage of them. You are also immune to the corrupting effects of the biome, though this does not protect you from its hostile inhabitants."
86,By Hand,100 CP,Vanilla Terraria,"You possess extraordinary dexterous and steady hands, and the ability to craft items on the fly without the use of specialized instruments or crafting stations. This grants you a supernatural advantage when creating simple things that could hypothetically be made entirely by hand, using only the environment to assist you.

This perk comes with a complete mental compendium of all blueprints for items that can be crafted without a crafting station in Terraria, allowing you to produce torches, wooden tools, basic armor, and other essentials from raw materials, no matter where you find yourself."
87,Benched,100 CP,Vanilla Terraria,"You gain a complete mental compendium of all crafting station variations from Terraria along with the required degree of skill to construct them from raw materials. Additionally, you possess perfect knowledge of every item recipe that can be crafted using these stations, allowing you to produce their associated goods wherever you have the necessary materials, specific tools and a suitable surface to work upon."
88,I'm Smelting!,150 CP,Vanilla Terraria,"This perk grants you the ability to construct many furnace variants inspired by Terraria (inluding the Hellforge) along with a masterful degree of skill in smelting and extracting metals from raw ores using different furnace setups.

You possess a complete mental compendium of every recipe from the game that utilizes the Furnace and Hellforge as crafting stations, ensuring you know exactly how to transform your freshly mined ores into bars and alloys, and making some other miscellaneous items."
89,Heavy Metal,200 CP,Vanilla Terraria,"This perk grants you the skills needed to construct any pre-Hardmode anvil from Terraria, along with masterful skill in using them to work various metals into finished products. You possess a complete mental compendium of every item blueprint from the game that requires a pre-Hardmode anvil as a crafting station, allowing you to produce a wide array of tools, weapons, and armor from your carefully smelted metal bars."
90,Bottled Magics,300 CP,Vanilla Terraria,"This perk grants you the ability to practice the art of Terraria-style alchemical brewing, along with a natural talent for the craft and a scholarly intuition for its underlying magical principles. You gain a comprehensive understanding of the general theory behind the brewing process (from ingredient properties to extraction methods) and learn how to apply potions in both conventional and creative ways. You possess a complete mental compendium of every craftable potion and flask recipe from Terraria, as well as the skills required to construct all necessary tools and crafting stations."
91,Advanced Decorations,100 CP,Vanilla Terraria,"You gain the knowledge and skills needed to craft the various pieces of furniture and decorative items from Terraria that require a Sawmill and Heavy Assembler
as crafting stations. This includes bookcases, chandeliers, clocks, and other fine decorative pieces. It includes heavy decorations such as statues, masonry and chests. This perk also comes with a great sense of style and natural furnishing skills, ensuring your creations are not only functional but also placed right aesthetically, allowing you to turn any space into a beautifully appointed home. "
92,Cooking Pot,150 CP,Vanilla Terraria,"You gain the skills required to craft all cooking tools along with the knowledge to prepare any food item from the Terraria game. Any dish you create can be imbued with temporary positive effects, inspired by the food buffs found in Terraria. Additionally, you possess a natural knack for working with unusual or exotic ingredients, allowing you to experiment with local flora and fauna to discover new recipes and beneficial effects wherever your journey takes you."
93,Many Silks,150 CP,Vanilla Terraria,"You know how to construct a loom and possess the professional skill to use it in creating various cloth-based items. This perk provides a complete mental compendium of every fabric-based item from Terraria (including silk, banners, clothing, and accessories) allowing you to craft them from raw materials. Additionally, this perk includes the knowledge, skills, and a small degree of magical ability required to craft the full range of dyes and paints from Terraria. You can produce vibrant colors from local flora, fauna, and minerals, and you have the expertise to apply these pigments to your other creations with professional and stylish results."
94,Tinkerer's Workshop,300 CP,Vanilla Terraria,"You gain the ability to craft all types of accessories from the Terraria game (including unobtainable and hardcore variants). You possess a complete mental compendium of every accessory recipe, along with the enchanting skills needed to produce them.

You may attempt to craft these accessories using normal, non-Terraria materials, but doing so will cause the resulting items to function as tinkertech: unreliable, prone to malfunction, and lacking the full potency of a proper creation. For best results, you should use materials sourced directly from Terraria or resources sufficiently similar in nature and magical properties from other worlds.

This perk provides a significant boost to your skills only while you are actively working on accessories included within its scope. However, through repeated exposure to the crafting process, you may slowly learn some mundane, non-magical techniques that can be applied more broadly."
95,Hardmode Creations,700 CP,Vanilla Terraria,"You gain the ability to craft all items, equipment, and items from the Hardmode tier of the Terraria game including endgame weapons, armor, tools, and accessories. This perk provides a complete mental compendium of every Hardmode blueprint, along with the enhanced skill and knowledge required to produce them.

You may attempt to craft these items using normal, non-Terraria materials, but doing so will cause the resulting creations to function as tinkertech: unreliable, prone to malfunction, and lacking the full potency and magical properties of a properly made item. For best results, you should use materials sourced directly from Terraria or resources sufficiently similar in nature and magical essence from other worlds."
96,Summoning Altars,550 CP,Vanilla Terraria,"This perk grants you the ability and skills needed to create all pre-Hardmode boss-summoning items from Terraria, along with the legendary blade Night's Edge, the Void Bag, and the Void Vault - all crafted using Altars. You also possess the knowledge required to construct these Altars themselves.

Additionally, this perk includes sufficient magical aptitude to properly use boss-summoning items in rituals, allowing you to actually summon the corresponding Terraria boss. However, the success and behavior of these summonings may be somewhat limited or altered by the rules and metaphysical structure of your current reality."
97,We Are Rich!,100 CP,Vanilla Terraria,"This perk allows you to spawn (once) twelve fully stocked chests containing various coins, gems, and metal bars at a targeted location, without causing any damage or disruption to the surrounding area. If insufficient space exists for all twelve chests, fewer will spawn as space allows.

The chests contain currency and Terraria-type resources, each retaining their unique properties from the game. The quantity of specific materials scales with their rarity and usefulness: early-game resources appear in greater abundance, while late-game materials are comparatively rarer.

You may hold this effect indefinitely, activating it only when you find a suitable location. Stored activations can be stacked without limit, and this perk may be purchased multiple times to accumulate additional uses. If you possess perks for other Terraria mods, the chests will also include materials from those sources, appropriately mixed into the generation."
98,More Life,50 CP,Vanilla Terraria,"This perk grants you the equivalent of one Life Crystal or Life Fruit use, depending on how many times you have already purchased it. Each purchase permanently increases your life energy and enhances your ability to survive damage.

This perk may be purchased multiple times - up to 35 times in total. The first 15 purchases function as Life Crystal equivalents, providing a solid foundation of increased vitality. The subsequent 20 purchases function as Life Fruit equivalents, further enhancing your maximum life beyond the initial threshold."
99,More Magic,50 CP,Vanilla Terraria,"This perk grants you the equivalent of one Mana Crystal use, permanently expanding your magical reserves. The first purchase awakens your connection to Terraria-style mana, granting you access to this energy system for the first time. Each subsequent purchase makes your mana reserves a little bit larger. This perk may be purchased multiple times (up to 10 times in total) allowing you to build a substantial well of magical energy to power spells and enchanted items."
100,Summoned Help,300 CP,Vanilla Terraria,"You gain the ability to craft all items used for summoning pets and mounts from the Terraria game, along with the skills needed to command and control them effectively. Their special properties (including unique behaviors, abilities, and appearances) are preserved due to the supernatural component of this perk. You possess a complete mental compendium of every pet and mount summoning item recipe, along with the enhanced skill needed to produce them.

You may attempt to craft these items using normal, non-Terraria materials, but doing so will cause the resulting creations to function as tinkertech: unreliable, prone to malfunction, and lacking the full potency and magical properties of a properly made item. For best results, you should use materials sourced directly from Terraria or resources sufficiently similar in nature and magical essence from other worlds.

This perk provides a significant boost to your skills only while you are actively working on items included within its scope. However, through repeated exposure to the crafting process, you may slowly learn some mundane, non-magical techniques that can be applied more broadly."
101,Calamity Expansion,800 CP,Modded Terraria,"You gain the ability to craft all types of items from the Calamity mod and its various addons for Terraria (including unobtainable and hardmode-exclusive variants). Their special properties, including legendary effects, unique abilities, and devastating power, are preserved due to the supernatural component of this perk. You possess a complete mental compendium of every Calamity item recipe, along with the enhanced skill needed to produce them.

You may attempt to craft these items using normal, non-Terraria materials, but doing so will cause the resulting creations to function as tinkertech: unreliable, prone to malfunction, and lacking the full potency and god-slaying properties of a properly made item. For best results, you should use materials sourced directly from Terraria or resources sufficiently similar in nature, rarity, and magical essence from other worlds.

This perk provides a significant boost to your skills only while you are actively working on items included within its scope. However, through repeated exposure to the crafting process, you may slowly learn some mundane, non-magical techniques that can be applied more broadly."
102,Starlight River,500 CP,Modded Terraria,"You gain the ability to craft all types of items from the Starlight River mod for Terraria, including unobtainable and hardmode-exclusive variants. Their special properties, including unique effects, celestial abilities, and luminous qualities, are preserved due to the supernatural component of this perk. You possess a complete mental compendium of every Starlight River item recipe, along with the enhanced skill needed to produce them.

You may attempt to craft these items using normal, non-Terraria materials, but doing so will cause the resulting creations to function as tinkertech: unreliable, prone to malfunction, and lacking the full potency and starlight-infused properties of a properly made item. For best results, you should use materials sourced directly from Terraria or resources sufficiently similar in nature, rarity, and magical essence from other worlds.

This perk provides a significant boost to your skills only while you are actively working on items included within its scope. However, through repeated exposure to the crafting process, you may slowly learn some mundane, non-magical techniques that can be applied more broadly."
103,Redemption,500 CP,Modded Terraria,"You gain the ability to craft all types of items from the Redemption mod for Terraria, including unobtainable and hardmode-exclusive variants. Their special properties, including holy abilities, corrupted powers, and unique mechanical functions, are preserved due to the supernatural component of this perk. You possess a complete mental compendium of every Redemption item recipe, along with the enhanced skill needed to produce them.

You may attempt to craft these items using normal, non-Terraria materials, but doing so will cause the resulting creations to function as tinkertech: unreliable, prone to malfunction, and lacking the full potency and redemption-forged properties of a properly made item. For best results, you should use materials sourced directly from Terraria or resources sufficiently similar in nature, rarity, and magical essence from other worlds.

This perk provides a significant boost to your skills only while you are actively working on items included within its scope. However, through repeated exposure to the crafting process, you may slowly learn some mundane, non-magical techniques that can be applied more broadly."
104,Thorium,600 CP,Modded Terraria,"You gain the ability to craft all types of items from the Thorium mod for Terraria (including unobtainable and hardmode-exclusive variants). Their special properties, including class-defining abilities, unique set bonuses, and powerful effects, are preserved due to the supernatural component of this perk. You possess a complete mental compendium of every Thorium item recipe, along with the enhanced skill needed to produce them.

You may attempt to craft these items using normal, non-Terraria materials, but doing so will cause the resulting creations to function as tinkertech: unreliable, prone to malfunction, and lacking the full potency and thorium-infused properties of a properly made item. For best results, you should use materials sourced directly from Terraria or resources sufficiently similar in nature, rarity, and magical essence from other worlds.

This perk provides a significant boost to your skills only while you are actively working on items included within its scope. However, through repeated exposure to the crafting process, you may slowly learn some mundane, non-magical techniques that can be applied more broadly."
105,Spirit Expansion,700 CP,Modded Terraria,"You gain the ability to craft all types of items from the various versions of the Spirit mod for Terraria, including unobtainable and hardmode-exclusive variants. Their special properties, including ethereal abilities, spirit-infused powers, and unique class mechanics, are preserved due to the supernatural component of this perk. You possess a complete mental compendium of every Spirit mod item recipe, along with the enhanced skill needed to produce them.

You may attempt to craft these items using normal, non-Terraria materials, but doing so will cause the resulting creations to function as tinkertech - unreliable, prone to malfunction, and lacking the full potency and spiritual essence of a properly made item. For best results, you should use materials sourced directly from Terraria or resources sufficiently similar in nature, rarity, and magical properties from other worlds.

This perk provides a significant boost to your skills only while you are actively working on items included within its scope. However, through repeated exposure to the crafting process, you may slowly learn some mundane, non-magical techniques that can be applied more broadly."
106,Bottomless Shimmer Bucket ,200 CP,Vanilla Terraria,"This mysterious magical item can be used to pour out an infinite amount of Shimmer: a shiny, lavender-colored, pearlescent liquid with some rather special properties. Found within the depths of Terraria, Shimmer is known for its unique transmutative abilities, capable of transforming items, creatures, and even the environment itself in wondrous and unexpected ways. With this bottomless bucket, you will never run out of this remarkable fluid."
107,Engram Creation ,600 CP,ARK: Survival Evolved,"You possess the knowledge to create Engrams and implant them into the minds of others. These Engrams allow you to share recipes, blueprints, and crafting knowledge you possess with other people, including technology that would normally be uncraftable, such as tinkertech and similar creations from your other perks.

However, Engrams have strict limits on complexity; you cannot share the ability to construct every type of technology. This perk works best with technology from ARK, but you can gradually learn to encode creations from other perks you possess. Once implanted, a person can craft whatever technology you've included in the Engram as if they knew it themselves."
108,Tekgrams Creation,1000 CP,ARK: Survival Evolved,"You have mastered the creation of Tekgrams and their implantation into the minds of others. These Tekgrams let you share any recipes, blueprints, or crafting knowledge you possess, including uncraftable technology like tinkertech and similar creations from your perks. This serves as a direct upgrade to standard Engrams, allowing you to share the capability to build any technology you know, one Tekgram at a time. Requires Engram Creation. If you do not possess that perk, purchasing Tekgrams will automatically grant Engram Creation as well (for free), provided you have enough CP."
109,Low Engrams,50 CP,ARK: Survival Evolved,"You gain access to all engram recipes up to level 50 from the base ARK: Survival Evolved game, along with the basic skills needed to use these creations."
110,High Engrams,50 CP,ARK: Survival Evolved,"You gain access to all engram recipes from levels 51 to 100 from the base ARK: Survival Evolved game, along with the basic skills needed to use these creations."
111,Tek Recipes,200 CP,ARK: Survival Evolved,"You gain access to all Tekgram recipes from the base ARK: Survival Evolved game, along with the basic skills to use these creations and limited scientific understanding of the underlying technology."
112,Scorched Earth Engrams,50 CP,ARK: Survival Evolved,"You gain access to all engram recipes from the Scorched Earth DLC for ARK: Survival Evolved, along with the basic skills needed to use these creations."
113,Aberration Engrams,50 CP,ARK: Survival Evolved,"You gain access to all engram recipes from the Aberration DLC for ARK: Survival Evolved, along with the basic skills needed to use these creations."
114,Extinction Engrams,100 CP,ARK: Survival Evolved,"You gain access to all engram recipes from the Extinction DLC for ARK: Survival Evolved, along with the basic skills needed to use these creations."
115,Genesis Engrams,100 CP,ARK: Survival Evolved,"You gain access to all engram recipes from Genesis: Parts 1 & 2 DLC for ARK: Survival Evolved, along with the basic skills needed to use these creations."
116,Bag of Wheat Seeds,100 CP,Stardew Valley,"One of the most widely cultivated grains. Makes a great flour for breads and cakes. You gain a full bag of wheat seeds of random quality from the Stardew Valley game. You can hold off releasing the bag into the world for as long as you like. They work like normal plants if left to grow in the wild. However, if someone or something plays an active role in cultivating and tending to this wheat, it starts to grow abnormally fast (maximum speed of 4 days to fully grow in perfect conditions). It still exhausts the soil just as much as normal plants do. So it's probably a bad idea to harvest wheat every week. It is a summer/fall crop - its supernatural effect is most effective in summer and autumn. This perk can be purchased multiple times."
117,Bag of Tomato Seeds,100 CP,Stardew Valley,"Rich and slightly tangy, the Tomato has a wide variety of culinary uses. You gain a full bag of tomato seeds of random quality from the Stardew Valley game. You can hold off releasing the bag into the world for as long as you like. They work like normal plants if left to grow in the wild. However, if someone or something plays an active role in cultivating and tending to this tomato plant, it starts to grow abnormally fast (maximum speed of 4 days to fully grow in perfect conditions). It still exhausts the soil just as much as normal plants do. So it's probably a bad idea to harvest tomatoes every week. It is a summer crop - its supernatural effect is most effective in summer. This perk can be purchased multiple times."
118,Bag of Sunflower Seeds,100 CP,Stardew Valley,"A common misconception is that the flower turns so it's always facing the sun. You gain a full bag of sunflower seeds of random quality from the Stardew Valley game. You can hold off releasing the bag into the world for as long as you like. They work like normal plants if left to grow in the wild. However, if someone or something plays an active role in cultivating and tending to this sunflower plant, it starts to grow abnormally fast (maximum speed of 8 days to fully grow in perfect conditions). It still exhausts the soil just as much as normal plants do. So it's probably a bad idea to harvest tomatoes every week. It is a summer/fall crop - its supernatural effect is most effective in summer and autumn. This perk can be purchased multiple times."
119,Bag of Squash Seeds,100 CP,Stardew Valley,"A curved yellow squash that is harvested while immature, and still tender. You gain a full bag of squash seeds of random quality from the Stardew Valley game. You can hold off releasing the bag into the world for as long as you like. They work like normal plants if left to grow in the wild. However, if someone or something plays an active role in cultivating and tending to this squash plant, it starts to grow abnormally fast (maximum speed of 6 days to fully grow in perfect conditions). It still exhausts the soil just as much as normal plants do. So it's probably a bad idea to harvest squash every week. It is a summer crop - its supernatural effect is most effective in summer. This perk can be purchased multiple times."
120,Bag of Spangle Seeds,100 CP,Stardew Valley,"A tropical bloom that thrives in the humid summer air. Has a sweet, tangy aroma. You gain a full bag of spangle seeds of random quality from the Stardew Valley game. You can hold off releasing the bag into the world for as long as you like. They work like normal plants if left to grow in the wild. However, if someone or something plays an active role in cultivating and tending to this spangle plant, it starts to grow abnormally fast (maximum speed of 8 days to fully grow in perfect conditions). It still exhausts the soil just as much as normal plants do. So it's probably a bad idea to harvest spangle every week. It is a summer crop - its supernatural effect is most effective in summer. This perk can be purchased multiple times."
121,Bag of Starfruit Seeds,100 CP,Stardew Valley,"An extremely juicy fruit that grows in hot, humid weather. Slightly sweet with a sour undertone. You gain a full bag of starfruit seeds of random quality from the Stardew Valley game. You can hold off releasing the bag into the world for as long as you like. They work like normal plants if left to grow in the wild. However, if someone or something plays an active role in cultivating and tending to this starfruit plant, it starts to grow abnormally fast (maximum speed of 13 days to fully grow in perfect conditions). It still exhausts the soil just as much as normal plants do. So it's probably a bad idea to harvest starfruit every two weeks. It is a summer crop - its supernatural effect is most effective in summer. This perk can be purchased multiple times."
122,Bag of Red Cabbage Seeds,100 CP,Stardew Valley,"Often used in salads and coleslaws. The color can range from purple to blue to green-yellow depending on soil conditions. You gain a full bag of red cabbage seeds of random quality from the Stardew Valley game. You can hold off releasing the bag into the world for as long as you like. They work like normal plants if left to grow in the wild. However, if someone or something plays an active role in cultivating and tending to this red cabbage plant, it starts to grow abnormally fast (maximum speed of 9 days to fully grow in perfect conditions). It still exhausts the soil just as much as normal plants do. So it's probably a bad idea to harvest red cabbage every two weeks. It is a summer crop - its supernatural effect is most effective in summer. This perk can be purchased multiple times."
123,Bag of Radish Seeds,100 CP,Stardew Valley,"A crisp and refreshing root vegetable with hints of pepper when eaten raw. You gain a full bag of radish seeds of random quality from the Stardew Valley game. You can hold off releasing the bag into the world for as long as you like. They work like normal plants if left to grow in the wild. However, if someone or something plays an active role in cultivating and tending to this radish plant, it starts to grow abnormally fast (maximum speed of 6 days to fully grow in perfect conditions). It still exhausts the soil just as much as normal plants do. So it's probably a bad idea to harvest radish every week. It is a summer crop - its supernatural effect is most effective in summer. This perk can be purchased multiple times."
124,Bag of Poppy Seeds,100 CP,Stardew Valley,"In addition to its colorful flower, the Poppy has culinary and medicinal uses. You gain a full bag of poppy seeds of random quality from the Stardew Valley game. You can hold off releasing the bag into the world for as long as you like. They work like normal plants if left to grow in the wild. However, if someone or something plays an active role in cultivating and tending to this poppy plant, it starts to grow abnormally fast (maximum speed of 7 days to fully grow in perfect conditions). It still exhausts the soil just as much as normal plants do. So it's probably a bad idea to harvest poppy every week. It is a summer crop - its supernatural effect is most effective in summer. This perk can be purchased multiple times."
125,Bag of Melon Seeds,100 CP,Stardew Valley,"A cool, sweet summer treat. You gain a full bag of melon seeds of random quality from the Stardew Valley game. You can hold off releasing the bag into the world for as long as you like. They work like normal plants if left to grow in the wild. However, if someone or something plays an active role in cultivating and tending to this melon plant, it starts to grow abnormally fast (maximum speed of 12 days to fully grow in perfect conditions). It still exhausts the soil just as much as normal plants do. So it's probably a bad idea to harvest melon every two weeks. It is a summer crop - its supernatural effect is most effective in summer. This crop can be grown into giant version. This perk can be purchased multiple times."
126,Bag of Hot Pepper Seeds,100 CP,Stardew Valley,"Fiery hot with a hint of sweetness. You gain a full bag of hot pepper seeds of random quality from the Stardew Valley game. You can hold off releasing the bag into the world for as long as you like. They work like normal plants if left to grow in the wild. However, if someone or something plays an active role in cultivating and tending to this hot pepper plant, it starts to grow abnormally fast (maximum speed of 5 days to fully grow in perfect conditions). It still exhausts the soil just as much as normal plants do. So it's probably a bad idea to harvest hot pepper every two weeks. It is a summer crop - its supernatural effect is most effective in summer. This perk can be purchased multiple times."
127,Bag of Hops Seeds,100 CP,Stardew Valley,"A bitter, tangy flower used to flavor beer. You gain a full bag of hops seeds of random quality from the Stardew Valley game. You can hold off releasing the bag into the world for as long as you like. They work like normal plants if left to grow in the wild. However, if someone or something plays an active role in cultivating and tending to this hops plant, it starts to grow abnormally fast (maximum speed of 11 days to fully grow in perfect conditions). It still exhausts the soil just as much as normal plants do. So it's probably a bad idea to harvest hops every two weeks. It is a summer crop - its supernatural effect is most effective in summer. This perk can be purchased multiple times."
128,Bag of Corn Seeds,100 CP,Stardew Valley,"One of the most popular grains. The sweet, fresh cobs are a summer favorite. You gain a full bag of corn seeds of random quality from the Stardew Valley game. You can hold off releasing the bag into the world for as long as you like. They work like normal plants if left to grow in the wild. However, if someone or something plays an active role in cultivating and tending to this corn plant, it starts to grow abnormally fast (maximum speed of 14 days to fully grow in perfect conditions). It still exhausts the soil just as much as normal plants do. So it's probably a bad idea to harvest corn every two weeks. It is a summer crop - its supernatural effect is most effective in summer. This perk can be purchased multiple times."
129,Bag of Coffee Beans,100 CP,Stardew Valley,"Plant in spring or summer to grow a coffee plant. Place five beans in a keg to make coffee. You gain a full bag of coffee beans of random quality from the Stardew Valley game. You can hold off releasing the bag into the world for as long as you like. They work like normal plants if left to grow in the wild. However, if someone or something plays an active role in cultivating and tending to this coffee plant, it starts to grow abnormally fast (maximum speed of 10 days to fully grow in perfect conditions). It still exhausts the soil just as much as normal plants do. So it's probably a bad idea to harvest coffee beans every week. It is a summer/spring crop - its supernatural effect is most effective in summer and spring. This perk can be purchased multiple times."
130,Bag of Blueberry Seeds,100 CP,Stardew Valley,"A popular berry reported to have many health benefits. The blue skin has the highest nutrient concentration. You gain a full bag of blueberry seeds of random quality from the Stardew Valley game. You can hold off releasing the bag into the world for as long as you like. They work like normal plants if left to grow in the wild. However, if someone or something plays an active role in cultivating and tending to this blueberry plant, it starts to grow abnormally fast (maximum speed of 13 days to fully grow in perfect conditions). It still exhausts the soil just as much as normal plants do. So it's probably a bad idea to harvest blueberries every two weeks. It is a summer crop - its supernatural effect is most effective in summer. This perk can be purchased multiple times."
131,Bag of Blue Jazz Seeds,100 CP,Stardew Valley,"The flower grows in a sphere to invite as many butterflies as possible. You gain a full bag of Blue Jazz seeds of random quality from the Stardew Valley game. You can hold off releasing the bag into the world for as long as you like. They work like normal plants if left to grow in the wild. However, if someone or something plays an active role in cultivating and tending to this Blue Jazz plant, it starts to grow abnormally fast (maximum speed of 7 days to fully grow in perfect conditions). It still exhausts the soil just as much as normal plants do. So it's probably a bad idea to harvest Blue Jazz every week. It is a spring crop - its supernatural effect is most effective in spring. This perk can be purchased multiple times."
132,Bag of Carrot Seeds,100 CP,Stardew Valley,"A fast-growing, colorful tuber that makes for a great snack. You gain a full bag of Carrot seeds of random quality from the Stardew Valley game. You can hold off releasing the bag into the world for as long as you like. They work like normal plants if left to grow in the wild. However, if someone or something plays an active role in cultivating and tending to this Carrot plant, it starts to grow abnormally fast (maximum speed of 3 days to fully grow in perfect conditions). It still exhausts the soil just as much as normal plants do. So it's probably a bad idea to harvest Carrot every week. It is a spring crop - its supernatural effect is most effective in spring. This perk can be purchased multiple times."
133,Bag of Garlic Seeds,100 CP,Stardew Valley,"Adds a wonderful zestiness to dishes. High quality garlic can be pretty spicy. You gain a full bag of garlic seeds of random quality from the Stardew Valley game. You can hold off releasing the bag into the world for as long as you like. They work like normal plants if left to grow in the wild. However, if someone or something plays an active role in cultivating and tending to this garlic plant, it starts to grow abnormally fast (maximum speed of 4 days to fully grow in perfect conditions). It still exhausts the soil just as much as normal plants do. So it's probably a bad idea to harvest garlic every week. It is a spring crop - its supernatural effect is most effective in spring. This perk can be purchased multiple times."
134,Bag of Green Beans,100 CP,Stardew Valley,"A juicy little bean with a cool, crisp snap. You gain a full bag of Green Beans of random quality from the Stardew Valley game. You can hold off releasing the bag into the world for as long as you like. They work like normal plants if left to grow in the wild. However, if someone or something plays an active role in cultivating and tending to these Green Beans, it starts to grow abnormally fast (maximum speed of 10 days to fully grow in perfect conditions). It still exhausts the soil just as much as normal plants do. So it's probably a bad idea to harvest Green Beans every two weeks. It is a spring crop - its supernatural effect is most effective in spring. This perk can be purchased multiple times."
135,Bag of Kale Seeds,100 CP,Stardew Valley,"The waxy leaves are great in soups and stir fries. You gain a full bag of Kale seeds of random quality from the Stardew Valley game. You can hold off releasing the bag into the world for as long as you like. They work like normal plants if left to grow in the wild. However, if someone or something plays an active role in cultivating and tending to this Kale plant, it starts to grow abnormally fast (maximum speed of 6 days to fully grow in perfect conditions). It still exhausts the soil just as much as normal plants do. So it's probably a bad idea to harvest Kale every week. It is a spring crop - its supernatural effect is most effective in spring. This perk can be purchased multiple times."
136,Bag of Cauliflower Seeds,100 CP,Stardew Valley,"Valuable, but slow-growing. Despite its pale color, the florets are packed with nutrients. You gain a full bag of Cauliflower seeds of random quality from the Stardew Valley game. You can hold off releasing the bag into the world for as long as you like. They work like normal plants if left to grow in the wild. However, if someone or something plays an active role in cultivating and tending to this Cauliflower plant, it starts to grow abnormally fast (maximum speed of 12 days to fully grow in perfect conditions). It still exhausts the soil just as much as normal plants do. So it's probably a bad idea to harvest Cauliflower every two weeks. It is a spring crop - its supernatural effect is most effective in spring. This crop can be grown into giant version. This perk can be purchased multiple times."
137,Bag of Parsnip Seeds,100 CP,Stardew Valley,"A spring tuber closely related to the carrot. It has an earthy taste and is full of nutrients. You gain a full bag of Parsnip seeds of random quality from the Stardew Valley game. You can hold off releasing the bag into the world for as long as you like. They work like normal plants if left to grow in the wild. However, if someone or something plays an active role in cultivating and tending to this Parsnip plant, it starts to grow abnormally fast (maximum speed of 4 days to fully grow in perfect conditions). It still exhausts the soil just as much as normal plants do. So it's probably a bad idea to harvest Parsnip every week. It is a spring crop - its supernatural effect is most effective in spring. This perk can be purchased multiple times."
138,Bag of Potato Seeds,100 CP,Stardew Valley,"A widely cultivated tuber. You gain a full bag of Potato seeds of random quality from the Stardew Valley game. You can hold off releasing the bag into the world for as long as you like. They work like normal plants if left to grow in the wild. However, if someone or something plays an active role in cultivating and tending to this Potato plant, it starts to grow abnormally fast (maximum speed of 6 days to fully grow in perfect conditions). It still exhausts the soil just as much as normal plants do. So it's probably a bad idea to harvest Potato every week. It is a spring crop - its supernatural effect is most effective in spring. This perk can be purchased multiple times."
139,Bag of Rhubarb Seeds,100 CP,Stardew Valley,"The stalks are extremely tart, but make a great dessert when sweetened. You gain a full bag of Rhubarb seeds of random quality from the Stardew Valley game. You can hold off releasing the bag into the world for as long as you like. They work like normal plants if left to grow in the wild. However, if someone or something plays an active role in cultivating and tending to this Rhubarb plant, it starts to grow abnormally fast (maximum speed of 13 days to fully grow in perfect conditions). It still exhausts the soil just as much as normal plants do. So it's probably a bad idea to harvest Rhubarb every two weeks. It is a spring crop - its supernatural effect is most effective in spring. This perk can be purchased multiple times."
140,Bag of Strawberry Seeds,100 CP,Stardew Valley,"A sweet, juicy favorite with an appealing red color. You gain a full bag of Strawberry seeds of random quality from the Stardew Valley game. You can hold off releasing the bag into the world for as long as you like. They work like normal plants if left to grow in the wild. However, if someone or something plays an active role in cultivating and tending to this Strawberry plant, it starts to grow abnormally fast (maximum speed of 8 days to fully grow in perfect conditions). It still exhausts the soil just as much as normal plants do. So it's probably a bad idea to harvest Strawberry every week. It is a spring crop - its supernatural effect is most effective in spring. This perk can be purchased multiple times."
141,Bag of Tulip Seeds,100 CP,Stardew Valley,"The most popular spring flower. Has a very faint sweet smell. You gain a full bag of Tulip seeds of random quality from the Stardew Valley game. You can hold off releasing the bag into the world for as long as you like. They work like normal plants if left to grow in the wild. However, if someone or something plays an active role in cultivating and tending to this Tulip plant, it starts to grow abnormally fast (maximum speed of 6 days to fully grow in perfect conditions). It still exhausts the soil just as much as normal plants do. So it's probably a bad idea to harvest Tulip every week. It is a spring crop - its supernatural effect is most effective in spring. This perk can be purchased multiple times."
142,Box of Rice Shoots,100 CP,Stardew Valley,"Rice in its rawest form. Run this through a mill to increase the value. You gain a full box of Rice Shoots of random quality from the Stardew Valley game. You can hold off releasing the bag into the world for as long as you like. They work like normal plants if left to grow in the wild. However, if someone or something plays an active role in cultivating and tending to this Rice plant, it starts to grow abnormally fast (maximum speed of 8 days to fully grow in perfect conditions). It still exhausts the soil just as much as normal plants do. So it's probably a bad idea to harvest Rice every week. It is a spring crop - its supernatural effect is most effective in spring. This perk can be purchased multiple times."
143,Bag of Amaranth Seeds,100 CP,Stardew Valley,"A purple grain cultivated by an ancient civilization. You gain a full bag of Amaranth seeds of random quality from the Stardew Valley game. You can hold off releasing the bag into the world for as long as you like. They work like normal plants if left to grow in the wild. However, if someone or something plays an active role in cultivating and tending to this Amaranth plant, it starts to grow abnormally fast (maximum speed of 7 days to fully grow in perfect conditions). It still exhausts the soil just as much as normal plants do. So it's probably a bad idea to harvest Amaranth every week. It is a fall crop - its supernatural effect is most effective in autumn. This perk can be purchased multiple times."
144,Bag of Beet Seeds,100 CP,Stardew Valley,"A sweet and earthy root vegetable. As a bonus, the leaves make a great salad. You gain a full bag of Beet seeds of random quality from the Stardew Valley game. You can hold off releasing the bag into the world for as long as you like. They work like normal plants if left to grow in the wild. However, if someone or something plays an active role in cultivating and tending to this Beet plant, it starts to grow abnormally fast (maximum speed of 6 days to fully grow in perfect conditions). It still exhausts the soil just as much as normal plants do. So it's probably a bad idea to harvest Beet every week. It is a fall crop - its supernatural effect is most effective in autumn. This perk can be purchased multiple times."
145,Bag of Bok Choy Seeds,100 CP,Stardew Valley,"The leafy greens and fibrous stalks are healthy and delicious. You gain a full bag of Bok Choy seeds of random quality from the Stardew Valley game. You can hold off releasing the bag into the world for as long as you like. They work like normal plants if left to grow in the wild. However, if someone or something plays an active role in cultivating and tending to this Bok Choy plant, it starts to grow abnormally fast (maximum speed of 4 days to fully grow in perfect conditions). It still exhausts the soil just as much as normal plants do. So it's probably a bad idea to harvest Bok Choy every week. It is a fall crop - its supernatural effect is most effective in autumn. This perk can be purchased multiple times."
146,Bag of Broccoli Seeds,100 CP,Stardew Valley,"The flowering head of a broccoli plant. The tiny buds give it a unique texture. You gain a full bag of Broccoli seeds of random quality from the Stardew Valley game. You can hold off releasing the bag into the world for as long as you like. They work like normal plants if left to grow in the wild. However, if someone or something plays an active role in cultivating and tending to this Broccoli plant, it starts to grow abnormally fast (maximum speed of 8 days to fully grow in perfect conditions). It still exhausts the soil just as much as normal plants do. So it's probably a bad idea to harvest Broccoli every week. It is a fall crop - its supernatural effect is most effective in autumn. This perk can be purchased multiple times."
147,Bag of Cranberry Seeds,100 CP,Stardew Valley,"These tart red berries are a traditional winter food. You gain a full bag of Cranberry seeds of random quality from the Stardew Valley game. You can hold off releasing the bag into the world for as long as you like. They work like normal plants if left to grow in the wild. However, if someone or something plays an active role in cultivating and tending to this Cranberry plant, it starts to grow abnormally fast (maximum speed of 7 days to fully grow in perfect conditions). It still exhausts the soil just as much as normal plants do. So it's probably a bad idea to harvest Cranberries every week. It is a fall crop - its supernatural effect is most effective in autumn. This perk can be purchased multiple times."
148,Bag of Eggplant Seeds,100 CP,Stardew Valley,"A rich and wholesome relative of the tomato. Delicious fried or stewed. You gain a full bag of Eggplant seeds of random quality from the Stardew Valley game. You can hold off releasing the bag into the world for as long as you like. They work like normal plants if left to grow in the wild. However, if someone or something plays an active role in cultivating and tending to this Eggplant plant, it starts to grow abnormally fast (maximum speed of 5 days to fully grow in perfect conditions). It still exhausts the soil just as much as normal plants do. So it's probably a bad idea to harvest Eggplants every week. It is a fall crop - its supernatural effect is most effective in autumn. This perk can be purchased multiple times."
149,Bag of Fairy Rose Seeds,100 CP,Stardew Valley,"An old folk legend suggests that the sweet smell of this flower attracts fairies. You gain a full bag of Fairy Rose seeds of random quality from the Stardew Valley game. You can hold off releasing the bag into the world for as long as you like. They work like normal plants if left to grow in the wild. However, if someone or something plays an active role in cultivating and tending to this Fairy Rose plant, it starts to grow abnormally fast (maximum speed of 12 days to fully grow in perfect conditions). It still exhausts the soil just as much as normal plants do. So it's probably a bad idea to harvest Fairy Rose every two weeks. It is a fall crop - its supernatural effect is most effective in autumn. This perk can be purchased multiple times."
150,Bag of Grape Seeds,100 CP,Stardew Valley,"A sweet cluster of fruit. You gain a full bag of Grape seeds of random quality from the Stardew Valley game. You can hold off releasing the bag into the world for as long as you like. They work like normal plants if left to grow in the wild. However, if someone or something plays an active role in cultivating and tending to this Grape plant, it starts to grow abnormally fast (maximum speed of 10 days to fully grow in perfect conditions). It still exhausts the soil just as much as normal plants do. So it's probably a bad idea to harvest Grapes every week. It is a fall crop - its supernatural effect is most effective in autumn. This perk can be purchased multiple times."
151,Bag of Pumpkin Seeds,100 CP,Stardew Valley,"A fall favorite, grown for its crunchy seeds and delicately flavored flesh. As a bonus, the hollow shell can be carved into a festive decoration. You gain a full bag of Pumpkin seeds of random quality from the Stardew Valley game. You can hold off releasing the bag into the world for as long as you like. They work like normal plants if left to grow in the wild. However, if someone or something plays an active role in cultivating and tending to this Pumpkin plant, it starts to grow abnormally fast (maximum speed of 13 days to fully grow in perfect conditions). It still exhausts the soil just as much as normal plants do. So it's probably a bad idea to harvest Pumpkins every two weeks. It is a fall crop - its supernatural effect is most effective in autumn. This crop can be grown into giant version. This perk can be purchased multiple times."
152,Bag of Yam Seeds,100 CP,Stardew Valley,"A starchy tuber with a lot of culinary versatility. You gain a full bag of Yam seeds of random quality from the Stardew Valley game. You can hold off releasing the bag into the world for as long as you like. They work like normal plants if left to grow in the wild. However, if someone or something plays an active role in cultivating and tending to this Yam plant, it starts to grow abnormally fast (maximum speed of 10 days to fully grow in perfect conditions). It still exhausts the soil just as much as normal plants do. So it's probably a bad idea to harvest Yam every week. It is a fall crop - its supernatural effect is most effective in autumn. This perk can be purchased multiple times."
153,Bag of Powdermelon Seeds,100 CP,Stardew Valley,"Named for the powdery coating that forms on the surface, this melon is crisp and sweet, with a delicate flavor. You gain a full bag of Powdermelon seeds of random quality from the Stardew Valley game. You can hold off releasing the bag into the world for as long as you like. They work like normal plants if left to grow in the wild. However, if someone or something plays an active role in cultivating and tending to this Powdermelon plant, it starts to grow abnormally fast (maximum speed of 7 days to fully grow in perfect conditions). It still exhausts the soil just as much as normal plants do. So it's probably a bad idea to harvest Powdermelons every week. It is a winter crop - its supernatural effect is most effective in winter . This crop can be grown into giant version. This perk can be purchased multiple times."
154,Bag of Ancient Fruit Seeds,100 CP,Stardew Valley,"It's been dormant for eons. You gain a full bag of Ancient Fruit seeds of random quality from the Stardew Valley game. You can hold off releasing the bag into the world for as long as you like. They work like normal plants if left to grow in the wild. However, if someone or something plays an active role in cultivating and tending to this Ancient Fruit plant, it starts to grow abnormally fast (maximum speed of 28 days to fully grow in perfect conditions). It still exhausts the soil just as much as normal plants do. So it's probably a bad idea to harvest Ancient Fruits every month. Special effect of this crops works greatly at any season, but not winter. This perk can be purchased multiple times."
155,Bag of Cactus Seeds,100 CP,Stardew Valley,"The sweet fruit of the prickly pear cactus. You gain a full bag of Cactus seeds of random quality from the Stardew Valley game. You can hold off releasing the bag into the world for as long as you like. They work like normal plants if left to grow in the wild. However, if someone or something plays an active role in cultivating and tending to this Cactus plant, it starts to grow abnormally fast (maximum speed of 12 days to fully grow in perfect conditions). It still exhausts the soil just as much as normal plants do. So it's probably a bad idea to harvest Cactus Fruits every two weeks. This perk can be purchased multiple times."
156,Bag of Pineapple Seeds,100 CP,Stardew Valley,"A sweet and tangy tropical treat. You gain a full bag of Pineapple seeds of random quality from the Stardew Valley game. You can hold off releasing the bag into the world for as long as you like. They work like normal plants if left to grow in the wild. However, if someone or something plays an active role in cultivating and tending to this Pineapple plant, it starts to grow abnormally fast (maximum speed of 14 days to fully grow in perfect conditions). It still exhausts the soil just as much as normal plants do. So it's probably a bad idea to harvest Pineapple every two weeks. It is a summer crop - its supernatural effect is most effective in summer This perk can be purchased multiple times."
157,Bag of Qi Beans,100 CP,Stardew Valley,"Mr. Qi has challenged you to ship 500 of these strange melons. You gain a full bag of Qi Beans of random quality from the Stardew Valley game. You can hold off releasing the bag into the world for as long as you like. They work like normal plants if left to grow in the wild. However, if someone or something plays an active role in cultivating and tending to this Qi Fruit plant, it starts to grow abnormally fast (maximum speed of 4 days to fully grow in perfect conditions). It still exhausts the soil just as much as normal plants do. So it's probably a bad idea to harvest Qi Fruits every week. This crop can be grown into giant version. This perk can be purchased multiple times."
158,Bag of 'Rare Seeds',100 CP,Stardew Valley,"It's by far the sweetest thing you've ever smelled. You gain a full bag of Rare Seeds of random quality from the Stardew Valley game. You can hold off releasing the bag into the world for as long as you like. They work like normal plants if left to grow in the wild. However, if someone or something plays an active role in cultivating and tending to this Sweet Gem Berry plant, it starts to grow abnormally fast (maximum speed of 24 days to fully grow in perfect conditions). It still exhausts the soil just as much as normal plants do. So it's probably a bad idea to harvest Sweet Gem Berries every three weeks. It is a fall crop - its supernatural effect is most effective in autumn. This perk can be purchased multiple times."
159,Bag of Taro Tubers,100 CP,Stardew Valley,"This starchy root is one of the most ancient crops. You gain a full bag of Taro Tubers of random quality from the Stardew Valley game. You can hold off releasing the bag into the world for as long as you like. They work like normal plants if left to grow in the wild. However, if someone or something plays an active role in cultivating and tending to this Taro Root plant, it starts to grow abnormally fast (maximum speed of 7 days to fully grow in perfect conditions). It still exhausts the soil just as much as normal plants do. So it's probably a bad idea to harvest Taro Root every two weeks. It is a summer crop - its supernatural effect is most effective in summer. This perk can be purchased multiple times."
160,Box of Tea Saplings,100 CP,Stardew Valley,"The young leaves of the tea plant. Can be brewed into the popular, energizing beverage. You gain a full box of Tea Saplings of random quality from the Stardew Valley game. You can hold off releasing the bag into the world for as long as you like. They work like normal plants if left to grow in the wild. However, if someone or something plays an active role in cultivating and tending to this Tea plant, it starts to grow abnormally fast (maximum speed of 20 days to fully grow in perfect conditions). It still exhausts the soil just as much as normal plants do. So it's probably a bad idea to harvest Tea Leaves every three weeks. It is a summer crop - its supernatural effect is most effective in summer. This perk can be purchased multiple times."
161,Pair of Apricot Saplings,100 CP,Stardew Valley,"You gain a pair of Apricot Saplings of random quality from the Stardew Valley game. You can hold off releasing the bag into the world for as long as you like. They work like normal plants if left to grow in the wild. However, if someone or something plays an active role in cultivating and tending to this Apricot Tree, it starts to grow abnormally fast (maximum speed of 28 days to fully grow in perfect conditions). It still exhausts the soil just as much as normal plants do. This perk can be purchased multiple times."
162,Pair of Cherry Saplings,100 CP,Stardew Valley,"You gain a pair of Cherry Saplings of random quality from the Stardew Valley game. You can hold off releasing the bag into the world for as long as you like. They work like normal plants if left to grow in the wild. However, if someone or something plays an active role in cultivating and tending to this Cherry Tree, it starts to grow abnormally fast (maximum speed of 28 days to fully grow in perfect conditions). It still exhausts the soil just as much as normal plants do. This perk can be purchased multiple times."
163,Pair of Banana Saplings,100 CP,Stardew Valley,"You gain a pair of Banana Saplings of random quality from the Stardew Valley game. You can hold off releasing the bag into the world for as long as you like. They work like normal plants if left to grow in the wild. However, if someone or something plays an active role in cultivating and tending to this Banana Tree, it starts to grow abnormally fast (maximum speed of 28 days to fully grow in perfect conditions). It still exhausts the soil just as much as normal plants do. This perk can be purchased multiple times."
164,Pair of Mango Saplings,100 CP,Stardew Valley,"You gain a pair of Mango Saplings of random quality from the Stardew Valley game. You can hold off releasing the bag into the world for as long as you like. They work like normal plants if left to grow in the wild. However, if someone or something plays an active role in cultivating and tending to this Mango Tree, it starts to grow abnormally fast (maximum speed of 28 days to fully grow in perfect conditions). It still exhausts the soil just as much as normal plants do. This perk can be purchased multiple times."
165,Pair of Orange Saplings,100 CP,Stardew Valley,"You gain a pair of Orange Saplings of random quality from the Stardew Valley game. You can hold off releasing the bag into the world for as long as you like. They work like normal plants if left to grow in the wild. However, if someone or something plays an active role in cultivating and tending to this Orange Tree, it starts to grow abnormally fast (maximum speed of 28 days to fully grow in perfect conditions). It still exhausts the soil just as much as normal plants do. This perk can be purchased multiple times."
166,Pair of Peach Saplings,100 CP,Stardew Valley,"You gain a pair of Peach Saplings of random quality from the Stardew Valley game. You can hold off releasing the bag into the world for as long as you like. They work like normal plants if left to grow in the wild. However, if someone or something plays an active role in cultivating and tending to this Peach Tree, it starts to grow abnormally fast (maximum speed of 28 days to fully grow in perfect conditions). It still exhausts the soil just as much as normal plants do. This perk can be purchased multiple times."
167,Pair of Apple Saplings,100 CP,Stardew Valley,"You gain a pair of Apple Saplings of random quality from the Stardew Valley game. You can hold off releasing the bag into the world for as long as you like. They work like normal plants if left to grow in the wild. However, if someone or something plays an active role in cultivating and tending to this Apple Tree, it starts to grow abnormally fast (maximum speed of 28 days to fully grow in perfect conditions). It still exhausts the soil just as much as normal plants do. This perk can be purchased multiple times."
168,Pair of Pomegranate Sapling,100 CP,Stardew Valley,"You gain a pair of Pomegranate Saplings of random quality from the Stardew Valley game. You can hold off releasing the bag into the world for as long as you like. They work like normal plants if left to grow in the wild. However, if someone or something plays an active role in cultivating and tending to this Pomegranate Tree, it starts to grow abnormally fast (maximum speed of 28 days to fully grow in perfect conditions). It still exhausts the soil just as much as normal plants do. This perk can be purchased multiple times."
169,Box of Mushroom Tree Seeds,100 CP,Stardew Valley,"You gain a full box of Mushroom Tree Seeds of random from the Stardew Valley game. You can hold off releasing the bag into the world for as long as you like. They work like normal plants if left to grow in the wild. However, if someone or something plays an active role in cultivating and tending to this Mushroom Tree, it starts to grow abnormally fast. It still exhausts the soil just as much as normal plants do. This perk can be purchased multiple times."
170,Box of Mystic Tree Seeds,100 CP,Stardew Valley,"You gain a full box of Mystic Tree Seeds of random from the Stardew Valley game. You can hold off releasing the bag into the world for as long as you like. They work like normal plants if left to grow in the wild. However, if someone or something plays an active role in cultivating and tending to this Mystic Tree, it starts to grow abnormally fast. It still exhausts the soil just as much as normal plants do. This perk can be purchased multiple times."
171,Box of Maple Tree Seeds,100 CP,Stardew Valley,"You gain a full box of Maple Tree Seeds of random from the Stardew Valley game. You can hold off releasing the bag into the world for as long as you like. They work like normal plants if left to grow in the wild. However, if someone or something plays an active role in cultivating and tending to this Maple Tree, it starts to grow abnormally fast. It still exhausts the soil just as much as normal plants do. This perk can be purchased multiple times."
172,Bag of Artichoke Seeds,100 CP,Stardew Valley,"The bud of a thistle plant. The spiny outer leaves conceal a fleshy, filling interior. You gain a full bag of Artichoke seeds of random quality from the Stardew Valley game. You can hold off releasing the bag into the world for as long as you like. They work like normal plants if left to grow in the wild. However, if someone or something plays an active role in cultivating and tending to this Artichoke plant, it starts to grow abnormally fast (maximum speed of 8 days to fully grow in perfect conditions). It still exhausts the soil just as much as normal plants do. So it's probably a bad idea to harvest this Artichoke too often. It is a fall crop - its supernatural effect is most effective in autumn. This perk can be purchased multiple times."
173,Bag of Fiber Seeds,100 CP,Stardew Valley,"Raw material sourced from plants. You gain a full bag of Fiber seeds from the Stardew Valley game. You can hold off releasing the bag into the world for as long as you like. They work like normal plants if left to grow in the wild. However, if someone or something plays an active role in cultivating and tending to these Fiber weeds, it starts to grow abnormally fast (maximum speed of 7 days to fully grow in perfect conditions). It still exhausts the soil just as much as normal plants do. So it's probably a bad idea to harvest this Fiber too often. This perk can be purchased multiple times."
174,Wild Spring Seeds,100 CP,Stardew Valley,"An assortment of wild spring seeds. You gain a full bag of Spring seeds of random quality from the Stardew Valley game. You can hold off releasing the bag into the world for as long as you like. They work like normal plants if left to grow in the wild. However, if someone or something plays an active role in cultivating and tending to plants grown from this assortment of seeds, they start to grow abnormally fast. It still exhausts the soil just as much as normal plants do. So it's probably a bad idea to harvest these too often. This perk can be purchased multiple times."
175,Wild Summer Seeds,100 CP,Stardew Valley,"An assortment of wild summer seeds. You gain a full bag of Summer seeds of random quality from the Stardew Valley game. You can hold off releasing the bag into the world for as long as you like. They work like normal plants if left to grow in the wild. However, if someone or something plays an active role in cultivating and tending to plants grown from this assortment of seeds, they start to grow abnormally fast. It still exhausts the soil just as much as normal plants do. So it's probably a bad idea to harvest these too often. This perk can be purchased multiple times."
176,Wild Fall Seeds,100 CP,Stardew Valley,"An assortment of wild fall seeds. You gain a full bag of Fall seeds of random quality from the Stardew Valley game. You can hold off releasing the bag into the world for as long as you like. They work like normal plants if left to grow in the wild. However, if someone or something plays an active role in cultivating and tending to plants grown from this assortment of seeds, they start to grow abnormally fast. It still exhausts the soil just as much as normal plants do. So it's probably a bad idea to harvest these too often. This perk can be purchased multiple times."
177,Wild Winter Seed,100 CP,Stardew Valley,"An assortment of wild winter seeds. You gain a full bag of Winter seeds of random quality from the Stardew Valley game. You can hold off releasing the bag into the world for as long as you like. They work like normal plants if left to grow in the wild. However, if someone or something plays an active role in cultivating and tending to plants grown from this assortment of seeds, they start to grow abnormally fast. It still exhausts the soil just as much as normal plants do. So it's probably a bad idea to harvest these too often. This perk can be purchased multiple times."
178,Artisan Goods,150 CP,Stardew Valley,"You gain extreme talent and above-average skill in creating various artisan goods inspired by Stardew Valley, along with the knowledge to create all the tools and goods you need. You also have a supernatural edge when crafting items similar to Stardew Valley artisan goods. The supernatural advantage is toggleable."
179,Fishing Mastery,150 CP,Stardew Valley,"You gain extreme talent and above-average skill in the field of fishing inspired by Stardew Valley game, along with the knowledge to create all the tools and goods you need. You also have a supernatural edge when crafting items connected to this field and when actually fishing. The supernatural advantage is toggleable."
180,Farming Mastery,150 CP,Stardew Valley,"You gain extreme talent and above-average skill in the field of farming inspired by Stardew Valley game, along with the knowledge to create all the tools and goods you need. You also have a supernatural edge when crafting items connected to this field and when actually farming. The supernatural advantage is toggleable."
181,Mining Mastery,150 CP,Stardew Valley,"You gain extreme talent and above-average skill in the field of mining inspired by Stardew Valley game, along with the knowledge to create all the tools and goods you need. You also have a supernatural edge when crafting items connected to this field and when actually mining. The supernatural advantage is toggleable."
182,Foraging Mastery,150 CP,Stardew Valley,"You gain extreme talent and above-average skill in the field of foraging inspired by Stardew Valley game, along with the knowledge to create all the tools and goods you need. You also have a supernatural edge when crafting items connected to this field and when actually foraging. The supernatural advantage is toggleable."
183,Combat Mastery,150 CP,Stardew Valley,"You gain extreme talent and above-average skill in the field of combat inspired by Stardew Valley game, along with the knowledge to create all the tools and goods you need. You also have a supernatural edge when crafting items connected to this field and when actually doing combat. The supernatural advantage is toggleable."
184,Chicken Coop,150 CP,Stardew Valley,"Well cared-for adult chickens lay eggs every day. Lives in the coop. This perk provides a coop full of chickens. You can delay releasing this into the world for as long as you want. Animals from this perk are unusually obedient to you, and when someone actively takes care of them, they become supernaturally productive. This perk can be purchased multiple times."
185,Void Chicken Coop,200 CP,Stardew Valley,"Well cared-for adult chickens lay eggs every day. Lives in the coop. This perk provides a coop full of void chickens variant from Stardew Valley. You can delay releasing this into the world for as long as you want. Animals from this perk are unusually obedient to you, and when someone actively takes care of them, they become supernaturally productive. This perk can be purchased multiple times."
186,Golden Chicke Coop,200 CP,Stardew Valley,"Well cared-for adult chickens lay eggs every day. Lives in the coop. This perk provides a coop full of golden chickens variant from Stardew Valley. You can delay releasing this into the world for as long as you want. Animals from this perk are unusually obedient to you. Yes, shells of their eggs are made of gold. Cool right? This perk can be purchased multiple times."
187,Duck Coop,150 CP,Stardew Valley,"Happy adults lay duck eggs every other day. Lives in the coop. This perk provides a coop full of ducks. You can delay releasing this into the world for as long as you want. Animals from this perk are unusually obedient to you, and when someone actively takes care of them, they become supernaturally productive. This perk can be purchased multiple times."
188,Rabbit Coop,150 CP,Stardew Valley,"These are wooly rabbits! They shed precious wool every few days. Lives in the coop. This perk provides a coop full of rabbits. You can delay releasing this into the world for as long as you want. Animals from this perk are unusually obedient to you, and when someone actively takes care of them, they become supernaturally productive. This perk can be purchased multiple times."
189,Dinosaur Coop,150 CP,Stardew Valley,"This perk provides a coop full of dinosaur variant from Stardew Valley game. You can delay releasing this into the world for as long as you want. Animals from this perk are unusually obedient to you, and when someone actively takes care of them, they become supernaturally productive. This perk can be purchased multiple times."
190,Cow Barn,150 CP,Stardew Valley,"This perk provides a barn full of cows. You can delay releasing this into the world for as long as you want. Animals from this perk are unusually obedient to you, and when someone actively takes care of them, they become supernaturally productive. This perk can be purchased multiple times."
191,Goat Barn,150 CP,Stardew Valley,"This perk provides a barn full of goats. You can delay releasing this into the world for as long as you want. Animals from this perk are unusually obedient to you, and when someone actively takes care of them, they become supernaturally productive. This perk can be purchased multiple times."
192,Sheep Barn,150 CP,Stardew Valley,"This perk provides a barn full of sheep. You can delay releasing this into the world for as long as you want. Animals from this perk are unusually obedient to you, and when someone actively takes care of them, they become supernaturally productive. This perk can be purchased multiple times."
193,"Pig Barn
",150 CP,Stardew Valley,"This perk provides a barn full of pigs. You can delay releasing this into the world for as long as you want. Animals from this perk are unusually obedient to you, and when someone actively takes care of them, they become supernaturally productive. This perk can be purchased multiple times."
194,Ostrich Barn,150 CP,Stardew Valley,"This perk provides a barn full of ostriches. You can delay releasing this into the world for as long as you want. Animals from this perk are unusually obedient to you, and when someone actively takes care of them, they become supernaturally productive. This perk can be purchased multiple times."
195,Horse Stable,150 CP,Stardew Valley,"This perk provides a stable full of horses. You can delay releasing this into the world for as long as you want. Animals from this perk are unusually obedient to you, and when someone actively takes care of them, they become supernaturally productive. This perk can be purchased multiple times."
196,,,,
197,,,,
198,,,,
199,,,,
200,,,,
201,,,,
202,,,,
203,,,,
204,,,,
205,,,,
206,,,,
207,,,,
208,,,,
209,,,,