0,,Cost,Name,Jumpchain,Description,PERKS,COVER,107
,,,,,,,,
,,50,Mute Reverse Detector,Fate/Saber Wars,"The dream of all shitposters everywhere. The Mute Reverse Detector displays the location of everyone that hates you, along with the strength of that hate. It works even from across the galaxy, though it only shows general planet regions for any hate directed at you from off your current world. You’ll always know when someone who really has it in for you is near and no one bothered by you can hide that bother from you.",,,
,,50,Marked Woman,Fate/Saber Wars,"Those bounty posters kinda clash with the decor of this space station, right? But how else do you know when someone has a price on their head? Are you going to not put up a classic western poster? Wherever you are, there’ll be a whole wall of posters not far away that detail not just any wanted criminals in the local area with a price on their heads but also your own wanted poster, so you can keep track of the crime sheet you’ve racked up.",,,
,,50,Round Table,Fate/Legends: Gardens of Avalon,"A simple but sturdy wooden table. It’s very large, enough to seat fourteen people in large, comfortable chairs around the circular table and have plenty of room to spare. A similar, though not exact, copy of the one Arturia will come to sit at with her own knights. The table is decorated with carvings depicting the adventures of yourself in the centre and, in front of each assigned seat, the adventures of one of your companions that is currently sitting at or claiming the seat as their own. Those who sit at the table find that it is a simple matter to speak as equals with others there, biases and differences in power or status or age or gender or anything else ceasing to affect.",,,
,,50,Sheath,Fate/Legends: The Land of The Rising Sun,"Physical vessels like these are most commonly created for the use of Divine Spirits, allowing them to more easily travel through the human realm. But this particular body appears usable by just about anyone, spirit or no. It’s quite difficult to detect the true nature of the one hiding within it, in case you want to pretend to be just a normal human. By default, the body here is that of a young red haired man with golden eyes. While inside the vessel, you find a minor but notable improvement to any magic relating to ‘swords’ that you make use of. You can change the appearance of the vessel if desired, though not the magic involved.",,,
,,50,Grey Knight,Fate/Legends: God Save the Queen,"Dost thou call ancestry back to great King Arthur? Or are you just another admirer obsessively chasing that lost legend, enough to conduct strange rituals to get closer to them? The explanations are many but the end result is the body you now possess, as either a doll or as in literal possession of the body. In the visage of Arturia, this vessel was created, some believe to attempt to call her spirit or powers into it for service in modern times. While that hasn’t worked out here, the vessel acts as an exceptional container for willing spirits, able to hold a host of any power without penalty to body or spirit within. It does have a tendency to impart certain traits of the King of Knights however, which may range from a growing fondness for honourable behaviour, a restrained expression of emotions or even a bewildering and endless love for burgers. While only a cosmetic effect, the items held by a host in this body can be restyled to fit into the aesthetics of the ancient Knight King if desired. No import.",,,
,,100,Fake I.D.,Generic Nasuverse,"A card that takes the form of any identification you need to show to another person. It won’t exist in any computer systems or archives of information, but it will otherwise be perfectly and utterly identical to the real thing.",,,
,,100,Mundane Toolkit,Generic Nasuverse,"It's a toolbox containing all sorts of useful tools. Like hammers, screwdrivers, welders, and more!

The tools self-repair and reappear back in the toolkit if you lose them or if they're stolen.

No, they don't come back if you sell them.

You may add mundane tools to the toolkit.",,,
,,100,The Titular DMMO-RPG,Grand Foreigner ,"Just like it says. This item allows you to receive the DMMO-RPG game YGGDRASIL. No, this version won’t let you get the Player Character powers and/or items. Instead it simply is meant to hold the endless virtual world crafted by a team of brilliant and sadistic developers. There however, is another special option if you aren’t satisfied. By paying an additional 500 CP (600 CP total) you can bring YGGDRASIL with you and spread it into new worlds.

In any setting that is at least close to Modern Earth (2010-2020) technology you can spread the technology to access YGGDRASIL out. You may decide how long the game runs and since you own YGGDRASIL you may change the cosmological and mythological themes (Greece, Japan, China) of the Game. You can even add content. Anyone who is in the Game when it ‘shuts’ down is isekai’d into a World/Setting of your choice. DxD? Sure KonoSuba? Okay. Re:Zero? Yes... Warhammer 40K/Fantasy? Holy, do you have a grudge or something, but yes to that one too.",,,
,,100,Magic Toolkit,Generic Nasuverse,"This grants all the common magical tools a magus would need in order to create any mystic codes they have the knowledge to craft.

This will also grant specific tools according to what Magecrafts you buy for this Jump.",,,
,,100,Projection Device,Fate/Kaleid Liner Prisma Illya ,"You have gained a peculiar device, a small hand held thing. When activated it will create an illusionary world for the people within its radius that can be used to create visual diagrams or locations of your choice. Useful for visually explaining how a world might end.",,,
,,100,Stalker,Kara no Kyokai,"You’ll always have a record of the wonderful times you spend with your special friends with this tough little recorder camera. Even if some of the videos would be things the police would very much want to see. The camera never seems to run out of space, taking clear and well-shot photos and videos regardless of your own skill level or little things like light levels or being soaked in blood. Holding it makes you pretty stealthy too, at least helping people’s eyes pass over you and not having a flash or shutter sound.",,,
,,100,Safety Bag,Fate/Kaleid Liner Prisma Illya ,Most of the people in this series rely on objects to empower them: the class cards or the kaleidosticks for example. The problem with this is that such items can be taken or lost. Fortunately you have a bag or storage device with peculiar properties that will help with this problem. The bag is larger on the inside with storage space equivalent to a ten meter cubed room and is of a size that is easy to carry. The other interesting property it has is that you and only you can take or put things in it.,,,
,,100,Magic Tracking Gear,Fate/Zero,"A specialised set of tools for finding trace amounts of magical energy in the environment and then tracking them, much higher quality than the one’s Waver made makeshift used of. By using these tools and a few minutes time to test the air, dirt or water around you, you’ll be able to find even tiny traces of magical energy as well as the direction in which it originated. You could certainly use this to track down mages over repeated uses to narrow down their locations.",,,
,,100,Suppression Stone,The Holy Man of The Church Creek,"The Suppression Stone is a small and unassuming black gem. As long as this stone is securely kept on your person, it acts as a potent suppressor of your power fluctuations, rendering you undetectable to others regardless of the vastness of your strength. No matter how mighty your abilities may be, this stone ensures that your true potential remains hidden from prying eyes. Its influence extends beyond the physical realm, shielding your presence from the perceptive abilities of even the most astute adversaries. If you wish you may shatter the stone at will. This will allow your strength to erupt, shocking those around you.",,,
,,100,Right Hand of Glory,Generic Nasuverse,"Holy Relic mystic codes made from the right arm of a sinner who was hanged. Although they’re difficult to make, they’ve become rather common. They have the simple ability to make people fall asleep.",,,
,,100,Colonel Olcott,Fate/Legends: Baba Yaga,"A researcher needs a proper assistant, don’t they? Worry not because you will never want for another right-hand man or maid with these miniature automata. Starting out at half a dozen in number but easy to replicate for you, they can fulfill whatever task you need of them, be it cleaning after you or sorting your things. They are however not suitable for combat.",,,
,,100,Soul Lamps,Grand Foreigner,Often it is difficult to learn the fate of a lost ally. To deal with this issue items known as Soul Lamps were created. They resemble small lamps with fires of various colors. They can be bound to an individual and show whether or not they are alive. Should their user be slain then the fire within the lamps will go out. By purchasing this you receive one lamp for yourself and a dozen lamps that can be given to allies. Alongside this you will receive the instructions needed on how to produce more of them and bind them properly to new users,,,
,,100,Death Bag,Fate/Legends: Oasis of Fantasy ,"To anyone else, this small leather bag would be a item of great wonder for all it contained within. To you, it’s just the tools of the trade. This sack, about the size of a pumpkin, is easy to carry, weighs very little and carries a massive variety of tools for your dark work. A seemingly limitless supply of small black blades known as dirks, a wide variety of poisons for different uses, drugs to improve your condition or introduce a variety of useful mental and physical states in others, tools to assist in traversing all manner of terrain, devices to obscure your form and tracks you lead, minor charms against spirits and the elements and even tools to extract information and pain from any targets you might need alive. Anything in here will quickly replenish after being used, though putting more things in this bag that contains so much already won’t have them restore themselves too.",,,
,,100,Book of the False Attendent,Fate/Stay Night,"A red, hard cover book has found its way into your possession. This book contains two things of use to you. The first and most notable is a single extra Command Seal is held within the book, connected to you or any you wish to have. This Command Seal regenerates once per month but cannot be used to maintain the Servant bond if it's all you have left. The second use is the ability to store several basic spells as well as a limited but constant amount of energy to supply them with. These spells include basic Reinforcement, a basic blast of dark energy and a basic healing spell.",,,
,,100,Mystic Focus,Fate/Zero,"One of the first tools you ever received in your training in the arts of magecraft, this implement has served you well time and again. Whether it takes the form of a wand, staff, rod or some other classic tool, it helps to focus your magic in general and improve your control even further in your own specific specialisation, as chosen earlier. This foci will never be out of reach for you, at most requiring you to reach behind your back or into a hat to pull it out, good as new. It’s very sturdy though, so don’t be afraid to use it to give something a good smack in an emergency. This can be imported into.",,,
,,100,Gigai,Vasto of White,"A Gigai is a temporary body used by Shinigami to interact with the living world. The Gigai is a specially made artificial body that allows a Shinigami to retain their powers while also appearing as a normal human. It is an ideal tool for reconnaissance, infiltration, and espionage. This particular Gigai is designed with advanced stealth technology, making it nearly undetectable by spiritual senses. It also features an adaptive camouflage system, allowing it to blend seamlessly into its surroundings. Despite its advanced features, this Gigai is still susceptible to damage from physical attacks, and prolonged use may cause the user to experience fatigue. However, it remains a valuable asset for any Shinigami who needs to operate in the living world without attracting attention.",,,
,,100,Luminary Reader,The Holy Man of The Church Creek,"The Luminary Reader is an angelic device designed to measure an individual's aptitude to light and the amount of light energy present within their body. It is often used as the initial test to determine the suitability of candidates for wielding Holy Swords, as the possession of a sufficient amount of light energy is a prerequisite for such individuals. Operating on a color-coded scale, the Luminary Reader assigns a specific hue to represent the measured aptitude of light energy.

The scale starts with yellow, denoting the lowest level of aptitude, and progresses upwards through various shades until it reaches white, symbolizing the highest level of aptitude. The device is activated by approaching the Luminary Reader, and placing their hand on it. Through a complex array of magical algorithms and sensors, the Luminary Reader assesses the quality and quantity of light energy contained within the candidate's body, providing an accurate reading on the color scale.",,,
,,100,Deceptive Mystic Code,Fate - The Island of Sin,"The human “Capless” isn’t known as such today, but instead referred to as Spriggan, the head of the Earth Clan. In truth, Capless killed the original Spriggan and, using cosmetic surgery, perfumes, and a Mystic Code quite similar to this one, pretended to be Spriggan so perfectly that for more than a century, no one ever caught on that he was actually human.

Your Mystic Code is more versatile than Spriggan’s, and incorporates all of his methods of deception into one. Firstly, it allows you to perform minor cosmetic surgery to alter people’s appearances; it also “remembers” original appearances so you can undo any changes you make. Secondly, it disguises your scent, letting you change your smell to anything else you can imagine, or leave it to have a scent “natural” to your current appearance. Thirdly, it hides your magical energy signature and lets you present a “false” magical energy, letting you hide even from esoteric means of discovering your true nature.",,,
,,100,Soul Boundary Talisman,Vasto of White,"The Soul Boundary Talisman is a small, circular talisman that can be activated to create a boundary within a certain area. Once activated, the talisman's power is fueled by the Soul King's power, causing the set of laws within the boundary to take effect. The boundary's jurisdiction is determined by the user, and anything within the boundary is subjected to the laws of 'All is Equal'.

The boundary has the ability to ground all momentum and suppress all spiritual energies, including those unique to Hollows, Arrancars, Shinigami, and Quincy. This results in them losing their former advantage in strength and leaving them with only their physical capabilities. This effect makes it easier to contend with superior foes in battle.

The Soul Boundary Talisman can be used in both offensive and defensive strategies. When used offensively, it can be activated within an enemy's territory to suppress their spiritual energies and leave them vulnerable to attack. When used defensively, it can be activated around a protected area to ground the momentum of any incoming attacks and suppress the spiritual energies of any intruders.",,,
,,100,W F D,Fate/Legends: Strange New World,"Strange tools made by a strange madman. Reports say he had the head of a lion and ran off after these fell out of his pocket, screaming about the Presidents having secret missions for him. Best not think about it.

But what do you have here? Three marvels of science which seem to have gone a bit beyond any of their kind. A camera that by looking through the lense, reveals things that are concealed by supernatural means, even allowing a normal person to see spirits. A pocket phonograph that when played, sounds out any noise that is concealed from the area around you, making those of unnatural stealth the loudest around. Finally, a light bulb that when flicked on, reveals all things within it’s range. Not only temporarily revealing concealed beings but also the true forms of any within range, the presence of the supernatural and even when someone is being controlled by another. Each tool is very sturdy, rarely breaking, yet seem quite difficult to figure out their mechanisms. It may take some time to do so.

You may import similar tools into the similar objects here. A camera into a camera, an audio-playing device into the phonograph and a light producing tool into the lightbulb.",,,
,,100,Homunculus Body,Grand Foreigner,"Due to Ainz’s frightening appearance Da Vinci created a perfect body for him. He was able to wear this over his skeletal frame. This body was forged to handle various amounts of his magic. This is a variation of this body that has been crafted for your use. It is primarily for inhuman or monstrous beings to blend in with humans. In addition, as it was crafted by Da Vinci; this body possesses a supernatural degree of beauty that can easily entrance those you encounter. Lastly, you will receive a set of bodies for any alt-form you possess allowing you to blend into different species. Should the body be destroyed, you will get a new one automatically in one day. Or you may craft a body with your own abilities. You will receive a mental blueprint/recipe on how to craft Homunculi Bodies.",,,
,,100,Magician's Tome ,Fate/Legends: Oasis of Fantasy ,"Magicians are ill-prepared without their tools. Not that you’d ever be found without your trusty tome. This book is a powerful grimoire, a magical tool that not only stores a enormous variety and depth of magical knowledge, but also a tool with which your magical power can be significantly increased when you use it. Your grimoire is quite old and stores spells that master magicians have created and encoded, across three or four fields of magical knowledge that you have an interest in. It does not contain any world-changing magic but would be quite useful to any young mage wishing to have a guide towards becoming a master. It’s notable for how efficient it is as a magic tool as well, increasing your power by almost half again when you hold it as you cast spells, and the book has several minor demons bound to it that will attack any but you that try to force the book to open to them. You may import a book or casting implement into this role.",,,
,,100,Childhood Diary,Fate/Legends: Strange New World,"A ratty little diary with a simply pen tied to it. The pages look like they’re about 50 years old but they seem sturdy enough to write on. The book might look like a reject among rejects but it’s got a special trait. It can bring to life the imaginary people written about in the book, like it once brought about the existence of young children’s imaginary friends. It’s not a very useful power, as it only works for ordinary people and simple animals and they don’t know anything the user wouldn’t, but much comfort can be had from making the perfect friend for yourself. Normally, they’d only last as long as the book does, but some say that with a strong enough emotional connection, these beings could become real alongside you. 

You may import an existing book into this item.",,,
,,100,The Golden Fleece,Fate/Legends: Empires of Antiquity,"The famed golden sheep fleece of Colchis, a gorgeous sight to see for many but, supposedly, also guarded by a mighty dragon. The rumours are true, as when the fleece is thrown on the ground, a dragon will appear to serve the thrower of the fleece. Not quite as expected however. The dragon is more a very young dragon girl, with pointed ears, blue hair and quite the surly temper. She does look up to you as an elder sibling for releasing her, even if it can be hard to tell sometimes, but she has little real power of her own. A normal mortal soldier won’t pose much of an issue and she could likely kill a few hundred men easily enough but against any real beast or hero in the land, she’s as much a baby as she looks. Maybe if you gave her a few hundred years, she’d be as good as she boasts she is. She can be recalled into the fleece at any time and the fleece itself makes for a lovely warm coat, entirely rainproof.",,,
,,100,Riftwalker's Key,Vasto of White,"The Riftwalker's Key is a compact device that enables its user to traverse through pre-existing dimensional tears. Unlike the Garganta that violently tears a hole between dimensions, the Riftwalker's Key utilizes aspects of the Shinigami's Senkaimon to access these pre-made dimensional passages. The Riftwalker's Key can be used to travel through pre-existing dimensional tears without requiring a guide, providing its user with unprecedented freedom and speed in dimensional travel. However, the user must still exercise caution and ensure that they do not attract unwanted attention from the guardians of these tears.",,,
,,100,Logos Reenactor 2.0,Fate/Grand Order: Cosmos In The Lostbelt,"From the dusty corner of some storage room in the Wandering Sea, you’ve come to obtain this strange large box, about half a meter long and a third wide, with a blue color theme and futuristic aesthetic. It looks completely useless, but thankfully this one comes with a manual for some reason. Turns out this is the Logos Reenactor, an immensely powerful computing device that can simulate a region about half the size of Honshu, Japan (the mainland basically), to such a faithful degree that you could jump right into it with dimensional travel abilities and be unable to tell you’re not in normal reality. Normally, the sheer degree of simulation from this thing would generate real Singularities the moment the simulation began, but this version has that particular bug fixed. Of course, if you would like to retain that particular issue for some reason, you can for a surcharge of an extra 100cp.

Of course, you can also configure the simulations yourself. Perhaps you’d like to play out an alternate version of the Warring States period of Japan, where nearly every single relevant warlord is some variant of Oda Nobunaga? Regardless of what you simulate, unfortunately it won’t be able to expand or account for things outside the boundaries of the simulation, so without reverse engineering the thing and making a bigger one you won’t be able to play real time strategy games with insane detail on a global scale or something, but at least it comes with a power source installed so you won’t need to worry about the energy it consumes to operate. So what kind of simulations will you make with this?",,,
,,100,Blossoming Vessel,Fate/Legends: Nirvana Yuga,"A very particular vessel, a young human with a lovely purple shade colouring their eyes and hair. Apparently the perfect vessel for you as a divine being or spirit, allowing you to exert your full power despite the human form you take on, while still acting as if your Divinity was reduced greatly because of your vessel form. Tools that would be fatal to fully divine beings act as if you were only a weaker Demigod while in this state. The body you take over is quite permissive, never denying your intrusions, and considering you a friend despite your action feelings towards them. The traditional form would be of a young female human, a calm and support sister-figure even for the deity that uses her body as a weapon. But you can alter this if you really want a different vessel for yourself. They do not count as a companion or follower, instead as an item for you.",,,
,,100,Divine Host,Fate/Legends: Oasis of Fantasy ,"The perfect body to which all Goddesses aspire to one day get hold of. A vessel that can contain any divine essence, no matter the magnitude of spirit. This body, appearing identical to one Tohsaka Rin from the far future of this time, is a near perfect vessel for any divinity or spirit. It allows those beings to possess the body without losing access to their full power, though they remain vulnerable to harm while inside. The Rin faced body will alter slightly depending on the one using it, taking on different colouration or minor physical traits to represent the inhabitant. Additionally, while within the body, the user will gain a special talent for gem-based magic and the ability to much more easily convert their existing abilities towards long term storage within crystals and gemstones.

There is also always a body present when you have need of a vessel for a spirit or divinity, even when already using one. In effect, an unlimited number of empty vessels are present to match your needs. A Rin for every occasion.",,,
,,100,Psuedo-Servant Vessels,Fate/Grand Order: SkyrimAnon,"The opposite of Demi-Servant summons are called Pseudo-Servants, where a Servant is summoned into a living human vessel, except it’s the Servant that ends up in control instead of the human. And with this purchase, you’ll be able to make plenty of Pseudo-Servants yourself. You have empty bodies that are clones from every single character you can find in any Type Moon work (yes, even the Servants), all stored somewhere hidden for convenience, that you can pull out and summon a Servant or any kind of summoned spirit into. Whenever you use one of these vessels, you’ll find another empty replacement within a day. The vessels themselves will of course somewhat influence the Servant that comes to inhabit them, but this will mostly result in things like an arrogant goddess calming down or gaining some additional abilities if their Saint Graph is compatible enough, although some will rarely cause more problems such as a vengeful goddess inheriting some of the insecurities and fears of the vessel. Still, this might not be too important depending on who you summon, and into whom. They’re magically powerless by themselves, and useless as anything but summon vessels, although they’re still living and warm flesh, somehow alive despite being mindless. Please don’t use these bodies for perverted things.",,,
,,100,Plan B,Fate/Grand Order: Cosmos In The Lostbelt,"Sometimes, having a backup plan can be a lifesaver. You’ve certainly taken this lesson to heart, as you’ve gotten your hands on a peculiar vessel. Looking like you, but prepubescent, this body is a backup should you ever die, transferring your consciousness to it, and avoiding actually dying. As you’re purchasing this here, nothing can interrupt this process, and functions as a 1-up. Depending on what you are, this child-like body may or may not age, but at least it won’t deteriorate or decay while you’re not using it. It is recommended you store this somewhere hidden, or you may find yourself dragged into an already captured body. Unfortunately, this younger vessel is a lot weaker than you, and you’ll be reduced to less than half of your full capability while in it, whether in magical skill, physical power, or even merely intelligence and deductive capacity. But maybe an opportunity to try again is all you need?",,,
,,100,Puzzle Box,Fate/Hollow Ataraxia,"A small puzzle box that you can play with. Doing so gives a person a calm, focused feeling, and will alert them if “time” has been altered around them.",,,
,,100,Convenient Getaway Button,Generic Fate Crossover,"“They always get away just in time the first time.”

A button that when pushed, ejects you out of any sticky situation you may face, launching you into your base, another time period, singularity, lostbelt or anywhere safe. Only works once per jump.",,,
,,150,Damaged Magic Crest,Generic Nasuverse,"It's a Magic Crest! But it's damaged. It only gives 25 units of magical energy. You have two options with this item.

First, you may choose to lose all high level spells, leaving only general spells. Things like Reinforcement, Alter, etc. You can store ten general spells.

Second, you choose to lose all general spells and most high level spells, leaving only two flawed high level spells.

An example of flawed high level spells would be Kiritsugu's Time Alter spells. They're high thaumaturgy; the highest level of magecraft. That is to say, they're classified as spells on the same level of complexity as a reality marble. But unlike a reality marble, they’re extremely inflexible and have serious drawbacks if overused. You would get two spells on that level.",,,
,,200,Detective's Blessings,Fate/Legends: God Save the Queen,"Unfair, is it, to make use of magic in solving mundane crimes? Just because you call it a game, that doesn’t mean you need to follow any rules. A great detective makes use of any tools at his disposal and if they happened to be useful mystic codes as well, all the better. You’ve got a small armory of useful tools available to you, each taking the form of a variety of items associated with detectives. A number of magnifying glasses for instance, which can both reveal hidden objects and channel burning lasers of light when focused on enemies. Fingerprint dusting kits that can allow psychometric visions of a few seconds around when the prints were left. A smoking pipe that forcibly focuses the mind or even walking cane with a few defensive spells prepared. Nothing particularly potent but even broken or used up, the tools soon return to your stores.",,,
,,200,Royal Doll,Fate/Legends: Baba Yaga,"What an adorable litle puppet! Tiny enough to be held in your arms comfortably, simply holding it brings with itself a feeling of peace and comfort. However there is a more tricky aspect of this doll, as if blessed by the whims of a certain elemental. It can move around by itself at night, atacking any suspicious intruders to your sleep.

If purchased with Viy Viy Viy, you may let the elemental take hold within the Doll.",,,
,,200,Self Geis Scroll,Fate/Zero,"This scroll is a fairly complicated magical artefact known as a Self Geis. Used in contracts between magi, they are able to ensure both sides will stay true to their words or pay a dire price. When an agreement or deal is put in writing on this scroll and both parties agree to it, the contract is sealed and the price for breaking that contract is the permanent loss of all supernatural abilities. Both parties must be aware of this clause and indeed will be, as it is enforced by their own powers rather than the magic of the scroll itself. This contract respawns a month after it is used.",,,
,,200,Puppet Arm,Kara no Kyokai,"A high class prosthetic made through magecraft. At first glance, it appears to be no different than your normal arm, a function of a disguise spell. The arm acts for all purposes as your own, though it’s more flexible than a normal human limb and can interact with the intangible as if it were fully solid. While only somewhat stronger than your normal limbs, the arm is very durable and even being sat on my an elephant wouldn’t harm it. Several secret compartments big enough to hide a small knife are in the arm and the arm is even able to extend greatly in the form of a telekinetic projection, grabbing onto things from up to ten meters away. You can have the limb already installed in place of one of your own or as an extra. When it gets broken, you’ll be sent another a few days later, sometimes even a little stronger than before.",,,
,,200,Onmyo Supplies,Fate/Legends: The Land of The Rising Sun,"A woven pack containing a large number of normally expensive supplies needed for proper Onmyouji craft. A seemingly unlimited amount of high quality paper, ink and scribing tools are within as a start, the basics needed for most spells in this field. Beyond these, are a large number of pre- made charms and shikigami that can be released from the pack on command. These can serve as emergency wards, alarms and shields when in a bind. Moderately powerful on their own, they can hold off a demon or band of men for a few minutes while you escape. The shikigami, numbering a few dozen in small paper forms, are able to act as capable spies and messengers over long ranges. When combined into one, they turn into a large animal such as a tiger or wyvern, a powerful combatant that can defend you against even a decently powerful hero for a few minutes before crumbling. The charms and shikigami replenish a week after being used.",,,
,,200,Volumen Hydragyrum Meido,Lord El-Melloi II Case Files,"An autonomous mystic code designed with a simplistic personality, created with the appearance and function of a maid, though it also has some pretty impressive combat and computational abilities. It can be condensed into a vial for easy transportation.",,,
,,200,A Record of Heroism,Fate/Grand Order: Cosmos In The Lostbelt,"Metallic and very futuristic looking, this briefcase you’ve come to obtain is in truth a very special container. It doesn’t contain anything physical, instead, it contains a record of a number of Saint Graphs from Servants. Specifically, the Servants you either summon or form contracts with, even those you merely meet. Don’t worry about the process, it’s automatic. In short, this allows you to keep summoning the same Servants that you have fought alongside (or against), without having to rely on them half-remembering a vague feeling directed towards you as it normally is with resummoning. The Servants summoned through this briefcase (you will need a potent source of energy for said summons of course, something on the level of a mundane lightning bolt would suffice) will retain not only their memories, but also any bonds they’ve formed with you. Effectively you’re simply bringing your friends back, instead of summoning them from the Throne of Heroes from scratch. Additionally, should you have purchased the Summoning Platform in the baseline jump, this Item is discounted for you without needing to use any of your floating discounts, although said floating discounts don’t stack. Now, you no longer need to worry about losing your Servant friends when you move on to the next jump.",,,
,,200,Records of a Matrix,Fate/Extra CCC,"Half the battle is knowledge. And how could you call yourself a Master without proper information gathering tools? You now own a touchpad, a laptop, or some other kind of electronic device that can be used to read information, that has a special program installed in it. This program lets you learn the matrixes of Servants, or even other beings such as powerful combat capable AI, and in future jumps anyone that has some measure of power beyond the average human. The way this works is that you can simply learn more about some specific target, such as a Servant’s legend, and the more you learn about them, the more filled out with details on their abilities and elaborations on their history and personality their entry in this tool becomes.

You don’t even need to learn such things directly, even just learning a Servant’s full legend from beginning to end would give you full information on their abilities, regardless of if the legend is unclear on details or twisted into something somewhat different but still recognizable. Learning from the subject themselves does yield somewhat more detailed results, but mostly in terms of learning about their personality and secrets, so maybe it wouldn’t be quite as usable in combat. In case you were thinking about it, no, information obtained from the tool itself won’t count for the purposes of the tool itself unveiling more information.",,,
,,200,Sealing Talisman,Fate/Grand Order: Cosmos In The Lostbelt,"Sometimes you don’t have the time to deal with particularly tricky threats. In those times, knowing how to seal said threats in a quick and easy manner can be quite handy. This particular talisman you’ve gotten a hold of can provide that. Being seemingly based on Chinese conceptions of sage arts, this is one of the developments made by Qin Shi Huang in his Lostbelt. What it does is seal away the spiritual or magical powers of those you slap this Talisman on, rendering them helpless. Of course, they can’t remove the talisman themselves, but it’s trivially easy to do so for others. That said, there are limits to this thing. Something on the level of the Monstrous Rank or above would be able to brute force the seal, so you might need to use more than one talisman, perhaps a few thousand if trying to seal something powerful enough to shatter mountains. On that note, you know how to make more, which takes quite a bit of magical prowess and some magical energy on hand.",,,
,,200,Magic Seal,The Holy Man of The Church Creek ,"Magic Seals are powerful relics unique to families and some individuals. This is a special Magic Seal unique to your power. This intricate symbol, passed down through generations, holds the power to authorize its branding on another individual, granting them access to its remarkable functions. As the bearer of this Magic Seal, you have the ability to bestow its powers upon another, allowing them to tap into its formidable capabilities. The functions of a Magic Seal includes summoning the bearers, access to the family magic, and a variety of other abilities.

Each Magic Seal typically serves as a unique representation of a noble lineage, incapable of being forged or replicated. By exchanging Magic Seals, individuals can gain access to the combined power of both families' magical crests, unleashing a potent fusion of their ancestral magics. Traditionally, the exchange of Magic Seals is exclusively reserved for married couples, serving as a sacred bond that unites them due to this effect. If you wish this may be recognized in future settings as a binding contract.",,,
,,200,Magical Tome,Fate/Legends: Baba Yaga,"With all the mysteries you intend to discover it is necessary to have somewhere to write it all down. This Book is the perfect place to store all your arcane knowledge. Any magic you are familiar with is added to it, its nature explained to the same degree you understand, as well as holding all the spells and techniques and even history you know. Adding to it comes easy to you, automatically adding as many pages as you need. But even if you do need a hand worry not for advice on how to continue your studies is found in its pages already, the occasional cryptic and strange quote from the Masters of their art. Finally, the Tome acts as a great focus for your own magical abilities, allowing you to teleport it all over the place and channel your magical abilities through its pages, like for example in the form of powerful arcane blasts.",,,
,,200,Dark Spell Book,Fate/Legends: Viva la France,"A dark tome, one given as gift to you by a friend that is in to some very worrying research. Wrapped in a leathery material best not asked about, this volume is a spellbook of notable power, should you be willing to pay the price to use it. Collected together either by Prelati himself should you be in his time, or a similar figure elsewhere, the tome both garners you a new friend in the form of it’s creator and lets you use the eldritch magics held within, even if you lack magical training. The spells can be paid for with both your own magical energy and that of any sacrifices you make to it, children appear to be especially potent if you are depraved enough to use them. The book contains a range of general spells, such as reinforcement or elemental magics, but most of what it holds focuses on the summoning and control of twisted creatures covered in tentacles, from those as big as a dog to things that tower over entire castles. In future worlds, the book will work as normal but the depraved ally who created it will adjust to fit the new world. It may even be an alternate version of Prelati if you like.",,,
,,200,Logistilla's Tome,Fate/Legends: Vive la France,"A leather bound tome, given to you by a powerful witch that you once aided. Or just stolen from someone else who helped her. The book gives a powerful passive ability to the holder, rendering them immune to most forms of magic below a certain level of power. A blast that could tear through a row of houses could break your magic resistance but magic of less power won’t touch you. Actually reading from the tome will allow you to summon a shield to block magic or send out a blast in all directions that tears apart magic, both effects working on any magic short of a Reality Marble or similar extremely high class magical effect. Even some creature from the Age of Gods should fear you when you remember to read your special book. The witch who wrote the book also filled it with some entertaining stories from her past and a range of notes on various magical beings.",,,
,,200,Birdle of Bellerophon,Fate/Legends: Empires of Antiquity,"A set of a golden whip and similarly made bridle, able to fit onto any beast that cannot actively resist it being put on. Bellerophon is a magical bridle that can tame any Divine Beast, or lesser creature, that it is placed on and allow the owner of the bridle set to summon the creature the bridle is placed on to them at will. Bellerophon greatly enhances the power of the creature it is bound to and allows the owner to easily ride the beast, even with little prior training, and urge it to battle despite it’s original personality. The bridle can be recalled or removed at will, though this will free the beast it once tamed.",,,
,,200,Kibisis,Fate/Legends: Empires of Antiquity,"A sack? That doesn’t look like much of a heroic treasure. Maybe that’s the trick though. Kibisis is the legendary sack of Perseus, the one he used to defeat the Gorgon and which now holds it’s severed head. Not only can the sack you hold be opened to reveal the petrifying gaze of the Medusa, though it is significantly weaker than when it was alive, it can also be used as a surprisingly capable defence. It can reflect effects and attacks back at the original sender, by enlargening and swallowing the target to be protected and inverting a powerful bounded field back at the attacker. It can even work on you. Somehow, you’ll never accidentally freeze something with the gorgon head in the bag, even if you hop in it yourself, and the bag can store large amounts of items if need be, without weighing more than a normal sack. Sufficiently powerful effects might be able to break the bounded field but short of the Divine Spirits, it’s unlikely to happen.",,,
,,200,Spirit Chains,Fate/Grand Master,"The possibility of servants rebelling or betraying their masters was never far from the minds of Chaldea’s founders, so a great deal of effort was put into researching and developing spells and devices capable of restraining them. This mystic code is one attempt at a solution to such concerns: inspired by Gilgamesh’s beloved Enkidu (though he’d be profoundly insulted by that comparison), these magical chains are easily conjured with basic projection magecraft but unlike most objects they can be magically-reinforced with no upper limits aside from the caster’s mana supply. The chains also bind their prisoners in spirit, preventing them from making use of any magical abilities or noble phantasms they have, though hostile servants will need to be taken by surprise or subdued before their abilities can be completely sealed off.",,,
,,200,Wandenreich Medallion,Vasto of White,"The Wandenreich Medallion is a powerful device used by Quincy to steal the Bankai of Soul Reapers. With its innate ability to accurately identify the intensity of spiritual energy, the Medallion can differentiate between high and low points, making it possible to steal Bankai from their owners.

Once the Medallion is activated through a complete incantation, a circle of energy bearing the insignia of a Quincy cross appears, quickly expanding into a giant cross of light that rains down from the seal. This instantly seals away the powers of the Bankai user, leading Soul Reapers to misunderstand that their Bankai can only be stolen.

In addition to its Bankai-stealing ability, the Wandenreich Medallion can also allow the user to use the stolen Bankai to its full potential, without any of the usual training requirements. This can catch Soul Reapers off-guard and lead to overwhelming defeat, as seen in the case of Byakuya Kuchiki. Use this item wisely, as its power can give you a significant advantage in battle.",,,
,,200,Sacred Gear Extractor ,The Holy Man of The Church Creek,"The Sacred Gear Extractor is a remarkable device crafted with the sole purpose of separating Sacred Gears from their wielders, without the need to return them to God's System. This intricate apparatus takes the form of a large, specially-designed platform that accommodates the individual whose Sacred Gear is to be extracted. Once placed within, the device initiates the extraction process, safely detaching the Sacred Gear from its host.

You may determine whether this process is non-lethal or potentially fatal for the individual. Such control over the extraction ensures flexibility and precision in handling Sacred Gears. Post-jump, this remarkable device expands its capabilities to encompass other soul-bound artifacts and similar items, allowing you to separate them from their bond with individuals or objects.",,,
,,200,Summoning Platform,Fate/Grand Order: SkyrimAnon,"The Last Master of Chaldea has needed to perform on-the-field summoning more than once to reinforce their battle capability, and this round platform you now have possession of replicates their use of a particular Noble Phantasm for said summoning. Being about as large as a table and round in shape, this platform serves as a potent anchor for summoning rituals, and also comes with Chaldea's peculiar summoning system attached for ease of use. You need merely set up the platform attached to a leyline or other potent source of magical energy and you get 10 free summonings per day. Should you want to keep rolling the gach- I mean, try your luck with Chaldea's unpredictable summoning protocols any further, you will need one Saint Quartz per additional summon using this platform. And even if you don't get the Servant you want, please don't take your anger out on the platform, it's sturdy but not indestructible.",,,
,,300,Church Organ,Fate/Hollow Ataraxia,"An old church organ is now in your possession. Conveniently, it can be shrunk to pocket size for easy transport. When you are playing the organ, it can harm any sort of evil or demonic presence slowly over time, generally irritating them and revealing their presence as they try to escape it before it causes serious harm.",,,
,,300,Book of Many Spells,Generic Nasuverse,"This is a rather odd book. Every day, a different spell will appear in it. The entire history of the spell, including how it was made and how it has been used, will be recorded, along with how to perform it. The book is usually rather thin, since there’s only ever a single spell recorded inside it.

These spells range from simple spells for creating lights to spells capable of ending the world. Though they’re usually somewhere in between.

You’re capable of learning all spells that appear in the pages of this book, regardless of whether or not they’re something you could normally learn. But if you don’t finish learning it by the time it’s replaced with a different spell, you’ll no longer be able to learn it (that is, if it was a spell you weren’t supposed to have been able to learn or cast).",,,
,,300,Magic Crest,Fate/Hollow Ataraxia,"Formed as a tattoo somewhere on the body (which can be hidden at will post-Jump), this is a series of Magic Circuits that were given a more stable form in order to act as an archive of thaumaturgical capability that's passed down through one's family, who add some circuits each time, in order to give the next generation an advantage. This crest has 100 of them.

Despite being passed down from your ancestors, these circuits share the same level of quality as your natural in-born ones. The advantage of having circuits in the form of a Magic Crest is that each circuit is permanently specialized to perform any spell without any somatic or verbal components, and at a much lower cost than normal, while still producing and storing Prana for general use. Choose a field of Magecraft that your family specialized in, your Magic Circuits in this crest are now specialized and acts as an archive to generations of high-quality magical research into this field. This item can be combined with any other Magic Crest you may have at no additional cost.",,,
,,300,Kilnec Sarkeny,Grand Foreigner,Elizabeth Bathory is an amusing Servant who embodies multiple separate concepts. Kilenc Sarkany is the Noble Phantasm that reflects her more innocent side. The young girl who merely loved singing and wished to put on a grand performance. Kilenc Sarkany takes the form of a distorted castle with incredibly large speakers. These speakers are capable of amplifying any sound by an immense degree. This level of noise was capable of killing other Servants such as Carmilla and the Phantom of the Opera,,,
,,300,Reincarnation Pieces,The Holy Man of The Church Creek ,"There are a number of ways that various species have come up with to get around their low fertility rates. One of the most fascinating and hated methods is the Evil Pieces created by the Devils. These are a set of chess pieces that the “King” can use to reincarnate others. This process transforms them into hybrids of devils and whatever species they belong to originally. Later on other factions such as Heaven would come up with their own variations of the Evil Pieces.

This is a unique set of pieces designed for you. Like the other versions these can transform beings into a hybrid of whichever species you belong to. The unique thing is that these pieces are effective on anyone including deities, and other beings who should be impossible to turn. This set contains fifteen pieces, the only restriction of the pieces is that you can’t reincarnate somehow vastly more powerful than you unless they do so willingly. Lastly, this set comes with detailed blueprints covering all available details behind the pieces and how to make more of them.",,,
,,300,The Servants Pieces ,The Holy Man of The Church Creek,"The Servant Pieces represent a unique set of modified Evil Pieces, specifically tailored for Shirou. In contrast to the standard Evil Pieces, these seven specially crafted pieces are based on the revered Servant Classes. While the Servant Pieces offer a smaller quantity compared to their Evil Pieces counterparts, they more than compensate with remarkable individual strength and potential. Among the set, you will find the Saber, Berserker, Archer, Rider, Assassin, Caster, and Lancer pieces. Each piece embodies the essence and prowess of its corresponding Servant Class. Each of your new Demi-Servants will gain access to the combined abilities of every member of their class. Lastly, these pieces can be used to convert anyone into your Servants regardless of race or power. They are even effective on deceased and conceptual beings like Servants",,,
,,300,The King Piece,The Holy Man of The Church Creek,"The King Piece stands as the pinnacle of the Evil Pieces, an artifact of unparalleled potential that was sealed away due to its overwhelming power. Even for a reincarnated Devil, receiving the King Piece would instantly propel them to the esteemed ranks of the Ultimate Class. With the King Piece at your disposal, you hold the key to ascend to new heights of demonic power. If you need an actual number then the boost is a comprehensive boost of approximately 100 times over. You have the choice to either directly absorb the King Piece, assimilating its extraordinary power within yourself, or to keep it separate, harnessing its immense potential as a trump card in your battles.",,,
,,300,The Diary of Lady Jumper,Fate/Legends: The Land of the Rising SUn,"If you never practice your writing, how will you ever get better? This leather-bound diary is a special book, provided you give it what it needs. By dutifully writing the events of your life in the diary each day, you empower it over time. If you happen to reach a point where you wish that something occurred differently, where you wanted to rewrite the past, maybe now you can make that a bit more literal.

It’s true that writing an event that has happened in this diary and then rewriting it can change the past, provided you can give the diary the energy it greedily consumes to make these changes. Small alterations are relatively simple, such as healing your recent wounds by rewriting the past so that you were not hurt in the first place. Large changes that affect others are likely to consume considerable amounts of energy. Harming others, altering relationships or changing the entire outcome of a battle could potentially leave even a great Youkai exhausted. Messing with the past too harshly may also attract unwanted attention. But if you write in your diary each day, you can at least ease your own path in life, getting rid of the little mistakes you wish you didn’t make the day before.",,,
,,400,Working Unlimited Guns,Fate/Grand Order,"A complete gun smithing set made out of a strange black metal. There are tools here for every process of creation, from shaping the metal to the fine details of the gun itself. What makes this set special is several qualities. Firstly, any gun it creates will count as a magical creation and the user is able to copy spells or magic that they can use into the gun to transfer those effects onto the weapon itself, though how they manifest may change depending on the gun type. The forge is also able to easily convert other weapons or objects into guns of similar size, retaining all their normal properties but in firearm form.",,,
,,400,Keys of Providence,Tsukihime,"The Holy Church is going to be wondering how you’re nicking all of their favorite toys, you know. An artifact that can turn monsters that were once human back into humans, as if the corruption of their body never happened. Curiously, unlike the originals, neither of you need to be Catholic in order to use these to their full potential. Wipe away the curse of the undead and the damned with your own two hands.",,,
,,400,Golden Wheel,Fate/Grand Order,"A shining golden steering wheel, like straight off of an old pirate ship. It seems to be able to easily fit in place of any steering wheel or piloting mechanism on any other vehicle. The wheel can then be used to pilot the vehicle it is properly attached to, granting you immense skill in driving it and the ability to somehow control the entire vehicle just by using the steering wheel and calling out commands. The wheel being attached will also give the vessel a grand blessing of luck, ensuring it easily survives any sort of weather conditions and is far more difficult to sink or damage with active attacks against it.",,,
,,400,Spare Key,Kara no Kyokai,"Home is where it needs to be, a place where the door is always open and the warmth from inside beckons you in. These bright places in the dark world are not uncommon for you to find, not when you hold this special spare key on your person. It seems to have no true original lock it belongs to but when you have need of a place to rest, somewhere to recover and calm down and feel safe and happy for a time, it’ll tug towards a safe location. Never too far from where you are but always away from any immediate dangers before you find it. It’ll be a small but comfortable home, usually a tiny apartment or little shack. There’s power, water, light and enough food to have a few nice meals to yourself and a friend. Once you’re inside, it’ll remain safe for a little while, giving you at least a day and night to recover before it loses that feeling of safety and you know that you need to move on, lest your hunters find you. The key can never be truly lost, though it may take a few hours to reappear.",,,
,,400,Legacy of the Magi,Witch on the Holy Night,"Engraved somewhere on your body is the greatest treasure of a magus family-one equal in value to that of the Aozaki family’s: A Magic Crest. A collection of magic circuits extracted by a magus over the years and amassed into a collection of biomass that contains both substantial magical energy, knowledge and spells that have been made stable and easy to activate by the Crest’s complex structure. Not only does all this power considerably augment your normal magecraft, but it also grants you a powerful form of regeneration as part of the Crest’s purpose is to keep it’s host alive so the knowledge can survive to future regenerations. Even if your spine was broken, as long as your body remains alive the crests will piece it back together and as long as your body is still physically there more extensive mutilation can be treated with the help of heavy surgery. Your very body is now, in a small way, a vessel preserving Mystery.",,,
,,400,Commanding Chair,Fate/Apocrypha,"This could technically be considered a throne, but it’s also a sofa, deck-chair and a variety of other sitting-enabling furniture, capable of shifting between extremes of being an ornate yet uncomfortable throne or a plain but immensely comfortable beanbag chair that might honestly be preferred so much that a proud queen wouldn’t mind looking undignified sinking into its pillowy embrace face-first. As a further note, no matter how the Commanding Chair feels, users will feel as wide awake of sleepily comfortable as they want, with no impact on bowel control, and no matter their condition they can leave it whenever they want. Whatever form it takes, if placed within a vehicle or some structure with systems that can be controlled that is owned by you or an ally, it can be used to directly control all the systems within it effortlessly. Maybe it’s a combination of enhancing multi-tasking, maybe it’s mental commands, maybe it’s got holographic runic systems that float in the air. Whatever it is, if you’re going to rule, now you can do so in perfect comfort.",,,
,,400,Sealed Demon,Kara no Kyokai,"A sealed case in your possesion, such as a suitcase or video projector. Within is a potent combat familiar, the sort of creature that can tear through a whole gangs of thugs in seconds or pose a threat to a fairly powerful Magus, especially if it has the advantage of surprise. The primary examples to use, in case you want to design a custom creature, is the sealed demons that Touko uses for combat due to her own degrading magic power. You might have a copy of her familiars, a freaky battle homunculus, a stitched together frankenstein beast or something less physical, like a bound fairy or a simulacrum made of living lightning. Whatever your familiar is, it’s oddly affectionate with you and acts like a loyal dog, puppy like towards your friends and vicious to enemies. If it gets hurt, just seal the case again and you’ll find it good as new in a few days time.",,,
,,400,Twilight Healing,The Holy Man of The Church Creek,"Twilight Healing is a Sacred Gear renowned for its exceptional healing abilities. This Sacred Gear is capable of restoring and mending grave wounds. By channeling Twilight Healing's energy, you can accelerate the natural healing processes of yourself and others, mending broken bones, closing wounds, and revitalizing damaged tissues with remarkable speed. The gear unfortunately does have some limits. It is unable to restore amputated limbs, reduce exhaustion, or cure sickness. Thankfully it can be used to heal any being regardless of species or alignment. So while this may not be a unique Sacred Gear it is still considered to be one of the most valuable.",,,
,,400,On Borrowed Wings,Witch on the Holy Night,"What look like golden leaves bent in the shape of wings sprouting just behind your back are something far more menacing: Magic Crests taken from mages who once challenged you and failed. The magical energy they provide you exceeds that of the typical family heir twice over, however due to being foreign from you they’re not as efficient when it comes to actually casting their spells than a Magic Crest fully bonded to your body. Furthermore, while they don’t strain you to use unlike a bonded Magic Crest, if defending from powerful attacks they can be forced into a state of temporary shutdown. Alternatively you may have a more efficient but also less personally beneficial solution: An automaton of some kind, full of artificially replicated magic crests with roughly the same amount of magical energy.

If you do take the default option though, don’t worry about the defeated mages. They spend all their time partying and generally enjoying themselves in a little café/carnival/astonishingly pleasant facility that seems to have a means of replenishing itself. All things considered they’re surprisingly upbeat about life despite having their life’s work literally ripped out of them. If you like, a garish door in your Warehouse can take you to the ex-mages who’re inclined to treat you as an old friend. They may no longer be able to use magecraft, but they can probably still be consulted on their methods if you can get them to focus for more than a minute at a time.",,,
,,400,Flag of Sincerity,Fate/Legends: The Land of The Rising Sun,"A flag decorated with a symbol of your organisation, faith or just something that shows the bond between you and your allies. When raised up, it allows you to summon phantasmal copies of those who consider themselves your allies to fight alongside you. Their combat ability is significantly reduced and they will often lack their most potent abilities or items but up to two hundred comrades can appear through the flag at a time, remaining for several hours before vanishing. Only those who would be willing to fight and die alongside you in your current goal will answer. A strange effect of the flag is that those summoned are influenced by your perceptions of them, altering the personalities and appearances of the illusory warriors to fit your perspective. Someone you find intimidating could grow taller and broader than they are in real life, while a warrior you see as brutal might now carry a serrated sword.",,,
,,400,Book of Horrors,Fate/Legends: Strange New World,"A leather bound book, depicting several screaming faces on each cover side. The book has no name and no author written into it but what is within could horrify even the bravest of souls. A ritual book of the old and outer gods, the sort of cruel artefact intended to bring about the time when the stars align and much more. Within the tome are the instructions and chants required for the summoning and binding of a great many eldritch monsters, from cruel spirits to bug-like alien beings to shapes- shifting monsters from the icy poles. Even the Great Ones and beings higher than them can potentially be summoned and controlled, to some variable degree, with the right ritual. But many of these things have costs, perhaps too great to bear. For those unwilling to do such things, the book also contains a very extensive library of spells, allowing for moderate ability in over a dozen broad fields of magic when studied extensively, though many of these spells will twist or warp reality to be cast. There are even more powerful magics within the book but they will require an experienced and skillful magus to unlock, as the book has protections to prevent you unwittingly harming your own mind too easily. As a final measure of defense for it’s master, the book is also able to act as a small- scale weapon, suddenly extruding many very large and very sharp tentacle-mouths and mouth- tentacles to attack foes within few dozen feet, crushing and grinding and chewing up most bodies, leaving the book purring in contentment. 

You may import an existing book into this item.",,,
,,400,Katou Sensei,Fate/Legends: The Land of The Rising Sun,"An advanced combat doll, of the same make and potentially even same appearance as Katou Danzou. A highly capable warrior and assassin, this doll is a loyal servant to your cause. But in truth, her real value is not in her physical form but the exhaustive database of martial, ninja and even some related magi techniques that have been uploaded to her mind. Centuries of data and teachings on these subjects, enough to bring even a complete amateur to the level of a master with enough time spent. The doll is an exceptional teacher, able to teach in both theoretical and practical terms to any of her students. Oddly enough, the doll prefers to wear glasses while teaching too. In future worlds, similar information can be found in the doll’s database on local martial and ninja techniques, excluding unique or particularly hard to find information.",,,
,,400,Chaldean Summoning Circle,Fate/Grand Master,"Chaldea has done more to advance the field of servant summoning than anyone in human history, and as the master of Chaldea you’re the rightful heir to all that progress. This summoning circle is a replica of the one in Chaldea’s summoning chamber save that it lacks a nuclear reactor: you’ll need to supply the mana for your summons on your own, which can be extremely taxing even for a powerful magus, but as long as you can provide enough mana to support them you can summon servants in future jumps and take them as companions using whatever companion options are available in those jumps. Further, this summoning circle allows the summoning of alternate versions of known servants; by reaching into parallel worlds you can summon a busty female Gilgamesh, adult versions of Nursery Rhyme or Jack the Ripper, and so on. Simply by altering the circle’s parameters you can filter the circle’s summoning results, such as making it summon exclusively female servants or only MILFs or lolis and so on.",,,
,,400,Backup Body,Fate/Grand Master,"The great Da Vinci has a vast number of tricks up her sleeves, not least of which is the spare body which she built for herself. You too have one of these spare bodies and are able to reincarnate once per jump upon your death into this spare frame. Unlike Da Vinci’s model, doing so won’t strip you of any powers or limit your abilities at all, and at any time before your death you can command this extra body as though it were an extension of yourself, even using your powers and expressing your own mind through it. Imagine the look on your master’s face if you ever decide to treat him to a threesome! The specific form that your spare body takes is up to you, it doesn’t necessarily need to be a loli or shota form.",,,
,,400,Ark of the Covenant,Fate/Legends: Oasis of Fantasy ,"A beautifully decorated wooden box, atop which sit a pair of winged figures. This is the Ark in which Moses laid the stones on which he carved the Ten Commandments he received from God. Somehow, regardless of your affiliations, you have come to be considered the rightful caretaker of this Ark. The box is heavy and unwieldy, far from something useful in combat. But touching the box without your permission or being considered worthy of the being that first exalted the Ark remains a way to end almost any fight. Any who trespass and touch the box will instantly be drained of all supernatural forms of energy within them, destroying spirits in a moment and leaving most others drained and powerless for their blasphemy. The energy is stored within the Ark, building up without limit, and should the Ark be opened, the stored energy will be unleashed on all those surrounding that are unworthy, even you should you not measure up to the standards of the divine being that created this effect.",,,
,,400,World Class Item,Grand Foreigner,"The World Class Items are relics of immense power from Yggdrasil. These relics can alter the entire world and affect any being regardless of their strength unless they are protected by another World Class Item. There are approximately two hundred different World Class Items from Yggdrasil and a number of new treasures from Fate as well. Each time you purchase this you may gain one World Class Item of your choice. You can purchase this option as many times as you can afford it. Lastly, there is a link in the notes section listing the known various World Class Items. Some notable World Class Items include Longinus, the Throne of Kings, and the Nameless Book of Spells.",,,
,,400,Dimensional Cross,The Holy Man of The Church Creek,"The Dimensional Cross is a sacred artifact utilized in the final trial of combat within the Holy Church. This cross serves as a crucial tool in determining the eligibility of individuals to wield a Holy Sword, ensuring that only those with both aptitude and ability are entrusted with such a powerful weapon. The Dimensional Cross creates a separate dimension to host participants. This dimension allows combatants to showcase their abilities without being hindered by environmental or personal damages, thanks to the cross's advanced safety features.

Within this dimension, the flow of time is greatly accelerated. Every day that passes on the outside is equivalent to three months experienced within the Dimensional Cross. Mortals who enter this space are safeguarded from the effects of aging, preserving their physical state indefinitely. This safety ensures that trainees can engage in rigorous combat training without the concerns of time passing them by.

The Dimensional Cross also houses a multitude of mechanical angels known as Sentinels. These Sentinels serve as formidable opponents, ranging in strength to thoroughly test the combat power of the trainees. These mechanical entities provide a challenging and realistic experience, pushing the boundaries of their abilities and enabling growth through intense combat encounters. There are thousands of these Sentinels and even seven twelve winged sentinels equal to Archangels in might. Should you need them you can also summon them to fight outside of the Dimension.",,,
,,400,Time Travel But Not Really,Fate/Grand Order: SkyrimAnon,"The Singularities are distortions in the timeline of the world. Appropriately, you must travel to their time in order to enter them. Chaldea’s solution for such a thing was a specific piece of technology, that of Rayshifting. Developed by Marisbury Animusphere, the process is fundamentally that of transforming a human into spiritrons, and sending them into the past, allowing them to alter it. Unfortunately, not everyone is compatible with the process, a compatibility that is needed to survive the Rayshifting, and the standard defenses of this World immediately undo any changes made to the timeline, should they not be protected by a powerful artifact like a Holy Grail.

Additionally, an unfortunate quirk of time travel is that those who are Rayshifted are not recognized by reality as belonging, marking them as an “unknown”, and resulting in an ambiguous existence. This is accounted for with the Rayshifting technology, coming attached to equipment that can monitor the existential values of those Rayshifted, correct any drift, and continuously confirm the existence of whoever is Rayshifted. If this was not done, the Rayshifted individual might find themselves changing ever so slightly, like a character whose characterization isn’t being kept consistent by the author, to use a literary metaphor.

With this purchase, you obtain enough equipment to Rayshift a team of up to 12 people. If you wish for more, an additional 200cp (100cp if you discounted this item) will give you another 12 Rayshifting coffins, a surcharge you can pay multiple times if you want to be able to Rayshift even more people. The magical energy generator it comes attached to is only enough to maintain those Rayshifts, so if you want to do something like send a Master with multiple Servants, you’ll need another source of additional magical energy to sustain those Servants. Still, this is as close to time travel as a cosmos that automatically corrects the timeline can get, and perhaps in future worlds, worlds where the timeline doesn’t fix itself without some powerful artifact blocking it, Rayshifting could function as true time travel?",,,
,,400,What Is A God?,Fate/Grand Order: Cosmos In The Lostbelt,"Living creatures of earth all possess some form of heart, something that provides an essential function that supports the entire body. Gods are no exception, and for them this serves as the Divine Core. And with this purchase, you get one of your very own. It takes the form of a palm-sized gem of whatever color most fits your nature, and is capable of shifting into a large ball a bit larger than two meters indiameter, and in this larger form it can defend itself by shooting beams of raw energy. Its main benefit is that it is a source of energy on par with a Holy Grail, even  if it lacks the Grail’s wish-granting properties. Instead, its properties become clear when implanted somewhere in your body.

Namely, it blocks all forms of mental interference, letting you retain your mind even if, say, you were absorbed by a god-eater in a quest for power, no matter how thorough his ‘digestion’ would otherwise be. Additionally it also prevents your body from aging or growing fatter from eating too much, functionally giving you an unchanging figure. And of course, if implanted in your body, it lets you regenerate it quite well, making you entirely unkillable if your Divine Core isn’t destroyed. It also fills you with divinity in a non-lethal manner if implanted, given that it makes you into a god.

Outside of the benefits of shoving an immensely powerful divine organ into yourself, you can also implant it into others to give them the same benefits, with an extra caveat; those people other than you who have this Divine Core implanted in them count as you for any mystical purposes, such as perhaps using your Authorities should you have any. Additionally, you can also activate this Divine Core alongside any abilities that make avatars or such in order to give them a connection to it, letting them form a copy of your Divine Core to be empowered by, although this copy won’t be able to exist outside the body of the avatar or whatever it is. And of course, if you have purchased the True Divinity perk then you get one purchase of this item for free. Finally, you can purchase more Divine Cores at 200cp a piece, 100cp if you’ve discounted the item. Unfortunately this extra surcharge still needs to be paid in full even if you’ve gotten the True Divinity perk.",,,
,,400,Rings of Burned History,Fate/Grand Order: SkyrimAnon,"What is this? For some reason, you’ve come to claim ownership of a massive magecraft construct, a ring of light as wide as the United States, hovering over the Planet, roughly above you. It lacks any energy it looks like, so only you or those with the right detection spells or technology can tell it’s there, but it has a few uses outside of simply hovering. First, it acts as a perfectly efficient storage of magical energy, not losing even a drop of energy no matter how long you leave it alone, as long as it’s not damaged of course. Secondly, you can command it to ‘burn’ things that you can see, transforming your target into pure magical energy that is immediately stored within the rings. Notably, things that have actual significance and history beyond its raw materials provide more magical energy, as its mystical complexity is burned alongside the target.

That said, do keep in mind that not everything is easy or even possible to incinerate without additional preparation, so something like gods or Servants would require a more personal touch, and even then burning those that are too powerful would be immensely difficult without extensive planning. The process isn’t instant either, just very swift, so those with the right abilities might still be able to defend themselves. You could also simply transfer energy from your personal reserves into it. The ring has an infinite capacity for magical energy, so you can just keep storing more and more magical energy into it without worry. And of course, you can utilize the energy stored in the rings however you like. Perhaps, if you somehow manage to burn an entire three millennia of human history, you’d have enough energy to blast straight through the core of the planet, or travel back in time to the beginning of the World?",,,
,,600,Kotatsu,Fate/Hollow Ataraxia,"A kotatsu for 600 CP? A Taiga has to eat. This kotatsu is very special, not only addictive and comforting, making you feel as if you’re home, but it also has restorative benefits. Anyone who is below the kotatsu will heal very rapidly, able to shake off most diseases within days and with little pain or even regrow a limb within a couple months. Additionally, if you celebrate New Years (wherever you are, whatever form such an idea might come in) and have a hearty feast, then when you take refuge under the kotatsu, you will be able to enter the mysterious world of the Taiga Dojo for 24 hours. Oh, why is this an item for Servants? Anyone who is or has been a Servant specifically in a Fate (or nasuverse) jump, when using the kotatsu, can instantly recover all of their mana/magic as well as heal any non-cursed wound.",,,
,,600,The Legacy of a Magician,Witch on the Holy Night,"At first, one might question what all the knickknacks and curios in this dusty attack are good for. These mystic codes make no sense! These grimoires and notes refer to principles alien to magecraft! But take a closer look: These are the personal effects of a Magician, the left- behind comprehensive research about how to use one of the True Magics as well as the reagents and artifacts needed to channel it as a professional magus would magecraft. It will take time and diligent study for even many of the greater mages, but with enough determination it might just be possible to unlock the power detailed here; a mediocre magus might take six or so generations to make that breakthrough. And if you know True Magic already? This trove is pretty much like having a mentor walking alongside you.",,,
,,600,Your Brain,Kara no kyokai: Ammy Edition,"...w h a t ? It’s your own goddamn brain, more of a copy of it thankfully, as you know, most people need a brain. I mean, seriously, it’s your brain in a jar. Upon death your consciousness is transferred into this brain, so...have fun living as a brain in a jar, unless you recover a body somehow. Could have some use...",,,
,,600,Four Fiend Sacred Gears: Poh,The Holy Man of The Church Creek,"Poh is a Taotie and considered the strongest of the Four Fiends. It has the power to devour anything. Its stomach contains an infinite capacity for storing anything including living beings, objects, magic, and attacks even from other Sacred Gears. It normally takes the form of a small horned beast with a mask. It however, can transform into its true form of a Taotie when needed.",,,
,,600,Four Fiend Sacred Gears: Griffin,The Holy Man of The Church Creek,"Griffin officially known as Qióngqí grants its user the power to control wind. The Sacred Gear takes the form of a large hawk, though it can transform into a much larger Griffin form. In this state its wind powers are significantly enhanced allowing it to fire wind blades and hurricane level gusts.",,,
,,600,Divine Reconstruction,Witch on the Holy Night,"The crowning masterwork of Touko Aozaki’s Rune collection are three replicas of Primeval Runes: Divine Magic Crests created by Odin himself. Indestructible by modern magecraft, their function is as simple as it is terrifying: To amplify the curses of other runes by tens of millions of times. Somehow, you’ve found or wrought an artifact of similar calibre: A magecraft-reconstructed replica embodying a concept from the Age of the Gods, resembling a lesser version of a storied treasure from myth. Whether you’ve somehow found a means to partially replicate a legendary Reality Marble or swing a fleeting phantasm of a certain golden sword, do remember one thing about your terrifying power: It is ultimately still magecraft-a partial copy of something greater, and will ultimately lose a shootout to greater Mysteries such as True Magic.",,,
,,600,Fragment of Paradise,Fate/Stay Night,"A single large shard of Avalon, the Noble Phantasm of King Arthur, his legendary sheath that held Excalibur. Implanted within your body is this shard, undetectable to any outside observer as it takes a purely spiritual form whilst inside your body, though you can remove the shard at any time. Whilst not near the full power of Avalon itself, thus it cannot be used in the same defensive manner, the shard does confer a vastly extended lifespan to its owner, several centuries of life in your prime at least, as well as a significant healing factor. Injuries that would take a normal human months to heal, if ever, would disappear within a week and even wounds that could not naturally heal such as severed limbs would heal eventually, given enough time.",,,
,,600,The Big One,Fate/Apocrypha,"They might have an army, but you have...oh dear. I’m not sure anyone’s supposed to have this, but if you’re paying for it then I suppose it’s fair. What you have here is the almost entirely complete Golem Keter Malkuth, an attempt to copy the Primordial Human Adam. Exactly why the designer considered Adam to look like a monster with multiple eyes more than 15 metres tall is a mystery. Normally this would take a particular golden-masked Caster two months of work to finalize, finished off by a three-day attunement process, but you’re paying a lot for it so you can skip that for now. While having a gigantic golem to punch through castle walls and roar with enough power to deflect projectiles from Archer Servants is all well and good, that’s not the most interesting feature. It’s essentially an autonomous Reality Marble with the ability to continually repaint the world into ‘Paradise’ for as long as it exists. Just by stepping on the ground it is able to supply itself with energy, which it needs on a constant basis to keep working, converting its surroundings into ‘Eden’, and as long as its feet are on the ground it will endlessly regenerate at a rapid pace – so make sure it doesn’t get tripped over or launched into the air or oceans. While it starts off as a ‘mere’ fifteen-meter sized giant that could be defeated by most Servants, once it gets going and the ‘Eden’ it creates expands, this giant’s size will change and multiply till it reaches a thousand metres in height. At that point, you’d need a group of first-rate Servants to be able to destroy it. The speed of growth can be enhanced via absorbing certain magical materials, such as homunculi or other golems. This creature is non-sentient, and you can control it by riding on its shoulder or giving it instructions beforehand, and if destroyed will reappear in the form of a stone eye in your Warehouse that will take two months to regrow once planted somewhere with sufficient resources available, though it will be ready to go at the start of each Jump. To start it off in either case, you’ll need something potent for the core equal to a first-class magus. You could make do with less, but it’ll be considerably less powerful the less perfect the core is, and why wouldn’t you want the best golem you could have? Since it’s technically based on a work-in- progress, it’ll even retain and re-develop any enhancements or changes you make to it, so long as you want it to keep them. It’s 100% loyal to you, can’t be hijacked or turned against yourself or your allies, and you and any allies are unaffected by any negative effects that might occur due to the ‘Eden’ it creates.",,,
,,600,Backup Body,Kara no Kyokai: Ammy Edition,"Whoa, whoa, where'd you get these? I doubt Touko would share this kind of high-level puppetry with anybody, let alone you. That's beside the point, though, you're probably wondering why there are 10 perfect copies of you laying there all of the sudden. Those 10, seemingly lifeless copies of you are your new puppet body backup drive, and you share a low level hive mind with them, with you being the primary consciousness in the collection. When your current body dies, one of the puppets wakes up, and continues in your place, essentially becoming the new central intelligence in your little puppet gestalt. Each puppet is essentially you in every way, being no more or less in terms of ability, though some of your will to accomplish a previous task may be lost in the process of the puppet taking your place. 

You have a self replenishing stock of 10 puppets per jump, and no, you can’t stock up on them, any more than 10 you must make yourself. What do you mean is it 'still you?' when you die? Who cares?",,,
,,600,Hōgyoku,Vasto of White,"The Hōgyoku is a mystical artifact created through the fusion of Soul Reaper and Hollow powers, and possesses the ability to awaken the potential within others and break down the barriers between different species. By purchasing this item, you will gain possession of the Hōgyoku and be able to use it to unlock the hidden potential of those around you.

The Hōgyoku has the power to grant tremendous strength, speed, and durability to individuals, and can break down the barriers between different species, allowing them to combine their powers and abilities in ways that were once thought impossible. Beings of different origins, such as Shinigami, Hollows, Quincy, and humans, can come together and share their powers to become powerful hybrids with unparalleled strength.

Additionally, this version of the Hōgyoku is capable of fusing with the user, granting them a massive power boost and the ability to use a powerful transformation. It will be powered by the user's willpower, but also have a minimum level of power, ensuring that it will never go below a certain level.",,,
,,600,Jumper's Box,Fate/Legends: Empires of Antiquity,"How odd. A massive black cube floats in front of you, twinkling as little lights appear and disappear within it’s inky depths. It feels quite familiar to you. There are legends of a particular box, the one that Pandora opened thousands of years ago and released awful things into the world, but this cube doesn’t feel right for being that one. It feels too much a part of you. 

As Pandora had her box, so too do you have your own and it’s something of a special box. The box moves to your will and is always by your side should you wish it, even shrinking down to fit in your hand when you desire. For others, most of what is contained inside are curses but you might see them as blessings. The cube can spew out mud in enormous floods, somewhat similar to that created by Angra Mainyu in another time. The mud acts to your will, attacking and defending you as you command it mentally, with enough power to kill many strong heroes and even defend against legends like Heracles for a time. There’s no limit to how much mud you can produce with the cube or control either. More notably, the mud can form itself into heroic spirits, somewhat lesser versions of the heroes that roam the world in the times you now live in, though still a capable threat against the people of these times. While the mud, much like Angra Mainyu’s, must cover and corrupt a spirit to be able to control and produce them, you cube has apparently already eaten up hundreds of heroic spirits from dozens of different cultures. It currently lacks figures on or above the level of power of Heracles and only one of each spirit can be made at a time, but it still results in a powerful army that follows your commands absolutely. 

The final secret of the box is that it is truly your own box. Not only does even opening the box against your will or somewhat damaging it require multiple immensely powerful magical engines with the capability to warp reality, such as proper Holy Grails, outright destroying the box could require something as immense as the efforts of a whole World. Deep within the box, the Hope that forms the core is in actuality, you. The most important part of you, your soul, kept safe and guarded by the shadows of the box within it’s centre. Should you perish from outside of the box, you’ll be able to restore your form from the black mud in a short time. Others would need to force open the box for enough time to delve into the vast, muddy depths of the box and destroy your soul from within or destroy the box outright to get at your core.

If you somehow have a box you’d like to use, even as just cosmetic changes to the outside of this, you can import it into here.",,,
,,600,Quantum Key,Fate/Extella,"An impossible object, going against the foundation of the time stream, yet still shining in your grasp. Something created to demand freedom from the restrictions of the Quantum Timelocks, a golden key lies in your possession that can forcibly unlock a sealed event in time. Unlocked events can be changed once again, no longer set in stone, for good or ill. While there is no restriction on how many times the key can unlock something, it can also create a Quantum Timelock to guarantee that a specific event cannot be changed and will be present in every alternate world, regardless of the means to attempt to divert history. This locking can only be used once per ten years, relative to you rather than any time travel or manipulation.",,,
,,600,Heaven's System,The Holy Man of The Church Creek ,"Heaven’s System is considered to be the greatest relic created by Yahweh. This extraordinary system assumes a multitude of vital responsibilities, serving as the conduit for channeling Holy Power, orchestrating the management of souls belonging to devoted followers, overseeing the distribution of Sacred Gears, and fulfilling countless other crucial functions. By purchasing this option, you will be granted an enhanced version of the Heaven's System, bolstered by a powerful and intelligent A.I. created by God as a contingency and to alleviate the burdens borne by Archangel Michael.

This improved iteration of the system enables you to seamlessly manage and govern any territory under your domain. It empowers you to establish a well-structured afterlife, providing a sanctuary for the souls of your people, and functions as an impregnable defense mechanism to safeguard your realm. Lastly, one of the system's remarkable capabilities lies in its ability to ward off foreign deities, serving as an impenetrable barrier that prevents their entry into your territory.",,,
,,600,Dusty Gate of Babylon,Fate/Saber Wars,"A filthy mongrel must have stolen this from the Emperor’s own palace. One of Cosmo King Gil’s spare vault key’s lies in your hands now, a golden artefact that unlocks access and use to one of Babylonia’s many treasure vaults. It looks like the one you have is pretty old and dusty though, only holding treasures from the modern age and earlier of the previous Universe. Not that the great golden king’s treasures are useless but you may need to swab down anything you bring out to get rid of the cobwebs. He’s long since moved onto the treasures of the Servant Universe. Just make sure he and his agents never see you use this, he’s no less possessive than he was when he first became king.",,,
,,700,Cybernetics,Generic Nasuverse,"Grants nine Rank Increments each to the Strength, Endurance, and Agility parameters.

This will give you highly advanced cybernetics. This isn't just a bunch of electronics. You will become half man, half machine.

The cybernetics self-repair using a complex system of nanobots. These nanobots are also capable of repairing your organic parts, if you could still be said to have any of those. After all, even your individual cells have tiny nanomachines inside them.

These nanomachines do their best to keep you in perfect health. This ranges from clearing out toxins to destroying diseases to preventing you from aging past your prime. However, they struggle to deal with magical maladies, such as magically enhanced poisons, diseases, or curses in general.

Your cybernetic systems gather energy using various methods. Solar, kinetic, thermal, electric, chemical, and a few more. Because of how tightly bonded your cybernetic systems are to your organic systems, your cybernetic systems are able to support and fuel your organic parts. Thus, as long as your cybernetics still have energy, you won't strictly need to eat, drink, or breathe. But you can still do those things to gather resources for internal repairs and the energy to move.

You'll gain access to a vast number of sensors (such as thermal vision) as well as the ability to directly interface with all technology that can be accessed by an outside system.

The neural side of the implants are limited to what’s required for the cybernetics to function. So, no, you don’t become smarter or gain a perfect memory. However, if you purchased the Neural Lace item, then the neural lace integrates and synergizes perfectly with your cybernetics.",,,
,,800,Innovate Clear,The Holy Man of The Church Creek,"Innovate Clear is known as the Sacred Gear that lets one impersonate God. This extraordinary artifact grants you the ability to create and control a separate dimension, a realm that exists outside the boundaries of normal reality. Within this dimension, you possess abilities akin to a fusion of Dimension Lost and Annihilation Maker, allowing you to manipulate space and matter on an unprecedented scale. However, these abilities are limited to the confines of this unique dimension.

The true purpose of Innovate Clear is to empower its wielder with the means to craft a world of absolute paradise. With this Sacred Gear at your disposal, you possess the potential to shape and mold the very fabric of reality within your dimension. From breathtaking landscapes to miraculous creations, you can bring forth a realm that embodies your deepest desires and visions of perfection. The only limit is the extent of your imagination and creativity. Unfortunately nothing made with the gear can leave this dimension",,,
,,800,Telos Karma,The Holy Man of The Church Creek,"Telos Karma is a Longinus Sacred Gear that allows you to alter the course of the world. With this mysterious artifact in your possession, you gain the ability to manipulate the course of events and force the world to accept options and paths that would normally be impossible or unlikely. Utilizing the power of Telos Karma, you can disrupt the natural order of cause and effect, bending reality to your will. Seemingly invincible foes can be rendered helpless as their abilities and reactions are nullified by the alterations you impose. For example, a skilled swordmaster could be compelled to ignore an incoming projectile, leaving them vulnerable and defenseless. The exact limits of Telos Karma are unclear, but it is known to be a high-class Longinus",,,
,,900,Dimension Lost,The Holy Man of The Church Creek,"Dimension Lost allows its wielder to manipulate a special mists. This mist is capable of blocking any attack and transporting anything it touches. The Sacred Gear contains a personal dimension seemingly infinite in scope. It is impossible for anything to enter or exit this space should the wielder not allow it. Additionally the mist can be used to reinforce dimensional barriers, trap your foes, and prevent communication. There is no limit to the amount of mist that can be generated though it can become more difficult to control as more is produced. Supposedly the wielder could even transport entire countries should they become strong enough.",,,
,,1000,Unknown Dictator,The Holy Man of The Church Creek,"Unknown Dictator is the newest of the Longinus Sacred Gears. This Sacred Gear allows the user to manipulate iron, electronic devices, and mechanical equipment. The gears can seize control of any electronic device and be used to assemble technological machinery. The gear Unknown Dictator can freely shift its form to mimic a variety of different pieces of technology. Some examples include an aura cannon and a set of iron wings that allow the user to fly. This gear is considered unique amongst all Sacred Gears as it is the only gear meant to interact with modern and futuristic technology.",,,
,,1000,Grimoire,Generic Nasuverse,"A grimoire is both like a Magic Crest and a Mana Core. A mage can store their spells in it, allowing them to use it to activate their spells instantly, and it produces vast amounts of magical energy.

This begins as a blank book. It does absolutely nothing.

Every fundamentally different magic system you learn becomes a section. For example, magecraft vs magic you learned in a Harry Potter Jump. Modern magecraft vs magic from the Age of Gods isn’t different enough to form separate sections.

Every school of magic you learn within that type of magic becomes a chapter. For example, alchemy or necromancy. Every spell within a school of magic becomes a single page. Both the schools of magic and spells need to be acknowledged as real and genuine by the magical community of whatever world they originated in. You can’t just invent half-rate schools of magic that nobody will ever use.

For every section you have in the Grimoire, it gains 1,000 units of magical energy output.

For every chapter you have in the Grimoire, it gains 100 units of magical energy output.

For every page you have in the Grimoire, it gains 10 units of magical energy output.

One tenth of the Grimoire's maximum magical energy output is generated spontaneously. So, if you had 5,000 units of magical energy output, 500 units would be generated spontaneously.",,,
,,1000,Sephiroth Grail,The Holy Man of The Church Creek,"The Sephiroth Grail is the second artifact of the Three Holy Relics. It is reminiscent of the legendary Holy Grail itself. Imbued with the divine essence flowing from the blood of Christ, this relic holds immense power over the very principles of life itself. This sacred artifact grants you the extraordinary ability to resurrect fallen beings, restoring them to life and granting them a second chance. Through its divine influence, you possess the power to manipulate and control souls, guiding them as you see fit, and even mending and restoring their physical bodies to their prime state. Aside from this the grail also possesses the ability to remove the weaknesses that burden others, bolstering their strength, and granting them newfound resilience and vitality.

With a touch or a focused surge of energy, you can bestow others with eternal youth, granting them a timeless existence untouched by the passage of time. Next, as one of the esteemed Holy Relics, the Sephiroth Grail holds the power to shatter seals and break through barriers that stand in your way. It enables you to unravel the most intricate of magical or divine encryptions, granting you access to hidden knowledge and long-lost secrets. Lastly, the mere presence of the Sephiroth Grail exerts a profound mental influence, allowing you to affect the thoughts and emotions of others, subtly shaping their perceptions and bending their will to your desires.",,,
,,1250,Alien Supercomputer,Generic Nasuverse,"The Alien Supercomputer struggles to unravel how magic works. Since the Age of Heroes and Age of Gods have abundant magic instead of a mere five true magics, the cost has been lowered for those Ages.

However, it will still be able to unravel those lesser magics. It will take a while, but it can be done. It’s only Mysteries like the Five True Magics, Mysteries capable of remaining magic even in an advanced era like the Age of Man, that are actually impossible for it to understand.

No, this isn't on the level of the Moon Cell. But it is pretty impressive. This supercomputer starts off basically useless. But it will constantly collect vast amounts of data using an immense number of sensors.

Once it gathers enough data, it will begin calculating ways to use the systems it has to affect the world. Essentially, it will learn to perform ""magic"". Except it isn't magic. It's ludicrously advanced science that uses pseudo-spiritrons (particles similar to what your soul is made of) to do what it does.

Speaking of pseudo-spiritrons, this computer is able to manipulate the spiritrons of your soul to keep your soul healthy, remove any negative effects of your soul aging, and help repair any existing damage. It can’t do anything beyond that, but that’s still useful enough to be worth noting.

You may set up commands (verbal or physical) and parameters for casting these “spells”. For example, snapping your fingers and saying “fireball” to shoot a fireball at wherever you’re looking. The computer will instantly take note of any commands you give and cast the “spell” you specify.

This computer will never be able to replicate the True Magics. If something was once a True Magic but ended up being reduced from a True Magic into something lesser, then it becomes something the computer can begin to understand.

If you buy Cybernetics, you may choose for this computer to be fused with them. This will allow your Alien Supercomputer to more easily apply “spells” to your body and cybernetics. This will also make it so your cybernetics automatically begins upgrading when ""fed"" superior technology.

If you buy Neural Lace, you may choose for this computer to be fused with it. This will allow you to use “spells” through your thoughts and intent. This will also make it so your neural lace automatically begins upgrading when ""fed"" superior technology.",,,