0,,CP Cost,Name,Jumpchain,Description,PERKS,COVER,90
,,,,,,,,
1,,50,Beniemiya,Fate/Legends: The Land of The Rising Sun,"It might just be something in the water, both what you’re drinking and what you serve to the guests that adore ever meal you make. You’re a savant when it comes to making meals, not just limited to Eastern dishes either. With a little experimentation, you can make almost anything into a mouth watering feast for both the tastebuds and the eyes. The real problem isn’t making a good meal but keeping all these greedy pigs from eating you out of house and home. Don’t even try making hamburgers around any blonde ladies, it never ends well.

Now, while cooking good food is a prize well worth it, you do also have a more useful aspect here. By channeling magical energy into your tools and ingredients as you work, you’re able to ‘enchant’ the meal with a variety of useful effects. A hearty beef stew that lets a warrior heal their wounds much faster than normal, sugary sweets that give people the speed of the wind, a mighty hamburger that temporarily bulges the muscles to greater heights. Even negative effects are possible, if you want to taint your food that way. They only last for a temporary period and the effects tend to be fairly weak without a lot of mana put in but it makes your food all the more popular.",,,
2,,100,Beauty Within All,Grand Foreigner,"Da Vinci is considered to be one of the greatest artists to ever live alongside her other titles. This trait clearly shows in every item she makes. In fact, even when intentionally trying to produce a bland item it still possesses overwhelming beauty. It appears that you have learned from Da Vinci as anything you make is a thing of beauty and its quality is improved beyond what it should be. You are literally incapable of producing relics of poor quality or with an average appearance. Since you are paying for this with CP you may optionally disable these effects if you wish to for some reason.",,,
3,,100,General Alchemy,Generic Nasuverse,"Grants a general knowledge of alchemy. However, this knowledge is mainly surface deep. It mostly tells you what’s possible rather than actually giving you the ability to perform any impressive feats of alchemy. You’ll only be able to perform low level alchemy if this is all you buy.",,,
4,,100,Quick Spinning,Fate - The Island of Sin,"Life can be hard for a faerie guardian of brides. Especially when those brides can sometimes be so incredibly unreasonable. Seriously, who ever heard of sewing an entire dress in a day?! Fortunately, you can deliver on even the most outrageous demands. You can speed up your craftsmanship without sacrificing technique or skill; however, doing so consumes your stamina. At the peak of this ability, you could sew an entire fancy wedding gown in only a single day, at the cost of completely exhausting yourself if you’re a standard faerie.",,,
5,,100,Poison Culinary Master,Fate/Saber Wars,"Even British cooking isn’t this deadly! Your skills in the kitchen have nothing to do with making tasty food and everything to do with making food way too deadly to eat. From preparing the most toxic poisonous fish into a visually tempting trap, imbuing home-made pizza with an intense magical poison to giving sapience and soul to a mountain of mash potato solely to turn it into a heartless killing machine. No need for an armory, you’ll be deadly as long as you have a kitchen to draw on. You’re quite capable of eating your own food and years of doing so have made your body able to secrete deadly toxins at will, making the chef almost as deadly as their product. Some have claimed this is all the result of extensive training as an Assassin on planet Hasshashsin but in reality, it’s just pure (lack of) culinary skills.",,,
6,,100,Living Under the Hood,Fate/Legends: God Save the Queen,"As fantastical as they can seem, a realistic mindset does folk heroes as much good as any other man. Despite your origins, you’ve come to have a quite pragmatic skillset. An experienced survivalist, able to last months on your own with no tools or supplies but what you find in the English forests, and extend your efficient mindset to most things in life. Being able to limit yourself to only what you need and resist temptation extends rations and budgets a great deal further. While others can be resistant to giving up their luxuries normally, your guidance can make it much easier for them to remain comfortable and accepting of a more limited lifestyle. 

Your talents for turning natural materials into effective tools and weaponry, even to somewhat magical degrees, only helps this survival aim further. The bows you carve often have unique attributes based on the supposed magical nature of the wood they are made from, while poultices made even with ordinary herbs can have unnaturally potent healing properties. The extensive knowledge of mundane and magical nature does help too.",,,
7,,100,Traditional Japanese Art ,Fate/Legends: The Land of The Rising Sun ,"You may never make your name on the battlefield but those fools running around with metal sticks waving fail to understand the influence more delicate approaches can have. You have the talent and the training to become a nationally famous artist in a style found here in Japan. Writing and poetry, calligraphy, some of the varieties of traditional painting or even more modern arts not yet created in older Japan.

While you have the ordinary skill to create emotionally moving and lasting pieces of art, you also possess a magical side to your style. You can naturally enchant your works with magic, enabling it to have a more direct influence on the minds and hearts of those who experience it. Simplest to just direct the emotions of readers but with time, you can plant ideas and even commands to be later activated in the minds of others. Art that is similar to your chosen style is easy for you to expand your skill into, a painter will quickly master other styles of painting, and your art is never boring or bothersome for you to focus on. More, it is calming and enables you to re-centre yourself no matter the situation",,,
8,,100,Scientist,Grand Foreigner,"Scientist is one of the many classes available within Yggdrasil. Scientist is primarily used by crafters and magic classes. It allows the user to increase the quality of blueprints, create new potions, and more easily memorize new spells. The class does provide a relatively low amount of stats, but every five levels it allows the user to gain special perks and unique sub-classes such as the Magic Explorer class. These perks are normally special abilities related to learning or development. An example would be using less materials to create items, learning blueprints, or discovering new potions. If you lack a leveling system then this skill will naturally grant you these perks as your proficiency develops.",,,
9,,100,Item Construction,Grand Foreigner,"Item Construction is a skill that allows the user to assemble various items instantly. By gathering the materials you can directly assemble them creating weapons, enchanted items, and other useful resources. This also can follow any recipes to create a perfect product. This skill will start out by allowing you to create anything up to the Legacy level. This limit however, can be improved by developing various crafting proficiencies. Should you sufficiently develop your skills you will be able to create Divine level items and products of unparalleled quality. Lastly, this ability can also be used to generate large structures such as camps, castles, and other facilities.",,,
10,,100,God of The Kitchen,The Holy Man of The Church Creek,"Aside from his skill with swords, Shirou’s greatest talent lies in cooking. Your skill in the art of cooking is so grand that you could be considered a god of cooking. You can effortlessly transform basic ingredients into culinary masterpieces that astound and captivate all who have the privilege of tasting your creations. Each dish you craft is an exquisite symphony of flavors, textures, and aromas, showcasing your profound understanding of ingredients, techniques, and harmonious culinary composition.

Consuming your culinary creations bestows upon individuals an overwhelming desire for more. The flavors are so captivating and addictive that those who partake in your dishes are enraptured, compelled to seek second helpings and beyond. Their taste buds dance in ecstasy, and their loyalty becomes unwavering as they yearn for the privilege of experiencing your culinary creations once more.",,,
11,,100,Territory Creation,Grand Foreigner,"Territory Creation is a skill possessed by anyone who owns a homebase, guild base, or similar structure. This skill allows the user to freely alter the appearance of the facility, set traps, and perform a variety of other functions for their properties. You will have a set amount of materials to work with initially, but you can provide additional materials to expand your property. Additionally this also allows the user to create NPCs to staff the base. The amount of levels you can distribute will depend on the quality of the property. For example, a campsite you assembled in a few minutes might offer you ten levels. A super massive fortress like Nazarick however, would likely give you 4500 levels to distribute.",,,
12,,200,Counter Magic,Fate/Kaleid Liner Prisma Illya ,"You know how to prepare a mud like substance that prevents the use of magic when submerged in it, useful for traps or imprisonment.",,,
13,,200,Up To Date,Generic Nasuverse,"You have an instinctive understanding of technology. Even if you don't initially have the slightest idea how a computer works, it'll only take you a few days of tinkering and playing around to develop a solid understanding. You also learn information related to technology much more easily and retain the information indefinitely.",,,
14,,200,Midwest Space Mechanic,Fate/Saber Wars,"It might look like some little lady’s first rocketship but underneath that bright paint is a real cosmic workhouse, courtesy of yourself. A junkyard ace able to tune up any space-age tech with some spare bolts and an afternoon, you’re a remarkable mechanic. While you have little experience with the sort of crude devices used in the 21st century, anything from the cosmic age you’re in now is pretty easy to maintain and repair. You’re a deft hand at making it work better too, if you have some good materials or tools, and you’re great at working without needing to take everything apart first. No need to dock your ships, you can do upgrades to pass the time on those long journeys. Even with some poorer components, like what misery young divinities might give to conserve their jewel treasury, you can make machines run far longer than they have any right to.",,,
15,,200,Black Boxed,Fate/Apocrypha,"Sure, sharing your stuff is all well and good...but on the off chance you want to keep a few things to yourself, or make sure you’re not expendable, this is the option for you. Now, regardless of analysis or how long you’ve actually worked with someone on your projects, nobody else can reverse engineer or even fully use anything you’ve developed or made if you don’t want them to. You can include and exclude people at will and at any time – up to you if one day somebody’s an expert with your stuff, the next they can’t even figure out how to turn it on.",,,
16,,200,Nameless Phantasm,Fate/Kaleid Liner Prisma Illya,"You have the ability to create cards containing nameless phantasms, manifestations of black shadowy weapons. The cards can be activated to take the form of any weapon that you choose on when making them. In terms of power they will be the equivalent of five times stronger than a mundane weapon but will break after one use. Making a single card is the act of a few minutes.",,,
17,,200,Material Focus,Generic Nasuverse,"Alchemy that focuses on altering inorganic material. Specifically, this allows for the alteration of one material into another and/or altering the innate properties of a material. This allows for the creation of substances ranging from incredibly strong metals to potent elixirs to dangerous poisons.",,,
18,,200,Flesh Focus,Generic Nasuverse,"Alchemy that focuses on altering organic material. Usually living material at that. Specifically, this allows a person to modify their own body using alchemical processes or to create new lifeforms, such as homunculi or chimera, using alchemy.",,,
19,,200,Familiar Master,Kara no Kyokai,"Most Magi are not fighters or soldiers. While they’re certainly threatening in general, many lack experience in war and most see risking their lives like that as barbaric. So they rely on others. Most commonly, they rely on familiars, a category of being that you are oddly gifted with. Outside of just a specialisation in magic, you appear to get significantly greater results than normal in anything regarding familiars. Your efforts to create them result in more powerful creatures made for less costs, while attempting to attract existing creatures to become your servants most often ends in a quite powerful new ally who is rather lenient in their required contract. You’ll quickly become well versed in using multiple familiars in your goals, particularly making use of them in combat instead of fighting yourself, and even find that maintaining familiars is relatively cheaper for you. 

A weak magus might not be much of a threat but if he had ten loyal spirits aiding him, they could most certainly take down even much larger game. In particular, any magecraft you know will soon reveal to you ways that it can be entwined with any familiars you have, sometimes stretching the boundaries of what’s normally possible in those disciplines when used for your focus here. Often methods to enhance your familiars during creation or battle, it may also show ways to create entirely new kinds of familiars. Perhaps a Doll Making specialist would learn to make familiars out of their own selves with this, an army of one!",,,
20,,200,The Love of Lightning,Fate/Grand Order,"Steam Power! Coal! Electricity! The Nuclear Age! All the greatest revolutionaries have brought new power with them, their obsessions letting them take great bounds over the opposition to advance all of humanity. You share that same potential with one form of technological power, greatly advancing your skill and potential when dealing with technology that uses it. It could be electricity powered tech, steam powered tech or even wind powered tech. Whatever you choose, you’ll be able to make them much stronger, much more efficient and much cheaper than you normally could. Not all energies are exactly equal however, so you may still find yourself needing more resources than normal, though you’d still get the increased power and efficiency.",,,
21,,200,System Worker,Fate/Extella,"A position normally only entrusted to neutral Casters but the story of this world proves that’s not really how it works out. The Moon Cell has decided to make you one of the system maintenance workers, Servants in charge of caring for the virtual reality within the computer structure. Superhuman skill with computers and most technology is yours now, mostly focused on repairing and maintaining it. Even alien technology, like that of Velber, is relatively easy for you to get in working order and keep it that way. You’re not able to alter much, the Moon Cell keeps that knowledge out of your hands with just this, but making new stuff isn’t too hard. You don’t know how to create the highly complex systems that form the core of the Moon Cell but pretty much anything on Earth till the year 2030 is easy to construct. Those lunar databases are good for something.",,,
22,,200,Crafting Skills,Fate/Revelation Online,"Within the world of SAO is a crafting system. This crafting system allows you to make things based on an input screen and 20 something hits to an ingot. While your levels in the appropriate skills do matter, surprisingly the ingots you use in forging are the most important factor in the result. By default, all players can access this in the game, hence its being free. However, if you purchased this with CP, you can use this system outside of the game. Along with this, you also start off with a 500 out of 1,000 in every skill using this system, immediately making you the best blacksmith in the game for quite some time, even if you never train these at all. This also makes you incredibly skilled in using hammer type weapons, but that's more of a side effect of the hammer weapon skill being used for crafting.",,,
23,,200,Conceptual Fertilization,Fate/Legends: Gardens of Avalon,"The secret art of Conceptual Fertilization is one that may seem a bit strange and even unnatural to those not as invested as you in the mystic arts but...well, they don’t complain so much when you show them the results. Conceptual Fertilization refers to a very rare magical ability that allows one to combine two things during the creation process of one of those things, transferring the qualities of the second thing onto the first. Combining the blood of a dragon with a infant in the womb to grant them the magical power of that dragon as they grow up, for instance. With time and further mastery, it may even be possible to combine more than one thing in this way, though one cannot begin to think of the sacrifices the failed attempts might cause. Additionally, you find that you are also able to perform this process on other things in their creation process, not just living beings, allowing you to infuse weapons or other objects in the process of being created with the traits of other things.",,,
24,,200,Child Rearing 101,Fate/Legends: Gardens of Avalon,"Children are ever so precious, especially when they make such perfect tools to turn against your foes. You have the knowledge of the strange processes used to create homunculi children and, beyond the norm for this kind of magic, you can do so as long as you have even a single sample from the body of your target, such as blood or a strand of hair, instead of needing semen. The homunculi can be carried to term within a artificial womb that has been properly prepared or within a woman, it makes little difference. The child will be a true descendant of the sample it was made from, possessing similar appearance and many of the same abilities and talents as their parent, though they are still beginners. Unlike their parent however, they will rapidly reach adulthood in just a year, quickly mastering their born advantages. So long as you created them, you are also able to effortlessly mould your homunculi into pursuing a purpose of your choice. They may try, through your mistakes or the influence of others, to take their own path in life but they will find that destiny agrees with you and be unnaturally forced towards the goal you decided for them. They can break free but it will be an epic task.",,,
25,,200,Grudge Forged,Fate/Legends: The Land of The Rising Sun ,"Ibaraki-douji created her favoured bone sword by tearing out the bones of many Oni and setting them into a forge of her own terrible flames for hundreds of days. A way of sword smithing only a demon could manage, a brutal and unrefined method that results in a brutal and unrefined sword. But that sword is powerful, near unbreakable and holds the furious grudges of the Oni sacrificed to make it, giving the weapon a deadly cursed aura. This sort of feat is much more applicable to your skills now, as you find it far easier to turn your own innate abilities to the work of crafting things. A dragon’s fire improves the quality of things forged in it, rather than just destroying the entire workshop. Cooling a forged sword in your own Youkai poison will still cool it as if with water but also imbue powerful toxins into the metal itself. You are able to add your abilities in creative ways to your creations without compromising them. Better still, you’re very good at focusing what you create to not harm yourself. Using the bones of hundreds of hate-filled demons to create a cursed sword would direct those curses at your enemies, not at the original wielder of the sword. No need to worry about life draining demon blades if you’re at the source of them all",,,
26,,200,Master of Puppets,Fate/Legends: Oasis of Fantasy,"Everyone is born with talent for something, your talent just happened to be making life. When it comes to magic involved in the creation of familiars, even the summoning of them, you’re miles beyond any of your peers. While you are not the best in the world with just this, your raw skill and power with magic still lacking compared to the greats, you’ll find anything in relation to the creation, alteration and maintenance of magical familiars, summons and living creations comes to you with the ease of breathing. You learn far faster, your products are of a vastly higher quality and come with far more efficiency than what your fellow magicians might create. It is even far more cost efficient for you to make them, as you take just a quarter of what others would expend to create the same things.
 
 You have particular talent too in ensuring the loyalty of that you consider a familiar, whether this be designing the minds of creatures you create as easily as you design their bodies or creating lines of spell or rune magic to add to a summoning ritual to ensure much stronger bonds of servitude exist on what you summon. It also happens that you are quite good at creating and overlooking legal contracts, mostly from all the interaction with demons.",,,
27,,200,Mystic Code Maker ,Fate/Revelation Online," Mystic Codes are one of the basic tools that Magi rely on. Rather than performing a spell, the Magus creates an item that performs the desired spell when fed Prana. This allows the Magus to focus on an act beyond casting the spell as well as allowing them to use spells that would normally be too complex to cast in a fast paced battle. It also allows you to refine the efficiency of the spell formula, and get more constant casts of that spell than you would be able to do normally due to its formulaic nature. The weakness of a Mystic Code is the same as any other item based ability, which is that it can be stolen, lost, broken, or otherwise misplaced. Regardless, you've become a master in making Mystic Codes. You have grown beyond the simple “perform spell when given Prana” type of Mystic Code and are able to make masterpieces like Volumen Hydrargyrum, although that would take months even for spells you are intimately familiar with. Unfortunately, Mystic Codes won't become available in SAO for some time now, so you'll have to rely on your own skills until you can start working on these.",,,
28,,200,Origami Witch,Fate/Legends: The Land of The Rising Sun ,"A simple art turned deadly in your hands. Years of experience in folding paper has certainly made you a master at creating even the most complex origami shapes, your skill growing to the point that it began to mix with your magical energy, turning into something much more dangerous. You can easily use magic to shape paper into a wide variety of forms, imbued with varying effects. Creating origami familiars from paper, dangerous enough to scythe through human soldiers, is a ground-level effect. Creating powerful shields from overlapping paper flowers, flight through origami wings, patterns that strengthen existing spells or apply curse-like debuffs to those pierced by the paper cranes are all possible. While your main skill lies with direct paper spells, you will also find it much more possible to place magical effects onto paper for use with your magic. Researching some form of Onmyoudo or runic spells could prove especially potent.",,,
29,,200,Personification,Fate/Legends: God Save the Queen,"Humanity has always sought to personify that which it encounters. Sea vessels given names and referred to as if they have feelings, swords considered trusted companions, entire nations being thought of as having aspects through which they manifest in times of need. Some of these are even true but with your intent, they might all be confirmed. You have the ability to give a humanoid form and mind to things without it, not merely objects like a ship or sword but even including locations like a castle or nation as well as ideas like a story or philosophy. It does not remove the original form of them, this new humanoid shape instead acting as an avatar that can control their origin. They have no inherent positive or negative feelings towards you for granting this form and depending on your relationship with their origin, might be anything from a loving ally to a hateful foe. The greater their origin, the greater the power of the avatar, with this greatness taking many forms. A simple steel sword or wooden sail ship would have little power beyond controlling the movement of their form. A powerful magical blade or the spirit of a globally famous story could be quite the fearsome foe in combat, even for a Heroic Spirit. Something on the scale of an Empire’s avatar or a widespread philosophy would be terrible indeed.",,,
30,,200,Doctor Jekyll's Potion Lessons,Fate/Legends: God Save the Queen,"Playing with potions isn’t just the purview of the magi. With enough study, even a supposedly ordinary man of intellect can begin to experiment with alchemical creations. Your experience with pharmaceutical substances and alchemy is quite extensive, enough to easily produce most medical substances found in the latter days of the British Empire. Making a profit from drug creation is really too simple. Your alchemy was more the focus, allowing for the creation of a variety of impressive but ultimately low level effects, notable more for how easily and cheaply you create them. Draughts that heal the physical form at visible speed or cleanse even the hardiest sickness away, poisons that rot the mind or violate the spirit over years, even narcotics that can influence the flow of magical energy within the subject. 

Your experiments, should you leave them unattended and not take simple action to avoid this, also have a much higher chance of accidents. Not necessarily something to fear, as these accidents produce much greater results than you’d normally expect or be able to achieve. The Hyde Elixir created by Doctor Jekyll is one such example. The accidents have potent effects but often come with some degree of drawback based on how far beyond your talents or materials the effects are. A supernatural potion of great power could turn the drinker into a raving lunatic at times, while something slightly beyond your means may merely have a foul taste and cause stomach illness for a few hours on drinking. These accidental creations can be reproduced with effort by studying the end results over time and, if desired, are not limited to just your alchemical creations.",,,
31,,200,Powerhouse Children,Vasto of White,"Inspired by the natural talents of the Kurosaki family, this perk guarantees that any children or beings you create will inherit immense potential, even surpassing your own. Whether it's due to your genetic material, your tutelage, or your creation process, these youngsters will be endowed with incredible abilities and will possess the potential to become legendary figures in their own right.

To help you raise these powerhouse children, this perk grants you all the necessary parenting skills and knowledge, ensuring that you can nurture their talents and help them achieve their full potential. You will know how to balance love and discipline, teach them vital life skills, and support their dreams and aspirations.

Moreover, any children or creations you have will be fiercely loyal to you, regardless of their moral alignment or personal beliefs. They will never betray you or turn against you, and will always stand by your side, ready to use their incredible powers to help you achieve your goals.",,,
32,,200,Little Echidna,Fate/Legends: Empires of Antiquity,"Life has so much potential, especially when it’s guided by a knowing hand. For you, the magic that alters the living is practically in your genes. You’ve got the ability to morph, change and twist the bodies of living things, simply pouring magical energy in while thinking of the desired changes. Mutating and making others into monsters is almost as easy as breathing, turning humans into piggies permanently is just the start of what you can do. Shapeshifting yourself and others and cursing others into extremely powerful monsters with enough energy are your staples but you can learn to take your innate ability and twist it towards controlling your creations, as well as other beings, or enchanting your effects into food or drink. It’s even possible for you to learn to create new life, though that may turn out to be a long term goal. Your innate ability is quite great and while the energy costs can be significant, they’ll be easier to manage the more comprehensive your knowledge of the biology you are twisting is, and you’ll find yourself with no small amount of talent with magic that deals with biological manipulation as well, though this natural capability of yours usually results in much more effective creations for the energy you put in compared to normal spell equivalents.",,,
33,,200,Creation of Familiars,Fate - The Island of Sin,"You are skilled in the creation of familiars—and not just one or two specific types, like most mages make use of, but any sort of familiar. Familiars can be imbued with their own Magic Circuits, allowing them to be used as a medium to cast spells; they also hold a connection to their master’s mind, and mental communication is possible. It’s even possible to outright take control of a soulless familiar, directing it with your mind while your body lies stationary. That often isn’t necessary, however, as a familiar’s connection to their master’s mind means that they carry out their will even without special direction.

Now, just about any half-decent mage can create a familiar. It’s a simple spell commonly worked on small animals, dead animals, or small statuettes. But while you have surpassing talent in all areas involving familiars, where you excel is transforming items into them—including items of such power as Noble Phantasms or your own CP-purchased gear. Using such excellent material, the resulting familiar will be able to change form into the appearance of some manner of fantastic beast, grow or shrink in size for convenience, and will be much more powerful than any ordinary familiar could be, proportional to the strength of the artifact they are created from.

Please note that while Ghost Liners can be considered a type of familiar, Servants are far too powerful and complex to actually create without magecraft on the same level the most advanced tier of Student of Mystery, and you’d have to possess appropriate components. But creating a Heroic Spirit out of a figure of legend or fiction that didn’t make a strong enough impact on history to be recorded on the Throne of Heroes is technically possible.",,,
34,,200,Spiritual Awakening,Vasto of White,"You possess the ability to awaken spirits within anything, including objects, weapons, ships, and even your own abilities. Drawing inspiration from Shirou's method of tracing weapons, you can awaken a spirit similar to that of a Zanpakuto spirit for each item, technique, or ability you possess. These spirits typically take on the form of their previous wielders or are based on them, making them unique and personal to you. These awakened spirits will directly aid you, making any attempt involving them significantly more efficient and powerful. They can grant you knowledge, skills, and abilities beyond what you would normally be capable of, as well as enhance your existing abilities and techniques. The more awakened spirits you have at your disposal, the greater your overall power and versatility.

You have complete control over the design of each awakened spirit, allowing you to tailor them to your specific needs and preferences. You can also choose to awaken spirits based on characters or concepts from other worlds and settings, further expanding your options and abilities. Furthermore, any spirit created using this method will be completely loyal to you, and will never turn against you. This means you don't have to worry about your enemies strengthening themselves through your awakened spirits. With this perk, you can awaken the full potential of any item, ability, or technique you possess, unlocking new levels of power and ability beyond what was previously possible.",,,
35,,200,Cups and Plants,Fate/Grand Order: SkyrimAnon,"The two main MacGuffins of Grand Order are Holy Grails, which are used for most of Parts 1 and 1.5, and Trees of Fantasy, used in Part 2. If you’d like to have some yourself but want to make them with your own two hands instead of being handed some, this perk is for you. What this does is give you a complete understanding of the processes and methods used to create both Holy Grails and Fantasy Trees. Do keep in mind that Holy Grails require a lot of energy and lengthy rituals to produce, while the Trees of Fantasy are even worse. With enough magical prowess and some patience, however, you might be able to turn a Singularity into a Lostbelt with a new Fantasy Tree if Chaldea doesn’t intervene just in time like they did in Shimousa. As a final note, thanks to you knowing the process and doing it yourself, you can modify the end result, such as making a subspecies Fantasy Tree that takes the form of a cursed castle instead of a weird white tree.",,,
36,,200,Egg,Fate/Grand Order: Cosmos In The Lostbelt,"The Human Order has its own laws to ensure the prosperity and survival of humanity. The Textures of the Age of Gods were formed from the beliefs of its mortal inhabitants. And now, you’ve become a nascent World in your own right, complete with your own laws of reality. Unfortunately there’s quite a few things that are simply constant across all Planets, and you’ll still have to inherit some traits of the Earth, a minimum required to be at least recognizable by those native to this Planet. Beyond that, however, it’s your World, and your rules. Perhaps you’d like to completely reject Pan-Human History, rendering any human Servant unsummonable? Of course, such things aren’t absolute, and just like there are ways to bypass the laws of the Human Order, there will be ways to bypass your rules. Not that it’s much of a downside, as you are still indeed a baby World.

Of course, to begin with the contents of your World will be based on your own mentality and view of the World, essentially being a Reality Marble on a slightly larger scale. With the right resources, you could potentially grow your World into a full Planet, although the amount of energy required would certainly be immense, not to mention needing to evacuate Earth if you don’t want to be kicked out violently by the Human Order.

Additionally, as a bonus, you’re able to absorb living beings to obtain the information of their makeup (even something as small as a hair is enough), and can later recreate them within your World with an appropriate investment of magical energy, although if you don’t have enough to, you can merely recreate a weaker version instead. This process of recreation is instant, of course, and the only limit is the space within your World and the magical energy available to you, letting you potentially create whole armies. Of course, you have some influence over the recreation, able to ‘program’ them, in a manner of speaking, however you wish, such as instilling unbreakable loyalty in you, or perhaps allowing them full individuality. Unfortunately if you want to create new life or modify the ‘templates’ formed from absorbed creatures, you’ll need to obtain that ability yourself, but if you’re trying to grow yourself into a full-sized World, you might obtain such conceptual Authorities automatically, depending on how much ego the natives of yourself have and how much they develop into a civilization. That is a long way to go, of course, but the potential is definitely there. What kind of World will you craft out of your own self?",,,
37,,300,A Big Chest,Fate/Hollow Ataraxia,"You can choose any one storage item, no bigger than a very large wardrobe, and grant it TARDIS-like storage conditions, allowing it to be much bigger on the inside than on the outside. Just make sure to leave it open if you go inside it, and don’t touch the magical stick that comes along with it. Seriously, don’t do that. While allowing for virtually infinite storage, it can not surpass more than a quarter of what your warehouse/warehouse addons can store and the item has to be able to fit as well (a car can’t be shoved into a chest for instance). In addition, things will basically pile on top of one another, making finding what you want to get harder than one might think if they have a huge collection. You may switch which item has this enchantment, but only one item can have it and you must empty out everything contained in the original item.",,,
38,,300,Playing with Dolls,Fate/Legends: The Land of The Rising Sun ,"Ever have the ninja pushed for more tricks and tools to keep them ahead of their foes. It’s only logical that their desires for a greater advantage over the raw power of the samurai would lead to such advancements in technology. The Danzou puppet is the culmination of incredible science and magic coming together as one, creating an artificial lifeform filled with the experiences and skills of many great ninja, equipped with advanced technology and powerful magic. It’s also something you have the knowledge to make and more besides.

You have the training in various disciplines to create advanced puppet bodies like this, as well as the weaponry and technology that Danzou makes use of in that body, even things like missiles. This covers both ordinary scientific knowledge and occult magecraft focused towards artificial bodies like this. It’s quite possible to turn an existing person into one of these puppets, albeit more difficult than making it from scratch. One of the more impressive parts of this field is the techniques that allow for the recording and uploading of knowledge or skills that people possess. With a willing or incapacitated subject, you know how to examine what they know and copy it over to another person.

Your studies in this field have also helped you realise how to capably combine magic with technology, creating things where the two work together to support and enhance both sides’ effects instead of interfering. While you can’t alter the basic metaphysics behind things such as mystery, you do know how to work it to your advantage.",,,
39,,300,Virtual Environment,Fate/Extra CCC,"What does it mean for the Moon Cell to be a digital reality? It’s not a virtual environment in the sense that you’re probably thinking of. It is very much a reality, following its own set of rules which is somewhat different from the reality of the Earth. You could call them Reality Marbles of a sort, although they don’t manifest the inner being of anyone in particular. Even if you’re not normally very good at Code Casts, you’ve learnt the trick to creating and maintaining these digital spaces. Of course, you might be able to learn how to make pockets of reality working off of different rules, but don’t underestimate just how complex the laws of reality can be. It’s recommended you stick to the inner workings you can automatically set up already.

These spaces require energy to not only create, but also to maintain, as you can probably guess, but by simply connecting it to something that you don’t seem to be able to interact with in any other manner, you can make a virtual space the size of a building that is completely defenseless to existential threats, but acceptable for most purposes. Should you have a source of great amounts of energy, you’ll be able to make larger and sturdier spaces, and perhaps if you have a source of energy on the level of the Core of a Planet, or perhaps the Moon Cell itself, you’d be able to construct an entire planet-sized reality following the rules of a digital world, provided enough time and effort to both create the thing and also make it anything other than an empty void.",,,
40,,300,Create Greater Item,Grand Foreigner,"Create Greater Item is an eighth rank spell that allows the caster to create any item. The only restriction is the amount of energy you have to power the spell. Items of greater complexity and higher quality require more energy. For example, a medium sized pirate ship required the same amount of mana as five tenth rank spells. Aside from mana you may also use any other form of energy to power this spell.",,,
41,,400,How Did Your Garden Grow?,Fate/Apocrypha,"Yes, you managed to construct something approximately the size of a small mountain...in total secrecy...near enemy territory. How? Only you know, because it was this perk. Feel free to build all manner of FULLY FUNCTIONAL BATTLE STATIONS, because up until you take off/activate the doomsday device/show up, nobody will realise what you were up to. Once it’s out in the open, however, you can’t hide it the same way. Hope you’ve got an escape plan.",,,
42,,400,Pupperty,Generic Nasuverse,"Spell for making puppets that you can control at will. In large part, the strength of the puppets depends on what materials they’re made from.

This allows for the creation of mystic codes capable of acting either independently of their creator or under the control of their creator. It’s also possible to create new body parts and attach them to a user, though doing so in a way that the new body part is indistinguishable from the natural body parts would require the skill of a master.",,,
43,,400,It Takes Just A Minute,Tsukihime,"You’ve come to see a doctor, but just look in the mirror, and you’ll find a healer...and the worst possible dealer. You’ve completed training as both a nurse and a pharmacist, able to identify the medicinal uses of herbs or plants on sight, and quickly learn what ones you don’t recognize can do in a matter of minutes. But that’s not all. In addition to being a fairly effective doctor and caretaker, you’re good at concocting drugs able to trigger supernatural stimuli - a homicidal urge here, a psychic link there - it needs to already exist for you to make drugs that can toy with it, but with a bit of study, there’s little you can’t push or pull with the right recipe. Paralysis, insanity, or even a good night’s sleep and a moment of sanity - you can do it all. Just swallow the pill and don’t worry about it~.",,,
44,,400,Sealed Creatrix,Witch on the Holy Night,"You’re a polymath of all things magical yes, that much should be obvious to anyone who knows of you, and even without any particular knowledge about a given field learning and picking up more comes easier to you than most modern magi. However, there is one area where you really shine: The creation of Mystic Codes-artifacts created by magecraft which supplement magic users and have various properties of their own. From designing your own mystic eyes to implant into others, to creating and patenting a form of broomstick-based flight your genius at innovating on magical principles of all kinds ensures that innovating your magic items is second nature to you. But your most terrifying capability is a gift for reverse engineering other magic items. From the most advanced works of man to the legacy of a long-lost god, with enough study, resources and patience creating simulacrae of wonders long lost to the modern age is well within your reach.",,,
45,,400,Onmyouji,Fate/Legends: The Land of The Rising Sun ,"Among the most structured and ancient styles of magic in Japan is the Onmoyuji’s work. This Japanese magecraft is a mix of science and occultism, containing both many ordinary spellworkings but focusing primarily on working with tools and charms. Most famous are the paper charms and familiars that a Onymouji can easily create, imbuing them with magic long term to achieve a wide variety of goals. Wards, enchantment or cursing of others, creating powerful Shikigami warriors and more. You are a master of these arts, with a above average amount of magical energy to channel into them. However, an Onmyouji finds that raw power is worth less than skill and materials, as you can potentially do battle and seal even a great youkai like Tamamo no Mae despite lacking in power with the right set up. Onmyoudo performs superbly well with preparation, seeing rituals of incredible power becoming much easier than many other magecraft forms.

In particular, you are familiar with the secret technique of Life Continuation. With this, you are able to engrave your very being onto your Shikigami, making them as much a part of you as your original body. Your human form being destroyed hardly matters when a thousand paper familiars hold your essence still, allowing you to control them all at once",,,
46,,400,Alchemic Genius,Fate/Revelation Online,"Originally, the Lesser Grail was a cup shaped Mystic Code that was used to hold all of the power of the vanquished Heroic Spirits. Unfortunately, it was broken in the 3rd Holy Grail War. This is not surprising because the 3rd war involved an immense amount of rule breaking. As a result, a new Lesser Grail needed to be constructed, and was done through Alchemy. You naturally have an interest in the arts responsible for your creation and maintenance and as a result you've learned nearly everything there is to know about all kinds of Alchemy, and are experienced in using it. You've also mastered the art of drawing alchemical circles, and have memorized all of them to the point where you could do it blindfolded. As a side effect, you know everything there currently is to know about chemistry. Of course, you can also do Alchemy through magecraft alone, and are quite good at it. If you wanted, you could even alchemically alter someone's eyes and magic circuits to give them a Mystic Eye. If you wish, this can also include the Atlas Institute style of Alchemy as well, which is its own thing.",,,
47,,400,Fangs of the Beast,Fate/Legends: Land of Shadows,"The greatest of warriors only become such with the greatest of tools, which themselves must be made from the greatest of materials. What greater materials could there be than those legendary finds at the end of quests, the mythical beasts that heroes slay or even the bodies of the hero himself? You are a master at the creation of all kinds of magical weapons, armour and items, capable of crafting even things like some of the magical spears wielded by the Knights of the Red Branch. Your proper talents come to the fore when making items from the body parts of slain monsters or magical beings, allowing you to not only create results of far higher quality than normal but also to retain some or all of the magical powers inherent to the being you are using as materials.",,,
48,,400,Doctor of Death,Fate/Legends: Oasis of Fantasy ,"The techniques of the Hashashin leaders are sourced through the modification of their own beings. The body and even the mind or spirit becomes subject to all kinds of gruesome experiments in their pursuit of power and the ability to deal death on a higher level. Beyond just knowing one of their techniques, you are aware of the methods to create such techniques, though your studies have taught you the general tools and processes rather than the specific methods to the powers of the Hashashin. You have the skill and ability to mould the bodies, minds and spirits of other beings in order to grant special abilities. This can be as simple as grafting the limbs of demons to human bodies and having them work to as complex as separating out the alternate personalities within a madman’s head to allow him to summon them as separate beings in reality.

Your skills with the alteration of the form also extend to other uses, such as practical healing and medicine, brainwashing or therapy, even creating your own monsters instead of altering the bodies of existing beasts. Most bodies however, have a limit on what you can do with them. As impressive as what you can do is, a human body can rarely take more than one or two major alterations before it ceases to function properly. Perhaps in time you could discover how to extend those mortal limitations.",,,
49,,400,Flesh Doctor,Fate/Legends: God Save the Queen,"To trespass on the realm of the gods, is there any higher realm that science can aspire to? Creating life itself, a thinking homunculi made not from magic but electricity and biology. A triumph of humanity’s progress and monument to their arrogance. Frankenstein’s legendary accomplishment was too much for his mind to handle, feeble and unworthy of his own creation, but nothing prevents you from stepping up to the plate. You have the same mastery of biological and electrical sciences as Doctor Frankenstein, able to create the required machines to manipulate lightning and life itself. With the right resources, you can recreate or even improve on his artificial lifeform. This knowledge can of course be used for other means, creating tools to harm or manipulate life as easily as it can create new life. 

The skills to create are easily turned to repair, applicable to both your own creations and other forms of artificial life, finding yourself with a talent for easily putting back together in functional form these beings. Unlike the fool doctor, you are also gifted with understanding of the new life you make, an almost empathetic connection to help you realise their desires and emotions. 

With enough work, you can also extend the practice of creating life to any other science or intellectual discipline you know. A rudimentary artificial intelligence made from steam powered machines, a living spell crafted by the hands of a magi or even more bizarre creations, thoughtforms given true life through the practices of a psychologist.",,,
50,,400,Motherhood,Fate/Legends: Land of Shadows,"All things in this world come from a mother, be it an animal mother or mother Earth. With your long and storied history with motherhood, you thought to take things to a bit more of an exceptional level. You have the ability to create life and nature, so long as you have taken in the right information to do so. By taking a living being or part of nature within you, through consumption of a part of it or some other method of receiving genetic information from a living being within your body, you’re able to imprint that information inside you and create new life based on it. Taking a human in this way would allow you to create humans, as infants or fully grown adults, with a small expenditure of mana, enough for even a normal person to make two or three adults this way. Take in a dog’s information as well and you could even mix the two, creating dog-men. You can even pass down information you know and wish into them, moulding their personalities, skills and memories. Enough energy and you could birth entire armies. Not that you need to literally give birth to them. It is possible for you to simply create this new life in front of you from your energy. And as mentioned before, this also applies to any part of the natural world. Sip from a river and with enough mana spent, you could create an entirely new river.",,,
51,,400,Perfect Copy,Vasto of White,"Perfect Copy is a formidable ability belonging to the likes of Szayelaporro. By investing in this perk, you can acquire a version of this power that belongs to you. To activate this power, you will need to concentrate your spiritual energy on your target. Once you have gathered enough information, you can generate a copy of them using your own energy or by expelling them from your body.

The duplicates you create are far from lifeless dolls; instead, they are fully independent beings with the same skills, memories, and even personalities as the original. These replicas are completely loyal to you, even if their character is entirely different from your own. With this ability, you can summon powerful allies into the fray while collecting vital data by observing and reproducing your enemies. With your ability to create perfect copies, you can easily outsmart your opponents, gaining an upper hand in combat.",,,
52,,400,Motherhood,Fate/Myth,"Oddly enough, many Villains are women, and many then are mothers, Morgan le Fay, Medb, Grendel's Mother, the Birth of the End is done by Wicked women, With this perk you may ingest Genetic material of creatures or even the “Essence” of something such as drinking from a River, and can thus chose to impregnate yourself with it’s child, even if you were a man, you can impregnate yourself with multiple things, such as Metal and Fire to make a golem of molten metal, If you take in multiple People’s “Essence” you can even create a Child that belongs to all of them as well as yourself. And While you can birth the child right away, that would leave them weaker than their true power, a River Child could control enough water to do extremely minor things or just be a bit more flexible than average if born right away, if held in for the full nine months it could with some trouble, create new rivers thanks to it’s control of water or perform impossible feats of agility and dexterity. A Child of King Arthur born right away would make a goodly knight true...but held in for Nine Months and you’d have a Child who could fight their father in full regalia while only using mundane equipment...The Child’s other “Parent” has a big impact on their power level, based on how strong and important the other parent is, This perk does not give any “Loyalty” from the Child, nor any “Control” you would have to use other perks or simply raise the child yourself properly to gain such things. You Do Not have to actually birth a child, you can spill your blood on the ground and have them be “Birthed” from that if you prefer, you also no long have to show your pregnancy if you do not wish to, appearing as thin as ever even if in your ninth month.",,,
53,,400,Master of Puppets,Kara no Kyokai: Ammy Edition,"I would ask if you apprenticed under Touko, because those puppets you can make are nearly as good as hers, but she doesn’t exactly take that kind of apprentice. 

You can now make puppets, mystical machines, in (usually) humanoid form that respond to your commands, as well as puppet limbs that can serve as replacements for lost body parts in humans. The capabilities of a puppet depends on the maker, however they're usually incredibly durable and quite strong, enough that many magi use them as security forces for their workshops and homes. While you are incredibly skilled in puppetry, you are not quite on the level of Touko, and are unable to reproduce her backup body network... Yet.",,,
54,,400,Swordsmith ,Fate/Legends: The Land of The Rising Sun ,"What else shows the spirit of the Japanese but the famed katana blade? Such a central part of their mythos as to have the most famous craftsmen become like heroes themselves. No matter how great, they do not remember the makers of armor or shields like they do artisans of the blade. On the level of legends like Masamune and Muramasa, you are one of these legendary swordsmiths. Even in an ordinary forge with ordinary metals, you can smith katana of a supernatural quality. Edges that split magical steel and blades that don’t shatter after a thousand strikes on rock. Often, these even have magical effects if you intend them, such as sharpening as they drink more blood or cutting at a much greater distance than just the physical blade.

Should you have access to tools, materials and even magic of a greater level, you will be able to create far greater weapons. Weapons that bring ruin to armies, that cut castles in two with a single slash, fiery tools that send billowing tides of flame to swallow whole forests. When truly inspired, you can even create things on a divine level, the stuff of legends that only a divinity could normally craft. A sword that splits the fabric of reality itself in two, perhaps.

With time, your talents may be able to be applied to any form of blade, not just Japanese swords. Should you gain magic of your own, you will see that imbuing those effects into your weapons is effortless, even magnifying the potency of your spells greatly beyond what you would normally be able to cast if you place them into the form of a sword.",,,
55,,400,Eyes on the World,Kara no Kyokai,"Mystic Eyes are the term given to the unique powers and appearances found at times in the eyes of Magi and magical creatures. So many types exist, and such a reputation has built around them, that their possession has become both a status symbol and a sort of culture in itself. From the most simple and base Mystic Eyes of Charm to the almost sacred and miraculous Mystic Eyes of Death Perception, they are deeply desired and feared across the world. 

But they are ultimately just tools, is what you have found. And tools can be broken, altered, even made new. Again, it is more than a field of study in magecraft. What you have is a universal gift relating to eyes and the magics they hold. You’re already well studied on the many kinds of Mystic Eyes and their effects, with your immense talent regarding them allowing you to start to create tools to affect them or even make Mystic Eyes themselves. Glasses that seal their effects or enhance them, surgical tools to safely extract and transplant the eyes, contacts that focus their effects towards specific uses, eyedrops that reverse their powers for a time. New Eyes often involve binding some magecraft or power you are knowledgeable on into the eyes you know how to grow, then inserting and connecting them to the user. It’s even possible to combine and stack eyes with each other, since your skills extend to biological alteration of ocular organs. Two Mystic Eyes of the same sort placed within each other could form an un-ending mirror, trapping their targets in a spell for eternity. Effectively, you have incredible skill in most medicine and magecraft relating directly to Mystic Eyes and immense talent in furthering that, both in this world and in regards to any other eyes you might encounter.",,,
56,,400,Nimaiya's Legacy,Vasto of White,"You possess the rare and extraordinary ability to forge new Zanpakuto, just like the legendary Ōetsu Nimaiya. With this power, you can create not only Zanpakuto for yourself but also for others. Your expertise in Zanpakuto forging allows you to imbue your creations with unique and powerful abilities that suit the wielder's personality and fighting style. You have an innate understanding of the nature of spiritual energy and its interactions with physical matter, allowing you to craft Zanpakuto of unparalleled quality. You can shape and manipulate spiritual energy with ease, imbuing your creations with a wide range of abilities that can manifest as devastating attacks or powerful defensive measures.

Your mastery over Zanpakuto forging also allows you to refine and improve existing Zanpakuto. You can modify the abilities and appearance of a Zanpakuto according to the wielder's desires, unlocking its full potential. Whether you are forging a Zanpakuto for yourself or someone else, you can create a weapon that perfectly complements the wielder's strengths and weaknesses. Your creations are infused with your own spiritual energy, allowing you to sense their location and condition at all times. With this power, you can shape the course of battle and turn the tide of any conflict.",,,
57,,400,A Bard's Tale,Fate/Legends: God Save the Queen,"Why lead an army to conquer the world when you can change it to your liking without ever needing to leave your own study? The power of a story is not always so grand but it has only become more influential as the barbaric days of the past are left behind and communication becomes ever easier. Your skill as a wordsmith, playwright and orator is one of very few peers, outside the rare exception like the Bard himself. Be it novels, plays, poems or all at once, your gift is sure to earn widespread acclaim and wealth if you publish your works. Not to mention how well the upper class and even royalty tend to receive you when you write a story casting them in a favourable light. Most of your creative endeavours tend to only become more popular and influential as time goes on, easily cementing your place in literature and theatrical history, as well as an easy path to influence the world of the future through your writing. 

But this is merely the mundane side of the entertaining word, you’ve reached beyond the ordinary world already. Through both writing and oration, you can Enchant the world around you. With vivid descriptions and praise, you can reinforce, enhance and even awaken magical powers in objects, people and even entire locations. A common longsword might gain unnatural sharpness as you weave a tale of the battles it has seen it’s wielders through. The greater the existing history and mystery of your target, the less limited you are in your Enchantments, though they require more and more investment from you too. A common blade might be made supernatural but it will never match truly legendary swords. On the other hand, with many days of inspired fabrication, the unnamed but personal sword of a noted hero could indeed grow to match the likes of Ascalon and Excalibur. As they are but stories, these Enchants do fade in time, though using the enchanted object to accomplish deeds worthy of it’s supposed new fame may indeed make it a permanent change. 

A final and more costly ability discovered by you is to give form to your words and creations through the use of magical energy. While it can be quite costly to create complex and large scale obfuscations, it is entirely possible for you to scare away robbers with demonic phantasms or force enemies to face illusions of old traumas and foes. Surely, your skill in writing characters will be helpful in directing these phantasmal actors.",,,
58,,400,Dread Captain Nikola,Fate/Saber Wars,"Technology has gotten a little eclectic, given that it almost always comes from the deranged minds of the various Casters across the galaxy. You might cross one sector and go from seeing shining space-age metropoli on one world to a steampunk space empire on another. You’ve a mind to keep up with the various genii found across the stars, with a general understanding of most common cosmic-age technology. You do have the usual specialty though, a field in which you can produce all kinds of wonders. 

An outdated electrical studies major who somehow took the inferior to Artorium energy and created technology to terrorise half the galaxy, raining down lightning as if like Zeus himself. A steam obsessed scientist who revived the ancient art to create a star empire of steam powered robots and ships. Even a Servant scientist who studies the Saint Graphs themselves, to learn to modify and manipulate such things. There’s not much a smart man can’t accomplish in this galaxy and age, not with enough time and resources. And since everyone is immortal, is it much wonder that every genius seems to end up a pirate or super villain?",,,
59,,400,Faerie Craftsmanship,Fate - The Island of Sin,"Excalibur, the Sword of Promised Victory. Avalon, the Everdistant Utopia. Rhongomyniad, the Lance That Shines to the End of the World. Arondite, the Unfading Light of the Lake. The fairies of Proper Human History were responsible for crafting a number of the most impressive Noble Phantasms to ever bless the world. In this timeline, the six A-Rays of the Beginning slacked off instead of creating Excalibur, and for that sin the world died. But the sheer craftsmanship of those original fairies hasn’t faded, but has lived on in the hearts of the greatest of the Earth Clan—in people like you.

You have surpassing talent for the creative arts, and it would take you only a matter of weeks to become a master in a field of crafting that you never discovered before—and your skill will only grow from there. But what’s more, is that the items you create are just better than those of your contemporaries, holding more conceptual weight. A shirt that you make will manage temperature better than it should. Armor you create would resist blows that should have caused the metal to crumple. Spears you make will pierce through hides that would normally resist weapons. The buildings you make perform their function better, perfumes you brew smell better, and food you cook is more delicious and nutritious.",,,
60,,400,The Inescapable Void,The Holy Man of The Church Creek,"When Beast XI/L emerged no one was capable of defeating it. Even the combined might of Shirou, Artoria, God, Angra Mainyu, and their allies was unable to hurt it. In the end they were only able to defeat it by sealing it away. By channeling your immense power and focusing it through you can perform a similar feat. This allows you to create a permanent prison within a one-way passage. This void-like space, similar to the one forged by the Great Red, is an impenetrable fortress with no exit.

Once your target is trapped within its confines, there is no escape, no matter their strength or abilities. This prison exists outside the bounds of conventional reality, rendering any attempts to break free or traverse its boundaries futile. Just remember that you must also be capable of forcing your target within this prison before they can be trapped. Lastly, you may optionally open these prisons if you ever wish to release your target for some reason.",,,
61,,400,Fetch,Fate - The Island of Sin,"This little bit of witchcraft isn’t native to this world, but was nonetheless adopted by Tam Lin Tristan in her interactions with the Crypter from Proper Human History known as Beryl Gut. It allows you to use a piece of another individual—such as a fingernail, a bit of blood, or even a single strand of hair—to create a miniature copy of that individual, a perfect replica right down to their soul. Because it is a perfect replica, any damage you inflict upon the replica must therefore be true also for the original, allowing you to maim or kill an opponent at any distance as long as you have a piece of them, first. Only conceptual or Anti-Purge defenses could have any chance of preventing it from taking effect.

Beryl taught Tam Lin Tristan this technique so he could see it used without having to cast it himself—because it will rot away the soul of the caster. Fortunately, your variety of the spell has no such consequences.",,,
62,,400,Forger of Legends,The Holy Man of The Church Creek,"In your hands lies the power of a master craftsman, a true legend in the realm of blacksmithing. Your skill at forging surpasses mere expertise, allowing you to shape and mold materials with unparalleled precision and artistry. Each strike of your hammer resonates with the echoes of history and the knowledge of countless legendary weapons. As the Forger of Legends, you possess an innate understanding of the forging process, not just for mundane weapons, but for extraordinary creations that transcend the ordinary. Your connection to the spirits of the weapons you have encountered and the knowledge of their individual forging processes fuels your mastery.

With every swing of your hammer, you channel the collective wisdom of the legendary weapons you have studied, infusing your creations with their essence. No material is too challenging for your skillful hands. Whether it be mythical, Devil Cores, or any other rare material, you can effortlessly shape and manipulate them to your will. The properties of these materials become second nature to you, and you can draw out their true potential, transforming them into works of art that surpass the limitations of ordinary craftsmanship. Every piece of equipment you forge has the potential to become a Noble Phantasm, a divine weapon, or an equally impressive piece of equipment.",,,
63,,400,Imagination Manifest,Vasto of White,"You possess the power to make anything you imagine become a reality. Your imagination has no limits, and whatever you create is as real as the world around you. With this ability, you can manifest objects, creatures, energies, and even abstract concepts into reality with ease. In addition, this power transcends the laws of reality and the limitations of spiritual energy. Your imagination can overpower any opponent, regardless of their strength or abilities. You are immune to any power that attempts to alter or manipulate your imagination, and you can manipulate reality itself to suit your needs.

Furthermore, your imagination is not limited to the physical world. You can create entire worlds and dimensions, with their own laws and rules, which you can freely manipulate and control. You can also create mental constructs, illusions, and even alter the perceptions of others to suit your desires. This ability however, does require conscious effort to use. This acts as a mental toggle allowing you to turn this ability on and off at will. ",,,
64,,600,Inventor,Fate/Revelation Online,"this world, innovation is everything. Progression is driven by improvement in methodology and implementation, and that's something you excel in. You're exceptional at developing new uses for existing technology or abilities as well as developing new technology. Once Mystic Codes become available, this perk will apply to magitek as well as purely mechanical or magical matters. Your specialty, however, is combining technology and magic in order to create something that is better than either of its component parts.",,,
65,,600,"Old Dog, Strange Tricks",Fate/Zero,"You’re perfectly aware what more modern mages think when they see your refusal to use technology of the current era. You don’t even need to see their faces to know the disdain they have for tradition. That’s alright. You know that their technology isn’t needed, because you can already match it with magic. Not to say you can just cast Missile or chant up a Microwave. Rather, you create mechanisms that run on magical energy, rather than whatever force powered the base you are working with. These magical machines require a great deal of magical knowledge to create and roughly the same effort and materials as a mundane variant would but are powered solely by magical energy, no matter what originally powered the machines you are recreating.",,,
66,,600,Domination,Fate/Stay Night,"It was the Makiri family who created the Command Seal spell that would become so integral to the operation of the Grail Wars. Only the ancient head of that family, Zouken, may still remember how to create new ones, though others have since figured out how to transfer existing ones. Not only can you make new ones as good as Zouken in his prime but you are not limited to creating these for just Servants in the Grail War. Whilst expensive and time consuming to craft, you are able to apply these Command Seals to any target willing, or simply unable to resist, to take them. The wielder of these Command Seals is either yourself or a person of your choice and the bond between the wielder and the target automatically forms. The spells work exactly as they would as if they were the normal set of 3 Seals any Master gets, the only difference being the targets, wielder and number are now chosen by you, as long as you go through the effort of their creation.",,,
67,,600,Bloodline Establishment,Kara no Kyokai,"We all had to come from somewhere. All of the various clans of the Hunter’s Organisation had to have been made, to have had an originator. For psychic powers, such rare things, to come to be present in every member of whole families is simply not natural. And that unnatural method is known to you, just one of the many you now discover. Through a mixture of medicine, hypnosis, certain magecraft-like practices, selective breeding and perhaps a touch of the inhuman you are meant to hunt- you’ve learned to slowly create new Demon Hunting clans with their own psychic bloodlines.

It can take generations to stabilise and hold true but you are not limited to only the powers found in the four main branches of the Organisation- the Nanaya, Ryougi, Asakami and Fujou. Instead, you are even able to slowly design new ones of a similar level. A family of electrokinetics or who can naturally command low level spirits and fairies? Taking the young Shirazumi boys predatory mutations and creating an entire line of carnivorous demon hunters? All possible, with time and available subjects. The final note to make is that, like the clans above, there can be a great deal of individuality in the clans you breed. While most members will be stable and similar in psychic power, rarely some will appear with much more impressive variants of the normal power, either naturally or just through their life experiences.",,,
68,,600,Artificer,Tsukihime,"Even among the everyday alchemists of Atlas, you have a talent for the creation of new and interesting items. Mystic Codes, modern Conceptual Weapons, even living Homunculi...with the time, study, and resources, you can create new and amazing items and magical beings that modern magi would happily chop off a limb just to possess. You also have the skill to reverse-engineer magical enchantments that others make, and with enough time, you may almost perfectly recreate them - though it takes a proportionate amount of resources and study to make something that departs from the norm, and something on par with a relic from the Age of Gods may take a king’s ransom and a near lifetime of work.

To explain, a Mystic Code is a ‘support’ item utilized by magi that come in two types. The first is an Amplifier, which can strengthen or support their magic by storing reserve energy for later use or directly amplifying a spell, as the name indicates. An example of this is the jewelry used in the magecraft utilized by the Tohsaka family. The second is a ‘Specialized’ Mystic Code, which can perform a given spell or function upon being activated by the user’s magical energy. This could even be utilized by those without magical circuits under certain conditions - for example, the Salamander Gloves used by Azaka Kokuto in a different world, which could generate flames using her ‘talent’ for spontaneous combustion alone.

A Conceptual Weapon, to contrast, is a weapon that has accumulated a history within it, and do more than simple physical damage or interference - it has a singular ‘concept’ embedded within it and is able to damage or disrupt things like physical laws or magical beings, or even formless things that normally couldn’t be damaged by mundane means. It does so by imposing its given concept onto the world, and inflicting it on those the user attacks with the Weapon. A common modern example are the Black Keys utilized by the Holy Church itself.

Finally, a homunculus is a magical being, an artificial lifeform created without the normal biological process of birth. The concept of ‘age’ is largely meaningless, as they begin with all of their required knowledge for whatever task they were made for upon being created, aging to adulthood in months instead of years. They also possess powerful Magic Circuits as a result of their artificial creation - though as a consequence, homunculi are usually physically frail, have mental defects, or short lifespans - some trade-off to their creation process. Perhaps in time you could eventually make one with a human lifespan or iron out some of these defects, but that will take years and resources you likely could have used a simpler creation for. For some reason, ones you create are guaranteed to be unshakeably loyal (or at least benign) to you in particular.",,,
69,,600,Drug Making,Lewd Fate,"Somehow, you’ve managed to transcend the limits of your craft and achieved this. What started as you simply fucking around to make aphrodisiacs and minor drugs somehow ended up as the ability to make any drug imaginable with an incredible potency, that bypasses any and all immunities and resistances, your drugs do not have any unwanted effects any unpredicted side effects would only be ones you’d approve of.",,,
70,,600,Mad Science Jumper,Tsukihime,"...wait, what? Huh?! How does any of this have to do with being a maid?! I guess the robots could look like them or something, but...anyways, against all logic, you are an engineering genius who could put certain inventors to shame, able to construct fighting androids with comically effective artificial intelligence that will be completely loyal to you unless mistreated. These robots, with enough time and resources invested in them, could individually lay low Dead Apostles or other creatures with some effort, and are able to hold the armory of a small tank in a humanoid body, or otherwise putting a large amount of weaponry compared to the size of the robot within its arsenal. Given enough time and privacy to work, you could even make a self-sustaining factory that churns out an army of these robotic avengers...you ARE doing this for maid work, right?",,,
71,,600,Man Made World,Fate/Grand Order,"When Nikola Tesla took the secret of lightning to humanity, he spat in the face of Gods and Magicians alike. He had taken the divine and made it mundane for the sake of humanity and that act gave him genuine, immense power. While some may point how the ridiculousness of his science becoming supernatural, one can’t ignore the power that technology gained, especially against the supernatural. You are a true creator in the same vein as Tesla himself now. The technology you create is supernaturally empowered, becoming more and more so the wider spread your technology is in the world you are in and the more your technology advances that world. If you created and spread around the world the secret of electricity, which revolutionised the entire world, you would then be able to create electrical devices that allowed you to do battle with even some of the mightiest Servants in history. Your technology is also imbued with even greater power than normal when used against Divine opponents, as the Gods seem to have an innate aversion to the progress you bring.",,,
72,,600,Master of Death,Grand Foreigner,"While Ainz is a master of numerous forms of magic his main specialization is Necromancy. Necromancy is the art of manipulating death to create undead servants, cast black magic, curses, and many other so-called evil arts. Yggdrasil Necromancers, however, differ from standard necromancers as they don’t actually require dead bodies to create undead warriors. Although using materials can greatly decrease the amount of energy required to perform their magic.",,,
73,,600,Class Card Creation,Fate/Kaleid Liner Prisma Illya ,You have gained knowledge of the creation of the artefacts known as class cards. Through distilling the experience of a life into a card you may grant people the abilities of that life. To create a class card you may engrave either the abilities you have gained in a life on another world or a skill you possess such as your knowledge of a magical style or martial art. Some of your physical prowess may also be engraved onto the card granting increases in physical ability to the wielder. You may also create cards from the souls of others if you have some means of extracting them to use for the creation of the card. The cards will have to be powered by the magical energy of their wielder and can be limited by the aptitude of the user and will last as long as the user can maintain the power expenditure of the card. They will also be limited like class cards in that after being used they will require an hour before being able to be used again.,,,
74,,600,Sublimation,Fate/Legends: Vive la France,"Originality and uniqueness may certainly be the king of the high class art world but that’s only when people can tell it’s there. If not, a revision works just as well. Sublimation is the name of this capability you now have, which allows you to reproduce objects you have a chance to study and ‘revise’ them in the process, like stealing and rewriting a play. You’ll need the desired item as a catalyst but this will let you slowly make copies of it, quality depending on the time and resources you invest into each one. A few hours is usually all it takes but already powerful items can take expensive, rare or dangerous to acquire materials to remake.

 More uniquely, your revision ability allows you to alter these catalysts. Again, basing the extent of the effect on time and resources, but you can certainly make a magical sword several times as powerful or add numerous new abilities to it, altering it’s history or composition so that it always had those qualities. Perhaps a cart of raw materials from the local town square is all it’d take to take an ordinary iron blade and make it sharp enough to cut metal and alight in flame on command. But improving an already legendary blade like Durandal even moderately could take fortune’s worth of materials that would already be difficult to attain, even for a king. There is not technically a limit on how far an object may be revised, though the cost of doing so will continue to grow greatly. Of course, selling your reproductions and revisions would certainly help build the fortune needed for something big.",,,
75,,600,And the Blood was Spilled,Grand Foreigner,"And the blood was spilled...was the final Noble Phantasm that Medusa gained after she evolved using the Holy Grail. This phantasm calls upon her title as the original Mother of Monsters and allows her to create a single unique monster. This new monster is designed to be the ultimate hunter against any one opponent. It will be stronger and more specialized depending on how much information you are able to provide about its target during its creation.

For example, when combating Nursery Rhyme the monster summoned the Vorpal Blade and gained the ability to force Nursery Rhyme into a body that could be killed. This Noble Phantasm has three main weaknesses. Firstly, it can only summon one monster at a time. Secondly, altering the monster requires you to dismiss the previous iteration before you can summon it once more. Lastly, this power has a long recharge time and a casting time of a few seconds.",,,
76,,600,Bonds of Fate,Fate/Stay Night,"Finally revealed, the secrets and knowledge to the Einzbern's Homunculi creation methods. It's all yours. From the way to turn natural children into basic Homunculi to creating flawless versions of the super Homunculi such as Ilyasviel herself, you've gained not only the knowledge but also the expertise in medicine, surgery and Alchemy focusing on life creation to actually carry out the process entirely on your own. Beyond mere skill, your creations, when they be living beings, seem to be better than those of any other peer on a fundamental level. Life you bring into being with your magics and sciences, from this world or any other, is stronger, faster, and smarter and so on then it would normally be. You could possibly focus this into one area or spread it out even more generally with some work. Taking The Family Art in Alchemy on top of this would push your Homunculi beyond even what the Einzbern family achieved.",,,
77,,600,Tool Creation,Fate/Legends: Empires of Antiquity,"The ability to make and alter tools at an astonishing level. Designing and crafting magical tools of exceptional power is easy, from potions to magical weapons to siege engines, and even creating non-magical implements that can accomplish magical effects at a lower level is entirely possible. You could with time, design and create some of the greatest weapons wielded by heroes in this age, provided you find the tools and resources you’d need to do it. Your talents lie particularly towards weapons of destruction and war, as your inventions in that area seem to end up having far more power, lethality and effectiveness than you had expected from what you designed. Lastly, when forced to spend time amongst other living beings, you also find that your capabilities with tools can be applied in certain ways to living beings, letting you trick and manipulate other people to do what you want with quite a high degree of skill.",,,
78,,600,Sacred Gear Creation,The Holy Man of The Church Creek,"Sacred Gears are powerful relics capable of bonding to their user's soul originally developed by the God of the Bible. They were meant to be weapons that protect humanity and give them the potential to surpass the gods. With Sacred Gear Mastery, you are a skilled artisan in the creation of Sacred Gears. You have studied under the guidance of both the God of the Bible and Azazel himself, acquiring the intricate knowledge and techniques required to craft these powerful artifacts. Using high-level materials or the souls of formidable beings, you can create new Sacred Gears, infusing them with unique and potent abilities.

Furthermore, your expertise extends to the realm of modification. You can enhance and upgrade existing Sacred Gears, unlocking their sub-species or enhancing their capabilities. Through your mastery, you can push the boundaries of what a Sacred Gear can achieve, unleashing their true potential and elevating them to new levels of power. Lastly, your comprehensive knowledge extends beyond the realms of Sacred Gear creation and modification. You possess a profound understanding of souls, mechanics, and sealing methods, allowing you to delve into the intricate complexities of these mystical artifacts. Your expertise in these areas grants you the ability to repair damaged Sacred Gears, unravel intricate seals, and comprehend the intricate workings of soul-based systems.",,,
79,,600,Promethean Man,Fate/Legends: Strange New World,"It is mankind’s destiny to grow beyond this world. The Gods fear this destiny. It’s why they’ve tried to enslave us, hinder us and even exterminate us. Even the world itself fears our potential. And it is because of men like you that this is the case. Men who can look at the magic of the world, that thing which makes a mockery of logic and reason, and force it to bend to our wills. To make the light of the gods into the light of mankind. So long as you can perceive it, through your senses or through the application of technological tools, you have the capability to begin to decipher natural and supernatural phenomena and create new technologies based on that phenomena. Observing the lightning in the sky, the thing considered only to be controlled by Gods, would allow for the discovery or advancement of electrical power. Watching and observing as a Magus creates a Bounded Field may open up a field of technology that allows for the warping and alteration of the fabric of space. Even the strangest supernatural acts, such as the manipulation of platonic ideals or concepts or abstract ideas, could eventually be something you make controlled via technology and science. All you need to do is put in the work, have the creativity and that special bit of genius to make this all work.",,,
80,,600,Sapphire Scientist,Fate/Saber Wars,"In the same way that artificial humans can be constructed through magecraft, some have mastered the path to making a living Servant from nothing. A Homunculus type Servant, even. The secret technologies and methods of a certain dark clan were revealed to you, teaching you the arts of Saint Graph Construction. 

While it relies on advanced tools and significant resources, you have the extreme skill to create all kinds of Servants by constructing Spirit Origins manually. Your skills and tools are just as applicable to modification of existing Servants as well, allowing you to customise Skills, upgrade Noble Phantasms and even create entirely new Servant Containers to apply to existing Saint Graphs, such as the fearsome Anti-Servants made to slay certain other Servants. Manipulation of the furthest ends of the Servant System, those grand heights and beastly depths, is yet beyond you. But withenough time, perhaps...",,,
81,,600,Six Hearted Revolver,Fate/Strange Fake,"While Dead Apostles have achieved a form of immortality, theirs is not a perfected form of immortality. As such, there are several among their kind that also strive to find another way to safeguard and prolong their lives beyond this. One of such crafty bloodsuckers is Dorothea, also known as Jester Karture, a descendant of the lineage of the Dead Apostle Ancestor Van-Fem. And now, both his special immortality and the knowledge of its creation are yours.

This technique allows one to conceal their true spirit origin, their soul, under a multitude of spells and six artificial spiritual origins. Thus, when you would have been truly killed after bypassing any other defenses that you may have, instead of experiencing true death, you just suffer the destruction of one of your artificial cores, before getting up again.

But this is not the end of said benefits. You can switch between Spirit Cores in a short time with a simple gesture, as long as you are not incapacitated in some way, and each of them can have different properties that will get added on top of your other existing abilities. A Spirit Core based on a magus would grant you the ability to use magecraft, while that based on a regular child would make you appear to be as a regular human with no special traits even if in other forms your magical energy would be enough to make even non-magecraft users get dizzy. Once one is destroyed, or if you wish to do so, you may procure new Spirit Origins to craft your Spirit Cores, each granting you a new face, form and powers. Usually this involves taking it from a victim by force after incapacitating them, or getting them to consent, which may not even be limited to taking the spiritual core of a human but a phantasmal beast or an even an artificial construct may also be valid choices. It should also be noted that the ritual requires the consent of the victim when the form is that of a child.

The cores usually manifest in form of a tattoo-like mark, reminiscent of a revolver’s chamber. But you may have it manifest in some other way",,,
82,,600,Heretical Achievement,Witch on the Holy Night,"Your expertise with magically modifying the body and soul is matched only by the elder Aozaki sister in this town-a heretical mage who aspired to recreate the original human body as her path to the Root. Even powerful spirits and legendary heroes could have their spiritual structure improved and their powers or artifacts enhanced by your tampering. More importantly, somehow you’ve used it to create a truly impressive form of immortality even by the standards of this world-one that almost approaches a True Magic. Even at Touko’s precocious age, she has made puppets so realistic that even if her body was burnt to ash and her soul destroyed, the puppet’s similarity to her would be so exact reality itself would retroactively register it as the true “her” and consider the previous Touko to have been the fake. As if her craft created a sort of quantum superposition for her existence. Last but not least, these skills of yours are potentially transferable to other supernatural powers, letting you develop other forms of simulacrum-based immortality-some of which may even be transferable to others. How do they work for means other than puppeteering? Isn’t the joy of discovery half the fun?",,,
83,,600,NPC/Servant Creation,Grand Foreigner,"Hey buddy! Remember what Ainz Ooal Gown did with their Guild Base? They filled it with their custom NPCs! Which I will give you as an ability. The only things you need are Data Crystals (a whole lot of them if you wanna create some real strong ones). Any and all NPCs you create with this ability will be Unshakably Devoted & Absolutely Loyal to you no matter what. No Downfall of Castle and Country or other mind control shittery is gonna work on your cuties. A reminder. Just because they’re loyal & devoted to you doesn’t mean they will be yes (wo)men. You can customize everything about them but should you not want to go too deep into creating them, they’ll be automatically created to compliment your abilities and personality",,,
84,,600,Conceptual Attributes,Fate - The Island of Sin,"You have remarkable talent, knowledge, and experience in the realm of creating Mystic Codes. Even using sub-par materials, you can create top-notch Mystic Codes, capable of utilizing any mystic feature you choose to imbue into it, as well as accessing and providing abilities based off of the mystical attributes of the material used to create it, if any. It would be a casual matter for you to create a Mystic Code on the level of the Supreme Mystic Codes of Proper Human History’s Clock Tower. If you had truly exceptional components, and some means to imbue your creation with great levels of Mystery (such as through the weight of time and legend) you could even create a genuine Noble Phantasm.

But perhaps even more impressive than that is your ability to imbue objects you craft with conceptual attributes, should you so choose. You only begin with an association with a single concept; for instance, Artoria Caster, due to her Holy Sword Creation, would infuse any object she created with the concept of “sword”. This would allow even a shield to cut through objects, and would let a letter opener pierce conceptual defenses that was weak to swords as though it were actually a sword. You begin with this one concept, but you can learn others by studying the concept enough and introducing it into your life in a major way, although you couldn’t possibly acquire more than a single concept per year in this fashion.",,,
85,,600,Cenceptual Conjurer,Vasto of White,"You possess a unique ability to analyze and comprehend complex concepts and structures, allowing you to replicate and manipulate them to your advantage. With this power, you can duplicate the composition materials of any object or entity, imitate the concept of their making, sympathize with the experience of their growth, and reproduce the accumulated years of their existence. Additionally, you have the ability to overload any given object or entity, unleashing its full potential and surpassing its limits.

For example, you can use this power to manifest and control Zanpakuto Spirits, imbuing them with incredible strength and power. You can call upon them to fight alongside you in battle, and even enter their Final state, unleashing their true power. You can perform similar feats by creating other weapons, summons, beings, and more. ",,,
86,,600,Mind of God,Tsukihime,"The primary interest of Atlas is information and the manipulation thereof. This goes beyond simple precognition of day-to-day events or giving yourself an edge in combat - it is the manipulation of the progress of humankind as a whole, and prevention (or creation) of their extinction. A single human body cannot handle such information by itself - so instead, you made tools capable of accessing and storing the collective knowledge of humanity. You are capable of constructing devices that could create or manipulate pseudo-Spiritions, or virtual projections of the soul, and transmit that into a virtual space of your own designs as well. These devices are equal in magnitude and processing speed to a highly advanced Quantum Computer, and let you store or project a human consciousness, soul and all, into these spaces. With time and resources, you could recreate almost the entirety of planet Earth and the records of all its history, and store the whole of mankind within it...though doing such a strenuous, time-consuming process would take a lifetime by yourself. Recreating something such as a certain Moon-based digital space with this alone is a daunting, perhaps impossible prospect.

However, the ability to create such highly-advanced devices has come with a neat additional perk - namely, with the information it can calculate, it is possible to ‘observe’ the entirety of a world’s history and several probable futures, along with the conditions needed to make those futures happen or even prevent them entirely. It could even provide instructions or probabilities of success with new advances or superweapons not yet within the world on aiding these potential futures, creating Mystic Codes or wonders few could even dream of beforehand. With resources and time, perhaps you could make a device that can make those probabilities real by command alone, though that requires energy and conditions that a lone human being can’t generate. Finally, everything is here - the records of humanity can be preserved and made whole.",,,
87,,600,The Future is Now,Fate/Grand Order: SkyrimAnon,"CHALDEAS, a conceptual model of the Earth. Sheba, an Observation Lens that deserves the capitalization, used to observe the timeline through CHALDEAS. Rayshifting, a form of time travel involving a conversion into spiritrons. All these technologies were developed by Marisbury Animusphere, a Magus with a vision and a project to complete. With this purchase, you come to share this man's sheer unbridled genius. The secrets to spiritron based technology are yours, something that most people would term ""magitech"". As seen with the examples given previously, the potential of this form of technology is utterly absurd. With enough time and funding, not even the sky might be the limit to the kinds of devices you can develop. And this genius also lets you figure out how to combine your technology with other magical forces you might come across, to vastly expand the possibilities of what you could develop. Of course, as mentioned before, you are still limited by the time you spend in R&D, and the funding available to you. You might not have much of either thing, but it seems that a certain wish has rubbed off on you that could help solve that.

A big pile of money, that is the wish that Marisbury made on the Holy Grail. Of course, instead of a literal big pile of money, he instead received great fortune. Like him, you'll inexplicably find yourself with immense amounts of funds whenever you set out to develop some piece of technology, enough to comfortably afford whatever project(s) you are working on and have plenty left over for other projects. What's more, if you focus all of your funding into one project instead of saving the excess for later, you can massively shorten the amount of time any given project would take. As a reference, Marisbury used this to turn an almost century-long R&D cycle of multiple projects into a bit less than a single decade. Whatever it is that you set out to make, it's almost certain to shape the history of humanity for millenia to come.",,,
88,,600,Grand Forge of Steel,Vasto of White,"As a Master Craftsman with the Armeria Sequence One, you possess the ability to create weapons and equipment with nearly omnipotent effects. You can forge tools and armaments that can circumvent the supreme properties known as ""laws” and to strike at core concepts in the universe. By accessing a power called Armeria Sequence One, you can bring forth a seemingly illusory station of castings and soldering irons, where you can set and lock the sequence and then initialize it to trigger the forging process. As you do so, you call upon the powers of creation and set an anvil of dawn, from which a hammer forms in your hand.

You can use this hammer to shape and mold the metal into whatever weapon or equipment you desire, infusing it with your spiritual energy. Through the Armeria Sequence One, you can imbue the resulting tool with incredible abilities that can sever fate beyond the omnipotence of laws. As a Master Craftsman with this ability, you are unparalleled in your skill and can create weapons and equipment that rival those wielded by gods. With your creations, you can strike fear into the hearts of even the most powerful opponents and overcome any obstacle that stands in your way.",,,
89,,600,Dimensional Architect,Vasto of White,"You possess the ability to create new worlds and dimensions, much like Shirou created Hueco Mundo. By visualizing and imagining the new reality you wish to create, you can harness your innate power and bring it into existence. Your ability to create these new dimensions is limited only by your imagination and willpower, as well as the amount of energy you can channel into the process. 

As the creator and architect of these new dimensions, you have complete control over their properties, rules, and inhabitants, allowing you to shape them according to your desires. You can even create portals or gateways that connect these dimensions to other worlds or realities, granting you unprecedented access to the multiverse. This ability makes you a master of space and time, and grants you incredible versatility in both combat and exploration. However, be warned that creating new dimensions requires a great deal of energy, focus, and concentration, and can be mentally and physically taxing. Use your power wisely, and you can shape the very fabric of reality itself.",,,
90,,900,Scientific Genius,Generic Nasuverse,"New scientific discoveries and groundbreaking ideas just come naturally to you. You constantly push the bounds of what humans can accomplish through the power of knowledge and understanding, bringing human technology closer and closer to something that resembles magic.

These new discoveries are especially easy when you’re exposed to a Mystery related to that scientific discovery. Something about seeing and feeling that Mystery sparks something in you, lighting the way for how to unravel that Mystery and make it something possibly through technology.",,,