0,,CP Cost,Name,Jumpchain,Description,PERKS,COVER,109
,,,,,,,,
1,,Free,Porn Logic,Fate/Grand Master,"At least you’ll be well-prepared if you wind up needing to repopulate humanity from scratch, right? Sex never has any ‘realistic’ inconveniences for you; unwanted pregnancies, social diseases, inconvenient chafing, etc., all of these things are cheerfully handwaved away. Your partners won’t even worry about them, or notice anything odd about the lack of them.",,,
2,,Free,Heroic Countenance,Fate/Grand Order: SkyrimAnon,"The heroes and gods of this world are predictably good-looking. Even the scumbags have a certain sort of style to them, and those who can truly be called ugly are vanishingly rare. Even most modern humans you could find here look pretty good. As a freebie with this perk, your appearance is enhanced and touched up a bit so that you don’t lose out to most Servants you’ll encounter. Your appearance might not approach that of those famed for their beauty, but you won’t be overshadowed by most legendary figures. By the standards of ordinary people, you could even say you look very attractive. Of course, that’s unlikely to matter much during your stay in this jump, given that most people you’ll meet will be ‘very attractive’. The exact form this beauty takes is up to you. Maybe you’re tall and muscular to the point your clothing is bursting at the seams, maybe you’re effeminate and cute, or maybe you’re so busty you’re at the very edge of what is humanly possible. You can even add non-human aesthetic traits to your body, like horns, scales, animal ears and tail, or perhaps something weirder like arms and legs that fade into a starry background. Whatever you choose, hopefully it’ll be something that’ll let you feel confident when looking into a mirror.",,,
3,,Free,The Legendary Cock,Lewd Fate,"What an impressive member, but it wouldn’t be called Legendary for size alone. Your legendary cock allows you to instinctually fuck any hole you put it into perfectly, getting into even the tightest holes easily and with no pain whatsoever, every hole it is about to penetrate is perfectly lubed and cleaned, your semen tastes heavenly, makes your partner achieve a series of orgasms at Will each greater than the last, your fertility is under your complete control and you are able to impregnate even beings that should be sterile so long as they should theoritically be capable of it, finally you have no refractory period. Women that take this and don’t wish to get a dick, can instead have these benefits applied in any way they desire, from getting a comparable boost to size wherever they wish, to having the cleaning and lube applied to themselves or their lovers as required.",,,
4,,Free,I Come From France,Fate/Legends: Viva la France,"These aren’t the years in which the average man had great power. People seem roughly about as normal as in the modern world. But that’s not to say they don’t have potential. Especially when they might turn into a hero, like you. No matter what origin you choose, this perk grants you a healthy and fit body for free, at least enough to perform ably in a ordinary fight or battle. Your looks are decent, at least a cut above the norm, and you have basic magic circuits available to you. While you lack any training in their use, 20 magical circuits of high quality is a capable start.",,,
5,,Free,Blood of an Englishman,Fate/Legends: God Save the Queen,"Of physique, you are relatively ordinary for your time. Fit but only the fitness of a career soldier or manual labourer who cares for themselves as best they can. You’ll at least be unlikely to catch any of London’s many, many diseases. Magically, you do have some potential. While not an exceptional prodigy, you have an above average number and quality of circuits within you. 30 in total, each of enough quality that even established Magi families would be proud to have them. Perhaps you’re an orphan of some now dead branch family, if not a freak of nature?",,,
6,,Free,Blossoming Sun,Fate/Legends: The Lane of The Rising Sun,"You had a fortunate birth, whatever you end up being, and find yourself above average for these lands. Japan is not particularly a bastion of mystical heroes in the way of Greece or Britain. Indeed, many of the legends to be found following are made from incredible skill or the command of many soldiers instead of personal feats of might and magic. But even these skillful heroes do tend to stand above the other poppies.

Your body is naturally on the higher end for human fitness, ably competing in modern athletics without any training required. Magically, you possess a number of high quality circuits, equal to the much later coming Tohsaka heir. A prodigy in those times but still notable even a thousand years prior. You lack training for now but magic is not so hidden as it becomes in the modern day, with the presence of spiritual temples and Onmyouji practitioners.

As a quirk of this land, you also have the ability to summon a wide range of aesthetic effects, even when they make no sense. A flurry of cherry blossoms on the wind as you make an entrance, the sun shining down the red rays of a sunset even mid-morning to dramatise your battles. One might claim you’re in some sort of samurai movie, with how many dramatic effects tend to occur around you. As part of this national style, you also have the unique trait of never struggling to draw or sheathe your weapons, no matter how impractically sized they are. The katana and sheath longer than your entire body won’t take anymore time to draw than a reasonably sized weapon. Not that you’re any better at using the weapons, you just won’t look like a tool taking them out.",,,
7,,Free,Green Life,Fate/Legends: Land of Shadows,"The Age of Gods may be over but humanity is still far from what it becomes in the modern day. As a human in these times, you have abilities quite beyond the ordinary man of the later years. Your body is physically at the peak of human capability, even without training, and your magical potential sees you with around 50 magical circuits of a very high quality. Not quite enough that you’d outmatch most modern magus without effort but enough that you’d be a notable prodigy in those times. Now though? You’re rather ordinary for a warrior or wizard, perhaps a little beyond the average.",,,
8,,Free,A Different Age,Fate/Legends: Garden of Avalon,"This isn’t the year 2004 anymore. We’re in an age and a place where mystery is heavy in the air and heroes still spring up like weeds to challenge hordes of creatures out of legends and nightmares both. To be born in this era, especially to be born with the potential to be a hero, means to be something special. You have physical and magical abilities beyond the common man of the modern era. As an adult with no further training, you have a good deal of talent for combat and the physical attributes to kill a modern man in a single blow or outrun an olympian with little effort. You also possess just over a 100 top quality magical circuits, at least by the modern standards. In these times, they’re only high quality. You have no magical training but the potential thrums eagerly within you. And of course, the mystery in the air is seemingly quite good for a growing body, as you’re very likely to grow up to become quite the lovely specimen. You won’t be wowing many people in this country but in the modern day, it’s likely you’d be quite the lusted after creature. Especially since your body, if you want, is naturally inclined towards becoming very curvy. Or hard. Depending on what you prefer.",,,
9,,Free,Hindu Boys,Fate/Legends: Nirvana Yuga,"In the Age of Gods, there are few who can be found lacking. Particularly so when it comes to those with heroic destinies. While your actual powers are described above and below, this option details some more miscellaneous attributes. Your magical potential is that of one from the Age of Gods, as if you were born in that era. Whatever level of power you may have already gained above, you have that certain level of mystery that will put you above those in the modern era. 

The other aspect to life in Ancient India is that you are far from appearing average, whatever your actual abilities may be. This free option lets you not only make yourself noticeably attractive by modern day standards, it allows you to freely redesign your body within the styles of the characters found in this time in Fate. Albino colouration without the conditions? Hair and eyes like fire? Limbs that look like they’re made of the stars in the sky? All quite possible, though all also only cosmetic in nature. Perhaps you’ll have a chance to make some of these qualities have more impact later.",,,
10,,Free,Roman Holiday,Fate/Legends: Empires of Antiquity,"The earlier ages had greater potential, I’m sure you’ve heard it all before. But even among the people of ancient Greece, you’ve actually stood out more than most. You have the potential to be a hero, should you work long and hard. Your physicality is enough to let you break down a tree with a few steady blows, run several times faster than an Olympian athlete of the day and while your body is far from immune to bladed weapons, you find that the fists of normal folk feel like children on your body. You even have some magical potential of note, being capable of manipulating a decent amount of mana in the Age of Gods fashion should you find someone that can train you to do so or, should you be born later and prefer it, have around a hundred high quality magical circuits to learn to use.",,,
11,,Free,An Age of Gods,Fate/Legends: Oasis of Fantasy,"The Age of Gods is certainly a time to be alive. Humanity is far from as weak as it will become in the modern era, so you will require a suitable body to these early times. Should you be born later in this world’s life, after the Age of Gods has ended, you will be quite the anomaly. A human with a body from the Age of Gods yet born in the latter ages.

You have the physical and mental capabilities that any modern human would believe you are superhuman. You can tear through the stone or metal of the modern day without much exertion, perhaps even lift a tonne of weight over your head, and certainly outrun any horse. You have magical power unlike what appears to those who use magecraft, as you do not have magic circuits. Instead, through your body runs pure magical energy, allowing you to much more easily manipulate your own energy and that of the world around you. Of course, such a thing requires training to utilise to any real effect but once you have that training, there is no modern mage not considered a freakish prodigy that could level with you.

As befits a time of myths and heroes, you will be assured to be at least somewhat attractive and it is possible for your body to grow to somewhat inhuman degrees, though whether that manifests as being eight feet tall and bulging with muscles or the sort of beauty normally seen only in the depictions of fertility goddesses in the temples of Babylon...that’s still to be decided.",,,
12,,Free,Powerhouse,Grand Foreigner,"Everyone important in this world has some degree of personal power. Even the simplest individuals like Roman are considered stronger than the average person. To represent this you can start off with a various degree of strength. For Free you may start out with the strength equivalent to that of a Level 20 being from Yggdrasil. This is the level of most experienced Magus or Enforcers within the Clocktower.

For 300 CP you can reach the level of most Servants and so-called Heroes from Yggdrasil. This means that you will be equal to a Level 60 being in strength. Lastly, for 600 CP you may be one of the very few beings at Level 100. You will be a powerhouse above nearly everyone in this world. Optionally by purchasing the 600 CP option you may be a 42nd Supreme Being who was transported here alongside Momonga. Lastly, regardless of which level you choose you may design your classes and abilities based on the tier you purchased.",,,
13,,50,Gentleman's Spirit,Fate/Legends: God Save the Queen,"The British gentleman is an ideal admired throughout the world. Refined and regal. Handsome even in old age, carefully maintained features and hair crafting an appearance befitting any lordly man. Man or no, a graceful look comes naturally to you, naturally seeming to gain the visage of a lord or lady of repute. It doesn’t only affect your face and body, both easily kept fighting fit, but even the fashion you garb yourself in. Unless desired otherwise, your clothes quickly take on an rich yet controlled appearance. Ratty coats and shirts become double breasted suits and quality over-coats. Common sneakers become comfortable leather shoes, without hindering your swiftness. The richness of your outfit is apparent to the eyes and touch of outsiders, yet it won’t hamper you from what you truly wear, and the clothes will eventually revert after a few hours.",,,
14,,50,Celtic Thighs,Fate/Legends: Land of Shadows,"Legs that drive men to madness or eyes that look like living rainbows, people here don’t seem to settle for less then the most outrageous bodies they can think of. There are great slabs of muscle walking around as warriors, lithe young maidens performing magic as witches or perfectly proportioned, divinely gorgeous young women teaching the arts of combat and dark magics to warriors that can manage to find them. Just like all these characters, taking this option ensures you have quite the wild and fantastic body to look at. This can be as simple as being very handsome or beautiful or take a more classic look at things, adding many varied colours, new features and fantastical traits, though none can be more than cosmetic.",,,
15,,100,Physical Fitness ,Fate/Kaleid Liner Prisma Illya ,As an enforcer you have trained your physical abilities to the human peak.,,,
16,,100,Perfect Memory,Fate/Kaleid Liner Prisma Illya,"You have a perfect memory, able to remember knowledge of magic that you haven’t thought of in over a decade as if it was minutes ago.",,,
17,,100,I'm a Demon!,Fate/Zero,"Making scary faces, screaming and roaring, waving around those big, sharp swords. So last season. A real bad guy, like yourself, doesn’t need such vulgar and blunt methods to spread some fear around. Sure, you know lots of ways to scare people, even if you didn’t before, but the real upside to being so freaky is that you don’t even need to try to be scary. Just the way you move and the way you talk is enough to set people’s nerves on edge. You might talk in the happiest tone and use the friendliest of words but they’ll still get shivers down their spines when you’re looking at ‘em.",,,
18,,100,Legendary Figure,Fate/Apocrypha,"You look good. Either masculine, feminine, muscular or soft in whatever combination, however you look in general you look really good. Heck, if you wanted, you could be mistaken as an adorable young woman despite being male if you get the dress and attitude right, to the extent that even if people weren’t attracted to your true gender they’d have to admit you’re cute.",,,
19,,100,Model Student,Tsukihime,"If you find yourself regularly skipping class to go on nighttime hunts for vampires or just general adventure, then it pays to be a good student on paper if nothing else. You're a model student, soaking up what teachers say like a dry sponge and speed reading your required studies in but an hour. You learn about twice as quickly as other top students, absorbing academic and mundane skills with very little trouble, even on a time crunch. Supernatural teachings or things like complicated science take more time, but you’re still an excellent learner as long as you have a good teacher - whether an actual mentor or a very informative book.",,,
20,,100,Neural Lace,Generic Nasuverse,"An advanced neural lace that’s woven through your brain. It makes you substantially smarter, gives you perfect memory, and allows you to have multiple lines of thought in parallel to each other. It also has built-in programs that allow you to make mathematical calculations at an incredible speed and with perfect accuracy.",,,
21,,100,Hunger is the Enemy,Fate/Myth,"You can eat, and I mean EAT! You can really pack it away, even devouring a whole castle's pantry wouldn't fill you, but you never get fat or even overweight, the food you eat seems to...just stay stored inside you until you need it, letting you stuff yourself like a bear preparing to hibernate if you needed to",,,
22,,100,Higher Quality Circuits,Fate/Revelation Online,"Well, it seems that your circuits are higher quality than normal. Your capacity and efficiency per magic circuit is twice what it originally was, and your body has adapted to be able to handle this energy without consequence. It also doubles the amount of Od you can safely produce from your body. If you wish, you may take this multiple times. If you do so, the doubles will stack, so two purchases are times 4, and three purchases are times 8. This also stacks with Grand Circuits.",,,
23,,100,Grail War,Fate/Extra CCC,"It is a tournament of death, after all. It wouldn’t do for you to slack and get killed, would it? You have an acceptable handle on how Servant fights work, and you’d be a competent Master for a Servant to have, if nothing else. You’re not at the top, of course, there are Masters greater and more skilled than you. However, all it would take would be some experience to catch up. After all, you find the battlefield, as a Master guiding a Servant, to be oddly familiar. You learn quickly during combat, learning the patterns and fighting styles of your enemies in a mere handful of fights, and your general skill at guiding a Servant through battle grows quite quickly compared to others. Clearly, you share Hakuno’s tendency to grow to great heights from the depths of weakness.",,,
24,,100,Road to Glory,Fate/Legends: Empires of Antiquity,"No one’s going to be doing much conquering if they don’t know how to swing a blade or direct a squad. You’re not someone that’s going to get a The Great attached to you just yet but you can fight capably with the rank and file if need be, as well as lead small groups of fighters capably and clearly even during a big battle. You’ve got a talent for larger scale strategy but you’ve not had the chance to dig into what you can do there. It shouldn’t take too long to move up in the military ranks though, since you have a knack for looking pretty strong and fearless no matter what you do, which works well when combined with a talent for battle. If you want, you can take about a foot of extra height and some bulging muscles with this too.",,,
25,,100,Captain's Insight,Vasto of White,"Your mind is sharp and analytical, allowing you to detect subtle hints and hidden motives in the actions of others. You possess exceptional deductive skills and can quickly piece together information to form a complete picture of a situation. This perk also enhances your perception and intuition, allowing you to pick up on cues that others may miss. You are particularly skilled at detecting deception and can easily spot when someone is lying or hiding something.

Your mental acuity and comprehensive skills are exceptional, allowing you to quickly process and understand complex information. This perk makes you a master strategist and tactician, able to devise plans and strategies on the fly to deal with any situation. Your appearance may deceive others, but your keen mind is not to be underestimated. With this perk, you can quickly rise to the top of any organization or military force, becoming a respected and feared leader.",,,
26,,100,Charming Grace,Generic Fate Redux,"Whether it's a quirk of genetics or the enchantment in your very essence, you possess a captivating allure. Your beauty is more than skin-deep, drawing admirers and commanding attention wherever you go. Be it in a crowded street or the grand halls of high society, your presence is noteworthy.

This charm isn't just for show; it serves as a subtle advantage in non-combat situations. While you may not be a masterful fighter, you possess enough combat proficiency to handle untrained adversaries with ease. Your movements are graceful, and you can navigate social scenarios with finesse, effortlessly blending into high society.

Your refined manners and ability to conceal your true feelings make you adept at navigating various social strata. Whether interacting with elites or commoners, you can maintain an air of sophistication and control. Moreover, should your emotions run high, you gain an increased capacity to keep them in check, preventing your temper from getting the best of you.

In essence, your charm extends beyond mere aesthetics, influencing your interactions and providing a tactical edge in both combat and social settings.",,,
27,,100,Wolf Mothered,Fate/Legends: Empires of Antiquity,"Many have heard the tales that you were raised by beasts in the wild, like the glorious ancestor Romulus and his brother Remus. It’s quite true as well, since you called a large pack of wild animals your family for your early years before you left for civilisation. They might have been a pack of wolves, a herd of deer or even a swarm of spiders, but they had unnatural intelligence and taught you to channel certain powers of nature as well. You have a natural affinity for all animals given your upbringing but in regards to the specific type that raised you, you can speak to them as if they were humans and have them respond, teach them to retain that human intelligence and speech with others and even command your animals to act in your service, though powerful kinds may resist.",,,
28,,100,Ideal Form,Fate/Grand Order,"That dream like shape in your mind, the one that only appears to you in your moments of great inspiration. It’s something to aspire to but not one you may believe you could achieve. A beauty that embodies exactly what you think is the ideal form. You were given the chance to alter yourself during your arrival here and managed to take on that ideal beauty. This is not a matter of power or utility though, just pure cosmetic brilliance. At least, it is for you, as it grants you your ideal physical form and features. Others may not agree with the beauty of your choice but looking the way you dreamed you could will definitely boost your self-confidence.",,,
29,,100,Fairest of Them All,Generic Nasuverse,"For -100 points, you become an idealized version of yourself, as far as looks go.

For -200 points, you become beautiful/handsome to the point that people can't help but turn their heads to look at you in wonder.

For -400 points, your beauty reaches the point that it becomes a Mystery; a form of innate Charisma. People are in awe of you and want to listen to you and obey you. Those with strong wills or an innate resistance to magic can push past this desire, but it will wear them down if they’re exposed to you for long enough.",,,
30,,100,Great Temptation,Fate/Grand Master,"Even if they seem pure and noble at first glance all servants still have carnal desires just like anyone else. All it takes is the right person to wake them up and set them loose, and that person is you. Whatever you might lack in magical power or skill with a blade you more than make up with raw animal magnetism. Like the legendary Casanova your suave charms can unlock the hearts of any man or woman alive. No matter how far out of your league they may seem there’s no obstacle you can’t overcome with persistence, from the pride of a goddess to the faith of a holy maiden to the loyalty of a devout wife. Some may need a little more convincing than others before they’ll open their hearts to you, but with time and effort even enemies who once hated you can be charmed right out of their panties and fall head over heels for your charms.",,,
31,,100,Prodigious,Fate/Legends: Vive la France,"The core of an artist is their art. One can hardly claim to matter in the art world if you’re not at least proficient in some form of art, so you’ll have at least a little talent to get by on. A little, of course, being relative. Whether it be a kind of music, a form of visual expression, a manner of writing or some strange way to create art, you’ll find you have quite the talent at one such thing. You’d be a noted prodigy in any of the artistic schools around Europe and with years of effort, might one day be able to claw your way up to the world stage. Your impressive talents do, one must admit, lie more outside just performance. However it takes form, you have even more talent at turning your art to combat than you do making beauty with it. A violin that somehow becomes a lethal sword, songs that can be used to transmit magical spells to many targets at once. You have a talent for taking art to a deadly and/or magical level, both what you already specialise in and what else you might learn in the future.",,,
32,,100,Masterful Lover,Fate/Grand Master,"Being surrounded by history’s most powerful heroines can be really unhealthy for a man’s ego but you’ve got a few strengths of your own under your belt, so to speak. Your sexual prowess is a match for servants like Astolfo or Cu Chulainn, heroes legendary for their insatiable desires and countless sexual conquests. Your skill in bed is top-class and you have the strength and stamina to fuck for hours without rest, making you a worthy partner even for superhuman lovers. Your sexual attributes are no less impressive, from the size of your cock to the strength of your pheromones, and if you ever find them lacking you can train your body’s sexual qualities just like any muscle, using intense “workouts” in place of exercise.",,,
33,,100,Ten Out of Ten,Fate/Grand Master,"Servants come in all shapes and sizes but rarely do they ever manifest in forms that would be considered grotesque. With the exception of those with inherently hideous or depraved natures like Giles or Mephisto it seems that history likes to airbrush heroic spirits into their most attractive forms and keep them that way as much as possible. You’ve reaped the benefits of this special treatment, becoming so attractive that you make heads turn just by walking into a room. Whether as a handsome man, a beautiful woman, or a child with the face of an angel your heroic visage is spellbinding and remains so even when splattered with the blood and gore of battle (or other unmentionable fluids). Even these wash away easily given even a slight chance to do so, along with injuries or other conditions that might mar your appearance.",,,
34,,100,White Star,Fate/Extella,"In a way, it makes sense that only a being from a different world could look as you do. You possess an unearthly beauty that even the King of Heroes would remark on as physical perfection, a gorgeous state of maintained purity that goes unmarked by battle or filth. It affects your mind with similar traits from the stars, giving you a manner that gives others reason to think of you as a heavenly being. Even actions you take that’d appear strange or silly are given a more mysterious and meaningful light, regardless of their actual nature.",,,
35,,100,Goooooolden,Fate/Legends: The Land of The Rising Sun,"A golden life can only be grasped by those born to be golden in the first place. You have a naturally born body of beauty, a graceful and handsome form that even a demon would stop to admire for a few moments. Naturally fit, and able to maintain greater levels of fitness without effort once you reach them, your shining form makes life a lot easier for you. Indeed, the golden shine you have seems to attract rare valuables towards yourself, showering you in quite the amount of wealth. Those who find you quite attractive will often take on a familial feeling as well, if you allow it, causing them to act motherly or sisterly as they feel stronger affection to you. Even a rival might teasingly flirt with you this way, if you were just their type. Lastly, provided you do not disturb nature in cruel ways, your circumstances of birth make it easy for you to get along with animals and able to communicate with them as if they were fully intelligent and capable of speech. Not that many of them have much to say.",,,
36,,100,Her Majesty's Majesty,Fate/Legends: Empires of Antiquity,"They say that every hero of these times was a marvel to look upon. The statues that remain from these years in modern times would seem to give that impression and should you eventually have one made of you, it won’t fall short. Whether it’s being beautiful or handsome, you stand out like a shining jewel even among heroes. Many can’t help but gasp once they see your visage ad it’ll smooth out plenty of problems for you, not the least is finding a suitable partner. Your beauty will also affect the things that you make and rule over, even something as large as Rome itself, but this effect slowly takes hold over time. While a sword you wield may slowly become more ornate and fine over days of use, an empire might need years to be fully affected, but it and all it’s people will be shining by the end. You can have this stop at a certain level if you like, whether that’s to keep some parts of your empire ugly or just to stop everyone from maybe becoming self-obsessed snobs that never stop looking in mirrors.",,,
37,,100,AUO,Fate/Legends: Oasis of Fantasy,"What a shining body appears before our eyes. An appeal that reaches across all interests, genders and even species, a charm that is almost impossible to resist, an allure that tempts even the angels to come down and worship at your feet. Your body is like that of perfect golden statue carved by all the Gods of Beauty themselves, unparalleled in form and unmatched in quality.

Whether you wish to be classically beautiful or handsome, adorably cute, dangerously seductive or some other form, you can be assured that this will standout even beside the divine. Your beauty maintains itself, repelling any attempt to dirty or degrade it, and it is such that others simply do not think to even try to apply prejudices based on gender, age, race or other factors to you. Your beauty is such that they cannot comprehend debasing you with such mortal concerns.",,,
38,,100,Grand Circuits,Fate/Revelation Online," As a Lesser Grail, you were designed to be able to handle the power of seven heroic spirits. As a result, you have a ridiculous ability to channel Prana. Your capacity and efficiency per magic circuit is greater than any other magus including the greats like Barthomeloi Lorelei. Even Magi during the Age of the Gods would be shocked at how much raw power you have. Of course, you also have the ability to fill your circuits from your own power as well, so you are capable of safely producing enough Od to fill all of your circuits several times a day, although you will likely be relying on the Mana in the air more. You certainly will not be lacking in power if you ever need it.
- Should you already have Magic Circuits from previous jumps, or get some in later Jumps, this will apply to them as well.",,,
39,,100,Pitfalls to Pleasure,Fate/Legends: Nirvana Yuga,"It takes very little to lead good men astray, for all their chatter on enlightened rule. Waking up the gluttonous beast that lies in every man’s heart is as simple as baring a little skin and promising more, if only they follow along. It is a gorgeous form, a sinful form, which naturally excites and urges others on that you possess. Even wrapped in the wear of a holy woman, your body with strain at the seams to the eyes of these lusty fools, leaving their hands twitching and mouths salivating. Taking them into your parlour only allows you a greater chance to drag them down, your skill in the bedroom arts reaching a level few can compare to, even among the gods. This divine skill goes further than love making and mating, to gaining the confidence of your partners, getting them to open up more easily the more intimate you become, pleasing them with conversation and stories and a feeling that you understand their every worry, that all it takes to feel better is to just tell you all of their secrets. The boundary between lust and love becomes blurry when others are wrapped in your web of desire, becoming all too easy for those with weak minds to mistake their base arousal for true affection.",,,
40,,200,Meido,Tsukihime,"Maids are actually becoming very popular in this day and age, you know? After all, having a young man or woman provide service with an adorable smile in their household is a dream of some people in this world! You’re good at acting the part - you know how to act the right mix of alluring and endearing, and know how to appeal to your desired gender with just a little bit of effort. You’re a bit of a looker, to boot! You have a mix of natural beauty and personal confidence that adds to your allure, looking either cute, handsome, or voluptuous without much effort - your choice. It’s good for all sorts of things. Cuddles, hugs, getting someone’s guard down as you slip a murderous drug into their drink - all kinds of things!",,,
41,,200,Sybil,Lord El-Melloi II Case Files,"You have a high affinity for astral bodies, and an instinctive connection to spirits, death, and the dead. Naturally, you have intuitive insights in such phenomena, and can learn to invoke Heroic and Divine Spirits, and borrow their powers. In future worlds you may use this magecraft to invoke local heroes and gods in addition to those from the Nasuverse.",,,
42,,200,Magically Gifted,Generic Nasuverse,"You have a knack for understanding all forms of Mystery and how to use them. 

In practical terms, this allows you to learn all forms of magical knowledge twice as fast as you would without this perk.",,,
43,,200,Natural Talents,Lord El-Melloi II Case Files,"You are, quite unrelated to your other traits, particularly well suited for a specific branch or style of thaumaturgy, such as bounded fields or formalcraft. You’ll find it substantially more intuitive, precise, and potent than your usual magecraft, but you don’t start with any understanding of it. See notes for examples to choose from. Naturally, more narrow talents are more potent. This may be purchased multiple times, and also applies to equivalent magics from older times and other worlds.",,,
44,,200,Eternal Young Warrior,Fate/Legends: Baba Yaga,"Did you ride atop a particular beast perhaps? In any case you benefit from a certain blessing, like what would become one of Dobrynya’s own skills once he was recorded upon the Throne. You are forever youthful and shan’t grow old. As an additional boon you are also rather fair to look at, perhaps even having a few charming inhuman traits like cat ears. Dobrynya’s wife was spawned from a giant apparently and don’t couples rub off on each other? Finally this eternal youth does not have to be just for yourself. It was rumored that the steed of the Bogatyr possessed the blessing before it was shared by him, so at your digression those you interact with, fight alongside with for extended periods of time, may eventually share this gift.",,,
45,,200,Archer's Sight,Grand Foreigner,"The Archer-Class Servants are imbued with incredible senses. These senses can even surpass the other Servants, though their vision is their most powerful sense. For example, Archer (Emiya) was capable of clearly making out details from dozens of kilometers away and accurately hitting targets with his bow. By purchasing this perk you can gain this level of senses as well. Should you already have impressive senses then this skill will multiply them by the same degree.",,,
46,,200,Ethereal Beauty,Tsukihime,"Your figure dancing in the light of the pale moon could turn a wicked man’s heart half-circle, make a pious priest fall from grace, your smile could charm dozens and your laugh could make someone want to protect you. Your appearance is nothing short of breath-taking, beautiful in a strange yet primal sort of way, with either youthful attractiveness found in only a small number of human beings, or a terrifying sense of awe for a being that could not possibly be human. It may manifest in either form at your will, perhaps depending on your mood or the situation, but either way - your face is impossible to forget.",,,
47,,200,Not Human,In Flight,"On a fundamental level, you are more than human. You are strong, fast, and durable enough to jump between rooftops with ease, and that’s without taking your speciality into account. You may choose to wield one thing, whether that’s an element or a particular type of weapon, and you will gain a boost to all the attributes that might be considered useful for that talent. For example, choosing a specific type of weapon will improve your physical capabilities and give you instinctive knowledge of how to use that weapon, while choosing to be able to control electronics will improve your abilities to think logically and multitask. Conversely, if you focus instead on just punching things, you will become much faster and stronger than even a weapon-type, but you won’t necessarily gain the same level of technical skill at fighting. You may purchase this up to three times in order to increase your overall power and expertise within your chosen specialty, but you cannot change or add to your specialty.",,,
48,,200,Always Learning,Fate/Legends: Land of Shadows,"The immortal life is one of long years and a constant struggle for meaning as everything around you has begun to fade. You are somewhat familiar with this, as you age at just a fifth the rate other humans do and have already lived for many years. Of course, unlike many immortal beings, you found a great spring of motivation within you. You have apparently endless patience and focus, no matter how boring the task at hand is, and that is coupled with a terrific propensity for learning new information, as if you were still a child-like blank slate to stamp new knowledge onto. If anything, the more you know, the easier you find it to learn new things, as you apply the lessons, principles and data from past subjects to anything even remotely similar to what you have learned before. The final aspect to your lifelong task of endless improvement is that you find you do not technically need a teacher, even for things that normally need such a thing, so long as you work at your task many times longer than normal. Even the strangest of magic can be figured out eventually, given you have centuries of isolation to do so.",,,
49,,200,Love Spot,Fate/Legends: Land of Shadows,"There is a mark somewhere on your face, a spot or perhaps a small sigil or tattoo-like symbol. It doesn’t mar your features at all, maybe even enhancing them some small amount. But this mark has great magic within it, one that might normally curse you to an ill fate in regards to romance. This Love Spot causes anyone of a different gender to you to, upon looking at this spot or symbol, instantly and very deeply fall in love with you. They might not acknowledge these feelings at first or may try to resist for the sake of an existing partner but these feelings will only grow stronger if such things occur, till they can do nothing but admit their true and eternal love for you. It is possible to resist this ability should one have a high degree of magical resistance, something that many powerful beings in this world have innately, but without such a thing there is little defence. Beyond lacking the means to feel love, terrible as that may be. You are able to control your Love Spot, deactivating it entirely or freeing those affected by it from the grasp of love as you wish.",,,
50,,200,Beach Flower,Fate/Legends: God Save the Queen,"Here I thought the sirens were meant to be tempting sailors into the stormy seas, not conquering them on their own vessels. But it’s a common mistake among men who see you for the first time, a golden flower on the beach unmarred even after months at sea. Alluring beauty, being as handsome as the devil or even embodying the essence of an adorable younger sibling, your physical appearance has a celebrity like quality to it. If you didn’t care for this pirate path, an easy life of endless wealthy suitors is only a step away. But there’s not nearly as much fun to be had. 

All your beauty is unmarred by sweaty strain, smudges of oil or even blood and guts. A life on the hard sea won’t have you any worse off than a lady spending hours each morning preparing her face. Interestingly, this attractiveness has quite the effect on those of the same sex as you. It’s particularly easy to befriend and grow close to others of the same kind, even to intimate levels. Are your charms simply more appealing to them or is it some deeper connection that forms? It certainly helps you out in a fight, making any friend of the same sex into a much more effective ally. Teamwork comes as easily as breathing, a natural awareness of positioning and a instinct for how to best combine your techniques as one.",,,
51,,200,Paladin of Flowers,Fate/Legends: Vive la France,"In modern times, you might be just haunted but back here you’re truly unholy. Nothing natural should be as cute as you, certainly not regardless of gender. Even as a man, you put the most innocent maidens to shame with your beautiful or androgynous appearance. And despite appearing so feminine and cute, you still put men to shame in matters of love as well. Your aptitude for romance and bedroom affairs is simply peerless. Seducing a queen away from her beloved king and into your own arms is child’s play, as is satisfying all forty beautiful ladies one might find in a castle in a single night. Even those that lack a human nature are hardly immune to your adoring and adorable charms, just as long as you have enough time to work them over with your words. Few knights consider the dragon slaying methods available to you but they remain just as effective as ensuring the beast harms no more innocents. As well, since even the world is somewhat confused as to which side you fall on, you may freely change your biological sex so long as your are covering the parts that change, though with what you look like now it will only make minor alterations to the rest of you.",,,
52,,200,Well Rounded (Wo)man,Fate/Stay Night,"Is it genes? Or maybe it's the inordinate amounts of magic in your veins. Whatever the case, you are fine. Better then fine even, you're gorgeous. The sort of beauty that forms fan clubs and makes people stop and stare on the street. You might want to be careful, this sort of beauty can get one into trouble. Which is why it's good you're no slouch in the combat department either. You won't be the master fighter some of the other things on offer make you but you'll make quick work of anyone without actual training. And to top it all off, you're ELEGANT. You know all the manners to get by in high society, you're good at hiding any contempt for the lower classes and if you, you know, happened to have a temper, you'd get a fair bit better at keeping it under control. Not that I'm calling you a Tsundere or anything.",,,
53,,200,Lustful Thought,Fate/Legends: Land of Shadows,"What evil queen would be such if they didn’t have mastery of certain skills and traits? Which ones? The ones to drive men and women both to a madness of pleasure, where they can revel and indulge in the lust and sin that comes from defeat at your hands. Your body has taken on an irresistable form to most others, with charms and features that cloud the minds’ of others on mere sight with intense lust, making even great warrior’s fumble with their blades against you, both the metal one and the other one! Actually putting effort towards attaining someone you desire is simple, as your lustful visage becomes far more intense when you apply your extensive skills in seduction alongside them. And should you get them into your bedroom, or just behind some bush somewhere or out in the open, you can drive quite literally anyone capable of feeling physical pleasure to temporary madness and defeat solely through the thorough, skillful and very enjoyable...application of your body to their body. As long as they don’t physically fight you off, at least. As a useful extension of your lust-infused body, you are also able to create a golden ‘mead’, through apparently unknown processes. This mead is the liquid form of your lust powers and drinking from it can instantly bind those of less than iron-clad wills to your commands, at least for a time.",,,
54,,200,Fitness of an Emperor,Fate/Legends: Empires of Antiquity,"An emperor has no time for mindless exercise. Whether he be a good ruler that must attend to the empire or the sort of fiend that only wishes to indulge, there’s simply no time for hours a day spent on maintaining the self. Much like the other emperor’s however, you don’t need to spend that time. You have the fitness of an emperor, with a body that is both strong enough to lift and throw a metal chariot across an arena as well as remaining in perfect physical conditioning regardless of your diet, exercise or habits. Your mind will not deteriorate with age either and it becomes extremely difficult to damage it with things such as poison or disease or magical attacks. With a supernaturally powerful such thing, it may be possible to harm the mind but your exceptional form allows you to prove highly resistant to most such things. And there’s no need to worry about your body becoming too magnificent either, as it’ll remain as agile and flexible as if you were a thin stick, even if you’re positively bulging with muscles.",,,
55,,200,Return To Origin,The Holy Man of The Church Creek,"In the intricate tapestry of bloodlines, purity and lineage play a pivotal role, particularly among beings such as Devils. The purity of one's bloodline has a profound impact on the awakening of dormant powers, the potency of innate abilities at birth, and the boundless potential that can be unlocked. With this perk, the very essence of your bloodlines will be purified and elevated to the pinnacle of power. Regardless of the quantity you possess, even a solitary drop of a bloodline within your veins will be refined and restored to match the exalted state of its progenitor. The dormant powers and latent potential within your blood will be fully awakened and enhanced, reflecting the true heritage and untapped greatness that lies within you. This purified state grants you the full benefits and privileges associated with your bloodline",,,
56,,200,Great Man,Fate/Legends: Strange New World,"There’s no dullards to be found here. You’re a great mind and there’s no doubt about it. A mind to match the likes of Nikola Tesla or the other Great Men of these modern times, you have intelligence and creative ability beyond any common man by far. Your knowledge of the sciences is vast, covering many different fields to quite great depth. One day you might work on plans to transform how the world sees energy, the next on weapons that could rock the military world to it’s core. You’re knowledge outside of the sciences is quite limited, perhaps they never interested you as a child, but you do have one of two special qualities of your own.

Either way, you’re a brilliant and creative man but the first special advantage is great talent for improving and iterating upon the inventions of others. So long as another made it, you find yourself naturally realising how and where it could be improved, finding it easy to accomplish these further developments and even having some skill ta taking the parts you like of a technology and applying them to something else. The other special trait you may choose is to instead focus on the advancement of technology yourself, making new technology comes far faster to you, especially if no one else has explored the present field. You’ll find the strange, the fantastical and the considered-impossible to be much easier for you to make possible and even feasible.
You can buy this perk again to gain the second benefit.",,,
57,,200,Sand Man,Fate/Legends: Oasis of Fantasy ,"The deserts that the Hashashin made their homes in and spent most of their lives working in are unforgiving places. The natural terrain alone is among the more hostile environments in the world but when it is filled with spirits, monsters and magical hazards of all different kinds, it becomes like a hell on earth for anyone that needs to travel through it. The Hashashin built up a great many charms and rituals to allow them to pass through, many of which are now imprinted on your body. These charms grant you with an almost insurmountable resistance to the dangers of the wind, the heat and the sun. Even a hurricane concentrated into a single beam against you would not even make your hair flutter if you wished otherwise, only the hottest of magical flames burn you and harmful amounts of light simply bounce around your body instead of striking you.

Elementals and similar beings linked to these elements find that they take much more damage than normal from you, while they can sense that you are a being that could harm them badly. The charms in your body also largely remove the need for food or water from you, leaving you to need such sustenance only once a week at most. To pair with these charms is an extensive knowledge of how to survive in the desert even long term.",,,
58,,300,Quite Grand,Lord El-Melloi II Case Files,"Frankly, you are a literal genius, especially with thaumaturgy, wherein you share a league, but not a level, with Touko Aozaki. You learn and innovate with blinding speeds. Your potential is no lesser, and within a decade or two, you could be recognized as one of the greatest magi to ever live, no matter what your circuits look like. Additionally, because of magecraft’s imitative nature, you yourself are a swift and natural copycat. Regardless of what system you use, you can magically reproduce or duplicate everything from technology and mystic codes to faeries and Flat Escardos, once you’ve studied them a little. From there, it is surprisingly easy to expand on their principles, or refine your facsimiles. There are limits, but yours are far beyond your peers’. Naturally, it would be easiest to replicate Fragarach with Irish Ogham or Norse Runes than Numerology or alchemy, but don’t let that stop you, especially if you’ve got the sword in front of you. Requires Once a Century and Modern Hero.",,,
59,,400,Old Hat,Generic Nasuverse,"All mundane skills come naturally to you. Forging, welding, ordinary martial arts, sword fighting, guns, etc. It’s like relearning something you forgot.",,,
60,,400,Fast Learner,Fate/Kaleid Liner Prisma Illya ,You’re a quick learner and an even quicker improviser. Lose the majority of your magical power and not being able to blast through with sheer power and you could immediately come up with a spell that focuses your magical blast into a blade with high cutting power and low cost. Gain the ability of flight and adjust to three-dimensional combat like you were born to it.,,,
61,,400,Great Detective,Lord El-Melloi II Case Files,"While you don’t have the skills of a true detective, you have a quick, analytical mind and are highly perceptive. You notice what others generally do not, and can find more information when need be, thereby narrowing down the perpetrator. You can also see through attempted cover ups and manipulations with incredible ease.",,,
62,,400,The Perfect Subject,Fate/Grand Order,"Any man of science and magic would be overjoyed to have you as their subject, even more so if it were willingly. No matter what the experiment or procedure is meant for, you’re as perfect a subject as they could ask for. Well, almost. No matter what is being tried, as long as it has a chance of success at all, you’ll find yourself tens of times as likely to be a good match for the procedure and for it to go ahead, if it does succeed, with far fewer complications and negative side effects. Whether it be physical body alterations, experiments on the soul, cosmetic treatments or an attempt to fuse you with the spirit of a Heroic being from the past, you’ll almost always find yourself compatible. If you did undergo the Demi-Servant experiment, you’d have a good chance of survival even as an adult, a guarantee as a child, and be able to live almost a full human lifespan instead of the short 18 years of life normally granted.",,,
63,,400,Not So Last Scion,Fate/Zero,"The miserable fate suffered by some Magi families, of a long and slow death from a degrading bloodline, is not a thing you’ll have any need to fear. Your bloodline will always remain as pure and strong as it was when the blood ran through your own veins. Anything that is passed down from parent to child will never lose potency for your lineage, no matter how distantly descended the child in question is from you. However, you may instead decide to purposefully dilute your own bloodline when a child is conceived, limiting what they will inherit from you to any level you wish, as well as deciding how much they or their descendants will pass on.",,,
64,,400,Formulation,Fate/Legends: Empires of Antiquity,"The world is a wonder of mathematics, a wonder laid bare to your eyes. The formulas of the world are to you like the light in the air is to other beings, something you naturally perceive and understand. Anything that could be called a formula, you find yourself very quickly and easily comprehending, from complex mathematical equations to esoteric subjects like magic or magecraft spells, and once you have comprehended something, you find it possible and often quite easy to restore it from a damaged or partial state, even to alter that formula should you have enough knowledge about it. Taking an existing spell and changing parts of it or even upgrading it is possible should you have a wide enough knowledge base in the magical field. It makes magic quite easy to learn and makes knowing magic already a lot more dangerous.",,,
65,,400,Instinct,Tsukihime,"With reflexes like that, how could you be anything but a monster? You’re surprisingly in tune with your instincts, your body reacting near-instantly to danger and moving almost autonomously in response to it. You are quick enough to catch a young vampire off guard and predict their attacks and movements mid-swing, as well as having sharp enough spatial awareness to know what your surroundings are without even a glance. With a bit of time and training, you could be completely blind and deaf and still be able to fight as though it were high noon and all of your opponents were embarrassingly slow on the uptake. This does not necessarily make you equal to monsters such as ancient Dead Apostles or such, however - stamina is still a concern, and pushing yourself too hard may tire you out quickly. Be careful.",,,
66,,400,Beyond Bane,Tsukihime,"Why is there always a trade-off to perfection? A Dead Apostle is at the mercy of their hunger for blood and the light of the sun, and it takes so long to finally overcome these weaknesses...or maybe you’re just a lucky one who skipped a step or three? The weaknesses of your race apply to you, but only just. A vampire is merely weakened in the sun instead of made into a rotting pile in minutes, your thirst and need for blood can be satisfied with a gulp instead of gallons, a werewolf would only be irritated by silver, and a demon could even manage to wield holy weapons in their own malefic hands.",,,
67,,400,Unleashed Will,Fate/Legends: Vive la France,"Yours is a mind that cannot ever be contained and a body that can never be imprisoned. A spirit that can never be chained and a heart that will always be free. You possess a will like a wall of diamond, unbreakable and ever-lasting. Your mind, while not necessarily more educated than before, races ahead and beyond almost any other. You possess Super High Speed Thought naturally, letting you think at hundreds of times the pace of any other being when desired to make plans on the fly even when in a fight. This thought can, through significant stress on your body, even briefly cross over to the actions of your body, letting you move so fast that it briefly appears that time is stopped for you. The desire for freedom has a final benefit, a heart’s desire that allows you a conceptual advantage in escaping any prison or maze. Even one made from warped space and bent time is not inescapable to you, not with enough time, as your advantages render any impossible escape into something possible.",,,
68,,400,Awakened Predator,Kara no Kyokai,"Ah, more direct than most, are you? All this talk of predators and prey awoke an ancient lineage in you, a calling back to the days when we all had to crush and kill with our barehands. When humans and beasts were no different. It might have been a miraculous success of the bloodchip drug or the result of an awakened origin, but you’ve become rather like Lio Shirazumi. Your body is powerful now, able to leap several storeys and tear through stone walls or crush humans skulls with ease. Your senses have quickly come to match some of the best in the animal kingdom and the sharp fangs and claws that appear when you grow hostile slice flesh like it was just water. These traits slowly increase as time goes on and you hunt more, perhaps even new abilities sourced from predator animals appearing on you. 

Unlike Lio, you can halt and start the progress of this when you desire. Useful given it has an effect on your mind. Much more limited than the Shirazumi beast suffers but you still find that the more monstrous you become, the more your mindset begins to reflect that of a predator. Sheer force of will can restrain your urges to devour and kill, with magecraft perhaps holding keys to treat this mental affliction. Should you give into the power, you’ll soon be more than a match for many of the denizens of this city.",,,
69,,400,Heroic Power,Fate/Legends: The Land of The Rising Sun ,"While some endowed with great strength give off a brutal atmosphere, others are more in line with great protectors of the people. Your noble heart shines through your body, with bulging muscles and power to match any berserking beast. Your natural strength could smash great boats in two and is exceptionally useful for your new style of fighting, the use of the noble bow. Even with a crudely made bow, your strength greatly magnifies the power of your shots without damaging the flimsy tool in your hands. You’ve got enough skill to make distant shots on stormy seas in the midst of naval battles as well and your arrows have a peculiar ability to pin down enemies, piercing bone and rock beneath it while remaining far more difficult to remove than should be possible.
Your physical strength has also drawn a bright and vital aura around your being, making others feel warm and healthy when in your presence. It’s easy to make friends with this and that aura will grow as your physical strength does, potentially even letting you show terrible monsters the path to friendship and heroism",,,
70,,400,Mythical Visage,Fate/Stay Night,"Like the legendary Helen of Troy or the divine Aphrodite, your beauty is far beyond any mortal constraints. Whilst almost all Heroic Spirits are gorgeous to behold, your visage is so shockingly beautiful that it would make those in the midst of combat stop to stare at you. Even veteran warriors such as other Servants would be unable to stop themselves from pausing just at the sight of you. This awe-inspiring appearance is enough to make many mortals that lack strong wills fall in love with you from sight alone. There is little need for charisma when personal attention from you can reduce almost any man or woman to stuttering messes eager to do what they can to please you.",,,
71,,400,Golden Mind,Fate/Revelation Online,"Kayaba Akihiko is a genius. That cannot be denied in any way. He created the Nerve Gear, and has developed an alternative software for every popular program on the market on his own. He also created the entirety of SAO, and made a simulator for the entirety of magecraft. If he hadn't chosen to make SAO, he likely would have changed the world forever in a few years just from the implications of the Nerve Gear alone. Now, that applies to you as well. You are a genius that is on the same level as Kayaba, and can create groundbreaking advancements just as easily as he can. Of course, you'll be hard pressed to replicate his feats involving magecraft without experience of your own, but the rest is firmly within your reach. You could probably be considered the smartest person in the world, or at least one of the top few. This also comes with perfect memory and the ability to do things like logarithmic calculations mentally.",,,
72,,400,Holy Sword User ,The Holy Man of The Church Creek,"The Holy Sword Users are rare individuals who are naturally compatible with Holy Swords. This allows them to draw out their power and in some cases even surpass their original peaks. This perk makes you an incredibly talented Holy Sword User. There are three requirements to become a Holy Sword User: Light Affinity, Integrity, and combat prowess. You are gifted in all three of these aspects.

You have an incredibly powerful affinity for Holy based magic and “good” techniques. Second, you radiate an honest pure aura similar to the other devote members of the church. Third, you are a skilled swordsman on par with renowned individuals such as Sister Griselda and Vasco Strada. Lastly, unlike others who are aligned with a single sword, you are aligned with all of them.",,,
73,,400,That Thing,Fate/Strange Fake,"What are you, Jumper? With that amount of magical reserves, it will be hard to put you together with any other member of your species. It seems that the reserves of magical energy that you can draw forth defy any logic, being hundreds of times above that of other members of your species. And not only that, your regeneration is also quite exceptional. As in just some hours, a day at worst if you are depleted, you are able to refill what you had spent.

Even as a human, your magical reserves are something that should not be possible. With your power, you could keep two Servants of great power actively using Noble Phantasms of the A Rank without a care in the world, before you even begin to feel some of the strain.",,,
74,,400,Sword Saint,Fate/Legends: The Land of The Rising Sun ,"Born into this life for one purpose, the fact that you fight with a sword is no surprise to any that see you. It’s as natural as seeing a tall, broad man and assuming he was strong. Of course you wield a sword and of course, you wield with talent unlike anything they’ve ever seen before. A saint in the making, you are a prodigy with regards to anything related to swordsmanship. Without any skill, you could reach the level of a life-long legend in just months. Be it a Japanese katana or a European longsword, the metal sings out to your heart how to best make use of it. Even tangentially related disciplines, such as the martial arts to support kenjutsu or gathering combat instincts, comes so naturally. Perhaps with many years of hard work, you could start to breach the realm of the supernatural with a sword technique.

What sets you apart from all the other claimed prodigies, is that you are as talented at passing down your knowledge as you are at accumulating it. While personal tutelage will let you teach even an untalented and lazy noble son almost as quickly as you learned yourself, even writing a book on your own techniques will become a valuable and much sought after manual on the arts of war.

A final strange property in regards to the use of a sword, you find that swords you wield are never without worth. A rusty old blade that was once made en-masse will still sing in your hands, cutting into your enemies with an edge worthy of your current power. It’ll never be as good as a properly fitting weapon but it’ll be usable. As long as you could use it with your sword arts, you’ll find the power within increasing to be useful to you. Even say, a pair of carved oars.",,,
75,,400,Bodily Sacrements,Generic Fate Redux,"Once considered miracles, now a replicable boon bestowed upon the faithful within the Church and now, you. Your body has transformed, rendering you a vessel of supernatural might. Your physical prowess transcends the limits of the mundane, allowing you to unleash blows that shatter concrete and steel as if they were mere glass. Fleet of foot, you move with a speed that rivals, if not surpasses, the swiftest of sports cars.

In the face of danger, your enhanced durability renders small arms fire a trivial concern, providing a protective buffer against conventional weaponry. But your body is not just resilient; it has become a sanctified weapon in its own right. Each strike you deliver carries the weight of divine judgment, affecting the unholy with the same potency as a holy weapon.

The aura of holiness that envelops you is both a weapon and a shield. It affords you protection from the malevolent forces of evil and demons, creating a barrier that repels their influence. As a bearer of the Divine Aegis Enhancement, you are a living testament to the intersection of the supernatural and the mortal, a force to be reckoned with in the ongoing battle against the forces of darkness.",,,
76,,400,Pinnacle of Humanity,Fate - The Island of Sin,"Percival stood at the very zenith of the power a human being was capable of reaching in this Lost World, with physical prowess surpassing even that of faeries to the point that Morgan herself said that his strength was great enough to be measured amongst the Tam Lin. Your martial might is now comparable to his. You are stronger, faster, and tougher than any human being ought to be, and you can stand in combat alongside Servants against dragons and A-Rays without being considered a hindrance to your allies—and that’s if you’re human yourself. As a faerie, you would stand head and shoulders above your fellows. This alone wouldn’t let you defeat Tam Lin Lancelot in a fight (even as a faerie), but it would be a fight, rather than a one-sided massacre.",,,
77,,400,Scientific Genius,Vasto of White,"You possess an unparalleled intellect in the field of science and experimentation, placing you on the same level as legendary scientists such as Aizen, Urahara, and Mayuri. Your mind is a wellspring of knowledge and creativity, and you can devise ingenious and revolutionary inventions with ease. 

Your scientific prowess extends to all fields of study, including chemistry, biology, physics, and engineering. You are capable of creating almost anything you can imagine, no matter how advanced or impossible it may seem. You can even replicate the creations of others, given enough time and resources. Your scientific knowledge also grants you a thorough understanding of the laws of the universe and the principles that govern them. You can use this knowledge to create new technologies, alter existing ones, or even manipulate the fabric of reality itself.

Furthermore, your research methods may sometimes seem unorthodox and often unethical, but they yield results that others can only dream of. You are willing to go to any lengths to achieve your goals, no matter the cost. This mindset allows you to create breakthroughs that would be impossible for others.Your scientific genius is matched only by your ambition and determination, and you will stop at nothing to achieve your goals.",,,
78,,400,Space Nomad,Fate/Saber Wars,"Out on the space ranges, you gotta rely on your body to survive. None of this new fangled planet terraforming technology helps when you’re out in the asteroid sticks. If a meteor is about to hit one of the cosmo sheep herds, you’ll just kick it away yourself. The country-born strength to kick over space elevators that Big Artorium tries to put on your land is a must, as is the talent to turn a bow and arrow into an actually useful weapon in spaceship-to-spaceship combat. 

Surviving in any sort of cosmic environment isn’t too hard for you, as you appear bizarrely immune to the various environmental dangers. Solar radiation, near absolute zero temperatures, stars exploding as you migrate past. You’ll either know a few folk tricks to ride the waves safely or you’ll just be tough enough to ignore it outright. These same tricks are what taught you to tame most space-native lifeforms too, be it docile cattle to harvest for star wool or the more dangerous space monsters that threaten ships and powerful Servants. A bit of tough love, some tender pats and a lot of disciplined training can help you turn any creature you find amongst the stars into a trusty companion.",,,
79,,400,Priestess of the Enshrined Diety,Fate - The Island of Sin,"Cernunnos was a kindly and gentle god, and forgave the six faeries of the beginning for not having created Excalibur and thus dooming the world. In exchange, they poisoned him to death and condemned his priestess to eternal torment. Cernunnos is dead, but even dead gods can dream—and more importantly, curse. But you, it seems, have been blessed with the positive attentions of the remains of this deity, and you have been gifted with the powers of the priestess of Cernunnos.

As the heart of Cernunnos is of a loving god, his first blessing is one of compassion. You will find yourself empowered and energized, as will your allies as long as they have some degree of kindness in their hearts. Furthermore, all attacks will strike your allies to a weaker degree, and you and your allies will find any sort of “buff” effect targeting you will last for twice as long as it originally ought to.

However, he was also a betrayed god, and although you do not yet have access to his curses, you are nonetheless capable of reflecting his wrath. To begin with, although this does not give you the power to lay curses yourself, your enemies will find that any “debuffs” or curses they experience will linger for twice as long as they ordinarily would, and they will be harder to break or dispel. Additionally, you can imbue yourself and your allies with the properties of “vengeance”; whenever you or an ally suffer damage from an enemy, the harmed individual will be empowered in accordance to their suffering until such time as they have paid back the wrongs done to them.

But if that isn’t enough to satisfy you, you can delve into the boundless curses of Cernunnos’s corpse for another -200 CP.

When you take the curses into your body, your skin will deaden and you will take on a deathly pallor. Innumerable curses will work their way into your flesh, not only making you heavily resistant to damage, but also inflicting curses onto anyone foolish enough to harm you, whether that be in melee combat or at a distance. You are also capable of inflicting curses and poisons onto others, too, imbuing any of your attacks with curses of pain and death and despair. Furthermore, you can consume curses to heal yourself, even the layers of curses worked into your body; this briefly reduces your defense until you build up more curses.

Finally, you are capable of summoning limbs of shadows, almost like familiars formed of living curses that are large and strong enough to be mistaken for Calamities of their own accord. These limbs are easier to damage than you are, but also share your power to inflict curses, and their touch will make any curses currently afflicting a target far, far worse.

If you are opposed to being such a living vortex of curses, you can return to your original appearance whenever you desire, but your greater powers are likewise locked away until you return to the cursed appearance of a corpse.",,,
80,,400,Mind of the Overlord,Grand Foreigner,"Be it in the New World or here in Type-Moon. One thing that happens to Momonga is the fact that people think he’s some Genius that is at least already 100 steps ahead of you at any and all times. Ainz is a skilled person, but he is far from what people seem to believe is capable of. However, what if someone actually did possess this god-like mastery of manipulation, management, and foresight. Well you can answer that question since you possess those skills. You have every bit of advanced knowledge and foresight that everyone thinks Ainz has.

You could weave plots that may seem insane only to be revealed to have been carefully spun upon their completion. You will be capable of pulling off incredible feats even without a solid background. Those around you will quickly learn that even the simplest action you perform accomplishes a dozen goals before anyone else realizes that it even needs to be done. Have Da Vinci run around in circles trying to understand what is going on, make Solomon/Goetia have a Mental Breakdown and make even the Gods of Wisdom and Knowledge want to lie down and cry. Truly! Only a Higher Being like you could be so brilliant to do such things.",,,
81,,400,Palingensis,Grand Foreigner,"Palingenesis is a process devised by Da Vinci to strengthen and repair Servants using a Holy Grail. By providing this with an overwhelming supply of energy and a stronger base the Servants can grow far more powerful. For example, when Medusa used the grail she gained multiple Noble Phantasms, her parameters increased across the board, and her innate divinity grew stronger. By purchasing this perk you will have undergone palingenesis or a similar process. All abilities you possess will be greatly increased in power. If you were an average Servant beforehand then now you will be on par with a High Servant. This boost will be equally effective regardless of your strength. Lastly, you will likely develop a number of new abilities related to your current powerset in some way",,,
82,,500,Perfect Breathing,Generic Nasuverse,"Gain three Rank Increments to all parameters. Gain another three to the Mana parameter, for a total of six to Mana.

A specialized technique that cannot be trained, demanding a unique talent for the proper way to walk and breathe, which causes the entire body to act as a single, pure, enormous magic circuit.

This increases the prowess of their physical body and vastly increases their magical energy.",,,
83,,600,Class Card Heart ,Fate/Kaleid Liner Prisma Illya ,Through some manner you have permanently gained the abilities of a chosen class card. You are free to choose any class card from the items list and wield its abilities naturally.,,,
84,,600,Blessing of Growth,Fate/Myth,"A Hero, constrained to normal limits? To Normal Power Levels? That idea is simply anthema, Heroes have no limits, No Constraints, A True hero is a legend that doesn’t fade, that dies wither, an existence that can hold the power of humanity at its Zenith, With this perk nothing will hold you back from advancing, while it may take a long, long while with this, a Normal human through training, could one day match Heracles with pure physical power.",,,
85,,600,Short-Lived Mastery,Generic Fate Redux,"Within you lies an existential void, an emptiness that hungers for purpose. This unique trait allows you to channel your focus on a singular subject at a time—whether it be a combat style, magecraft, academic discipline, or a sport. As you delve into the chosen field, the void compels you to absorb knowledge at an extraordinary pace, condensing the learning process to a mere tenth of the time it would take others. With each chosen subject, you swiftly progress through the stages of skill and understanding, racing toward mastery. However, just as the zenith of proficiency beckons, the void within you shifts its appetite. The chosen skill, having reached the threshold of your newfound mastery, becomes unaffected by this ability. It is at this juncture that you must bid farewell to your current focus and select a new target for your accelerated learning.

The void's desire for purpose is insatiable and capricious. While you may yearn for continuity, the void craves variety. Thus, even if you seek a single, unchanging purpose, the nature of this ability compels you to embrace the ever-shifting quest for knowledge and mastery across a diverse array of subjects.

Capstone Boosted
Your purpose transcends the confines of singular subjects. Bolstered by your ancestry, the hunger for knowledge becomes your all-encompassing quest. Though accelerated learning still halts just shy of mastery in any skill or knowledge field, you are no longer confined to a single task or area.

With the boundless scope of the pursuit, you can simultaneously pursue a myriad of disciplines, each unfolding before you with the swiftness granted by the void within. Whether it be combat styles, magecraft, academia, or sports, your unresting appetite for knowledge propels you through all realms. The pursuit of mastery becomes a tapestry woven from countless threads of understanding, with the void's hunger sated by the ceaseless acquisition of wisdom across a multitude of domains.",,,
86,,600,Hollow Vessel,Fate/Stay Night,"You were born for a purpose. To be a weapon, one that would kill any target for the right price. And a weapon has no need for petty things such as likes or dislikes or quirks. All that you needed was the ability to adapt to any situation and to understand your targets. Learning new concepts, such as skills or languages or entire cultures, is as easy as breathing to you. You did in a day what took others five, no matter the subject. And when they became jealous of your speed, it was not something you could not understand. Your incredible understanding of emotions and people letting you know what a man felt just by what his face looked like, with only the most tightly controlled being able to mask their emotions from your eyes. This attention to detail assists you in other endeavours too, from near instantly sweeping a room for anything that could be used as a weapon to picking out individuals from crowds of thousands, your skills of perception lie unmatched.",,,
87,,600,A Perfect Doll,Tsukihime,"The way people act...the way they laugh, they cry, they scream, feel love...it’s so strange, isn’t it? You understand it better than others - saying the right things at the right time can make them act in a way that benefits you, and that if you have the right expression and tone of voice, no one ever suspects it was you giving them those ideas.

You’re a consummate actor and liar, able to adopt any sort of persona or expression with no involuntary muscle reactions or tics that give away your true intentions - it would take serious physical evidence to make others doubt you. You could even fool supernatural senses, or make those who rely on such doubt themselves. You are also a skilled manipulator as a result, able to carry out a murderous revenge plan with your victims oblivious to your scheme every step of the way. A liar, a schemer, someone who gets others to do what they want...that’s what a real person does, right?",,,
88,,600,High Speed Magus,Tsukihime,"High-Speed Incantation. The ability to perform otherwise-complicated magecraft that would require time and ritual in mere seconds. Whether through intense training or a natural talent, you are an expert at this Incantation, able to cast and rotate your magic within an instant. Your multitasking and mental calculations are good enough that you could pass off as a fledgling Alchemist of Atlas, able to perfectly cycle through spells in mere seconds and shorten the time of complicated magical formulas incantations’ from minutes into seconds, or hours into a short few minutes. In addition, this mental processing lets you easily juggle both hand-to-hand combat and constantly using magecraft alongside it, letting you easily use magecraft alongside any other physical abilities or powers you may have - so long as your body can handle the output of both at once, of course.",,,
89,,600,King's Companion,Fate/Zero,"A king rarely leads all by himself. His retinue accompanies him, whether beside the throne or on the battlefield. Among this retinue is the role of strategist, a role you were born for. When it comes to mental pursuits and challenges, you’re unparalleled by all outside the realm of Heroic Spirits. Your one of the smartest men around, you’ve got a strategic mind that can only be surpassed by the likes of Zhuge Liang himself and, when it comes to getting leaders and rulers to trust your insight, you can gain their trust, in your abilities and your loyalty, with only a demonstration or two.",,,
90,,600,Protection of the Faith,Fate/Legends: Baba Yaga,"Through faith and diligence, you have been morphed into someone greater than a common man, your body and mind strengthened by years of toil. When it comes to skill, few among the Church members can claim to be your equal, being among the greatest Executors. You have over a decade worth of experience killing Magi and your physical capabilities are so enhanced you could dodge bullets and jump 10 meters in height instantly. It is to a point where you could even kill a Servant like the Omnipotent Genius Da Vinci under the right conditions.

Your faith can even have mystical effects in the form of Spiritual Healing, allowing you to cure the physical and mental states of others and even illnesses, though not your own. Even more malevolent spirits are not safe from your faith, as you also mastered the Baptism Rite, a simple ritual that is nonetheless incredible effective against spirits, atacking them directly and purifying them.",,,
91,,600,Mountain Snake,Witch on the Holy Night,"There is far more to your form than meets the eye. Your childhood was a harsh and rigorous thing, spent far away in the mountains beyond civilisation’s comforts where you fought beasts bigger than you. As a result, your physicality and ability to kill with bare hands is frankly inhuman. You can run ten miles in under ten minutes, pick up a young woman, and carry her back much of the way while only being out of breath from the sprint. You can access what is called hysterical strength, reading the fighting capabilities of even otherworldly foes with a glance and exceeding the safe limits of your body with machine-like precision to strike them with the full force of your body on one single point. While ruinous to your own arms and even the rest of your body, two such blows could drop even a mighty steel-furred Elemental to the ground. Doubtless any lesser confrontation for you would be like tearing apart papier mache. As long as it doesn’t involve magecraft, at least. For all that your flesh is well-forged and your tendons are like steel cables, you’re no more resistant to magecraft than the next man on the street.",,,
92,,600,I Am Spartacus,Fate/Legends: Empires of Antiquity ,"Men can be monsters. Not just of the heart, the way everyone has heard a hundred times before. But of the flesh. Taking their bodies to such heights that they shatter any possible notion that their muscles still obey they laws that restrict all men. You’ve rebelled against those limits on your body, even as a mere human, and become too huge to ignore. Your body is a marvel of muscle, with the physical power to wrestle and struggle with powerful demigods like Heracles, though you couldn’t truly do more than prove an able but futile contest for him, but also endure such a beings blows to your body. Your endurance is your greatest strength, you even possess a moderate healing factor that replenishes most cuts and bone breaks in several minutes. But you can take that endurance much further. When people inflict damage to you, you can convert that damage into magical energy within you, still suffering the wound, but able to either use that new source of energy as normal or enhance your body’s physical abilities and rate of healing with it directly. This energy can even be used to enhance physical objects you touch, from weapons to the debris caused by your attacks, and enough build up will cause you to grow in size and mutate into a terrifying monster. There is no limit to the build up and with enough energy, you can unleash powerful magical blasts that can erase entire mountains instantly, but the energy will slowly fade out if you cease to take damage from an opponent.",,,
93,,600,Blessed by Magic,Grand Foreigner,"After Olga’s body was rebuilt by Ainz she gained an unmatched affinity for all forms of magic and elements. This granted her an incredible talent for any type of magic that exists. For example, when Mozart taught Olga Orpheus magic, she mastered it in only three weeks. For comparison it took Mozart himself six months and he was considered the be the most gifted genius in music magic that humanity had produced. Similarly she learned everything Medea could teach her in less than two months. This perk grants you an incredible talent for all forms of magic. You won’t be the most talented magus to ever live with this alone, but you will have the potential to reach the pinnacle of any field given time",,,
94,,600,Bogatyr of the Fair Sun,Fate/Legends: Baba Yaga,"The Sovereign of the Sun, Dobrynya Nikitich, was said to be a mighty young warrior, serving the Grand Prince of Kiev. His deeds are still spoken of in Bylina, where historical fact and fantasy ever so often meet. But now he may have an equal as your more than a match for even the mightiest Bogatyr. Your strength and speed is enough to go into batle against Dragons, though it is not a fight you would be guaranteed to win. Still the punishment of such a Beast you could endure, even hails of Bullets from Beasts designed to kill.

But of course what is a Hero without the skill to use their strength? Saving princesses and slaying Monsters just comes naturally to you. Some may think your claim of being able to do ‘Just About Anything’ isn’t entirely farfetched, as you are simply competent in whatever is needed, like say cheering up an ally, getting food, raising a spirit or even just fighting someone way out of your league. Now you cant DO anything, only do lots of things. You wouldn’t be able to destroy trees that simulate entire Worlds for example but you may just be able to put up a great fight against a single great Tyrant. Though at least you know what is truly impossible to you, just so you can bother trying for what you could somehow pull of.

But where you truly shine is on top of a mount. Your skill at Riding is legendary, far beyond what any human should be capable of. What it is you ride, be it a monster or a vehicle, ill maters. As long as you can count it as a form of transportation you can do just that with the kind of skill only a Hero of an Epic cold replicate. Of course combat on top of your steed is also all but instinctual, perhaps even greater than it would be on foot. Lastly, thanks to your newfound connection to the Sun, entities or deities aligned with it are a litle bit more fonder of you and may even ask for your help on occasion.",,,
95,,600,Tam Lin,Fate - The Island of Sin,"Maybe you are one of the High Queen’s Tam Lin, after all... “Tam Lin” is the title reserved for only the greatest of knights, those beholden to Morgan herself and who serve no other master, standing no lower in authority than the clan heads themselves. That said, it isn’t impossible for someone to take on the title of Tam Lin by themselves, as seen with Tam Lin Galahad. To begin with, simply assuming the title of “Tam Lin” imbues you with power, specifically the power to crush humans and the products of civilization. Actions you take towards these ends are conceptually strengthened; your blows bite more deeply, your plans catch people off-guard, and your words cut deeper into the opponent’s psyche.

Furthermore, the title you take on distances you from your natural weaknesses, such as the vulnerability to the Mors Curse, iron, or whatever racial vulnerabilities or inherent urges you may possess.

However, those are not the greatest boons of the Tam Lin. Upon assuming this title, the traits of one of the Knights of the Round Table from Proper Human History are layered atop them, allowing them to draw upon the power of the concept of that knight. This allows you access to one of the skills or special powers of one of the Knights of the Round Table, albeit slightly weakened.

Perhaps, like Tam Lin Gawain, you imitate Sir Gawain’s Numeral of the Saint, which during the hours of 9 A.M. to 12 P.M., and from 3 P.M. to 6 P.M., served to multiply her powers by 2.8x (although not triple it, as would be seen with Gawain himself). Or could it be that, like Tam Lin Lancelot, you’ve imitated Sir Lancelot’s Eternal Arms Mastery, which granted peerless mastery of all weapons to such a ludicrous degree that nothing could reduce her skill at arms, not even the depths of madness?

Of course, depending on the time you chose, you might make an enemy by taking on the same Tam Lin title as them. But if you’d rather choose another knight, there is an entire table full of other knights with special talents to choose from; Sir Kay, who could shoot fire from his hands or grow as large as a giant; Sir Bedivere, who could swear an Oath of Protection so powerful that his allies would resist harm; or Sir Mordred, whose immense magical power allowed for almost-free utilization of the Mana Burst technique.

Taking this perk alone is not enough to replicate a Mystic Code or Noble Phantasm possessed by one of the Knights of the Round Table. Unlike the actual Tam Lin, killing someone else bearing this title won’t be fatal for you. Furthermore, being known by your original name, rather than your Tam Lin title, won’t strip away the effects of being a Tam Lin. And finally, you will never be made weaker by taking on the Tam Lin title of a knight who is mismatched to your nature, as Barghest was when bearing Sir Gawain’s name.

You may spend another -300 CP to receive an additional power belonging to your chosen Knight, or you could take on a second Tam Lin name belonging to a different knight. This may be done multiple times.",,,
96,,600,A Refined Ideal,Fate/Grand Order: Cosmos In The Lostbelt,"Magical excellence requires a number of factors, mainly plenty of high quality Magic Circuits, as well as a solid education in magecraft. You have both in spades, to the point that you could be called an almost unprecedented genius in the Clocktower. Your sheer unbridled talent of anything to do with magecraft could potentially revolutionize the Mage’s Association and maybe even solve the problem of the deteriorating Mystery in modern times somehow. Weirdly enough this talent only applies to every form of magecraft that already exists, instead of developing your own or innovating. In future jumps this will extend to any form of learnable supernatural skill in a similar manner.

This isn’t all, however, as one particular brand of magecraft that you know has a special property, that of being Ideal Magecraft, older than even the Age of Gods. This is functionally your specialization, however this is only clear while within some form of Texture or other kind of reality that operates on mythological rules instead of grounded physical ones like the Human Order. What happens within such Worlds is that your magecraft receives a massive boost in power, such that with just this you could cast spells powerful enough to crater entire islands and project forcefields capable of resisting similarly powerful attacks. Who knows what kind of benefits utility spells might get. Of course, this applies exclusively to your spells and other magecraft derived activities, and you will otherwise remain unchanged. Watch out for treacherous bastards sneaking up behind you with a knife. In future worlds, this will extend to any form of learnable supernatural skill should your specialization be applicable.",,,
97,,600,Once In A Generation Genius,Vasto of White,"You possess the same incredible learning speed as Ichigo Kurosaki, allowing you to become a true genius at virtually anything you put your mind to. In just a matter of months, you can go from a complete novice to a masterful combatant who can best even the greatest warriors this world has to offer. This learning speed applies to virtually everything you train in, from martial arts to magic, and from science to art. With this perk, you have a natural talent and aptitude for learning, capable of picking up new skills and techniques with ease.

Furthermore, this learning speed also applies to the powers and abilities that you gain from other worlds and settings. You can quickly adapt to new powers and techniques, integrating them seamlessly into your existing skill set and becoming even more powerful as a result. With this perk, you are a once in a generation genius, capable of mastering any skill or ability with remarkable speed and ease.",,,
98,,600,ROMA,Fate/Legends: Empires of Antiquity,"It is no ordinary man that can found Rome. It is a man of power, of great fate, of pure purpose, that can accomplish such a deed. A noble beast in human flesh, with a connection to the very land on which his eternal kingdom will reign. When your future people look on you, they’ll see a founder they can worship. You have the physical power to compete with anyone short of Heracles, tearing through mountains like paper and reshaping the landscape with your foot falls. Even whole countries tremble at your hardest blows. Your power is not limited to to the purely physical either, as you have an enormously powerful innate ability to create plant life. From raising ordinary plants out of mud, causing gargantuan trees to violently burst from the ground and crush all your foes to even create enormous magical beings that can dwarf castles, you easily bring forth new life. Your magical reserves are great enough to create dozens of such large creatures without rest, though you lack any other magical training. 

However, your role as a founder is something important in itself. Nations that you found find themselves blessed with good fortune and all those who are born into your nation will look up to you as like a living deity, a beloved grandparent to be respected, emulated and even worshiped. Even those who are merely distant descendants of those of your nation will feel a strong affinity for you. In return, you have a strange awareness of all of your ‘children’ across the world, telling you their location and their health, as well as the ability to significantly but temporarily increase the power of such children that stay near you.",,,
99,,600,From The World's End,Fate - The Island of Sin,"Crucifixion, beheading, drowning, burning—all these things and more were endured by Morgan when she still went by the name Aesc, all in pursuit of saving the land of Faerie Britain. Despite such horrific injuries, she survived, and made her way to the End of the World; the boundary between the ordinary world and the Reverse Side of the World, where she studied the lynchpin that anchored the layers of this world’s reality, and from which she eventually returned.

Perhaps you have made such a trip, or maybe you are simply a unique lifeform, but you too bear the marks of the journey she made. To begin with, you gain an incredibly potent regeneration that allows you to quickly stop bleed and heal from nearly any injury—however, if the wound(s) would normally be bad enough to cause your death, your regeneration is only strong enough to heal such fatal injuries once every ten years.

Secondly, you gain an incredible proficiency with curses, as though your existence had been hated by others, and as though your very capacity to hope was stamped out and replaced with hatred—that is the degree of your affinity for curses (although as you hopefully haven’t experienced such hatred, you suffer no deterioration to your mental state from having this perk). In a single instant, you could create a veritable winter storm of curses to harm, weigh down, impede, weaken, reduce, harass, and degrade all who dare to face you. And that’s without having an actual basis in magecraft, which would allow you to imbue your curses with far mightier power.

Finally, much like Morgan reproduced the effects of the Tower at World’s End using superlative magecraft, so too are you able to reproduce the effects of mystical artifacts in the form of a spell. You could study a Noble Phantasm, and create a spell capable of performing the same effect—however, the degree of power you can imitate is limited by the power of your own Mysteries, so having a great deal of power would be the best way to make use of this perk. You are even capable of producing spells that reproduce the abilities of your CP-purchased items.",,,
100,,600,"Omnipotence, So They Say",Fate/Legends: Empires of Antiquity,"A natural born genius, with a mind like Da Vinci, possessing unparalleled intelligence and talent at all things, even when you seem to lack the necessary traits to really ascend to the top. Not only are you able to effortlessly unlock most puzzles and solve most problems, you can absorb entire fields of academic study into your mind in just weeks of study or master multiple systems of magecraft, such as alchemy or elemental magecraft, in a few years, even should you be a completely ordinary first generation magus with just a few ordinary circuits. Whether it be a skill or an ability, you simply possess an overwhelming talent for it that when combined with your own breathtaking genius, allows you to quickly become world class and then surpass what is thought possible by almost anyone else, despite being a normal person. You’re incredibly smart, are incredibly talented in all you do and can take these skills far higher than normally possible for ordinary people.",,,
101,,600,Mind Without Equal,The Holy Man of The Church Creek,"True power lies not only in sheer strength, but also in the brilliance of the mind that guides it. Ajuka Beelzebub and Azazel, are two perfect examples of this. They are feared and revered for their unmatched intelligence, demonstrating the transformative power of intellect. With the Mind Without Equal perk, you possess a genius-level intellect, perhaps rivaled only by Ajuka and Azazel themselves. Your astonishing intelligence allows you to unravel the deepest mysteries and alter the very fabric of the world. No concept is beyond your grasp, and with time and dedication, you can recreate and improve upon anything.

Even intricate systems like the Evil Pieces can be unraveled in your hands, granting you the ability to modify and reshape them according to your will. With time there is nothing that you cannot recreate or improve upon. Even something like the Evil Pieces would be unraveled in your hands allowing for modification. There truly is nothing that you cannot accomplish if you put your mind to it. Granted some of the more impressive accomplishments will still likely take you years of intense study.",,,
102,,600,Myriad Colors of Flesh,Fate/Legends: Nirvana Yuga,"To think that there are truly an infinite number of desires is the sign of an immature beast. To think that one cannot fall to desire is the sign of a naive lamb. The Truth of mankind is not enlightenment, it is that all those who feel pleasure and have desires have a single goal. To kneel before your beauty. A beauty that surpasses all creation, all divinities and all the mysteries of the world. A visage to which to see obliterates thought and reason in mortal men and deific heroes alike. An attack on all five of the senses, where even the slightest acknowledgement that one finds you beautiful through any of these senses, results in annihilation of the self and forced subservience. A beauty that, if you allow it to shine unrestricted, makes desperate slaves of any who can feel desire towards you in the slightest. Power matters not, magic is irrelevant and even force of will must be constantly applied. A single slip is all it takes, one mistake resulting in being overwhelmed with the joy of enlightenment that serving you becomes. To be so beautiful connects you to pleasure and desire on the deepest of levels. Any who can feel pleasure will find themselves far less able to resist your powers than normal. Any magic you posses that relates to pleasure, corruption and lewd desires will be magnified in scope, coming to affect swathes of people if it could only target one or cover vast distances if it affected many.",,,
103,,600,Pseudo-Noble Phantasms,Grand Foreigner,"Da Vinci’s intelligence is what makes her one of the most dangerous Servants in the throne of heroes. One of the greatest demonstrations of her intellect is her ability to replicate the Noble Phantasms of other Servants. For example, Da Vinci was able to casually create a prototype that replicated Mashu’s Lord Camelot. This perk makes you a peer worthy of being Da Vinci’s rival after her mind was unlocked and she became a Grand Servant candidate. You will be capable of replicating any feat that Da Vinci has made and recreating the Noble Phantasms of every other Servant. There is little you don’t know and even fewer things that you are unable to learn. This perk makes you one of the greatest geniuses to ever live. Even after you travel to future worlds you will remain one of the greatest minds capable of matching the settings brightest",,,
104,,600,Power of Infinity,The Holy Man of The Church Creek,"Ophis is known as the Dragon God of Infinity. As a result it shouldn’t surprise anyone that her power is infinite. This doesn’t refer to her strength, but refers to her reserves. She possesses an unlimited amount of energy allowing her to fight without end. Somehow you have acquired this power as well. With the Power of Infinity coursing through your being, all forms of energy and stamina within you become boundless. No longer shall you fear depletion or exhaustion, for your reserves are infinite.

Whether engaged in intense combat or embarking on arduous endeavors, your energy remains limitless. The nature of your energy transcends the constraints of mere mortals. Regardless of how draining your actions or attacks may be, you need never worry about running out of energy. Your wellspring of power remains ever abundant, ensuring that you can fight without end, persisting through even the most protracted battles. While the Power of Infinity grants you an infinite reservoir of energy, it is important to note that your level of power remains a determining factor though.",,,
105,,600,Ultimate One,Angel Notes,"The strongest, greatest, absolute rulers of their worlds. Unconquerable god-beasts whom serve entire worlds. An impossible power that breaks all reason and logic. You are the very greatest of your kind, you wouldn’t have the title of Ultimate One without being such a thing, and you will remain such no matter what you can become. Whatever kind of being or species you are, you are the greatest and most perfect example of such. Your authority over the other members of your species is near unbreakable, only those who have somehow gained more personal power than you can resist completely, though even then you can still exert grant influence, and even the greatest willed beings will find it a struggle to disobey you if they possess less power.",,,
106,,800,Peerless,Fate/Legends: Garden of Avalon,"The knights of Britain are renown for their skill, power and honour. The knights of the Round Table exemplify Britain’s virtues to an even greater extent. You? Lancelot at his height is the only one you can call a peer and he doesn’t remain there for long. Few men are as perfectly well rounded as you. Your physical abilities are enough that you could fight powerful adult dragons and demons to a draw with your bare hands or even win if you added a good weapon to your side. You’ve got unbelievable levels of martial skill in both offense and defense, across two dozen kinds of weapons, such that even without your physical abilities being so great you could slay armies. You have strategic and tactical abilities that let you lead small forces to crush far larger ones and can even make a good substitute for a king if your liege needs to spend a few months away at war, though you are far below the sort of king that can create a golden age. You have a high level of natural talent at any skill or ability you try your hand at and find it very easy to learn and train to become better at new things, quickly surpassing even the most venerable of warriors in their specialties. Of course, you would not be peerless if you did not also look the part. Among all the men in the world, only the divine could outmatch your physical splendour and even then, only by a touch. Your king might frown on thehordes of maidens that lust after you but you really can’t help it, as you gather  admirers and love interests even when fully armoured and masked. Just something about you.",,,
107,,1000,Enchanted Body,Generic Nasuverse,"Grants 90 Rank Increments. However, these Rank Increments can only be spent in your Strength, Endurance, and Agility parameters.

Grants the skill Magic Resistance at rank D-. However, this is actual magic resistance. It doesn't passively nullify spells like the Magic Resistance skill does. Instead, it allows the user to use magical energy to empower the enchantments to fight off the magic.

Just as Medea enchanted Kuzuki to where he was capable of fighting Arturia as a near-equal, so too will your body be enhanced. And unlike what he had, your enchantments will be permanent, being integrated into your body and soul on a fundamental, intrinsic level.

The enchantment will take a steady cost of magical energy to keep active and give you the actual benefits of having it. That is to say, the enchantment has a passive mode where it costs nothing and gives no benefits, and an active mode where it dramatically improves your strength at a high cost of magical energy.

These enchantments grant a minor form of regeneration that grows stronger as more power is funneled into the enchantments.",,,
108,,1000,Blessing of Birth,Fate/Myth,"You were Blessed at birth, much like the Indian Hero Arjuna, the difference is you can choose which concept has blessed you, where Arjuna was blessed by ""Blessing"" as a concept. You can choose anything, from copying him, to any Concept you can imagine, how this works if you choose something else is largely up to you, just it must generally be equal to Arjuna's own blessings.",,,
109,,1250,Living Legend,Generic Nasuverse,"Grants 120 Rank Increments

All parameters are permanently increased by three ranks. This can push you into EX rank for one parameter. For example, if your strength and agility were both at A rank, you could choose one to reach EX rank. The other would be stuck at A++.

You may choose three class skills from the seven standard servant classes, ruler class, or avenger class. You gain those class skills at rank B.",,,