0,Perk Name,Cost,Source,Description
1,Transmutative Rise,300 CP,Original,"You gain the ability to transmute matter through touch. Target a volume of up to one liter and one kilogram in weight that you can physically separate from its surroundings. After several minutes of focus, the targeted matter glows briefly and transmutes, increasing the atomic number of each element within by exactly one.

The time required scales with the atomic number of the elements involved. Turning iron (26) into cobalt (27), for example, takes approximately twenty minutes of concentration. The transmutation produces stable isotopes whenever possible, though there may be logical, unexpected, or even dangerous consequences, albeit somewhat softened from what physics would normally dictate."
2,Escalating Harm,300 CP,Original,"Once you land an initial strike on an opponent, your subsequent attacks against the same target grow increasingly devastating. Each successive blow deals twice the damage of the previous one. For example, if your first hit causes a minor abrasion, the second strike will be twice as severe, and the third strike will be four times as severe as the first.

This escalation resets if you switch targets and rapidly decays, if you pause between attacks for too long. The ability only functions if your first attack deals meaningful damage. It doesn't work if your first attack didn't deal enough damage and can the effect can be interrupted by other exotic effects."
3,Metaphorical Flames,400 CP,Original,"You can use metaphorical sources of flame inside and around you to fuel your magic. For example, you can draw upon your own flaming rage or fires of will to produce mystical effects. Doing so will make these inner fires burn brighter for a time, but they will also turn to cold ash more quickly. This means that if you use something like rage or willpower as fuel, they will temporarily intensify, only to burn out afterward - leaving behind disinterest, apathy, or similar emotional numbness. You will need to restore them before they can be used again. As such, it is often wiser to use something like the potential flames trapped inside gunpowder on your person as fuel, even if such sources may be less effective or nearly impossible to utilize for certain tasks.

Sourcing metaphorical flames requires creativity and careful thought. Some sources are easier or better suited for particular magical tasks than others, and the type of flame you use may influence the resulting magic. For instance, you cannot directly use the flames of another person's rage, but if you bait them into focusing their anger on you, it becomes easier to draw upon. Similarly, using flames of rage is well-suited for violent tasks, though the magic may take on side-effects associated with anger: effects that become much more pronounced if the task already aligns closely with the concept of rage. Not everything can serve as a source; it must be some form of metaphorical flame, or at the very least, fuel for one."
4,Fire Fiends Creation,200 CP,Original,"You can create free fire spirits or infuse items with them using living things you have burned down yourself as the source - either from their ashes or by literally dragging specks of ""inner fire"" from the corpses of your foes. These ""fiends"" need to eat fire or highly flammable materials to survive, but even then, they have limited and usually short lifespans because they age relatively quickly. They are generally aligned with you, listen to your orders, and are loyal, but tend to be mischievous and ""fiery"" in character due to their nature. They live longer when infused into objects, but their effects are less powerful in that form. Depending on exotic and unqiue properties of things you burnt to create them, friends might possess some traces of traits and characteristics of the burnt object.
"
5,Tearful Pellets,50 CP,Original,"You possess the ability to project and throw small pellets that burst into a cloud of capsaicin-derived substance, similar to tear gas but potentially stronger. You have control over the volume of gas clouds each pellet produces when you create it and the potency of substance. You are immune to the effects of the tear gas in general, allowing you to navigate through the cloud unharmed. Pellets do not persist for long - they disappear after some time, if they lose contact with you and/or not being used/destroyed."
6,Wooden Stake,150 CP,Original,"You possess the ability to rapidly grow and produce dead wood from your own body. This wood can take on various shapes such as beams, stakes, thorns, curved branches, and other pointy objects. You have the flexibility to make them hollow or alter their inner structure or surface for a little while, even making them polished. Your power does not tarnish your clothes or other thin materials around you (if you don't want it to). The wood you create is dark, dense, and exceptionally hard. It is resistant to catching fire, but if it does ignite, it burns rapidly. It is very susceptible to natural decay and rots relatively quickly over time.

You have the power to infuse existing or created wood (including alive) with your energy. For instance, you can charge a small piece of wood, throw it, and after a certain time, it will begin to transform into preprogrammed pointed shapes, resembling your own body’s abilities, until the charge is depleted. Alternatively, you can grow wood from other wooden surfaces that you come into contact with. Charged wood, under your control, can be easily broken by you and poses no harm to you."
7,Mortis Essence Accumulation,200 CP,Original,"You have a metaphorical vessel of 'mortis essence' inside your soul. You can replenish this magic by killing or witnessing death personally. You become stronger and can restore powers in places drenched in death or strongly associated with the dead, as recognized by the local population or creatures in the area.

You gain more from killing or witnessing the death of someone who resists death or being killed. You also gain more from sleeping or meditating in places associated with the dead. Different creatures, types of death, and locations influence your replenishment. You cannot accumulate too much mortis essence, as it makes you more vulnerable to death: stopping bleeding takes longer, severe wounds are more likely to cause death, you get ill more easily, etc. So, you need to find a way to get rid of the excess or figure out how to block/control automatic replenishment of the essence before it kills you. Mortis essence is strongly aligned with arts related to death and the dead, such as necromancy or burial arts, but is not limited to them."
8,Oddly Convenient Spare Parts,300 CP,Original,"When breaking down or disassembling something, you can often find spare parts inside, even if there shouldn't be any. While you cannot precisely control which spare part you will get, you can steer it slightly in the desired direction. Repeatedly disassembling and reassembling objects allows you to dupe pieces with each iteration. Although, there are diminishing returns for doing it to the exact same thing over and over again.

The terms 'disassembly' and 'something' are quite flexible - breaking rocks with a pickaxe or preparing wood also technically count as disassembling. As a result, you may find yourself with more spare parts or useful items than expected, even in these cases. Very rarely, when searching for space parts, you might discover unique, thematic items related to what you disassembled among spare parts - for example, finding a golden nugget in a piece of rock you broke down, even if it shouldn’t be there. You also have a knack for dismantling objects quickly, safely and carefully. Nothing supernatural though."
9,Just Pop It,400 CP,Original,"You can cause almost any physical object or part of it to pop, as if it were a balloon - simply by applying enough pressure or using something like a needle. Larger and more massive objects explode with greater power. After performing the 'pop' action, you have a short window of invulnerability to protect you from the explosion itself and some of the shards it produces, but nothing beyond that. You have perfect control over when this ability is active."
10,Aspect Loom,650 CP,Original,"You can unravel matter and energy into thick, colorful threads and wind them into balls that represent aspects of an object. Simply touching your target starts the process. These threads can be stored in a special pocket dimension and accessed at any time. If you haven't altered the threads, you can turn them back into the original objects. The mass, volume, and complexity of the target determine how many threads you obtain and how easy/hard it is to do, but it will always be lesser in mass and volume than the original unraveled object. 

You can split these threads into more, unraveling the nature of the object into simpler aspects. Using different threads, you can create patterns so that when they are reassembled, the resulting object will be different - made of aspects of your original target and inspired by the new shape. You are an expert in working with threads and possess an unnatural intuition for manipulating aspect threads specifically. Others can also work with these threads and even restore them into objects using the right supernatural energies or abilities, but without your unnatural intuition, it is difficult for them to find effective or useful patterns."
11,Dionysus Ultimate Blessing,150 CP,Original,"You cannot die from overdrinking; at some point, it will stop worsening. Any damage caused by drinking will be healed by a short hangover afterward. You do not suffer from the usual side effects of alcoholism, such as developing a tolerance to alcohol. While you are at least a little bit drunk, you cannot be poisoned by other substances. Your luck slightly increases with how drunk you are at the moment, though there is a limit. You are extremely knowledgeable about cocktails, alcoholic beverages, and how to drink them correctly. 

You can consume methanol or similar ""alcoholic"" substances without dying, going blind, or experiencing other severe consequences, but the hangover will be longer and much worse. You can still get drunk, even if other powers prohibit or make it impossible. You can experience degrees of drunkenness beyond what an unmodified human brain can normally comprehend. If you want to get intoxicated from drinking at the moment - you will!"
12,Ocean of Bouillon,100 CP,Original,"You can instantly conjure great quantities of fresh, boiling-hot (or cold, depending on the dish), and delicious soup, broth or stew in any targeted empty vessel. It must be some kind of mundane soup, broth or stew, and you should be somewhat familiar with specific dish to actually summon it. 

The substance created this way is enhanced to be perpetually hot (or cold, depending on the dish) and fresh until eaten or ruined by external factors (like dirt getting into it). After that, these special properties gradually (or abruptly) diminish and disappear completely. You can instantly fill a cauldron with your favorite stew, definitely a tub, or even the whole room. It just needs to be some non-living vessel with physical access to its insides. There is a limit of how much you can create at once, but its a lot of stew/soup/broth."
13,Administrator Engine,200 CP,Original,"This metaperk automatically connects to all other perks and powers you have and updates when you acquire new ones. Its primary goal is the management and control of the various effects that powers give you. It grants you the ability to tune and even turn powers on or off, even for ones which usually don't have any means of control. You can preprogram various quick changes to tweak the operation of many abilities at once, giving you more precise control over the abilities you possess and making it easier to monitor what they do and when. Of course, it works a bit differently with different perks and tries to adapt to them. Basically, it just gives a control panel to better monitor and manage your powers."
14,Fluid Light,50 CP,Original,"You are capable of absorbing light with the surface of your body, turning it into a transparent fluid and excreting it from any point on your body. Disturbing this substance causes it to partly revert back into light (for example, by suddenly heating it or punching it hard). This liquid is practically weightless and has very low viscosity. However, you can concentrate more light into the same volume of liquid. Doing so will make it heavier and more viscous, the more light you pack into it. Additionally, disturbing it will produce brighter light with a shorter wavelength. You are good at absorbing visible light but terrible at absorbing non-visible light. There is a limit to how much you can absorb, store, and recycle per unit of time."
15,Resources Conversion,200 CP,Original,"You have an inventory space size of one cubic meter. You can put resources, materials, and even some components into this extradimensional space with a touch, as long as they are not larger than a cube with a side of one meter. Things inside this space will be converted from one resource into another after specific time passes. How long this takes depends on three parameters: Properties, Composition, and Shape. How different these three between the original target and intended result. For example, you can put one type of steel into this space and turn it into another of your liking in a matter of minutes: one alloy of iron transformed into another. 

You are only aware of how long the transformation will take after putting something inside the space and choosing end state of conversion. You can eject items at any time (they will remain unchanged if not enough time has passed for full processing) and must do so if you want to change what is currently contained in this cubic dimension (you cannot add stuff, while something is inside). Trying to turn something into a completely different type of entity might take years and even decades to process, which is usually not worth it. Some small amount of material gets lost in the conversion process, proportionally to how much time it took to convert. End result depends on what you are asking this power to do, but cannot be anything but resource, material or component."
16,Valaknots,800 CP,Creature Guild,"Valaknots are ancient symbols that warp body and mind when carved into flesh. Believed to be gifted to mortals by the god of change, Maudamouros, these symbols allow the manipulation of living creatures - including animals, plants, and fungi. Valaknots do not work on dead material; they require living entities. They can reshape bodies, empowering or diminishing them in countless ways, and can even grant some the power to conjure or manipulate different matter. Valaknots are arranged into patterns called Valachains. Mistakes in carving will lead to consequences. 

You have the expertise and carving skills of a decently experienced Valaknot practitioner, but without a specific focus or tradition. You possess your own rather humble mental library of randomly chosen Valaknots: you know what they do and how they mesh together into various Valachains. By spending additional 200 CP (or more), you can buy proficiency in one of the specific traditions of the art: The Flesh Forge, The Saltfen Brood, The Fellwood Druids. By personally instructing and guiding others, you might give them ability to use and teach others the art of Valaknots. (Author: Creature Guild)"
17,Hole Manipulation,400 CP,Original,"You gain the ability to psychically manipulate holes. By touching the tangible edge of any opening, you can stretch or compress it temporarily, though you cannot permanently change its size. You can also pluck a hole from its location and fling it as a projectile; upon impact, it re-opens to its original dimensions. Crucially, when you remove a hole, you can preserve its ""destination,"" allowing you to relocate an entrance while keeping it connected to its original exit. 

By touching the edges in sequence, you can link multiple holes to create a portal network, which you can dismiss as long as you are near one terminus. Passing objects through a chain of linked holes of different sizes/shapes will resize or deform them accordingly (process doesn't create/destroy matter). Finally, you can turn a removed hole inside out to create an unstable ""anti-hole."" This substance acts as a perfect, repulsive barrier, but it will explosively expand and disappear unless you are nearby to stabilize it."
18,Effluvium Wizard,600 CP,Original,"You are a genius of toxicity and a pioneer of chemical warfare. You possess an innate resistance to harmful agents, able to build total immunity through exposure, and the expertise to design, deploy, and counter modern Earth chemical weapons. Your talent borders on the supernatural, allowing you to invent new poisons with ease. 

This path has also granted you mastery over a unique necromancy, letting you animate organic chemical weapons - such as giving sentience to clouds of poison gas that can puppet the corpses of the fallen. Through alchemical sigils and artifacts, you can extract and command toxins with precision. Furthermore, you may initiate students into this art through ritual and tutelage, though their mastery will depend on their own aptitude and your guidance."
19,Statue Collector,350 CP,Original,"You can fire a beam of light that petrifies living creatures for up to a year. The beam's speed can vary from a bullet to a falling feather. Petrified creatures are alive but in a soul-slumber, unable to sense or do anything. Resistance to this effect varies based on size, abilities, properties or armor the target possess. You are an excellent sculptor and can use this skill on your statues: any carving or modification you make will heal, damage, or permanently reshape the creature when they revert. Furthermore, you can animate these statues as obedient servants. They retain their original skills and abilities, possess the durability and weight of stone, and are proportionally stronger. However, they don't have ego, cannot grow and need renewing orders to act in effective way."
20,Ultimate Brewing,450 CP,Original,"You can brew alcohol from virtually anything: rocks, energy fields, or stranger things - as long as you can find a method to work with them. You are a skilled brewer and vintner with expertise in tool creation and farming, guided by an intuition that hints at the probable properties of your creations and potential ways to obtain them. Your brews gain special effects based on their ingredients. You are also highly resistant to poison and the negative effects of intoxicants. When drunk, you gain a healing factor and a notable boost to all physical stats."
21,Mad Insight,250 CP,Original,"Your capacity for invention and research scales directly with your mental instability and psychological suffering. The greater your madness, the greater your scientific genius. Your madness also mildly enhances your ability to avoid danger, improvise, and commit violence. Different mental conditions grant different boons: psychosis might fuel impossible mad scientist contraptions, while other issues aid different pursuits. 

Your psyche possesses an uncanny resilience, slowly healing over time to its baseline state when you took this perk, though this does not erase memories. You can even recover from eldritch truths, though it will be neither pleasant nor quick. Your creations vary in nature; some are blackboxed and impossible to replicate, while others are fully reproducible, albeit with complications."
22,Glass World,500 CP,Original,"You gain the intuitive ability to interact with all matter as if it were glass. This versatile power lets you: shatter the strongest stones like fragile glass; walk on water as if it were a solid floor; see through walls as if they were clear windows; reflect light with a piece of wood as if it were a perfect mirror; filter or focus light using a pebble as a lens; and cut flesh with a plastic knife as if its edge were razor-sharp volcanic glass. Mastery of this ability requires time, practice, and imagination to discover its full range of applications."
23,Mandate of Condensation,250 CP,Original,"You can condense almost anything within a small radius around you, including more abstract thingd like light, vacuum, or even fear. If it exists in your radius, you can target it. Before condensing, you gain a vague sense of how dangerous the process might be, though this offers no protection against your own foolishness. The resulting condensates form unique types of matter with special properties, effects, and varying stability. 

You can steer the condensation process with your will, allowing the same source material to yield slightly different results depending on your intentions. It's a case by case thing. Although, there is a limit of how much you can condense at a time, until you find some suitable sources of magic to power this ability in more reliably way, rather than fiat backing."
24,Mandate of Crystallization,250 CP,Original,"You can crystallize almost anything within a small radius around you, including more abstract targets like smell, mana, or coldness. If it exists in your radius, you can target it. The resulting crystals form unique types of matter with special properties and varying stability. 

Before crystallizing, you gain a vague sense of potential dangers, though this offers no protection against your own foolishness. You can steer the process with your will, allowing the same source material to yield slightly different crystalline results depending on your intent. Although, there is a limit of how much you can crystallize at a time, until you find some suitable sources of magic to power this ability in more reliably way, rather than fiat backing."
25,Celestial Authority of Repulsion,2000 CP,Original,"You are protected by a perfect, automatic conceptual Repulsion. This passive defence constantly repels anything that would harm you, from physical attacks and poison to exhaustion and even starvation. You can instinctively sense what is being repulsed and how at any given moment. You can slightly modulate this passive defence, but cannot turn off or fully control it.

Furthermore, you can learn to actively wield this power. By perceiving a target and performing the right ""mental gymnastics,"" you can actively repulse specific things (matter, energy, fatigue, or even curses) in controlled bursts. However, active use requires intense focus, is difficult to maintain, and is always weaker than your perfect passive defence (meaning you can never use it to harm yourself) and you must learn from passive Repulsion effect first to achieve anything.

Remember, repulsed things don't vanish; they are simply pushed somewhere else. A repulsed poison might be forced into the ground. There are also many ways to use Repulsion on any given target. For example, pushing space can produce different results, depending on your way of thinking and the situation. 

Only few divine, deeply eldritch or conceptual effects might pierce your Repulsion."
26,Loot Box Enchantments ,200 CP,Original,"You possess a pool of energy that gradually recharges over 12 hours, which you can spend to apply game-like magical effects to items. Think of Diablo or MMO-style kinds of effects. The enchantments produced are mostly random, though you can slightly steer the result or invest more energy for greater predictability. You don't know possible effects from the start - you need to use the power and see them for yourself. 

Be warned: enchanting an item multiple times is difficult. Stacking too many effects risks erasing previous enchantments, corrupting the item, or warping it entirely. It is much easier and more efficient to apply this effect to small items or equipment, and much harder to focus it on consumables, architecture or generally big thing. Your energy pool slowly grows over time, but only if you regularly and completely exhaust it."
27,Rhinestone Eyes,300 CP,Original,"You can activate this power, causing your eyes to shine like brilliant gemstones. When you focus on an object, the ability scans it to trace its ontological origin, determining how ""fake"" it is and what it is trying to emulate.

This allows you to accurately distinguish forged documents from authentic ones, identify counterfeit goods, and recognize clones of creatures for what they are. The power does not tell you if the fake is better or worse than the original, nor does it reveal exactly how it is fake - only what it attempts to emulate and whether it is, in fact, a fake. The scanning process requires some time of concentration to reach a conclusion."
28,Etiquette,200 CP,Original,"You possess an impeccable understanding of social conduct. You instinctively know the basic rules, customs, and protocols required for polite and respectful behavior in practically any culture you encounter, from street gangs to high society, warrior clans to merchant guilds, allowing you to navigate any interaction without embarrassing yourself or committing a social faux pas.

This perk functions on two levels. First, it provides you with practical knowledge of common and historical etiquette systems for most situations and groups on Earth. Second, it grants you an enhanced intuition that allows you to decipher and adapt to entirely new systems of etiquette with minimal exposure, simply by observing and interacting with the group in question."
29,Celestial Authority of Voyages,2000 CP,Original,"You possess the ability to traverse dimensions beyond the merely physical. You can open, close, and navigate paths through space and time, but also through realms not associated with them. Enter mental planes, the dimension of pure mathematics, or specific afterlives, and even bring things back from one dimension to another. However, your ability to find and reach a destination depends on your understanding and conceptualization of the target.

This power also grants a passive effect: perfect evasion. When something is about to strike you, this defense will shift part of your existence (body, soul, mind, or whatever) into another dimension, safely and efficiently dodging the incoming doom. These moments of evasion also offer rare opportunities to grasp tiny specks of enlightenment, deepening your understanding for future active use of this Authority. But at the beginning you can be sure: you being would never be in the path of the incoming attack.

Only few divine, deeply eldritch or conceptual effects might counter your passive evasion."
30,Phantom Piranha Swarm,200 CP,Original,"You gain the ability to summon a swarm of dozens to hundreds of invisible piranhas that swim through the air as if it were water. The piranhas are entirely intangible constructs of power (not real creatures) but their razor-sharp teeth are very real to anything they bite. Invisible to the eye, the swarm can only be detected by the chilling sound of countless tiny jaws gnashing together as they descend upon your foes. The swarm obeys your mental commands, relentlessly harassing, distracting, and shredding anything in their path until dismissed or getting too far from you."
31,Soul-Powered Magic,300 CP,Original,"Your magic is derived from the power held within your soul, generating whatever fuel is necessary internally without external help. However, this connection cuts both ways. Because you power all miracles and effects entirely by yourself, there is a hard limit to what your soul (or any mortal soul) can fuel before suffering consequences: overdrawing can lead to soul fatigue, soul warping and damage, or worse. Furthermore, with your magic so directly tethered to your essence, skilled enemies or supernatural entities may be able to track, exploit, or even attack you through this connection if they know how to follow the line back to its source."
32,Starbound Caster,300 CP,Original,"Your magic is written in the heavens, drawing power from astrological signs, celestial alignments, and the portents written in the night sky. When the stars are right, your spells swell with incredible potency, and you can read the firmament to cast rituals keyed to specific constellations. However, this connection to the cosmos is not without risk. You are bound to the sky's whims - during celestial absences, opposing signs, or when the stars are ""wrong,"" your power wanes significantly or becomes unpredictable."
33,Willpower Incantations,300 CP,Original,"Your magic is not drawn from incantations or reagents, but from the raw, unyielding strength of your mind. High emotions (rage, grief, ecstasy, or pure determination) serve as fuel for your spells, allowing you to shape phenomena through sheer force of will. A disciplined mind can achieve miracles that leave conventional casters baffled. 

However, this dependence on your mental state creates significant vulnerabilities. Strong emotional suppression leaves you powerless, while intense feelings can cause your magic to flare uncontrollably or twist to reflect your mood. Moreover, because your spells are extensions of your psyche, mental attacks, psychic feedback, or emotional manipulation can directly disrupt your casting or even turn your own power against you."
34,Vitality Sorcerer,300 CP,Original,"Your magic is fueled directly by your own life force, drawn from your health, vitality, and physical well-being. This allows you to cast spells without any external components or mana pools - your body itself becomes the battery, capable of producing miraculous effects through sheer sacrifice. 

Unfortunetly, this power extracts a heavy toll. Every spell leaves you weaker, sicker, and closer to collapse; overcasting can induce wasting sickness, temporary crippling, or even threaten your life if you push too far. Moreover, because your magic is literally part of your living flesh, healers and life-sensing entities can detect your condition at a glance, and any drain or damage to your body directly impacts your ability to cast until you recover."
35,Leyline Attunement,300 CP,Original,"Your magic draws on natural wellsprings like leylines to fuel itself, granting you tremendous power when connected to such sources, but only situationally. This principle transcends the existence of magic itself. Even in worlds without ambient enchantment, dead zones, or technological realities, you can still draw power from natural features that approximate leylines: continental fault lines, river confluences, ancient migration paths, or geomagnetic anomalies. Any place where the world itself holds concentrated natural energy becomes a wellspring for your magic. 

However, you remain bound by geography and vulnerability - away from such sites your power fades, and those attuned to the land (druids, earth spirits, or even geologists with supernatural sensitivity) can sense your tapping and may object to your presence."
36,Dimensional Tapping,300 CP,Original,"Your magic reaches beyond reality, drawing power from alternate dimensions to fuel your spells. Each type of effect (fire, shadow, time, force) can be sourced from a different reality, granting you incredible versatility and access to energies no single world could provide. By pulling from dimensions with exotic physical laws, your magic can achieve effects that seem impossible by local standards. 

However, every spell opens a temporary bridge, and attention flows both ways. Prolonged casting, reckless draws, or using the same dimension too frequently can attract the notice of things that dwell within - hunger entities, conceptual predators, or entire ecologies that view your magic as an invasion. Worse, if a connection is forced or held too long, something may follow the current back."
37,Pacted Power,300 CP,Original,"Your magic flows not from within, but through the will of a patron you have bargained with. This entity channels its power directly to you, granting access to spells and abilities far beyond your natural capacity - and if you choose wisely, that patron may very well take the form of your own familiar, a companion always at your side. 

However, you are never truly casting alone. Your patron can choose to withhold, distort, or amplify your magic based on your alignment with their interests, and every spell you cast announces your connection to them. Those versed in the occult can trace your power back to its source, potentially targeting your patron or exploiting the link. Moreover, the bargain cuts both ways - if your patron is harmed, bound, or banished, your magic goes with them until they are freed."
38,Arcane Secrecy,300 CP,Original,"Your magic is fueled not by energy, but by revelation - you must offer secrets to power your spells. Every casting consumes a piece of hidden knowledge: a personal shame, a confidential plan, the true name of a distant star, or the location of a buried treasure. The greater the secret's worth (its intimacy, its potential to harm if revealed, its significance to the world) the more powerful the effect you can conjure. This allows you to work magic far beyond conventional limits, trading information for miracles. 

Unfortunetly, secrets spent are truly gone, ripped from your memory and sometimes even from reality nearby, made harder for you to rediscover and remeber. Those who once trusted you may sense something missing, diviners can detect the gaps where knowledge used to be, and beings who hoard secrets (librarians of forbidden lore, elder gods, or simply the very paranoid) will take great interest in someone who burns information as fuel."
39,Oathbound Authority,300 CP,Original,"Your magic is powered not by external forces, but by the weight of your own sworn word. By placing binding restrictions upon yourself (vows of poverty, silence, non-violence, or any self-imposed limitation) you generate power proportional to the difficulty and sincerity of the oath. The greater the sacrifice of freedom, the mightier the magic you can fuel. This allows you to achieve remarkable effects simply by denying yourself options that others take for granted. 

Of course, oaths are not to be broken lightly. Violating a sworn restriction doesn't just cost you power - it can shatter your connection for a long period of time, inflict backlash upon your mind or body, and you never know true consequences beforehand. Moreover, those who can detect or manipulate promises (celestial scribes, devilish contractors, or feigned lords) may attempt to exploit your bonds, and every vow you take creates a thread others might one day pull."
40,Faith Forged Miracles,300 CP,Original,"Belief itself becomes fuel for your magic. The convictions of others (whether organized religion, local superstitions, cultural myths, or simple misunderstandings) generate power that you can channel into supernatural effects. A town's fervent belief in a local saint lets you work healing; widespread terror of a monster allows you to summon shadows; a misconception about haunted ground grants you power over the dead. The stronger and more widespread the belief, the mightier the miracle you can perform. 

Of course, you are bound by the content of that belief. You cannot easily contradict the source of your power - a miracle drawn from fear will feel terrible, one drawn from love will feel gentle, and attempting to use belief against its nature may cause the magic to fail or twist unexpectedly. Moreover, those who shape belief (priests, tyrants, memetic threats) can starve or poison your fuel source, and you may find yourself unconsciously reinforcing the very misconceptions you rely upon to maintain your power."
41,Eldritch Insight,300 CP,Original,"Your magic operates on verifiable principles. By studying the universe as a logical system of natural laws, you derive spellcraft from formula rather than faith or bloodline. This grants you exceptional stability - your workings are rooted in reality, making them difficult to disrupt or counterspell. You gain a natural talent for learning and reverse-engineering any supernatural phenomenon you encounter.

However, this framework is a model, not a window. Encountering truly alien or paradoxical phenomena that contradict your established understanding can cause your magic to falter or produce unexpected results until you painstakingly update your theories and system of thought."
42,Alchemical Art,300 CP,Original,"You derive your power from consumed elixirs and alchemical creations, brewed through a rigid system of rules and philosophy. These concoctions provide the necessary fuel to cast, with effects determined by the precision of your art. Potions can be prepared in advance, allowing for tactical flexibility, but your capabilities are limited by your stock, supplies and preparation. The strict formulae required mean innovation is slow and methodical (trial and error has real consequences) and some things just cannot be done withing the system you use. It's not all-encompassing."
43,Implement Mage ,200 CP,Original,"Your magic is channeled through a specific tool: a wand, blade, crystal, or other focused implement (choose one; cannot be overly broad definition). This focus grants you inherent talent and refined skill in casting through your chosen instrument, with your magic adapted to utilize it effectively by the perk. Loss or destruction of your implement leaves you severely hampered until it is recovered or replaced. Should you find yourself without any magic to channel currently, you may re-roll this perk for free. "
44,Ritualistic Approach,200 CP,Original,"Your magic is worked through formal rites: circles, sacrifices, and structured ceremonies. Choose an aesthetic style or specific real-world occult system; your magic will be perfectly adapted to implement this practice. Rituals allow for potent, versatile effects but require time, preparation, and proper conditions. You gain innate talent and skill in these methods. If you currently lack any magical ability, you may re-roll this perk for free."
45,Consumption Mage,200 CP,Original,"Your magic is activated and shaped by consuming specific substances: potions, rare metals, alchemical herbs, or similar (choose some focused category). These consumables act as both fuel and focus, allowing you to draw out and enhance your abilities. Your magic is perfectly adapted to this practice, granting you innate talent in preparing and utilizing your chosen materials. Without your consumables, your power is severely limited. If you currently lack any magical ability, you may re-roll this perk for free."
46,Verbal Component,200 CP,Original,"Your magic is enacted through spoken words, incantations, or symbolic utterance. Choose a specific language, runic system, or form of chant/music (cannot be overly broad). Your magic is perfectly adapted to this practice, with power and precision tied to your diction, understanding and delivery. You gain innate talent and skill in these methods. Silencing or impeding your speech severely hampers your casting. If you currently lack any magical ability, you may re-roll this perk for free."
47,Somatic Component,200 CP,Original,"Your magic is channeled through somatic motion: hand signs, martial forms, dance, or precise gestures. Choose some specific style or theme for your practice (cannot be overly broad). Your power is perfectly adapted to this practice, with complex effects requiring correspondingly intricate movements. You gain innate talent and skill in these methods. Restraint or immobilization leaves you severely hampered. If you currently lack any magical ability, you may re-roll this perk for free."
48,Trophies and Plunder,200 CP,Original,"Your magic is channeled through trophies: body parts or significant possessions taken from defeated foes. These anchors allow you to draw out, control, and reliably shape your power, with effects often influenced by the nature of your defeated enemy. Your magic is perfectly adapted to this practice, granting innate talent in harvesting, preparing, and utilizing trophies. Without sufficient anchors, your power becomes diffuse and difficult to control. If you currently lack any magical ability, you may re-roll this perk for free."
49,Visceral Mage,200 CP,Original,"Your magic manifests with unavoidable visual phenomena: motes of light, floating symbols, energy corona, or similar displays. Attempting to suppress these effects weakens, destabilizes, or alters your intended outcome; your practice is inherently a form of self-expression. You gain innate talent and skill in these methods, with your magic perfectly adapted to this aesthetic. Stealth casting is nearly impossible without accepting significant penalties. If you currently lack any magical ability, you may re-roll this perk for free."
50,Totemism Practice,200 CP,Original,"Your power is distributed across multiple totems - each dedicated charm, fetish, or focus enhancing a specific category of ability rather than serving as a single casting implement. You gain innate talent and skill in creating and utilizing these totems, with your magic perfectly adapted to this practice. Losing a totem weakens access to that aspect of your power until it is recovered or replaced. If you currently lack any magical ability, you may re-roll this perk for free."
51,Focal Point,200 CP,Original,"Your enchanting centers around a dedicated power source (a gemstone, crystal, or similar focus) that is set into an object to grant it magical properties. The focus determines the enchantment's capacity and nature, while the object shapes its application. You gain innate talent in preparing, cutting, and setting these focal points. Without a suitable focus, your ability to create enchanted items is severely limited. If you currently lack any magical ability, you may re-roll this perk for free."
52,Mechanical Enchanter,200 CP,Original,"Your enchanted creations take the form of intricate mechanical devices: systems of gears, pistons, and housings that appear purely technological but are fundamentally magical in operation. This aesthetic is intrinsic to your craft; attempts to create enchantments with a different appearance prove difficult or unstable. You gain innate talent in designing and constructing these magical machines. If you currently lack any magical ability, you may re-roll this perk for free."
53,Symbolic Enchanter,200 CP,Original,"Your enchantments are worked through the inscription of runes, glyphs, or symbolic marks upon objects. Each symbol carries specific properties, with complex enchantments requiring layered or interlocking designs. You gain innate talent in carving, painting, or otherwise applying these symbols effectively. Damage to the inscribed markings weakens or disrupts the enchantment until repaired. If you currently lack any magical ability, you may re-roll this perk for free."
54,Filter Enchanter,200 CP,Original,"Your enchanting requires channeling power through a physical filter (a crystal, lens, or similar medium) which shapes and refines raw magic into stable enchantments. The filter's quality and properties influence the resulting enchantment's characteristics. You gain innate talent in selecting and utilizing appropriate filters for your purposes. Without a suitable filter, your ability to enchant is severely hampered. If you currently lack any magical ability, you may re-roll this perk for free."
55,Template Crafter,200 CP,Original,"Your enchanting produces small devices that project temporary magical constructs: tools, weapons, or effects that manifest for limited duration. Multiple templates can be stored within a single object and cycled as needed, but none can be maintained indefinitely. You gain innate talent in creating and storing these projection patterns. If you currently lack any magical ability, you may re-roll this perk for free."
56,Infusion Enchanter,200 CP,Original,"Your enchanting works through gradual saturation - slowly infusing magic into an existing object until it becomes permanently enchanted. The process takes time proportional to the desired power and the object's resistance to accepting magic. You gain innate talent in sensing an object's capacity and guiding the infusion safely. Interrupting the process can damage or destabilize the object. If you currently lack any magical ability, you may re-roll this perk for free."
57,Fabrication Enchanter,200 CP,Original,"Your enchantments are woven into items during their mundane creation: forging, carving, weaving, or similar craft processes. The final enchantment's quality depends on both your magical skill and the physical craftsmanship of the object itself. You gain innate talent in integrating spellwork seamlessly into traditional making. Post-creation attempts to enchant are significantly more difficult. If you currently lack any magical ability, you may re-roll this perk for free."
58,Spirit-Trap Enchanter ,200 CP,Original,"Your enchanting binds spirits within objects: trapping, planting, or populating them to fuel magical properties. The spirit's nature and disposition shape the resulting enchantment's character and behavior. You gain innate talent in attracting, negotiating with, or compelling spirits into vessels. Spirits may eventually fade, escape, or require appeasement. If you currently lack any magical ability, you may re-roll this perk for free."
59,Deed-Bound Enchanter,200 CP,Original,"Your items grow in power through legendary use - great deeds performed with them shape and strengthen their enchantments. Before an item can accumulate power, you must first imbue it with a specific purpose, attuning it to certain actions while disattuning it from others. Power builds gradually with each significant deed, eventually reaching a peak where the enchantment stabilizes and ceases to grow. You gain innate talent in setting purposes and guiding an item's legend. If you currently lack any magical ability, you may re-roll this perk for free."
60,Blessing Enchanter,200 CP,Original,"Your items absorb power through sustained use in religious ceremonies: rituals, offerings, and devotions gradually imbuing them with properties tied to those beliefs and practices. The longer an item is employed in worship, the stronger and more refined its enchantment becomes. You gain innate talent in conducting ceremonies and guiding an item's spiritual saturation. Items removed from their religious context may slowly fade or require renewal. If you currently lack any magical ability, you may re-roll this perk for free."
61,Diagrams of Warding ,200 CP,Original,"Your wards are anchored to a single large diagram or magic circle, which dictates the ward's properties, boundaries, and behavior. The precision and complexity of the diagram determine the ward's sophistication and power. You gain innate talent in designing, inscribing, and activating these ward circles. Damaging the diagram disrupts or collapses the ward entirely until repaired. If you currently lack any magical ability, you may re-roll this perk for free."
62,Wardstone Erection,200 CP,Original,"Your wards are anchored to a central object (a wardstone, crystal, or similar focus) that controls and maintains the protective barrier. Destroying or removing this object collapses the entire ward network. You gain innate talent in creating, placing, and attuning these wardstones to specific defenses. Multiple stones can be linked for larger or more complex ward systems. If you currently lack any magical ability, you may re-roll this perk for free."
63,Territorial Tags,200 CP,Original,"Your wards require physical markers or tags placed around the protected perimeter: carved stones, inscribed stakes, hanging charms, or similar boundary markers. Each tag contributes to the overall ward, and the integrity of the circle depends on all markers remaining in place. You gain innate talent in creating, empowering, and positioning these territorial tags. A single missing or damaged tag creates a gap in your defenses. If you currently lack any magical ability, you may re-roll this perk for free."
64,Ceremonial Warding,200 CP,Original,"Your wards are maintained through repeated ritual performance: each ceremony reinforcing, adjusting, or re-powering the protective barriers. The ritual's form directly shapes the ward's properties, allowing you to easily alter workings to change functionality. You gain innate talent in designing and conducting these warding rituals. Neglecting the required ceremonies causes wards to gradually weaken and eventually fail. If you currently lack any magical ability, you may re-roll this perk for free."
65,Presence-Based Wards,200 CP,Original,"Your wards are anchored to your personal presence rather than any physical object or marker. So long as you remain within the protected area, the wards maintain themselves at full strength. Leaving the location causes them to gradually weaken and eventually degrade entirely. You gain innate talent in instinctively extending and shaping your presence into protective barriers. Returning after absence requires time for wards to rebuild to full potency. If you currently lack any magical ability, you may re-roll this perk for free."
66,Bargained Protection,200 CP,Original,"Your wards are living guardians: spirits and beings bound by pact to protect your territory. The nature of their protection depends entirely on the bargains struck, offerings made, and bindings established. You gain innate talent in negotiating with otherworldly entities and securing their service. Guardians require ongoing payment or appeasement; neglected bargains lead to withdrawn protection or active betrayal. If you currently lack any magical ability, you may re-roll this perk for free."
67,Physical Boundary Wards,200 CP,Original,"Your wards are created by establishing literal physical barriers: from simple chalk lines to constructed walls. The barrier's quality, scale, and effectiveness at separating spaces directly determines the ward's strength, versatility, and duration. A more substantial, durable wall creates a more powerful, longer-lasting ward. You gain innate talent in integrating magical protection into physical boundaries. The ward only exists where the physical barrier exists; gaps create vulnerabilities. If you currently lack any magical ability, you may re-roll this perk for free."
68,Charms Affinity,300 CP,Harry Potter CYOA,"Charms are a branch of magic that focus on adding magical qualities to targets. Charms are some of the most commonly used spells in a witch or wizard's everyday life, and cover many general utility spells such as levitating objects, breathing underwater, creating or altering light and sounds, erasing memories, or crafting magic items. While this school of magic has a high level of utility, it is not usable in fighting for anyone but the most quick thinking and imaginative. Even then, its spells tend to be less efficient than dedicated curses or hexes. Most non-violent spells are referred to as charms, though not all of them fall under this affinity, such as combat spells like shields or transfigurations."
69,Physical Charms Affinity,100 CP,Harry Potter CYOA,"You have a specialized affinity for physical charms. These spells are able to levitate and manipulate objects, create visual effects, unlock doors, clean areas, fix broken things, and more. These tend to be quality-of-life spells, but do not tend to be very long lasting unless used in enchanting. Semi-useful in combat."
70,Mental Charms Affinity,100 CP,Harry Potter CYOA,"You have a further affinity for mental charms. These spells read or alter a target's mental state. Memory charms, adding minds to magic objects, confounding others, or altering moods. This field is the primary reason the wizarding world has managed to remain a secret for so long. Also includes legilimency."
71,Enchantment Affinity,100 CP,Harry Potter CYOA,"You have a greater affinity for enchanting, the practice of layering charms on an object to create magic items. Used in wand creation, broom crafting, and magical inventions. This magic can last for millennia. What you can create with this field of magic is heavily influenced by what other magics you know."
72,D.A.D.A Affinity,300 CP,Harry Potter CYOA,"Defense Against the Dark Arts. A field dedicated to defending against and combating dangerous magical creatures, effects, and wizards. This field is comprised of many defensive and offensive spells, including shields, hexes, jinxes, and curses. This is an absolute must for anyone looking to fight seriously against the powerful creatures and criminals of the wizarding world. This field also has the most overlap with other affinities, as most spells can be twisted for use in combat by those with a strong imagination. D.A.D.A incorporates some knowledge of the dark arts in an effort to counter them. It also benefits immensely from the strong knowledge of magical creatures and their weaknesses granted by a magical creature affinity."
73,Offense Affinity,100 CP,Harry Potter CYOA,"You have a specialized affinity for offensive abilities; curses, hexes, jinxes, and anything that will damage an opponent. This can overlap with other magic types, such as using charms to drown an enemy or transfiguration to turn them into an animal. This will not protect you from being harmed yourself, however."
74,Defense Affinity,100 CP,Harry Potter CYOA,"You have a specialized affinity for defensive abilities; counter spells, shields, curse breaking, and more. This can extend to other types of magic, such as creating smoke screens or blocking mental intrusions, as well as employing a variety of magics to heal yourself and others of curses and harmful effects."
75,Dark Arts Affinity,100 CP,Harry Potter CYOA,"A dark temptation for many, you have a specialized affinity for the dark arts. These are powerful and dangerous practices that exist for practically every field. The dark arts are more powerful than other types of magic, but are illegal, often deeply immoral, and it is difficult to find useful resources to learn them from."
76,Transfiguration Affinity,300 CP,Harry Potter CYOA,"Transfiguration is the field of magic dedicated to altering the physical elements of the world. In its most basic form, this field allows users to transform one thing into another, such as turning a cup into a bird, switching traits between creatures, or changing the environment. Transfiguration typically involves conjuring or vanishing materials, or a mix of both practices when altering a target. This magic is more scientific than most fields, and requires a complex understanding of the materials being manipulated in order to be used effectively. Most of the changes in this field are temporary, and there are certain restrictions on what can be transfigured. Food, for example, can be summoned and multiplied, but cannot be created from nothing."
77,Conjuration Affinity,100 CP,Harry Potter CYOA,"You have a specialized affinity for conjuration. This is a branch of transfiguration used to summon something from nothing. This field can even be used to create living creatures, such as snakes, bugs, or birds. This skill has no end to its uses, but objects summoned from thin air tend to be temporary."
78,Vanishment Affinity,100 CP,Harry Potter CYOA,"You have a specialized affinity for vanishment. This is the practice of removing objects or creatures from existence entirely. Very complicated to use on living creatures, it is typically used to store, reduce, or remove magical and mundane objects. It can also be used for teleportation, such as through the skill of apparition."
79,Animagus,100 CP,Harry Potter CYOA,"Not technically a magic affinity, you have completed a dangerous and complicated ritual to become an animagus. Pick a mundane animal, you can now transform into that animal at will. This can fool some magical defenses and creatures. You are an unregistered animagus, and should fix this or avoid being caught transforming."
80,Potions Affinity,200 CP,Harry Potter CYOA,"You have an affinity for brewing potions. Potions have some of the strongest magical effects of any type of magic, but often require rare or expensive ingredients and a great deal of time to create. Potion making is almost more science than magic, but all potions still require some degree of magical ability to craft. By taking this option, you gain a talent in both alchemy and crafting potions, and may even be able to craft new recipes with time. You can purchase this option second time for half the price (100 CP)."
81,Herbology Affinity,100 CP,Harry Potter CYOA,You have an affinity for herbology. This is the study of magical and mundane plants and fungi. Many of these plants produce magically viable ingredients for potion making and enchanting. Studying herbology can assist in collecting these resources and in using the unique and dangerous natures of these plants to your advantage. Taking this affinity will also cut in half the threat posed by magical flora and their byproducts. You can purchase this option second time for half the price (50 CP).
82,Magical Creature Affinity,100 CP,Harry Potter CYOA,"You have an affinity for magical creatures. They are more willing to work with you, and you are twice as effective at understanding how best to interact with them, or fighting them. Care of magical creatures is only an elective, rather than a main course at Hogwarts, meaning this will not necessarily impact your grade. It is a very good skill to have for those trained in defense against the dark arts, however. You can purchase this option second time for half the price (50 CP)."
83,Occlumency,200 CP,Harry Potter CYOA,"You gain the fully-mastered ability to block the mental intrusions of others. This will allow you to provide false information to mind readers and break free of some mental charms such as the imperius curse. This ability can be learned normally with study and talent, but by taking this option you have mastered the skill from the start."
84,Gryffindor: Brave,50 CP,Harry Potter CYOA,"A trait favored by most Gryffindors, your bravery is legendary. You will never freeze up in combat or during a stressful situation, and have the nerve and self-esteem to ignore peer pressure and threats. You can choose not to dwell too much on past mistakes, and have an almost limitless tolerance for pain.

With Great Valor: You’re a resilient sort, resisting what should be traumatic and making sound decisions even under severe emotional stress. Your conviction remains steady despite public sentiment or even pressure from reputable organisations and institutional authority. You can swiftly take the measure of such groups, seeing corruption, falsehood and injustice for exactly what they are where others choose to look away or be cowed into repeating lies."
85,Gryffindor: Funny,100 CP,Harry Potter CYOA,"The wizarding world tends to be much less serious than that of the non magic community. Now you can contribute to this good humor as well. This greatly improves your creative skills, outside-the-box thinking, and sense of timing and delivery in social and comedic settings. You know how to pull a proper prank, have an instinctive grasp of what you can get away with without taking things too far, and you are never at a loss for words when you decide to exercise your considerable wit.

With Great Valor: You have a talent for capitalising on all manner of failings in your adversaries, and your wit can deftly expose them through devastating ridicule or inspire allies to laugh in the face of terrible odds. You thrive amid chaos; your creativity and aptitude for executing successful pranks also extends to a general talent for sabotage, delicate operations, and small-scale tactics."
86,Gryffindor: Reflexes,150 CP,Harry Potter CYOA,"You gain the incredible reflexes of a trained auror or quidditch player, as well as the dexterity needed to cast and aim spells reliably in a fight. What's more, these skills will not decline even if you spend your days lazing around during times of peace. Even powerful wizards can lose duels against those with better speed or aim. You will also be naturally talented on a broomstick.

With Great Valor: You don’t just move fast, you think fast. You adapt swiftly and keep exceptional awareness in all manner of high-pressure situations. Even without a plan, you excel at improvising your way out of predicaments, simply acting where others would panic or despair. It only takes a moment to grasp the situation and make a sound decision that would otherwise require a few minutes of careful deliberation."
87,Hufflepuff: Well-Adjusted,50 CP,Harry Potter CYOA,"You have the decisive advantage of emotionally healthy decision-making. This includes the good sense to avoid adopting self-destructive habits or inviting trouble for petty reasons. You see when a choice would ultimately make you unhappy, and are much more likely to overcome personal issues successfully. Even severe problems or lack of support simply mean you need more time and effort.

With Great Loyalty: You’re a reassuring presence, inspiring trust and loyalty while building sound relationships. Your own emotional stability and insight can also help others face their problems and rebuild themselves as happier, stronger people. Even your Rivals are affected – while they’ll still cause you trouble, you can usually keep your relationship closer to healthy competition than an escalation to a lifelong grudge."
88,Hufflepuff: Charisma,100 CP,Harry Potter CYOA,"You have a natural inclination for winning hearts and influencing others. You can expect to make many friends during your time at Hogwarts, and if you are so inclined could even build a group of loyal followers. As the name suggests, you don't get any practical skills like manipulation or leadership, instead it improves your body language, manners, speech and generally makes you charming.

With Great Loyalty: The sound of your voice can easily captivate a crowd, whether as an informal centre of attention, or when speaking before an audience. In more personal settings, your words give your followers, allies, and comrades strength and hope for a way forward. Diplomacy and fair conduct come naturally to you, making you a natural at managing people or speaking on behalf of a group."
89,Hufflepuff: Hard Work,150 CP,Harry Potter CYOA,"You have something just as useful as natural talent - the dedication needed to study hard. You will find it easy to spend long periods of time reading about, practicing, and studying magic. This also extends to mundane pursuits, practically guaranteeing good grades in classes that don't require magic, like astronomy or history of magic. You will do well on most written tests.

With Great Loyalty: The business of organising people from scratch takes considerable effort. You have an aptitude for this process and its requisite practical skills. Whether administration, logistics and finance, or simply setting fair, effective rules and policy, you know how to keep a group content, cohesive, and running smoothly. This also gives substance and support to your other leadership-related skills and Perks."
90,Ravenclaw: Witty,50 CP,Harry Potter CYOA,"You have a natural aptitude for academics. This perk increases your intelligence somewhat, and in particular ensures you excel in all kinds of theoretical, written, and research-based endeavours. Further, you are more adept with riddles, puzzles, and logic and debating.

With Great Wisdom: The influence of the academic world does not prevent its occupation by fallible and sometimes dishonest people. You have the discernment needed to weigh scholarship according to its true merits, including finding trends of flawed or fraudulent research. You can also articulate these flaws effectively – you are no man’s fool in the arena of ideas."
91,Ravenclaw: Perceptive,100 CP,Harry Potter CYOA,"You have a strong eye for details and a good intuition when it comes to mysteries. This is especially useful when piecing together the many plans of other wizards or when delving into some more esoteric branches of magic. Very useful for those who engage in adventurous pursuits. As a side bonus, you would likely make an excellent seeker in quidditch.

With Great Wisdom: You have an uncanny instinct for the truth, often spotting trickery, deceit, and misinformation at a glance. Even with obscure or conflicting sources, you quickly deduce valuable information, gaining more insight the longer you observe and knowing exactly where to look next. Often, the flaws you expose in an obstacle give you a third approach to a hopeless dilemma."
92,Ravenclaw: Muggle Studies,150 CP,Harry Potter CYOA,"This perk grants you intuitive understanding of mundane technology at the level of a muggle scientist, engineer, or similar profession. You will also have an easier time learning and understanding this tech. Useful for transfiguration or for adapting muggle technology to work in the wizarding world. Also very useful for blending magic together with technology through enchanting.

With Great Wisdom: Magic is a powerful tool, but for other wizards, it allows the atrophy of mundane problem-solving and reasoning skills. You have an eye for clever, practical solutions to problems. Further, you understand the failings of human reason exposed by muggle psychology, and have applied the lessons to improve your own self-reflection and discipline. Finally, you have a better grasp of the long-term implications of your decisions."
93,Slytherin: Cunning,50 CP,Harry Potter CYOA,"You’re a skilled manipulator, both in personal interactions and among large groups. You can quickly read any social situation and then manoeuvre advantageously – although this skill with social dynamics doesn’t actually make you more likeable. You have a deft talent for politics and a keen danger-sense, knowing just how far you can push things while keeping your hands clean and your neck safe.

With Great Ambition: Your skills with acting, intrigue and spycraft improve. You have an intuitive grasp of how to manipulate through deceit or propaganda, including smearing an opponent or maintaining your own public image. You gain insight into the design of laws and procedures in large organisations, and a keen awareness of how one might exploit them."
94,Slytherin: Schemes,100 CP,Harry Potter CYOA,"You’re a resourceful schemer and skilled implementer of plans, and instinctively grasp the results a particular course of action produces. Your typical long and short-term plans are both very unlikely to fail, and you can manage especially intricate, subtle, or large-scale schemes at greater risk. You’re skilled at using available information to anticipate variables which could endanger your plans, and your talents improve with intelligence, enabling more complex schemes with grander aims.

With Great Ambition: More than a schemer, you’re an efficient and capable strategist. You know how to maintain a plan unnoticed for years, keep it adaptable when dealing with uncertainty, and adjust when the unexpected does arise. Your resourcefulness lets you develop methods of achieving your goals nobody else would consider, entirely evading predicaments that trap others."
95,Slytherin: Best Match,150 CP,Harry Potter CYOA,"You are the best possible combination of your parents. Despite any developmental issues from your background, you’ll usually be the best-looking person in the room, with excellent strength, stamina, disease resistance, and general health. A modest intelligence boost and favourable genetics shore up your other perks, and natural confidence and willpower help you assert yourself and keep moving forward.

With Great Ambition: You were born with a great natural willpower, long-term awareness, and the confidence needed for social dominance and a strong command presence. You resist intimidation and bluster, and are never distracted from what truly matters you. Your determination and focus help you create opportunities and win greater victories, and also prevent you from shrinking from any distasteful or distressing reality."
96,Great Valor,200 CP,Harry Potter CYOA,"At little more than a glance you can judge the strength, effectiveness, and corruption of a system, and know how best to improve, exploit, or sabotage it, as you will. You can always recognize injustice. Pairs greatly with Hard Work and Schemes, incorporates other Griffindor perks into itself, strengthens those perks' effects while adding new ones. 

Completion Bonus: You are extremely resilient to trauma, pressure, and mental compulsion, keeping your head where others are overwhelmed or disorientated.  You can overcome the Imperius curse or the most severe trauma without further ill effects, and adapt to extreme states of being like extended lifespan or drastic physiological change without losing your sense of self. "
97,Great Loyalty,200 CP,Harry Potter CYOA,"Your ability to form strong mutual bonds is quite incredible. So long as you do your part at least somewhat well, you find that anyone you expect loyalty or service from is inspired to stay loyal and do their best as well. Pairs greatly with Witty, Funny and Cunning, incorporates other Hufflepuff perks into itself, strengthens those perks' effects while adding new ones.

Completion Bonus: You can teach and inspire as you organise a group or direct it to act, soon producing other leaders you can delegate to. Your followers usually come out of trying circumstances stronger, rather than being worn down. You are also effective at instilling some of the mindset and skills from your perks through teaching and inspiration, making allies more capable of acting without your oversight. "
98,Great Wisdom,200 CP,Harry Potter CYOA,"You have something even more valuable than knowledge - the ability to use it well. You possess a well-developed common sense, insight and good judgement to apply your skills better. Pairs greatly with Reflexes and Best Match, incorporates other Ravenclaw perks into itself, strengthens those perks' effects while adding new ones.

Completion Bonus: Your efforts to eliminate your cognitive biases have already pushed your mind beyond the human standard, disorienting  legiliments with unusual thought patterns. As a result, your memory is now eidetic, with perfect recall and indexing. Your mind doesn't laze about sticking to trusted patterns, but constantly analyses your memories, searching for new approaches or solutions."
99,Great Ambition,200 CP,Harry Potter CYOA,"Your ambition acts as a foundation for your sense of self. You know what needs to be done to realize it. You naturally acquire power and know how to efficiently utilize it towards your goals. Pairs greatly with Perceptive and  Charisma, incorporates other Slytherin perks into itself, strengthens those perks' effects while adding new ones.

Completion Bonus: You quickly sense deceit and emotional manipulation, and readily grasp the wider implications of all you observe. Your eye for talent, superior planning skills, and air of competence help you lead and place others advantageously. You excel at gathering information, whether through mundane, obscure data sources or a network of largely unwitting informants."
100,Esoteric Lore,300 CP,Harry Potter CYOA,"Magic is often illogical or counterintuitive, but you have an aptitude for even its most esoteric forms. You grasp the nuance of symbolic properties and associations, the strange logic of rituals, or more mysterious concepts like death, sacrifice, love, and time. This is especially invaluable for magic which invokes these primordial, often dangerous forces, in particular powerful rituals, and you know how far you can push such forces without serious risk. You start with instinctive understanding of these obscure topics equivalent to a qualified unspeakable, which is also useful for disciplines like divination, theoretical potions, and even astronomy."
101,Technomage,400 CP,Harry Potter CYOA,"​There is so much more to magic than what these stuffy inbred old purebloods believe, and you can show them! You are an absolute master of the art of Techno-Magic. Making machines that run on magic, or just magical equivalents of Muggle technology, or something as simple as just making muggle devices work in magical environments is all child’s play for you. While you can translate flawlessly between technology and magic, doing something truly revolutionary requires extensive knowledge of both. Fortunately, there’s already a Perk here that can get you started."
102,Reincarnation+,250 CP,Harry Potter CYOA,"Your previous life is fresh in your mind, the memories are distinct but detached. You won't suffer from existential or identity crisis, it's easy to let go of your unfinished business, say farewell to your friends and family and embrace your new life. If you had mental problems or even bad habits, they are gone now if you so wish. On the other hand, you won't suffer from culture shock, raise suspicion due to anachronisms or be confused by muggles because of your pure-blood origin. The new you keeps the best traits of both personalities, decided by your preferences.  The baggage of old life won't drag you down. In case you go through the experience again, from now on this will happen during every type of mind transfer."
103,Brilliant Witch/Wizard,500 CP,Harry Potter CYOA,"You may be the brightest witch or wizard in a generation. Your memory, insight, processing speed, and logical reasoning skills are all vastly improved. What's more, any other perks you took from this section are likely enhanced by this boost in intelligence, making you nearly peerless in your specialties. You additionally gain a talent for languages which allows you to quickly learn dozens of dialects at a time, including more nonsensical languages like Gobbledegook, Mermish, or French. It is worth noting that the intelligence boost from this perk will not help you in learning magic, though it may assist with your creativity, memorization, or innovation of it's use."
104,Visual Overhaul,25 CP,Harry Potter CYOA,"With this option you can choose for your appearance to stand out in some way. Glowing eyes or hair, unnatural colours, ect. You can also restrict its manifestations to circumstances like casting, focusing or feeling specific emotions. This is purely cosmetic and cannot be utilised in other way."
105,General Talents,50 CP,Harry Potter CYOA,"Covers any inclination not present in Perks above. If it does exist above, the perks do not stack. This option only gives the talent without any other benefits - things like enhanced memory or reflexes are sold as separate talents. If you already possess a talent naturally, don't waste points buying it here. Can be cooking, kickboxing, driving, chemistry, singing, writing, lying ect ect. A specific field gives more talent than a broad one - like chess vs strategy. This Perk can be bought up for 20 times total, giving talent for different field of your choice each time."
106,Prodigy,200 CP,Harry Potter CYOA,"This option also doesn't make you a genius. What it does is provide a learning boost to entry-level skills and knowledge, doubling the speed you learn, internalize and build upon when you begin to study something new. The low-hanging fruits will be easy to pick, building a sturdy foundation for later. Things like biology topics covered in middle school, with the boost petering out at high school material. Anything above entry level will be as difficult to advance in as usual."
107,Charms Education,100 CP,Harry Potter CYOA,"You know the Charms subject as well as you would have after studying it yourself for ten years. Includes all school years and independent research. You also have a corresponding degree of skill for someone, who got Outstanding on all their Charms exams. 

Note: It doesn't turn you into a Witch/Wizard."
108,D.A.D.A Education,100 CP,Harry Potter CYOA,"You know the D.A.D.A subject as well as you would have after studying it yourself for ten years. Includes all school years and independent research. You also have a corresponding degree of skill for someone, who got Outstanding on all their D.A.D.A exams. 

Note: It doesn't turn you into a Witch/Wizard."
109,Transfiguration Education,100 CP,Harry Potter CYOA,"You know the Transfiguration subject as well as you would have after studying it yourself for ten years. Includes all school years and independent research. You also have a corresponding degree of skill for someone, who got Outstanding on all their Transfiguration exams. 

Note: It doesn't turn you into a Witch/Wizard."
110,Potions Education,100 CP,Harry Potter CYOA,"You know the Potions subject as well as you would have after studying it yourself for ten years. Includes all school years and independent research. You also have a corresponding degree of skill for someone, who got Outstanding on all their Potions exams. 

Note: It doesn't turn you into a Witch/Wizard."
111,Herbology Education,100 CP,Harry Potter CYOA,"You know the Herbology subject as well as you would have after studying it yourself for ten years. Includes all school years and independent research. You also have a corresponding degree of skill for someone, who got Outstanding on all their Herbology exams. 

Note: It doesn't turn you into a Witch/Wizard."
112,Care of Magical Creatures Education,100 CP,Harry Potter CYOA,"You know the Care subject as well as you would have after studying it yourself for ten years. Includes all school years and independent research. You also have a corresponding degree of skill for someone, who got Outstanding on all their Care exams. 

Note: It doesn't turn you into a Witch/Wizard."
113,Alchemy Education,200 CP,Harry Potter CYOA,"Gain the full breadth of ten years of education provided by Nicolas Flamel himself, with an occasional lesson from Perenelle. It usually takes talent in several branches to even attempt this field. Without having a gift for alchemy or absurd affinities for potions, transfiguration, chemistry and philosophy, this option won't give you much. If you are one of the few with prospects here, ten years might just be enough to begin studying the great work.

Note: It doesn't turn you into a Witch/Wizard."
114,Divination Education,200 CP,Harry Potter CYOA,"You receive ten years in the art of divining information through magic. This could be focused solely on future telling - from tea leaves to oneiromancy to crystal balls to catching echos from the sands of time. It could also be the study of spells, methods and enchantments for getting and organizing actual information, from revelio to library charms to pattern discerning runic matrices to sending queries to the collective unconsciousness of the world.  You have ten years of knowledge in total to allocate between these options.

Note: It doesn't turn you into a Witch/Wizard."
115,Biomancy Education,200 CP,Harry Potter CYOA,"Ten years of studying the magical knowledge of the flesh, in parts vastly outdated or incorrect, while adding the metaphysical aspect missed by the modern medicine, like which organs are responsible for what in magic and mind and soul or how to draw the essense of a lifeform. Covers healing without much experience in the field, transformation spells and rituals like animagery and body enhancement and not much else. Ten years is not nearly enough to be competent here, but even the theory part is invaluable.

Note: It doesn't turn you into a Witch/Wizard."
116,Spiritualism Education,200 CP,Harry Potter CYOA,"This branch of magical study covers everything from ghouls and ghosts to infery to poltergeists. A comprehensive guide that allows one to become a real world ghost-buster: spells on how to weaken, banish, capture, exorcise a supernatural, as well as their abilities, weaknesses and habits. Some obscure knowledge here allows the truly gifted or fortunate to call a guardian spirit - from a departed loved one to a totem animal to an amalgamation of the ancestors.  You can choose what topic to focus on, spreading the ten years of study.

Note: It doesn't turn you into a Witch/Wizard."
117,Not So Accidental Magic,100 CP,Harry Potter CYOA,"Typically, accidental magic is just that, it responds to a child's mental state and intense desires, producing feats of magic after reaching a critical point. Few possess enough will and motivation to consistently reenact these mental states to produce accidental magic semi-reliably. For those who do, magic begins to remember those specific feats until they can be performed on demand. However, those parlor tricks aren't wand magic, a structured spell would produce the same result with more depth, power, control and ease.  

It seems, you've been one such child in your early years and accidents just never stopped. Levitating your toys, summoning a bottle, things like these still come easy even after getting a proper wand. You'd still lose these abilities as you grow up unless you practice routinely. If you are eleven or older, choose up to three simple magical effects. If you are five, choose one and retain the ability to learn more."
118,Potion Crafting,350 CP,Harry Potter CYOA,"You have a particular knack for creating entirely new recipes for potions. While most potioneers are capable of this skill, it is often prohibitively expensive and difficult to control the exact effects of what you create. With this you are able to slowly refine your recipes to have whatever effects you are looking to achieve as long as you can afford the ingredients you will need for your many attempts. This process is easier for skilled potioneers and those creating simpler potion effects, as well as those with the scientific knowledge typically used in alchemy. 

Creating new potions can be a profitable, if dangerous business. While not quite as dangerous as spell creation, those who do not employ rigorous safety measures can easily be seriously injured or killed during their experiments.  As a result of this talent in developing potions, you can recollect some points spent on their modifiers."
119,Spell Creation,400 CP,Harry Potter CYOA,"Perhaps the riskiest and most difficult magical practice of all; you have a talent for inventing new spells. You understand the process involved in doing so, and have a knack for controlling what the spells you create will actually do. This field requires a comprehensive knowledge of the magic type being attempted, and requires users to discover new combinations of incantations, wand movements, and spell theory. This practice can create some truly unique and singularly useful spells, which can even be taught to others. 

Spell creation is extremely dangerous, however. Individuals who experiment too recklessly could end up dead from a single miscast spell attempt, with more powerful spell attempts carrying greater dangers. Only the well prepared should attempt this. As a result of this talent in developing spells, you can recollect some points spent on their modifiers."
120,Everlasting Enchantments,500 CP,Harry Potter CYOA,"With enough magical skill, spells and enchantments can be made to last forever; sometimes even increasing in strength over time. While most who use this style of magic will require high quality enchanting materials or reduced spell effects, you are an exception. By taking this you can cause any spells or enchantments you produce to last forever without having to sacrifice quality. It will also be half as difficult to create enchantments or spell effects that grow in power over time. 

You could inflict curses that grow worse with time, change someone's appearance permanently, or craft magical defenses that will stand the test of time. Spells and enchantments can still be reversed or dispelled by other witches and wizards, and only your enchantments will persist in the event that you are killed."
121,Nonverbal Spells,150 CP,Harry Potter CYOA,"An advanced technique, most Hogwarts students don't begin to learn non-verbal magic before their sixth year. This is the practice of casting spells without need for verbally saying the incantations aloud. Magic cast in this way is especially useful in magical duels, as users will not telegraph their attacks beforehand. Typically spells cast in this way are less powerful than their spoken counterparts, and require more focus to cast. You have mastered the art of nonverbal magic, and can cast spells you know in this way with little to no extra focus, and at full power. What's more, spells you cast will be less likely to have visual or audio imperfections like loud noises or bright beams of light, and any enchantments or spell effects caused by you are much more difficult for others to detect."
122,Magical Aura,200 CP,Harry Potter CYOA,"The control you possess over your magic is breath-taking, sometimes literally. It's presence is just beneath the skin and can be coached outwards. At will, you can expand your magic beyond the body - crackling with power, intimidating or suppressing other magicals. Those caught in your aura feel the difference in power as pressure or weight on their shoulders and minds. It can crack even innate mental defences and physical protections of those it supresses, giving you a hold over them.  Those strong of will or magic can resist or overpower you, those skilled and knowledgeable can exploit the connection. Doesn't make you any more powerful than you already were."
123,Potion Incident,200 CP,Harry Potter CYOA,"Like a certain Gaul, it seems you've fallen into a magic potion cauldron as a child. Thanks to a timely accidental magic you have survived, with potion's properties permanently infused into your body. Fortunately, the effects are benefitial in some way. Choose any one widespread potion, something you have a believable chance to encounter in your youth, to gain it's magic, from Fire Protection Potion to Strengthening Solution.  Skele-Gro would not only keep your bones healthy, but might also increase your height."
124,Wandless Spells,500 CP,Harry Potter CYOA,"You are capable of learning wandless magic about as easily as a wizard would normally learn wand magic. Knowing this type of magic is exceptionally useful in the event that your wand is lost, broken, or stolen, and not requiring a wand can be very convenient. What's more, magic cast in this way is not channeled through a focus, meaning you can potentially cast multiple spells at once if you have the skill and power to do so. You can still learn this type of magic without this perk, but it will be significantly more difficult to do so. 

Note that it only concerns wand magic - the result of a semi-sentient artifact and its wielder acting together -  performed wandlessly, solely by a wizard, which differs from inborn unstructured magic of wizards as locomotor spell differs from basic telekinesis. This perk helps with doing spells wandlessly by adapting your magic to mimic the end result, something that can happen naturally through decades of practice. It doesn't affect other ways of performing magic."
125,Signature Spell,100 CP,Harry Potter CYOA,"You have a knack for casting a specific spell. Choose any of the spells from the list below, you will learn this spell remarkably quickly and will be capable of casting it at a much higher level than other spells in the same field. You will never fail to cast this spell when attempting it, and can more easily learn it nonverbally or wandlessly. You are able to purchase multiple signature spells. Most spells produce beams of light or noise on their way to their targets, and can be detected and countered by those who know appropriate counter-spells. Perk can be purchased several times.

Spell List: Expelliarmus; Wingardium Leviosa; Duro; Scourgify; Flippendo; Diffindo; Reparo; Lumos; Stupefy; Impervius; Incendio; Protego; Confundo; Avis; Expoximise; Accio; Reducio; Engorgio; Confrigo; Obliviate; Incarcerous; Expecto Patronum; Episkey; Revelio; Locomotor; Crucio; Sectumsempra; Evanesco; Finite Incantatem; Reducto; Gemino; Magnus Sensus; Legilimens; Apparition; Imperio; Avada Kedavra."
126,Spell Modifier: Multicast,50 CP,Harry Potter CYOA,"You may apply Multicast spell modifier to your Signature Spell. The modified spell can technically be taught to others, but is almost impossibly difficult to master. You must purchase modifiers separately for each signature spell you apply them to. You are also capable of casting signature spells without any of the modifiers you purchase below whenever you choose. You will likely be unable to modify spells in this manner without purchasing them from this section. Any spell can only benefit from one modifier of each type unless specified otherwise. Perk can be purchased several times or rerolled for free, if you don't have any Signature Spell purchased.

Multicast: Any spell cast with this modifier has its spell effects duplicated, as if it had been cast an extra time. This could be used to summon two patronuses at once, lift multiple objects with locomotor, or shotgun attack spells like expelliarmus or avada kedavra. You can purchase this option multiple times for a single spell, which will add one additional casting each time. This effect stacks linearly, not multiplicatively, meaning each purchase only adds one extra spell effect."
127,Spell Modifier: Stealthy,50 CP,Harry Potter CYOA,"You may apply Stealthy spell modifier to your Signature Spell. The modified spell can technically be taught to others, but is almost impossibly difficult to master. You must purchase modifiers separately for each signature spell you apply them to. You are also capable of casting signature spells without any of the modifiers you purchase below whenever you choose. You will likely be unable to modify spells in this manner without purchasing them from this section. Any spell can only benefit from one modifier of each type unless specified otherwise. Perk can be purchased several times or rerolled for free, if you don't have any Signature Spell purchased.

Stealthy: Adding this modifier to a spell makes it so the spell is redesigned for nonverbal casting. This means the spell is more easily cast wordlessly, and is at full power even if cast in such a way. This also removes any visual effects, such as beams of light or loud noises from the spell itself. Additionally, it is harder for others to detect this magic with their own magic, including the trace on underage magic or someone investigating an item enchanted with this spell's effects."
128,Spell Modifier: Homing,50 CP,Harry Potter CYOA,"You may apply Homing spell modifier to your Signature Spell. The modified spell can technically be taught to others, but is almost impossibly difficult to master. You must purchase modifiers separately for each signature spell you apply them to. You are also capable of casting signature spells without any of the modifiers you purchase below whenever you choose. You will likely be unable to modify spells in this manner without purchasing them from this section. Any spell can only benefit from one modifier of each type unless specified otherwise. Perk can be purchased several times or rerolled for free, if you don't have any Signature Spell purchased.

Homing: Most spells simply launch outwards in a straight line before hitting their target, missing, or being blocked. With this modifier you gain the ability to control your spells after they have left your wand, though the process requires some focus. You can direct an attack spell to curve around cover, 'thread the needle' to hit a distant or obscured object, direct conjured beasts, change your pose mid-teleport, or use the legilimens spell with the natural legilimens' inborn trait."
129,Spell Modifier: Enchantment,50 CP,Harry Potter CYOA,"You may apply Enchantment spell modifier to your Signature Spell. The modified spell can technically be taught to others, but is almost impossibly difficult to master. You must purchase modifiers separately for each signature spell you apply them to. You are also capable of casting signature spells without any of the modifiers you purchase below whenever you choose. You will likely be unable to modify spells in this manner without purchasing them from this section. Any spell can only benefit from one modifier of each type unless specified otherwise. Perk can be purchased several times or rerolled for free, if you don't have any Signature Spell purchased.

Enchantment: Your spell is an enchantment. This means that you can tie the effects of your spell to magical items or greater magical workings. You could create a ring that disarms anyone who puts it on with expelliarmus, a shield that lasts in an area until broken, or an area that teleports anyone who steps into it somewhere else. These enchantments will last a long time without you, and will function better when made with better materials. These spells can still be detected or broken."
130,Spell Modifier: Powerful,50 CP,Harry Potter CYOA,"You may apply Powerful spell modifier to your Signature Spell. The modified spell can technically be taught to others, but is almost impossibly difficult to master. You must purchase modifiers separately for each signature spell you apply them to. You are also capable of casting signature spells without any of the modifiers you purchase below whenever you choose. You will likely be unable to modify spells in this manner without purchasing them from this section. Any spell can only benefit from one modifier of each type unless specified otherwise. Perk can be purchased several times or rerolled for free, if you don't have any Signature Spell purchased.

Powerful: Your spell has more raw power than it should. Spells like stupify or expelliarmus will strike with greater force, conjured animals will appear in greater numbers, shields will be practically unbreakable, mind control will be harder to resist, and you can control or lift more mass when using charms designed to do so. The strength of any spells you apply this modifier to are doubled when you cast them, and it increases slightly faster when the spell is trained."
131,Spell Modifier: Piercing,50 CP,Harry Potter CYOA,"You may apply Piercing spell modifier to your Signature Spell. The modified spell can technically be taught to others, but is almost impossibly difficult to master. You must purchase modifiers separately for each signature spell you apply them to. You are also capable of casting signature spells without any of the modifiers you purchase below whenever you choose. You will likely be unable to modify spells in this manner without purchasing them from this section. Any spell can only benefit from one modifier of each type unless specified otherwise. Perk can be purchased several times or rerolled for free, if you don't have any Signature Spell purchased.

Piercing: Your spell pierces through magical defenses like they aren't there. There are no effective counters to keep your magic from working, meaning most people will need to evade your spells or block them with physical objects. This does not increase a spell's raw power. If you wanted to apparate around Hogwarts, delve into the minds of an occlumens, or disarm someone through a shield, this option will allow you to. You'll still have to hit targets with your spell to use it."
132,Spell Modifier: Appearance,50 CP,Harry Potter CYOA,"You may apply Appearance spell modifier to your Signature Spell. The modified spell can technically be taught to others, but is almost impossibly difficult to master. You must purchase modifiers separately for each signature spell you apply them to. You are also capable of casting signature spells without any of the modifiers you purchase below whenever you choose. You will likely be unable to modify spells in this manner without purchasing them from this section. Any spell can only benefit from one modifier of each type unless specified otherwise. Perk can be purchased several times or rerolled for free, if you don't have any Signature Spell purchased.

Appearance: The spell is modified to look different. The Killing Curse could be made pink to confuse opponents. A beam could become a bolt or a sphere and vice versa. You can sacrifice speed to increase size. With this a Disarming charm could become a spreading cloud, spasming the arms of anyone inside so they drop whatever they hold. Doesn't make the spell stronger, can't make it invisible without 'Stealthy'."
133,Spell Modifier: Combination,50 CP,Harry Potter CYOA,"You may apply Combination spell modifier to your Signature Spell. The modified spell can technically be taught to others, but is almost impossibly difficult to master. You must purchase modifiers separately for each signature spell you apply them to. You are also capable of casting signature spells without any of the modifiers you purchase below whenever you choose. You will likely be unable to modify spells in this manner without purchasing them from this section. Any spell can only benefit from one modifier of each type unless specified otherwise. Perk can be purchased several times or rerolled for free, if you don't have any Signature Spell purchased.

Combination: This combines two spells into one to create something new. A canon example would be 'Sectumsempra' that uses 'Seco' and 'Rictusempra' as a base. A healing torture spell (Episkey+Crucio), magic-nullifying shield (Finita+Protego), a tractor beam (Lumos+Accio) are also good examples. You can Combine chosen Signature Spell with any other you know for extra effects."
134,Spell Modifier: Special Effect,50 CP,Harry Potter CYOA,"You may apply Special Effect spell modifier to your Signature Spell. The modified spell can technically be taught to others, but is almost impossibly difficult to master. You must purchase modifiers separately for each signature spell you apply them to. You are also capable of casting signature spells without any of the modifiers you purchase below whenever you choose. You will likely be unable to modify spells in this manner without purchasing them from this section. Any spell can only benefit from one modifier of each type unless specified otherwise. Perk can be purchased several times or rerolled for free, if you don't have any Signature Spell purchased.

Special Effect: This either gives your spell some extra quality or breaks one of its limits. Spells like Gemino could be used on living beings. Conjured animals could explode upon demise instead of vanishing. Apparition could allow you to telefrag your enemies. A canon example of this is Protego Diabolica, a fire that only burns your enemies based on their intent, not your knowledge."
135,Signature Potion,100 CP,Harry Potter CYOA,"You may choose to specialize in any of the potions listed below. As long as you have the correct ingredients, time, and space to work you will never fail to craft this potion, and the potions you craft with this will be more potent than they would otherwise be. You may improve your selected recipes with the Potion Modifiers from other perk. Perk can be purchased several times.

Potions: Love Potion; Veritaserum; Polyjuice Potion; Felix Felicis; Invigoration Draught; Beautification Potion; Healing Potions (Any); Spell-Potion (Any Signature Spell you have)."
136,Potion Modifier: Quickbrew,50 CP,Harry Potter CYOA,"You may apply Quickbrew modifier to your Signature Potion. These modifiers may come about through alternate brewing methods, ingredients, or wandwork when making these potions. These modified potions can technically be taught to others, but are almost impossibly difficult to master. You must purchase modifiers separately for each signature potion you apply them to. You are also capable of brewing signature potions without any of the modifiers you purchase below whenever you choose. It will be very difficult to modify potions in this manner without purchasing them from this section. Perk can be purchased several times or rerolled for free, if you don't have any Signature Potion purchased.

Quickbrew: Most potions take hours to brew at minimum, with complicated potions requiring months of advanced preparation, seasonal ingredients, or environmental factors. By attaching this modifier to a potion, you have discovered several shortcuts in the brewing process which allow you to bypass these limitations. As long as you can afford the materials required for your potion, you can brew simple potions in minutes, and complicated mixtures in less than a day."
137,Potion Modifier: Cost-Effective,50 CP,Harry Potter CYOA,"You may apply Cost-Effective modifier to your Signature Potion. These modifiers may come about through alternate brewing methods, ingredients, or wandwork when making these potions. These modified potions can technically be taught to others, but are almost impossibly difficult to master. You must purchase modifiers separately for each signature potion you apply them to. You are also capable of brewing signature potions without any of the modifiers you purchase below whenever you choose. It will be very difficult to modify potions in this manner without purchasing them from this section. Perk can be purchased several times or rerolled for free, if you don't have any Signature Potion purchased.

Cost-Effective: Many potions require expensive or scarce ingredients which can be draining of the maker's funds if brewed frequently or in large quantities. You have discovered several cheaper alternatives to the ingredients involved in creating any potion with this modifier. Crafting these potions will now only require pocket change, though you may still be limited by long brewing times, seasonal ingredients, or environmental factors like location or lunar cycles."
138,Potion Modifier: Permanent,50 CP,Harry Potter CYOA,"You may apply Permanent modifier to your Signature Potion. These modifiers may come about through alternate brewing methods, ingredients, or wandwork when making these potions. These modified potions can technically be taught to others, but are almost impossibly difficult to master. You must purchase modifiers separately for each signature potion you apply them to. You are also capable of brewing signature potions without any of the modifiers you purchase below whenever you choose. It will be very difficult to modify potions in this manner without purchasing them from this section. Perk can be purchased several times or rerolled for free, if you don't have any Signature Potion purchased.

Permanent: The potions brewed with this modifier will impart effects that never fade, simply enduring indefinitely in those who are exposed to a dose. This can be used to create everlasting love potions or to take on the appearances of others with polyjuice permanently, among other possibilities. These effects can still be dispelled by antidotes or advanced enchantments, and certain effects like felix felicis or some healing potions may become harmful if left active for too long."
139,Potion Modifier: Concentration,50 CP,Harry Potter CYOA,"You may apply Concentration modifier to your Signature Potion. These modifiers may come about through alternate brewing methods, ingredients, or wandwork when making these potions. These modified potions can technically be taught to others, but are almost impossibly difficult to master. You must purchase modifiers separately for each signature potion you apply them to. You are also capable of brewing signature potions without any of the modifiers you purchase below whenever you choose. It will be very difficult to modify potions in this manner without purchasing them from this section. Perk can be purchased several times or rerolled for free, if you don't have any Signature Potion purchased.

Concentration: You know how to brew a version of the potion that can be distilled from liquid into goo. This potion will take less space and have supercharged effects in return for shorter duration and minor damage to the body. You can buy this modifier again to get powder form, increasing its effects, and again to get crystal state. A  well-made skele-grow crystal can regenerate your arm in a second, in return draining the calcium from your body. A Felix Felicis crystal will effectively give you Path to Victory for a few minutes, if you're ready for the Worst Day Ever to last a couple weeks afterwards."
140,Potion Modifier: Potency,50 CP,Harry Potter CYOA,"You may apply Potency modifier to your Signature Potion. These modifiers may come about through alternate brewing methods, ingredients, or wandwork when making these potions. These modified potions can technically be taught to others, but are almost impossibly difficult to master. You must purchase modifiers separately for each signature potion you apply them to. You are also capable of brewing signature potions without any of the modifiers you purchase below whenever you choose. It will be very difficult to modify potions in this manner without purchasing them from this section. Perk can be purchased several times or rerolled for free, if you don't have any Signature Potion purchased.

Potency: You know how to increase the potency of the potion along with the complexity of the recipe and the quality of ingredients. You can easily double the effect or the duration or reduce the side-effects by half and have a good hunch on how to proceed further. You may choose for the first purchase to give you the basic knowledge of this method instead of applying it to a particular potion."
141,Seer,300 CP,Harry Potter CYOA,"You were born with the gift of future sight. You will occasionally be capable of creating prophecies which are 100% reliable, though this occurrence happens randomly. When it does, you will remember exactly what your prophecy said with perfect accuracy. You also have a knack for other predictive skills such as reading star alignments for signs of the future, as centaurs do, or the more scientific practice of arithmancy; where users calculate the likelihood of events to surprising accuracy through numerology."
142,Part-Giant,200 CP,Harry Potter CYOA,"Someone in your family tree is a giant (and someone else was very brave). You are larger than the average person, are stronger than a normal human could ever be, and can outright resist many forms of hostile magic. You can opt to be anywhere from one-eighth (-7ft. tall) to one-half (-12ft, tall) giant, with the overall potency of your abilities adjusted accordingly. Many part-giants face discrimination when their ancestry is revealed. If you chose 'muggle-born' as your origin, you were likely adopted by your family."
143,Natural Legilimens,300 CP,Harry Potter CYOA,"You are a natural-born legilimens. Legilimency is the art of probing minds to detect lies, gather info, and influence people's minds. Typically legilimency is a learnable, if difficult, style of magic. Unlike those who have learned this skill through practice, however, your legilimency is an instinctual part of your magic. Your power targets all people in an area around you unless blocked out, and you do not require line-of-sight or a spell to use it. This can be blocked or counterattacked with occlumency."
144,Part-Veela,200 CP,Harry Potter CYOA,"Someone in your family tree was a Veela, a race of magical beings resembling exceptionally beautiful women. As a result, you are supernaturally attractive, and can leverage your good looks to entrance others for short periods of time. You can be anywhere from one-half to one-eighth veela, with the overall potency of your abilities adjusted accordingly. Part-veela can be of any gender and are often the targets of jealousy. If you chose 'muggle-born' as your origin, you were likely adopted by the family that raised you. "
145,Metamorphmagus,300 CP,Harry Potter CYOA,"You were born with the ability to change your physical appearance without the need for a potion or spell. You can do this as often as you like at will, and can even change sex or take on inhuman traits like vibrantly colored hair and animal noses. Your forms will take no effort to maintain, but you will always have a 'default appearance in the case that your magic fails. You also cannot prevent aging by changing shape. This change in appearance will fool most magical detections."
146,Magical Animagus,250 CP,Harry Potter CYOA,"You have the potential to become a magical animagus. You're not limited to mundane animals and can become any one creature, from basilisks and phoenixes to blast-ended skrewts to flobberworms. You have all their inborn mundane and magical traits in animal form, keeping none of it in your human guise. This alone doesn't make you an animagus and it doesn't make the process of becoming one easier. You are still limited to one creature form and can't change it. While most of the wizarding world dismiss this as impossible, there are people like you across the world. I would recommend you look into Native Americans' shamanistic approach to animagi as opposed to transfiguration-based one of Britain."
147,Elf-blooded,200 CP,Harry Potter CYOA,"One of your recent ancestors mated with a house-elf, redcap, or similar creature. Best not to think about it too much. In any case, you have large pointy ears and are 25-50% shorter than normal (this stacks multiplicatively with similar effects.) Furthermore, your magic is tainted by that of your elvish ancestors. Your spells have a slightly easier time overcoming magical hindrances of all types. Depending on your heritage, you will find yourself to be intrinsically servile or bloodthirsty."
148,Goblin Heritage,200 CP,Harry Potter CYOA,"Someone in your family tree is a Goblin. You are smaller than you would otherwise be and are proportionally more clever. A quarter-goblin would be 25% shorter than normal and is more clever. This latter boost equates to roughly 25% of the ""brilliant perk. A half-goblin would be 50% shorter than normal and their cleverness boost equates to roughly 50% of the ""brilliant"" perk. This boost does not stack with brilliant and does not apply to creativity."
149,Dhampir,200 CP,Harry Potter CYOA,"You have vampire heritage. You are graceful, very pale, and sunburn easily. You are very allergic to garlic. Drinking the blood of humanoid creatures gives you a 25% boost to your physical abilities for a few hours, heals your wounds, and if done regularly, can increase your lifespan by up to half."
150,Merrish,200 CP,Harry Potter CYOA,"One of your recent ancestors was a mer-person or something similar. As a result you have gills and can breathe underwater. Depending on the strength of your inheritance, you may also have somewhat enlarged webbed feet and hands that greatly increase your swimming speed. Your body is adapted in various ways to handle the pressure of extended deep dives."
151,Troll-blooded,200 CP,Harry Potter CYOA,"An ancestor of yours was a troll. Your body odor is especially unpleasant, your features are crude, and you have very aggressive impulses. On the other hand, you are 25% stronger and any wounds heal 10x faster."
152,Parseltongue,100 CP,Harry Potter CYOA,"You were born with a rare skill typically associated with dark wizards: the ability to talk to snakes. Snakes that you talk to will be willing to obey most commands, and demonstrating this ability will be hard proof to most people that you are a pure-blood wizard, regardless of your origins. You can use this language with or without a snake being present. Depending on when you enter Hogwarts, there may or may not be a very large basilisk under the school primed to follow any orders you give it."
153,Wandlore Expertise,400 CP,Harry Potter,"You possess the knowledge and skill of an experienced wandlore master craftsman. You can design, craft, and even (with some difficulties) innovate wands, understanding the complex interplay of wood, core, and length that creates a quasi-sentient magical tool. You can identify the perfect wand for any witch or wizard using your expertise. This perk grants you sufficient magical capability to practice this craft, plus a simple wand perfectly attuned to you. Wandlore remains deeply mysterious - even you will not fully comprehend every reaction or phenomenon."
154,Wrangler,50 CP,Wild West CYOA,"You're a deft hand with a rope and whip, able to crack and lasso with the ease of a seasoned professional stunt artist, let alone a cowhand.  For you, the rope is almost like an extension of yourself, able to whip and swerve with a grace that borders on unnatural."
155,Taste-Tester,50 CP,Wild West CYOA,"You can intuitively deduce many medicinal properties or even detect poisons or other toxins in plants or other minerals by placing them on your tongue.  While this won't make you immune to poisons, you'll at least know immediately to spit out anything harmful that might find its way in your mouth."
156,Iron Gut,50 CP,Wild West CYOA,"Your digestive system is particularly robust. You could consume meat raw or even half-spoilt without worrying about stomach aches or other health-related issues.  This won't necessarily affect the taste of it any, though. But at least you're not likely to worry about dysentery anytime soon."
157,Final Shot,50 CP,Wild West CYOA,"Once a day when your firearm runs out of ammo, you can materialize one last bullet in the chamber. This could save your life in a pinch, especially when no one expects your six-shooter to suddenly have a seventh round in the chamber. 

Note: Doesn't work on single-shot weaponry."
158,Fearless Steed,25 CP,Wild West CYOA,"Any horse you mount up will be particularly fearless. Doesn't matter if you're charging into a hail of gunfire or a sudden explosion nearby, your steed will not ""spook"" and will remain stalwart. This doesn't mean they cannot still buck you off, however, so don't expect to be able to instantly tame any horse you sit on. "
159,Marathon Rider,25 CP,Wild West CYOA,Any horse your mount up will be fueled with stamina and vigor. You could gallop full speed on any horse for twice as long as they could ordinarily maintain without any negative repercussions or health concerns.
160,Scentless,50 CP,Wild West CYOA,"Smell that? No? That's the point. Congratulations, you don't stink. But, it's more than just that. Your body no longer produces a notable odor of any kind. Even wild animals will not be able to sense or track you by smell."
161,Mounted Combat,50 CP,Wild West CYOA,Your stability on a horse or even a carriage is exceptional. Even when at full gallop you can maintain a steady aim and ensure your accuracy is not hampered by your riding.
162,Hawkeye,100 CP,Wild West CYOA,"Those are some sharp eyes you got there, kid. Your vision fidelity is heightened to the extreme. While others may need a scope to reliably line up a shot at maximum range, you can do it with the same grace using just the iron-sights - you can practically zoom in on what you're aiming at. You'll still need the skill to make use of this, of course, but this gives you the edge you need to be even more deadly and accurate for any weapon you master."
163,Sharpshooter,50 CP,Wild West CYOA,"You're one hell of a shot, kid! When it comes to range, you wrote the book. So long as you master a firearm, your ability to accurately and intuitively gauge key aspects such as distance and windspeed  enable you to get the most range out of your shot."
164,Swift Hands,25 CP,Wild West CYOA,"The speed and dexterity of your hands when it comes to reloading weapons is truly extraordinary, easily making you one of the smoothest and quickest around.  You can reload your weapon with such casual grace and speed that it makes it appear almost unnatural."
165,Gunslinger,100 CP,Wild West CYOA,"Forget just being talented, you've taken to the gun like a babe born with Colts. You can handle handguns such as revolvers with the same dexterity and ease as a seasoned professional, with the aim to match."
166,Ricochet,100 CP,Wild West CYOA,"Wow, partner, what a shot! When using revolvers you have an unnatural knack for being able to land incredible ricochet shots with an unnerving degree of accuracy that cannot be all luck. While this effect only works off the first two ricochets, and it must be off a suitable surface, it is still a remarkable feat. It doesn't matter that your bullets shouldn't be able to do that, you don't even need to fully understand how you're achieving it. You're just that good."
167,Peddler,50 CP,Wild West CYOA,"When it comes to peddling wares, you're a professional. Haggling a good bargain or scoring a lucrative deal comes as naturally to you as breathing.  You have an intuitive grasp of the monetary worth of most items you come in contact with and know just how to sway even the most reluctant buyer into purchasing your wares.  Just be careful you don't bite off more than you can chew - buyer's remorse can sometimes come in the form of lead flying your way."
168,Bullseye,50 CP,Wild West CYOA,Your skill with throwing weapons is quite the spectacle. You could easily entertain a captive audience with your throwing skills - or turn those skills to a more lethal purpose.
169,Frontiersman,100 CP,Wild West CYOA,"You're a natural outdoorsman, a true frontiersman. Your ability to endure, survive and even thrive in the wild environment is exceptional. This perk can be even further escalated based off your other choices."
170,Improvised,50 CP,Wild West CYOA,"When it comes to the art of improvising, there are truly few who can outmatch you. With only the bare basics of materials, you have an uncanny ability to weave them together to form something useful. While this cannot be something truly impossible with the materials used, it certainly could stretch the imagination and be considered practically impossible by others. This gift is further amplified with the more understanding, skill, and knowledge you gain about any of the materials used, what the end project should be and how it works."
171,Prospector,50 CP,Wild West CYOA,"You've a special eye and sense for detecting fine mineral deposits in land. You could often spend just a few hours excavating an area and determine, with a reasonable degree of accuracy, what kind of resources could be found with more time and effort."
172,Pinnacle,150 CP,Wild West CYOA,Your body will be the best of your genes. You will have a far easier time getting your body into shape and maintaining it even with lacking nutrition or disuse.  You're much less likely to lose muscle memory or get out of shape from lack of practice and tend to maintain your peak performance.  Having this increased baseline standard will also boost the benefits from other physical-enhancing Boons.
173,Thalasin,100 CP,Gooseworx,"A line of experimental compounds designed to induce specific emotional states. Each pill shifts the user's general mood toward a prioritized feeling: whether joy, grief, rage, or something far stranger.

Standard Emotions: Predictable but potent. Prolonged or repeated use of the same emotional variant can lead to lasting changes in neural structure and biochemistry, altering how the user perceives and experiences feelings.

Unusual Emotions: Rare variants that induce states beyond normal human experience - emotions that cannot be felt naturally, or should not exist at all. These carry more severe and permanent side effects, as the brain rewires itself to accommodate entirely alien sensations.

You receive several packages of Thalasin in a wide range of colors and varieties, along with a comprehensive manual detailing its use, application protocols, and instructions for recreating the substance."
174,You’re a Wizard Jumper,100 CP,Odyssey of a Mage Jumpchain,"Magic also known as Neurophysical Energy is a mysterious energy generated by the universe. Little is truly known about the source of this energy as the only race to truly master it were the Precursors. Sadly this knowledge was lost after they were wiped out by the Forerunners. This perk gives you a magical core and allows you to function as a Wizard. You will be able to use Neurophysical Energy, the various magic systems, and potentially replicate the feats of the Precursors given time. Post-Jump you will retain the ability to use magic even if other settings lack it."
175,Magical Prowess,50 CP,Odyssey of a Mage Jumpchain,"While hard work is important the overall potential of most magicals is determined by their innate potential. This perk will boost your talent, your innate magical potential and initial magical capacity. The default option is average. This level represents the general population of the Wizarding World. If you lack Witch/Wizard trait, buying this perk gives you potential to become Wizard of the level you bought given time and hard work. You can spend more CP to boost your potential:

Warlock - 100 CP: Warlocks is the second tier of magic users that makes up about 18% of the population. These individuals are more powerful magically and have noticeably greater ease when using magic.

Sorcerer - 100 CP: Sorcerers are the upper tier of magic users that make up 1-2% of the population. These Wizards and Witches often are often born from ancient families granting them an innate connection to a magical field. 

Archmage - 200 CP: Archmage is a term used to refer to the most powerful and talented amongst the Wizarding World. This is the level that Albus Dumbledore, Aurelius Dumbledore, and Xavier Charleston are considered to be at. 

Herald of Magic - 400 CP: The Archmages are incredibly rare, but amongst their ranks are some who can rise even further. These individuals are said to have inspired the legends of the gods like Thor and Zeus. "
176,Life Debts,200 CP,Odyssey of a Mage Jumpchain,"When you personally save someone’s life even if unwillingly this process will allow the formation of a life debt. This debt creates an intrinsic connection between you and the debt-owed individual. It makes it impossible for the debt holder to harm the owner. Additionally, it allows the debt owner to claim one favor which cannot be denied unless paid. For example, many Wizarding families will pay a life debt with a marriage proposal or something else of immense value. Lastly, you will gain an instinctual mental tally of who owes you a debt and how many they owe."
177,My Blood is My Own,100 CP,Odyssey of a Mage Jumpchain,"Magic is imbued within every individual making pieces of an individual in question powerful catalysts. On one hand they’re useful for empowering rituals and binding the effects to you alone. On the opposite end this makes them excellent tools for harming you. To resolve this issue you have isolated your very being making it unusable for anyone else. For example, if someone stole your blood it would be useless in any rituals meant to affect you negatively. This has the added benefit of empowering your own body when used as a reagent as you have limited its purpose. This way you can still use aspects of yourself for your own purposes without concern of others doing the same."
178,Familiar Bonds,100 CP,Odyssey of a Mage Jumpchain,"Familiar bonds are a special bond that forms between a magic user and creatures they are close to. This bond enhances the creature allowing them to become significantly larger, more intelligent, and overall powerful than other members of their species. The bond also creates a telepathic link between the user and their familiar. This link cannot be severed by distance or any barriers. This perk grants you the ability to create familiar bonds with other beings. The amount of bonds you can create depends on the strength of your soul. The effects of the bond are most beneficial if done with a young or newborn creature, but it is still effective on adult beings. Though it will likely take years for the full effects of the bond to shine."
179,Ritual Synergy,200 CP,Odyssey of a Mage Jumpchain,"Rituals are some of the more dangerous and beneficial forms of magic in the world. They however, have to be done in a careful fashion as excessive use can overwhelm the user. Somehow though you are an exception to this rule. Your body seems naturally compatible with rituals and their effects. Rather than being overwhelmed your body seems to stabilize their effects allowing you to undergo as many rituals as you wish without issue. Additionally, this perk extends to any external alteration that is done removing their negative effects."
180,False Sight,200 CP,Odyssey of a Mage Jumpchain,Battles between Seers are complex as each party will actively be altering their plans based on what they see. To deal with this issue powerful Seers have learned how to hide their actions and in some cases even falsify them. You are one of the rare talents that can do this. Your presence will be hidden and blend in with fate naturally hiding you from any attempting to monitor you. Should you actually be a Seer or have your own similar methods then you may instead also misdirect others.
181,Legacy of Death,300 CP,Odyssey of a Mage Jumpchain,"As befitting their legacy the Peverell family was known for producing powerful Necromancers. This made them some of the most powerful wizards as each Peverell would be an army unto themselves. Perhaps you are a Peverell yourself or an inheritor of their legacy. 

These spells allow you to create undead servants, cast obscure curses, and potentially even perform true resurrection. Once they have been created none of your undead will require any upkeep. You can create these servants directly through magic, but it is far more efficient to use corpses."
182,Law of Permanence ,400 CP,Odyssey of a Mage Jumpchain,"The Law of Permanence is a rule of Transfiguration that Atticus discovered. It is a revolutionary law that allows the user to create an endless supply of any material as long as you know its basic composition. He decided to bury it before it could accidentally destroy the world’s economy, but that’s not a concern for you. 

You have learned how to apply this law allowing you to create a limitless supply of materials for your use. You have the knowledge to do this yourself or to instead set up an automated conversion system. At this point it's merely a matter of how large your workplace is."
183,A Second Chance,400 CP,Odyssey of a Mage Jumpchain,"After dealing with the Raven, Atticus offered him a second chance. In the end he didn’t want to take it due to the cost. It however, was an interesting option as it would’ve allowed Raven’s soul to reincarnate. Somehow you have figured out how to replicate this feat. 

You can capture the soul of your target and safely reincarnate them. This will allow you to create a new being who retains their previous talents. As you are facilitating this process you may design the new being's personality and appearance if you wish. Otherwise they will likely resemble their previous self to a degree with some new aesthetics. "
184,Wonder Teacher,400 CP,Odyssey of a Mage Jumpchain,"Atticus ended up becoming the favorite teacher within Hogwarts and arguably their most successful due to his innovative methods. You are an exceptionally talented teacher capable of becoming just as impressive. Your expertise in pedagogy is unparalleled, allowing you to approach complex topics with clarity and present them in an engaging and relatable manner. 

Your teaching style is not only effective but also charming, making you highly sought after by institutions and adored by your students. Most importantly is how well and how fast your students learn. Your students will practically race ahead of others mastering subjects in a fraction of the time it would typically take. For instance, you could guide a struggling first-year student to excel in advanced subjects while enjoying the process."
185,Fluidic Transfiguration,300 CP,Odyssey of a Mage Jumpchain,"Fluidic Transfiguration is an extremely high level skill only usable by true masters of the field. These spells are constantly in motion never ceasing. This allows them to remain intact regardless of damage, effectively become sentient, and it allows them to absorb many forms of magic. 

For example, fluidic transfiguration is practically immune to dark magic as any spells will merely strengthen the transfigured object. You are one of the few individuals capable of using this level of magic and can be considered a one man army as a result. You could focus on high quality constructs or simply create an endless tide against your foes."
186,Magical Travel for Dummies ,400 CP,Odyssey of a Mage Jumpchain,"The magical world has developed a surprising amount of methods to quickly travel vast distances. Some of the most well known include the Floo Network, Vanishing Cabinets, Portkeys, Apportation, and later on the Gate Networks. You are a master in this field with a comprehensive understanding of virtually every method of magical transportation. 

This knowledge allows you to instinctively see the best way to design and hasten a transport system efficiently. Under your guidance a nation could develop a highly efficient and most importantly quick network. Given access to new information you may also identify the best ways to improve their movement or otherwise use them for your purposes."
187,The Warder,400 CP,Odyssey of a Mage Jumpchain,"You are a master of the versatile art of warding. This craft is primarily used to protect and secure locations. Your expertise covers an extensive array of wards, from alarm and death wards to the latest nuclear-proof wards and various types of detection wards. Trained as a consummate Wardsmith, you possess intimate knowledge and skill in creating, breaking, and utilizing warding systems. 

Your experience covers ancient Egyptian, Goblin wards, as well as the newer Illosian wards, making you adept in both traditional and cutting-edge warding techniques. Additionally, your talents extend to barriers and other protective systems that function similarly to wards. Whether defending a fortress, safeguarding a secret location, or setting intricate traps, you’ll be capable of doing so with ease."
188,Talismans and Amulets,400 CP,Odyssey of a Mage Jumpchain,"India is host to a number of unique magics exclusive to their country. The most prominent of these magics are Talismans and Amulets. Talismans allow the user to store magical spells that can be deployed in large numbers. Additionally, these Talismans can be used to channel symbolic power. For example, godly power and symbolic interpretations related to animals can be used with these Talismans. 

Amulets on the other hand function similar to Totems empowering the user’s magic. They generally lack the preciseness of finer channels, but they make up for it in manipulating raw magic. You have been extensively tutored in these arts making you a master of these fields."
189,Runes and Glyphs,700 CP,Odyssey of a Mage Jumpchain,"Runes are one of the most extensive magical fields. Given time you can replicate nearly every other type of magic with a proper runic sequence. You simply need a proper runic language to work with. Luckily for you, it appears that you are a master of Runes, Glyphs, and Enchanting. You have a comprehensive understanding of every runic language that has ever been used including the new Illosian runic language made by Atticus. 

Your most useful skill however, is the ability to construct three dimensional runes. You can fit far more runes and those of much greater complexity onto your creations. All together this culminates in your runes being stronger, longer lasting, and more effective than the average runes."
190,Right of Conquest,800 CP,Odyssey of a Mage Jumpchain,"Magic works in mysterious ways and has a variety of effects in specific situations. One of the most interesting examples is the Right of Conquest. This right allows an individual to claim everything that belongs to their opponent if they defeat them. For example, beating or killing a Head of House would allow you to claim the house. In this situation this would include the other family members, the properties, and anything else they possessed. Should you claim any markets or individuals this will also grant you their loyalty."
191,Offensive Aura,600 CP,Odyssey of a Mage Jumpchain,"A rare trait usable by some darker wizards is the ability to weaponize their auras. This is typically performed through dark rituals or other obscure magic. An example of this would be the poisonous aura used by Cullaica. While using this power his magical power tripled in strength and incredibly toxic fumes poured from his body. He became an embodiment of pestilence and disease. Each time you purchase this perk you may choose a type of power or concept to imbue within your aura. The majority of these are elemental effects, but you may choose different abilities as well. "
192,Man of the Community,200 CP,Odyssey of a Mage Jumpchain,"Atticus’s father in his first life was a bastard that abused his wife and son. Despite this he was a widely beloved individual due to how he acted in public and his ability to conceal his secrets. Like the man himself, you are able to perfectly conceal your darker side. Be it through misdirection, your victims shame, or another reason entirely nothing will see the light of day as long as you aren’t caught in the act. This effect is further amplified by your own charming demeanor. Virtually everyone you encounter will gain a positive impression of you which can be developed further."
193,Wand Smith,500 CP,Odyssey of a Mage Jumpchain,"You possess the rare and esteemed skill of crafting magical implements, akin to the Ollivander family. Your expertise extends to the creation of wands, staffs, swords, and other tools designed to channel and amplify magical energy. This craft requires not only technical skill but also a deep understanding of the magical properties of various materials and the unique needs of each individual. 

You have an encyclopedic knowledge of magical materials, including woods, cores, and other reagents. This allows you to select the perfect combination for each tool, ensuring optimal performance and compatibility. Lastly, your skill set isn't limited to traditional magical energies. If you encounter other forms of energy, such as psionics or elemental forces, you can easily adapt your techniques to create effective catalysts for those as well. Given your nature as a Jumper it's only a matter of time till this becomes effective."
194,Uplifting Civilization,300 CP,Odyssey of a Mage Jumpchain,"A problem that can arise when vastly increasing the technology prowess of a species is that they will not be ready. Other fields will not keep up, infrastructure won’t be developed, and people may go “mad” with power. You have figured out the best way to peacefully uplift civilizations without causing issues. These methods would allow you to transition a species stuck in the Iron Age to the Space Age in a single generation. You will be able to identify the best way to educate the populations while helping the infrastructure grow. "
195,Personal Focus,100 CP,Odyssey of a Mage Jumpchain,"Wands are the most common method used to channel their power particularly within the British Isles. As a Wizard you obviously need a Wand and that is what you shall receive. This is a wand perfectly suited to you. Alternatively if you dislike Wands you may choose another channel such as a staff, ring, or even a sword. There are pros and cons to each magical device. 

Additionally, unlike other Wands this one is built to handle your maximum power at the moment of purchase. That way you don’t have to worry about overloading it. If you do not posses magic, you can re-roll this perk for free. This perk can be purchased multiple times."
196,Swindler’s Potion,350 CP,Odyssey of a Mage Jumpchain,"The Swindler’s Potion is a potion invented by Albus Dumbledore. The potion is made using the ground up seeds of a flower exclusively grown in Columbia. This potion destroys the user’s free will temporarily, even surpassing the Imperius Curse. While affected the target will be unable to recall any events that occur and grant the user absolute control over the target’s psyche. Purchasing this will give you a cauldron full of the potion and recipe of the potion. Should you use the potion up it will be refilled a few days later."
197,Ounce of Prevention,200 CP,Generic Healer Jump,"You know a simple technique to make an inoculant to give the person given it a resistance to a specific illness or condition. This also comes with a bit of foresight to allow you to spot potential illnesses or conditions you may encounter on your path. With time and training, you may be able to create more potent inoculants that can cover a wider range of conditions, such as creating a buffer that reduces damage taken ever so slightly and will improve as your skill does."
198,Diagnostics,200 CP,Generic Healer Jump,"You are able to easily recognize the symptoms of injuries, disease, and other medical issues that can emerge, almost as if they were lit up in your mind. Medical tools can make this easier, however, you can learn to, over time, simulate the benefits of such tools with this perk alone, letting you get more in depth information through touch and, eventually, just observation."
199, Sage Arts or Life Return,250 CP,Generic Healer Jump,"You have complete and total control over your bodily processes and can move every inch of your body to your will. At base, this takes your reaction speed up to a higher level as your body reacts to your thoughts instantly and increases flexibility significantly. 

However, you can learn techniques that utilize this in a variety of ways, such as halting the effects of an ingested potion or meal for a time and restarting it later, controlling your hair as if it were an extra set of limbs, kick your adrenaline production into overdrive, and similar techniques. 

If you have Diagnostics, you gain a greatly increased level of control and awareness of your body, such that even effects that would negate your control over your body simply don’t work."
200,Psychologist,200 CP,Generic Healer Jump,"Many healers focus almost exclusively on the body, never touching on the mind due to the distinctly different skill set necessary, you are one that has learned to heal the mind despite this. Not only can you recognize and diagnose mental illnesses, you can treat them. While this won’t let you cure them on its own, it will allow you to reduce the symptoms and render them more manageable, even without medicine to compensate.

If you have Diagnostics, you can use it to diagnose mental ailments as well as physical."
201,Controlled Release,200 CP,Generic Healer Jump,"Medicine given can often be wasted, or even become detrimental, if too much is used or its use is continued after the illness it is meant to treat has passed. To counter this, you’ve developed a special method of administering medicine, and learned to extend it beyond that. 

Anything you administer to someone will always use just the right amount to be optimally effective, the rest remaining stored and inert until needed to either keep the effects going or until willingly purged by you or the recipient. This even extends to things such as food, water, and sleep, though these last three may be difficult to administer in others.

If you possess Sage Arts or Life Return, you can control the rate at which these are used, stopping the progression entirely if you so choose to keep an effect stored indefinitely rather than being used up all at once. This only affects yourself and does not let you control the rate in others."
202,Exorcist,250 CP,Generic Healer Jump,"As with Psychologist, you have a focus on another aspect of healing that is often ignored; the soul. You have the ability to observe the soul of a person and use this expanded perception to recognize and diagnose spiritual injuries and infections, such as curses, corruption, or possession, as well as treat such things to a degree. Possession is the easiest as you can simply force the possessing creature out with force of will.

If you have Diagnostics, you can use it to diagnose spiritual ailments as well as the physical."
203,Combat Medic,200 CP,Generic Healer Jump,"Trained equally in battle and the healing arts, you find that the two skills have become overlapped and as your skill in one grows, the other will grow with it. You also know how to apply your combat skills nonlethally, able to take down opponents without actually causing undue harm or long term injury."
204,Lay on Hands,300 CP,Generic Healer Jump,"One of the simplest forms of healing magic, you simply possess a reserve of healing energy that you can use to repair damage done to a living creature with a touch. The better you understand the biology of a creature and how to treat it, the more efficiently you can apply this energy to heal them with. 

As you use this energy and practice with it, your reserves will grow and you’ll be able to apply it for more than simply repairing damage, such that you could use it to remove negative conditions and persistent, harmful effects, replenish energies, or even offer short-lived buffs. Training can also increase the range of this perk. This reserve regenerates over time."
205,Medical Discovery,350 CP,Generic Healer Jump,"Like the case of Alexander Fleming, the man who accidentally discovered penicillin, you tend to stumble across useful bits of knowledge, be it medical or otherwise, though this is heavily influenced by your preferred field of study and skill in such fields. Additionally, you find that your studies will remain relevant in future worlds, even in those where what you’ve studied isn’t supported by the local physics and metaphysics as what you study becomes a part of this perk."
206,Medicine Man ,400 CP,Generic Healer Jump,"You have enough knowledge of chemistry, biochemistry, and/or alchemy to make a truly astonishing number of medications that range from topical sprays that rapidly close wounds to stamina restoring pills to vitamins that bolster the body and improve physical or mental development if taken regularly over a long period of time. As you study, the range of effects you can create will expand as well."
207,The Best Medicine,200 CP,Generic Healer Jump,"You have a great sense of humor and can easily banter with other people as you hold an easy charm that simply makes you likable. More than this, however, people in a good mood around you have their health bolstered, recovering just a bit quicker, their symptoms lessened, and their burdens lightened. 

Morale affects the health of your patients, and you are exceptionally at boosting the morale of others through simple acts of kindness and your own sense of humor. This also amplifies and works through the placebo effect."
208,Medical Engineering,500 CP,Generic Healer Jump,"Whether technological or magical, you know how to make useful pieces of equipment to help you in healing people. Diagnostic tools, medical devices that automatically dispense medicine, and similar such things are within your grasp. With additional study, you can expand just how far this will go, potentially even allowing you to create nanomachines capable of repairing nearly any damage done to your body or healing nearly any ailment, though that is likely quite far off.

This has two additional benefits in that you become exceptionally good at reverse engineering technology and enchantments and gain a genius level intellect, but only if it lies in or closely adjacent to the field of medicine "
209,Repairman,200 CP,Generic Healer Jump,"A bit unusual for a healer, you can apply your medical skills towards the diagnosis and repair of machines just as easily, if not easier, than you can apply them to biological beings. This immensely improves your ability to work with biomechanical beings and links your mechanical skills to your medical skills, with an emphasis on your skill in repair.

If you have Psychologist, you can apply the benefits of this perk to software and coding as well as hardware."
210,Universal Medicine,350 CP,Generic Healer Jump,"You are simultaneously a universal donor and recipient, as is anyone you work on so long as you are the one working on them. Blood transfusions do not care about blood type, replacement organs will not be rejected, and medicine will give no allergic reaction regardless of if they normally would or not.

Additionally, you can safely extract materials from a willing, living being without causing undue harm or hardship to them or the material extracted. A person donating their kidney would function just as if they still had that kidney. A person can recover from such donations and will regain what was taken in such a case, though it may take considerable time. A person can only have one donation given without complications through this perk at any time."
211,Carrier's Compromise,300 CP,Generic Healer Jump,"Any creature that uses you as a host, including most diseases, can be integrated to become a full part of yourself, maintaining the life of the creature and your own health as the creature becomes a part of you. You can choose to keep the mind of the creature separate and able to speak with you telepathically, suppress it for as long as it is integrated, merge it with your own, or destroy it entirely. Any benefits they provide are enhanced and even those that don’t normally provide a benefit of their own will do so under these circumstances. 

You can, at any time, reverse these effects, so long as the mind of the creature isn’t completely destroyed. When doing so, you can choose to leave them present in your body, separate them from you, or destroy them as you will it.  You can also register as an ideal host for any creature that would use you as one, if you so choose."
212,Self Sacrifice,200 CP,Generic Healer Jump,"When healing someone, you can use yourself as a material to aid in the healing process, greatly improving on the healing provided based on the cost to yourself. A bit of blood would accelerate someone’s recovery fairly significantly, but sacrificing a kidney would actually result in them being better off once healed than they would have been without getting sick. If you were to sacrifice your life, you could instantly bring someone back to the peak of their existence, render them ageless, and leave them virtually immune to disease. 

If you also possess Universal Medicine, you can benefit from it when using this perk, though this will not let you sacrifice your life without consequence."
213,Cure the Incurable,750 CP,Generic Healer Jump,"Sometimes, healing runs into something that can’t be healed, someone that can’t be saved, a disease too virulent and deadly to be cured. You say no to that. To you, nothing is truly incurable, not forever, anyway. Your skills never stop growing and improving, always able to be pushed farther, until they reach the truly supernatural or even conceptual, given enough time and dedication."
214,"Blood, Sweat, and Tears",300 CP,Generic Healer Jump,"Healing is an art where one's efforts may go to waste, trying to heal someone only for them to die, the effort, time, and resources wasted. Thankfully, you've found that the more time, effort, and resources you put into something, the better the results will be. While this will suffer from diminishing returns, you will find your efforts are rarely ever wasted fully. 

Even should your patient pass or project fail, you will still gain something in return, be it a new treatment method, a windfall, or a surge of conviction and willpower that gives you a second wind, you will still gain something from it, so long as you don't deliberately kill the patient or discard the project, of course.

This is proportional to the time it would normally take to create whatever you are using the perk on. Something taking months normally would see a smaller boost if done over a year than something that’d only take minutes."
215,Biotechnician,450 CP,Generic Healer Jump,"A bit of mad science to go with your healing. You have an innate talent for flesh shaping, the ability to alter the biology of a creature through various methods. At the low end, you are capable of creating retroviruses and symbiotic bacteria, performing grafts from vastly different creatures with no chance of rejection, crafting cybernetics that interface perfectly with the body, and performing extensive plastic surgery with ease and little recovery time. At the high end, you could create biological technology of all sorts that can mimic, and potentially exceed, normal technology while also being able to heal and grow."
216,Sterilization,50 CP,Generic Healer Jump,"When any bit of contamination can lead to illness or infection, it pays to make sure your equipment and workspace is clean and sanitized. You are able to render a surface or object completely clean and sterile with a touch. You can use this to clean yourself as well, leaving you cleaner than if you had taken a shower. This also neutralizes any odors lingering on your body."
217,Gentle Repose,100 CP,Generic Healer Jump,"You have the ability to preserve a corpse or organic material with little more than a touch, rendering them immune to the ravages of decay for the next twenty four hours. Another touch will refresh the effect, which can be held indefinitely so long as you refresh the effect regularly.

Organic materials preserved with this ability do not lose any of their viability or magical properties while this ability is in effect, keeping them perfectly preserved in the state they were when you first used the ability. This doesn’t prevent physical damage from concerted efforts, however."
218,Physiotherapy,50 CP,Generic Healer Jump,"You have a sense on how far you can push someone, physically, before it does more harm than good, as well as what needs to be done to help build them up. This works especially well for bringing someone up to a level they previously held, but can also be used to build someone up further. "
219,Veterinarian,150 CP,Generic Healer Jump,"Most healers deal with just humans or those close enough there is very little difference. You have training and skill in treating creatures well outside the human norm, from common animals to completely alien creatures. So long as they are flesh and blood, you have the capacity to treat them just as well as you can treat a human. This may require some familiarization with creatures too far outside what you are used to, but you will learn and adapt quickly even in such situations."
220,Doctor’s Mercy,50 CP,Generic Healer Jump,"Sometimes, nothing can be done for someone, and the only thing you can do is ease their suffering. You have a talent for easing the suffering of others; dulling pain, calming emotions, and allowing them to see the positive side of things. You can also ease them into death, making death you deal painless if you wish it."
221,Opportunist,100 CP,Generic Rogue Jump,"You are quick to spot opportunities in nearly any situation, as well as opportunities to open up more opportunities, which seem much more clear to you than they have any right to be. And when you want to take an opportunity, you are decisive enough to seize it without hesitation. You effectively weigh the pros and cons in the background of your mind, instantly, giving no conscious effort that may lead to you missing your chance."
222,Step Softly,150 CP,Generic Rogue Jump,"You have a remarkable talent for stealth, able to dull your presence, making your movements quieter and your form harder to make out, and memories of you become just a bit harder to recall in detail. Moreover, you leave little evidence of your presence unless you wish to. While this doesn’t stop you from being detected, it makes it significantly harder for you to be noticed when you wish to go unnoticed."
223,Street Smarts,100 CP,Generic Rogue Jump,"You have common sense. You don’t get caught up in your head and can come up with simpler solutions to things rather than something more complex and convoluted. You are also able to recognize bad ideas or when you’re getting caught up in something that would lead to a bad idea. If you could think about it and come up with a better idea when calm, you will think of it even when stressed."
224,Second Story Work,100 CP,Generic Rogue Jump,"You are exceedingly athletic and acrobatic, with an intuition for quickly climbing, safely jumping, keeping your balance, and dispersing the force of your landings, as well as an innate sense of direction that allows you to mentally map any region you’ve ever been to or have enough information on. All the better to get into the upper floors of buildings or to make a quick getaway across the roofs."
225,"Me, Myself, & I",100 CP,Generic Rogue Jump,"A common saying amongst rogues is to look out for number one; yourself. You are both incredibly self sufficient and are unaffected by isolation, social or otherwise. You can operate nearly as well as three people working together entirely on your own, and multitask far better than most people. Additionally, you know how to push your interests forward, though this may come at the expense of those around you if you aren’t careful."
226,Rogue’s Reflexes,100 CP,Generic Rogue Jump,"Sleight of hand and footwork are staples of many rogues, from simple thieves to great assassins to even the daring swashbuckler. You have exceptionally quick reflexes, manual dexterity, and nimble steps, as well as a feather light touch. Besides the obvious uses in combat, this has far more applications in many roguish pursuits, such as stealing a coin pouch off of someone, slipping a poison into a drink, or tripping up a pursuer in the back alleys of a city."
227,Bravado,100 CP,Generic Rogue Jump,"You have a high level of self esteem, are not subject to stage fright or social anxiety, and can easily suppress your sense of shame. Taken altogether, this gives you a great deal of confidence, without turning to arrogance, and makes you nearly immune to any attempt to break you down. Moreover, it makes you less prone to hesitation and motivates you to do what needs doing, even if you dislike it."
228,Going Without,200 CP,Generic Rogue Jump,"Many rogues are the downtrodden, those at the bottom rung of society that simply don’t have enough to get what they need to survive. You’re used to working with less. Less sleep, less food, less water, less air, less everything. Besides cutting your need for sleep, food, drink, and air to a third, you know how to get the most out of any materials you work with, minimizing waste to near nothing, and making sure that what waste does occur, can be used in something else."
229,One Man’s Trash,100 CP,Generic Rogue Jump,"Is another man’s treasure. You have a knack for finding useful bits and bobs that have been discarded, be it materials you can work with, broken but still serviceable items, or even fully functional items that are outdated or were deemed unfit for the previous user. You also have a knack for repairing damaged pieces of equipment back to the point of usability, if not good as new conditions."
230,Scout Training,100 CP,Generic Rogue Jump,"While most imagine rogues being in a city, scouts are as much a rogue as any city dwelling rogue. You have been trained in wilderness survival, possessing the equivalent of ten years of experience living in the wilds. This covers what plants are edible, which ones are poisonous, setting simple traps, hunting, bushcraft, crafting shelters, what hazards you may encounter, and even some degree of herblore for medicine."
231,The World is a Stage,150 CP,Generic Rogue Jump,"You have the uncanny ability to shift your demeanor and behavioral patterns to fit into any particular group of people as if you were one of their own, subtle things that give an impression that you belong, even if one wouldn't be able to describe it unless it was pointed out to them. You could walk amongst nobles as a commoner or amongst thieves as a noble without seeming out of place because of the way you hold yourself. This makes you a phenomenal actor, able to switch into a role like putting on a well fitted coat."
232,Smooth Criminal,100 CP,Generic Rogue Jump,"You have a keen insight into the minds of people, a gift for words, and a personal magnetism or charm that, combined, give you an exceptional ability to manipulate the opinions and emotions of others. This isn't always a negative thing, while you could easily tempt someone with honeyed words to take advantage of them and their position, you could just as easily sway someone towards temperance and get them out of emotional extremes. Or you could simply get under someone's skin so much that they start making mistakes."
233,Master of Poisons,100 CP,Generic Rogue Jump,"Well, this skill lies in the realm of assassins and is quite handy for any rogue to learn. You know how to use and apply poisons of all sorts, even in the midst of combat you could safely and easily apply a poison, or another substance, onto a weapon to give you just a bit more of an edge."
234,Guild Rat,100 CP,Generic Rogue Jump,"Not all rogues go solo, some are used to working as a part of a team. You have a knack for working with others and for getting people to work together and build cameraderie even if they dislike each other, changing them from bitter enemies to something closer to friendly rivals or, in the worst case, frenemies. You are also able to push away your own dislike for others easily enough to work with them. While you may not be a leader, this will make you the glue that can hold an entire crew together and keep them working like a well oiled machine."
235,Enlightened Self Interest,250 CP,Generic Rogue Jump,"Take from the rich to give to the poor. You find that whenever you help people, you benefit from it. This may not be entirely direct, maybe someone you helped in the past gives you a distraction when you'd otherwise be caught or giving a rat some food may have it stick around and prove useful in future endeavors. The good you do for someone is returned in kind, even if it is simply a small karmic boon. Additionally, no one will ever assume you do what you do for the benefits you get."
236,Packrat,200 CP,Generic Rogue Jump,"Many a rogue will collect things they think might be useful, or that they simply enjoy having on them, and keeping them hidden from scrutiny. You effectively have the ability to hide things on your person without them hindering you until you draw them out. You can carry enough to fill a backpack on your person at any given time, with none of the weight affecting you, no effect on your flexibility or agility, and no chance of being harmed by things on your person. You are also able to store more in any pack, chest, or storage space as you instinctively fill and use the space efficiently."
237,Danger Sense,200 CP,Generic Rogue Jump,"Something many rogues develop at some point in their career, usually at a point where it would kill them if they didn’t have it, you have a form of danger sense. You have heightened senses and a natural alertness that allows you to detect mundane dangers easily enough, however, you can also detect ill intent aimed at you, even indirectly through things such as traps, giving you greater responsiveness to enemy action."
238,Always Prepared,300 CP,Generic Rogue Jump,"Rogues have a knack for always having something useful for any situation handy, even if it is a little strange. You have a knack for picking up things that you may need in the future, getting a gut feeling when in the markets that you should buy that particular piece of equipment or that you should pack a little extra food in an extra pouch, or even just something as simple as putting a coin or two into your boots for safekeeping. And when you encounter something, you’ll simply know this is what that gut feeling was leading towards, allowing you to make good use of whatever it is you picked up."
239,Fighting Dirty,250 CP,Generic Rogue Jump,"You have a knack for throwing your opponents off balance, kicking up sand to blind them, kicking them in the groin, and similar things. However, where for most such maneuvers would be awkward and leave them open for counterattacks or may be read and the danger avoided, you smoothly integrate such methods into your fighting style, making them harder to predict and counter. 

Moreover, you’re able to incorporate pretty much any technique you learn, be it a spell, piece of equipment, or martial art, into your fighting style. It may look a little unrefined, but it will integrate well regardless. This can be extended to more than just fighting styles; magic systems, technologies, methods of thought, or anything that could be considered to have multiple variations and methodologies."
240,Well Worth It,200 CP,Generic Rogue Jump,"Rogues will often take significant risks in order to get an equally significant reward, playing to the odds and, quite often, coming out on top. You have a sort of luck that scales with the amount of risk you take on, granting you rewards proportional to the risk taken. These may not always be physical rewards, and may in fact simply be a good memory in some cases, but, your risks will be rewarded, so long as you both survive the risk taken and pull it off in the first place."
241,Perceive the Hidden World,200 CP,Generic Rogue Jump,"Sometimes, there is more there than one can easily perceive, from something as simple as frequencies of sound or light beyond what the common man can perceive to the outright supernatural hidden behind a glamour. You have the ability to unlock your senses to allow you to train them, expanding how precise they are, how far-ranging they are, and even unlocking new “modes” for your senses to allow for a greater ability to perceive the world through certain lenses or filters."
242,Expertise Slots,400 CP,Generic Rogue Jump,"Rogues are often extremely skilled in a few select skills, beyond what even proper specialists are capable of with sheer determination and grit. You possess five ‘slots’ that you can feed a skill into, filling the slot in question. You learn any skill in one of these slots ten times faster than normal. 

However, this isn’t the only benefit, you also find that your skill in those slots becomes almost supernatural in nature, effectively doubling your level of any skill in one of these slots. You can swap out which skills are slotted at the start of each jump or once every ten years, whichever comes first. However, this removes the enhancement to the skill chosen."
243,Scrap Master,250 CP,Generic Rogue Jump,"Rogues often don’t have access to the best materials, often having to work with subpar materials or scrap when making something. You can work with scrap and subpar materials as if they were the average for material quality, and you can work to make the quality better by investing resources, including time and labor as well as more materials. You also know how to reclaim the best parts of any object or device."
244,Trapsmith,250 CP,Generic Rogue Jump,"Usually, traps are something for a rogue to overcome, to be disabled, but some learn from disabling so many traps that they can recreate them. You are able to build incredibly effective traps of all sorts and have a knack for reverse engineering them. Moreover, you can build and deploy traps with surprising speed, taking nearly a tenth the time it would normally take to set up a trap."
245,Master of Disguise,200 CP,Generic Rogue Jump,"Camouflage comes in more than fading into the background and shadows, it can be standing right in front of people. You have an uncanny ability to disguise yourself, having an innate understanding of how to make yourself look like someone else using mundane means. However, you can also alter your coloration and body shape in a number of subtle ways that work better than any mundane method, but quickly become tiring to maintain for long if stacked up. With practice, this will improve both how extensive the changes are and your ability to maintain the changes made."
246,Saboteur,350 CP,Generic Rogue Jump,"You, like many rogues, have a surprising knack for breaking things in both subtle and not-so- subtle ways. You have the skills of a demolitionist and know where to target to do the most damage and where to hit to hide said damage, if you have the time to be careful about it. Moreover, this extends to less physical things, allowing you to break the plans of others, magical protections, or similar immaterial things. Even people are not safe as you can hit just the right spot to do the most damage or cause the most pain with the least evidence."
247,Rogue Gadgeteer,200 CP,Generic Rogue Jump,"While not the best engineers, rogues are known to make and carry small, useful objects that can be a major aid in their endeavors. Smoke bombs, flashbangs, vials of acid, auto-lockpicks, and much more are all useful and often carried by rogues on a mission as a means to bolster their abilities. This gives you a basic knowledge of various means of making such things, from alchemy to engineering and beyond. This does not gift you any magic."
248,Lucky Bastard,400 CP,Generic Rogue Jump,"Over time, you seem to build up a reserve of karmic influence, more so when you face hardship or get into trouble of some sort, even if you caused the trouble in the first place. You can use this reserve to inflict good or bad fortune on others to your whims, having it hang on the target like a cloak. You can choose how quickly this reserve is used up, such as using a lot of power but making it use itself up slowly in order to give someone long term good luck or less power used up all at once to inflict instant bad luck."
249,Legendary,700 CP,Generic Rogue Jump,"While rogues are often viewed as little more than common con men and thieves, there are always stories of those that go well beyond those humble roots. Thieves that have taken from the very gods, achieving feats that can only be described as magical. You are capable of becoming one such individual. As your mastery of a skill grows, you can develop more supernatural applications for that skill, and you can use your combined mastery of multiple skills to develop supernatural abilities based on all skills involved. This allows you to constantly improve your skills, even if by all rights you should have hit your peak, in fact, you have no peak and can always find a way to progress and grow.

If you possess the Expertise perk, then skills affected by Expertise can be pushed into the conceptual level, not simply the supernatural level of skill."
250,Skill Link,300 CP,Generic Rogue Jump,"You have the ability to select two skills, regardless of what they are, and link them. As you learn one skill, the other increases equally alongside it, becoming linked. Linking skills in this way does not immediately adjust them to match each other in level of mastery, only their growth is linked. Once per year, you can swap out which skills are linked.

This is for skills alone, you cannot link base attributes, such as strength or intelligence, nor non-skill based abilities, such as mana reserves or the rate at which you heal. You can, however, apply to skills that naturally augment those attributes or abilities, such as exercise techniques and memorization or the process of increasing your mana.

Artificial increases in one of the linked skill, such as through the Expertise Slots or Chameleon perks, does not result in the other skill being boosted unless you also possess the Legendary perk.

If you have the Legendary perk, the skills will, temporarily, grow to match each other for as long as they are linked, such that a skill you haven’t practiced can match one you are a master of, so long as you keep the skills linked. You can choose to turn this feature off if you wish to do so."
251,Chameleon,300 CP,Generic Rogue Jump,"You have gained a pool of nebulous Experience that you can temporarily invest into various traits, skills, and talents in order to gain some measure of artificial training and talent in those qualities. This is a process that can take up to an hour to complete and lasts for about a day, the process involving the fabrication of a history that you must get into the mindset of, but grants several years (roughly five years worth to start) worth of experience in the skills that history would grant you. It is possible to shed this mindset, and the benefits it grants, over the course of a few minutes. Such a mindset must be shed before a new one can be constructed.

The amount of Experience within the pool can grow with training and consistent use, every three hours adding another hour of Experience to the pool that you can use in the future. The duration of the investment will also increase with training."
252,Kensei,100 CP,Generic Ki Warrior Jump,"You find that you become better at using a piece of equipment the longer you use it, to the point that, after a few years of regular use, the piece of equipment will work better in your hands than a higher quality tool would. This is slow, but if you pick up a similar enough item, some of this progress may transfer over, with a loss in progress equivalent to the differences between the two pieces of equipment being swapped out."
253,Body Control,100 CP,Generic Ki Warrior Jump,"You have an almost superhuman kinesthetic sense that makes you far more graceful and gives physical balance to the point that you could balance on a single finger if you wanted to. On top of this, you are able to maintain a fairly lean build, able to build strength without increasing the size of your muscles if you don't want them to increase."
254,Self-Sustained,150 CP,Generic Ki Warrior Jump,"Your training has led you to being able to subsist off of far less food, water, and sleep than normal, needing only half what most people do to keep yourself going. Additionally, your need for sustenance is covered purely by calories, without needing to worry about the specific nutrients and minerals in what you eat, such that you could survive entirely off of a diet of rabbit and water."
255,Breathing Techniques,100 CP,Generic Ki Warrior Jump,"You have a deep set of lungs, able to take in a lot of air, control just how fast you let it out and use it, and able to hold your breath for a very long time compared to most, going almost fifteen minutes on a single breath of air if you're just holding it in. This also gives you an incredible amount of stamina as your body effectively uses what air it gets."
256,Like a Ninja,150 CP,Generic Ki Warrior Jump,"Whenever you don’t want to be noticed, you seem to just become another face in the crowd as your presence and endeavors simply become harder to take notice of, even by those that actively go looking for them. Additionally, you can reverse this effect, making it so you can project your presence and make yourself easier to notice if you are so inclined."
257,Mind Over Matter,100 CP,Generic Ki Warrior Jump,"You have learned to filter out and ignore stimuli of all sorts, particularly physical ones, through sheer willpower. You can ignore pain, foul odors, itching sensations, sounds, and the like in order to focus on other stimuli. This could, for example, allow you to listen to a quiet conversation in a loud room by filtering out the other noises in the room. The more you try to ignore, however, the more will you need to accomplish it."
258,Fortified Foundations,200 CP,Generic Ki Warrior Jump,"The foundational skills and basics are something often ignored once someone starts to learn the more advanced skills, letting such foundations languish and, potentially, crumble. You don’t have this problem as the foundations of your skills are constantly reinforcing and refining themselves at a slow, but steady, rate. Every time you train with any skill or ability, your foundations are trained as well, and you have enough passive reinforcement that they never grow dull or out of practice."
259,Master & Apprentice,200 CP,Generic Ki Warrior Jump,"Teacher and student, two sides of the same coin, useless without the other, and both equally the student and the teacher. You have the makings of a good teacher and a good student, able to adapt to your student or teacher to get the best results in passing on what knowledge is being imparted, regardless of who it is. Additionally, the teacher, whether it is yourself or another, learns from their student nearly as much as the student does from the teacher, refreshing the teacher on the basics and refining their understanding."
260,Meditation,100 CP,Generic Ki Warrior Jump,"Meditation is a staple for many ki warriors, whether it manifests as quiet contemplation, practicing forms while letting their mind drift, or even offering prayers to a deity or religious figure. You can use meditation as a form of training for any non-physical aspect. This will not help you learn purely theoretical or physical abilities, but could be used to cultivate your mental and spiritual abilities, as an example."
261,Visualization,100 CP,Generic Ki Warrior Jump,"A common tool of the ki warrior is to picture their ki in a particular manner, such as flowing water or arcing electricity, or even nebulas of stars floating throughout the body. Besides aiding in the manipulation of ki through altering its behavior to match the visualization, this can be brought forward and applied to reality, allowing ki to display this visualization to others. (Like a certain series about Demon Slayers.)"
262,Controlled Power,100 CP,Generic Ki Warrior Jump,"A skill all ki warriors eventually learn, even if they never receive any formal training, you are able to move your ki to your will. As this can be learned by anyone with ki, you have a natural talent for the manipulation of any internal energies, including ki, and can immediately sense and get some idea on how to use any energy you have or acquire. You also can perfectly control the level of force you use with any action."
263,Internal Alchemy,300 CP,Generic Ki Warrior Jump,"While rare, some ki warriors branch out into other magics. You, like such individuals, have learned how to convert one type of internal energy to another. You could turn ki into mana, mana into spiritual energy, spiritual energy into bioenergy, or any number of other conversions. Some energies may be more efficiently converted than others."
264,Second Skin,200 CP,Generic Ki Warrior Jump,"While most would think of ki warriors as eschewing armor in favor of added mobility, this isn’t always the case, as even some knight orders are ki warriors. Like them, you can ignore the weight and restrictiveness of anything you wear that is designed to protect, including most clothing and armor, it simply doesn’t weigh you down, impede your movement, or cause you harm, such as metal armor growing too hot in the sun."
265,Ki Integration,200 CP,Generic Ki Warrior Jump,"Ki techniques are not just for combat, in fact, the first techniques were more about learning control and were adopted by craftsmen and religious orders. Ki is able to be used to augment nearly any skill as a result. You find that you can combine your ki use with nearly any other skill, be it the breathing techniques to blow glass of exquisite quality to gaining a higher connection with a higher power, and everything in between and beyond. 

This can even be inverted, allowing your use of various skills to be integrated into your ki use, opening up new pathways and techniques based on your understanding of their interactions. Effectively, this allows you to create ki techniques based on your non-combat skills and use them both in and out of combat."
266,Weird Wielder,100 CP,Generic Ki Warrior Jump,"You have an uncanny ability to use just about anything as an effective weapon, no matter how ridiculous such a notion seems. From tavern brawls using mugs and chairs to improvising a weapon out of simple scrap found in an alley while on the run to using a person as a potential weapon in a pinch. This has the added benefit of allowing you to effectively use weaponry that is oddly balanced or unwieldy where their oddity becomes a boon rather than a hindrance."
267,Named Techniques,100 CP,Generic Ki Warrior Jump,"Often, a ki warrior will name their techniques for the ease of explaining them, however, some ki warriors have found that, by invoking the name of their technique as they are using it, they subconsciously put more into the technique, giving it more power. They can still use the technique even if they don’t invoke the name with no downside. This increase in power does not sacrifice control or precision."
268,Affinities,100 CP,Generic Ki Warrior Jump,"While not always the case, many ki warriors possess some form of natural affinity within their ki, for an element, for an animal, for a particular tool, for a concept, or even for a specific philosophy of thought. This affinity shapes the ki, makes certain abilities stronger or easier to use, and can unlock unique skills or techniques only those with an affinity can utilize. You naturally possess a single, strong affinity. This option may be taken multiple times.

For 300 CP: You can cultivate an affinity, building up your natural resonance with something until it becomes a full fledged affinity. This does not grant you any affinities by default."
269,Ki Sensor ,250 CP,Generic Ki Warrior Jump,"For ki warriors, the ability to sense their own ki is only the first step, the next is to be able to sense the ki of others, regardless of how small it may be. You have an additional sense that allows you to both perceive the world around you and sense people at a distance based entirely on your own ki. You can even identify specific people based on the feeling of their own ki, or other energies. The range of this sensing will grow with use and practice, but it starts out reaching across the size of a football field."
270,Armored Shell,300 CP,Generic Ki Warrior Jump,"As mentioned prior, many ki warriors prioritize flexibility and mobility over the protection of armor, but some still use it regardless. These individuals learn to make the most of the protection offered by their armor. Any armor you wear is both reinforced by its own components and resonates with your ki, providing your physical body with some of the armor's durability and resistances. 

Armor made with pieces resistant to acid, for example, would have all of it be resistant to acid, not just those pieces, and you, as the wearer, would gain some of that acid resistance on top of the normal protection the armor provides. Any defensive properties are carried across through this method. Additionally, your own durability reinforces the armor you wear, ensuring the armor will always provide some level of additional protection beyond your own physique."
271,Harmony,400 CP,Generic Ki Warrior Jump,"Your abilities are shockingly easy to mix and combine, even those that should have conflicting natures, allowing you to utilize these abilities or powers in tandem even when they should be mutually exclusive or cause injury when both are used together. You also find that your abilities cannot harm you from their use. This even extends to external sources of power, though to a slightly lesser extent."
272,Compounding,200 CP,Generic Ki Warrior Jump,"Medicine is always of use to a ki warrior, but some take this a fair bit farther than simple medicine, creating potent medicinal drugs that can augment their abilities, often with terrible side effects. You know a mix of traditional medicine, alchemy, and ki use that allows you to create various medicines, often taking the form of pills. These offer much the same benefits as potions do in traditional fantasy, but can have negative side effects added to improve their power. The more severe the side effects, the more potent the medicine becomes."
273,Ki Infusion,200 CP,Generic Ki Warrior Jump,"You have the ability to imbue your ki into an object or tool to temporarily enhance its properties, making a sword sharper, enhancing the durability of a shield, or similar such qualities. Long term exposure to ki or working the ki into the object as it is being created can render some or all of these traits permanent, needing no further infusions to maintain, but still being able to be infused for additional strength. Depending on your skill with ki, you may be able to manifest more mystical traits rather than merely enhancing what is already present."
274,Feng Shui,200 CP,Generic Ki Warrior Jump,"A potentially lesser known art of the ki warriors, they are able to shape the flows of natural energies within an area based on the placement of certain objects, the presence of certain colors, the textures of specific materials, and similar such things, creating an area where the energy naturally works towards a specific end. Work towards that end within the bounds of this area are enhanced as a result, such as a workshop designed to optimize workflow would allow for faster crafting speeds while a sparring arena would enhance learning and reduce injury chances for those actually sparring, but have no effect on an actual battle."
275,Ki Exorcism,200 CP,Generic Ki Warrior Jump,"Ki is the essence of life, and in that vein, it is incredibly good at dealing with the dead in one way or another. You can interact with spiritual entities that lack a physical form as if they did possess a physical form, can expel them from a person's body, channel a willing spirit yourself, or otherwise interact with spiritual beings of all sorts. You also find that you do far more damage to creatures antithetical to life, such as most forms of undead."
276,Reiki,200 CP,Generic Ki Warrior Jump,"Not all ki users are warriors, some, in fact, are healers, as is shown by the discipline of reiki, or spirit healing. You know a number of mundane techniques, such as massage, acupuncture, aromatherapy, and similar such methods, that help to calm and relax the body as well as being receptive to the use of ki, which can amplify their effectiveness and offer greater benefits as a result. You can also simply use your ki to heal, whether yourself or someone you touch (though this is less efficient), or transfer energy from yourself to another."
277,Ki Sorcery,300 CP,Generic Ki Warrior Jump,"Ki warriors are primarily known for the physical prowess that their ki provides them, however, some have turned their use of ki towards something more akin to magic. You have the ability to create constructs out of your ki and project your ki techniques across a greater distance, allowing them to affect others rather than being self targeted or needing to be able to touch someone to use such techniques. Moreover, you can replicate certain spells with your ki as a medium for it and, with training, may be able to do the same for other energies.

Additionally, you maintain control over your ki techniques even once they are complete or separated from you, such as being able to redirect a common ki blast or construct to perform actions at a range at your will, even though they are no longer directly connected to you."
278,Inner Purity,200 CP,Generic Ki Warrior Jump,"Your ki is exceptionally pure, free of impurity or corruption of any kind, rendering it more effective than it otherwise would be. Your ki is twice as potent and you have twice as much of it as another ki warrior without this advantage. Additionally, nothing will ever be able to seal away, steal, corrupt, or otherwise affect your ki unless you allow it to happen in the first place. "
279,Ki Technician,200 CP,Generic Ki Warrior Jump,"Ki is a mystery to even some of its own users, with a number of ki warriors working off of instinct alone or simply learning established methods with little variation beyond minor deviations. You, however, know how ki works, you know its mechanisms, and you know how each of them can be combined to create new techniques. With this perk, you have a grounded foundation in the principles of ki and know enough to develop, invent, and refine your own ki techniques."
280,Subtlety,200 CP,Generic Ki Warrior Jump,"With the presence of ki sensors, it only makes sense that some ki warriors would learn to avoid detection from those that could otherwise sense them. You have learned how to suppress your ki signature, making it incredibly hard to perceive or detect, even when you are actively using them. This has the added benefit of making your techniques incredibly difficult to counter or detect the build up of them. "
281,Leaked Intent,200 CP,Generic Ki Warrior Jump,"While ki warriors are known for their control and discipline, there are times when they need to let loose with their displeasure. Like these individuals, you can project your intent and emotions out to impact those around you. Comfort them with your feeling of joy or your intent to help or intimidate them with your intent to kill them, possibly causing them to freeze up entirely. Additionally, your emotions can have an effect on your ki when they are controlled and channeled properly."
282,Breakthrough,200 CP,Generic Ki Warrior Jump,"A breakthrough is a moment where a ki warrior’s understanding of ki suddenly leaps forward, inspired by something and able to push them farther along their path than they otherwise would have been able to. You can now experience these breakthroughs yourself, having sudden leaps in understanding when certain conditions are met or inspiration hits you in a moment of clarity. Moreover, when you hit these breakthroughs, you enter a sort of enhanced flow state as your understanding develops rapidly in the moment."
283,Ki Mastery,300 CP,Generic Ki Warrior Jump,"You are one of the few that can call themselves a master of ki, with a nearly perfect level of control and efficiency over it, able to shift from calm and gentle streams to sudden explosive bursts of power, and anything in between. This level of control grants you a great deal of efficiency in your techniques, cutting the ki necessary to perform a technique to a third of what it should be, and can be trained to be even more efficient with specific techniques.

Besides the control, this also grants you a high resistance to any technique that might harm you, such as a ki technique that overclocks your body that would normally cause muscle tearing and bone fractures, you’d simply feel a little soreness unless you really pushed the technique."
284,Sealmaster,300 CP,Generic Ki Warrior Jump,"While technically a variant of ki techniques, seals are a far more nuanced and precise art with a need for careful preparation and various materials to accomplish, being something few ki warriors actually learn as a result. You, however, have learned the principles of these techniques and can apply them quite well.

You know how to effectively use and create seals, ki rituals, and similar such techniques, and even possess a great deal of actual knowledge about existing ones already. You can create wards, storage devices, and explosive ordinances, seal away beasts, powers, or corruption, conjure barriers, summonable creatures, and similar such things, all using these principles."
285,Dragon Heart,600 CP,Generic Ki Warrior Jump,"Not a literal dragon’s heart, but a symbolic one that takes the form of a jade statue. A person placing their hand on this statue gets a feel for ki, gaining the Ki Presence perk and developing abilities similar to those described in this document. If, instead, you let a drop of blood infused with ki drop onto the statue, with the intent to do so, you can spread this effect across the world, imbuing people from all corners to develop abilities as if you had used this item directly, as if they had used the statue normally. However, if you do so, the statue loses its power until the start of the next jump."
286,Ki Presence,50 CP,Generic Ki Warrior Jump,"Ki is a nebulous power, but one you possess the ability to develop. You have a sense for your own ki, how to move it, the very basics of ki as a whole, even if you do or don’t actually know what it is, the end result is the same."
287,The Basics,50 CP,Generic Alchemist Jump,"You have the minimum knowledge to be considered an alchemist. You know how to perform the seven alchemical processes (Calcination, Dissolution, Separation, Conjunction, Fermentation, Distillation, and Coagulation), what the five elements are (Air, Earth, Fire, Water, and Aether), and you know the three reagents (Mercury, Sulfur, and Salt). You also know the interplay of Mind, Spirit, and Body."
288,Potioncraft,150 CP,Generic Alchemist Jump,"Also known as practical alchemy or alchemistry, you know how to make potions using natural materials that have been put through the alchemical processes. The strength of these potions is based on how well you perform the processes, the quality of the ingredients, and the amount of aetheric power (represented by mental stamina) you invest into the potion during its creation. It is also possible to create variations on potions such as oils, soaps, candles, incense, inks, or candies. You are also not beholden to making the effects entirely beneficial and can, for example, make a poison with this knowledge."
289,Material Gathering,100 CP,Generic Alchemist Jump,"An alchemist is, usually, nothing without materials to work with, so you’ve learned how to get those materials. You know what materials to look for and how to harvest them effectively without harming their quality, as well as where they can most likely be found in any given environment."
290,Material Cultivation,100 CP,Generic Alchemist Jump,"You gain the knowledge of how to cultivate the various materials you need, at least for those that can be cultivated, including growing various plants and fungi, as well as how to raise a wide variety of animals that have useful parts. "
291,Grenadier,150 CP,Generic Alchemist Jump,"You have a considerable amount of skill with explosives, how to make them, implement them, shape their charges, everything you could need to know about the production and use of explosives. This does not, however, cover nuclear bombs or anything in a similar vein. Additionally, you have an exceptionally good throwing arm, able to throw farther and faster than one would expect and with pinpoint accuracy, and for more than just grenades; you’re practiced in throwing nearly anything effectively."
292,Toxicity,150 CP,Generic Alchemist Jump,"You have the ability to make your potions toxic, pairing a benefit with a detriment of some variety in order to strengthen the benefits of the potion. You also find that your resistance to poison, diseases, and potion toxicity increases with exposure, allowing you to ignore some of the detriments of such potions. This also makes it so that any poison you make or use are faster acting and more intense, if you want them to be."
293,Substitutions,200 CP,Generic Alchemist Jump,"Sometimes, you just can’t find a hundred year old mountain ginseng or the blood of a two hundred year old dragon, so, you improvise. You can find a viable substitute for even the most rare, obscure, and seemingly critical materials for just about anything that would require such materials. While these materials may be rare themselves, having more options makes it more likely you will find something regardless. The potency of your creation may suffer a bit from these substitutions or may express unusual quirks, with more substitutions resulting in more divergence, but they will remain serviceable to their purpose."
294,Proper Storage,100 CP,Generic Alchemist Jump,"Most potions are stored in glassware of some kind, which can be quite fragile at the best and worst of times, making carrying them with you a risk. Not anymore. Anything you have stored on your person will be much harder to break or degrade in any fashion unless you actively want it to break in some fashion. You also know several methods to store fragile objects in such a way that they are much harder to break in general, as well as how to keep them from direct strikes that would break them deliberately."
295,Controlled Processes,200 CP,Generic Alchemist Jump,"You know how to accelerate or slow various reactions both inside and outside the realm of alchemy, allowing you to more easily control the processes of alchemy. Heating something in flame will happen faster, unfavorable reactions in a solution will complete more slowly or be stopped entirely, fermenting alcohol can occur practically overnight. 

The exact rate at which a process can be accelerated or slowed, as well as how precisely they can be applied, is determined by how well practiced you are at doing so. This can be made to persist for a time without you being present, but this, likewise, takes practice."
296,Pen & Paper,200 CP,Generic Alchemist Jump,"You are a skilled writer, both in terms of creating manuscripts detailing your alchemical findings and pursuits, but also in the writing of fictional stories. You never suffer from writer’s block and can ensure that what you write is evocative and easily understood, relatively speaking, by the targeted demographic. Finally, your books can teach in your stead, adding about a third of your skills as a teacher (and any boosts to teaching speed) to the rate at which one can learn something from your books."
297,Symbology,100 CP,Generic Alchemist Jump,"You have in depth knowledge of the symbols, pictographs, shapes, and patterns that carry some measure of meaning and power as well as how they can be used in the process of alchemy or magic. While it is possible to learn them and figure out how to put them together as you go, it is a time consuming process that requires a lot of trial and error, where an error can have severe side effects. 

You gain an increased skill in drawing and have an eye for measurements in terms of length and angles that would allow you to draw a complex alchemical circle without any tools other than your own hands, eyes, and a drawing implement."
298,Preservation Techniques,150 CP,Generic Alchemist Jump,"You have in depth knowledge of several methods to effectively preserve nearly any perishable materials long term without reducing their potency or effectiveness when used in alchemy, as well as how to preserve specific qualities or characteristics while allowing others to decay, if such a thing would be beneficial. This can be easily translated to preserving other supernatural qualities."
299,Encoded,100 CP,Generic Alchemist Jump,"It is a common thing for alchemists to hide their notes and insights behind various forms of code and cryptograph to keep rivals from learning what they are capable of. You have a natural talent for cryptography, both in using and solving them, as well as being able to develop simple codes that are surprisingly difficult for other people to solve but is utterly intuitive for you."
300,Tinkerer,100 CP,Generic Alchemist Jump,"Alchemists, for all of their associations, are scientists, and any good scientist will know quite a bit about basic mechanics. You have taken that to another level entirely. You have a talent for the construction and utilization of mechanical devices of all sorts, as well as how to create devices that can aid you in a variety of tasks, such as clockwork contraptions that can add specific measures of materials to a reaction regularly."
301,General Medical Expertise,300 CP,Generic Alchemist Jump,"One aspect of alchemy that is almost ubiquitous is how easily it can be used to heal, with a great many alchemists being known as famous doctors as well. You have an extensive knowledge of anatomy in regards to the human body, mundane medicine, and an understanding of surgical techniques, allowing you to act as a quite skilled doctor or medic. Moreover, you can easily expand this knowledge to other life forms besides just humans, such as animals, fantasy races, or even artificial creatures like homunculi."
302,Practiced Theory,200 CP,Generic Alchemist Jump,"The theory behind a skill is often ignored in favor of the practical, slowing the progress of such skills as they lose sight of what is possible for the easier path of what they already possess. You don’t have this problem as you come to understand the theory of the things you practice at a slow, but steady, rate as you practice those skills, ensuring you never lose out on the theory behind the skills you practice. Additionally, this passively reinforces your skills so they will never grow dull or rusty."
303,Mastercrafting,200 CP,Generic Alchemist Jump,"When you make something and actually put a significant effort into it, it just comes out better, as if you had used better quality materials and had better equipment to work with. This improves nearly all aspects of the crafted object, including any supernatural qualities it may possess, as it has the quality of its craftsmanship and materials overcome through skill. If done with superior materials and tools, this can compound significantly to create something truly spectacular."
304,The Madness Place,150 CP,Generic Alchemist Jump,"You possess a wellspring of additional intelligence and creativity within your mind, either from direct cultivation or as a byproduct of the alchemical materials you have worked with over the years. You can tap into this heightened intelligence and creativity, however, doing so suppresses your morals, inhibitions, and empathy, and the deeper you drink from this poisoned wellspring, the more this suppression affects you. 

You can bring yourself out of it, given enough willpower, but drink deep enough and you could become stuck in this state until something knocks you out of it or you chip away at it for an extended period of time.

There is actually a limit to how deep this wellspring goes, acting to, at most, double your intelligence and triple your creativity baseline, however, given time and, maybe, some alchemical adjustments, this could be improved upon, in a number of different ways."
305,Alchemical Potency,400 CP,Generic Alchemist Jump,You have the ability to empower the effects of any empowerment placed on you by a factor of five (x5) without reducing its duration. This also allows you to maintain the effects of any empowerment placed on you with your own energy and/or stamina.
306,Alchemical Persistence,400 CP,Generic Alchemist Jump,"You have the ability to lengthen the effects of any empowerment placed on you with a duration by a factor of five (x5) without diluting its potency. This also reduces the costs to maintain an effect by an equal amount, making it take a tenth of the cost to keep an effect going."
307,Renewable Resources,200 CP,Generic Alchemist Jump,"You have learned a number of unusual alchemical processes that can be used to allow for normally non-renewable resources, such as metals, to be renewed in some fashion, effectively allowing you to treat such materials as a plant that can be cultivated. You also know how to recreate certain magical properties in baser materials to turn them into alchemically active variations."
308,Material Purification,200 CP,Generic Alchemist Jump,"You are able to draw out some of the innate properties of a material or substance and allow it to project that property in some small fashion, creating a Pure form of that material. This works best with metals, but can be quite effective with non-metallic materials. While a pure material is in contact with an individual, even through clothing, it grants a few minor abilities, such as Pure Silver having a disease warding effect as well as a bastion against supernatural influences."
309,Spellvials,250 CP,Generic Alchemist Jump,"You know a process by which you can create what is known as a neutral catalyst; a potion or other object that carries no effect of its own but is receptive to supernatural powers. By channeling a supernatural ability into the catalyst, it takes on the effects of that supernatural ability. It can also be mixed with a few drops of a potion or a supernatural phenomena to take on that potion’s original effects at the same level of strength. You can direct how a spell or supernatural power manifests in this catalyst."
310,Alchemical Prodigy,250 CP,Generic Alchemist Jump,"You have a truly prodigal mind, one that is able to process and absorb information exceptionally quickly, increasing your learning speed by ten times what it once was, but only for new alchemical pursuits. Additionally, you have a sort of intuition that guides your alchemical pursuits, giving you brief flashes of inspiration and insight that can help you to progress your alchemical knowledge even without a teacher or source of information to draw on."
311,Alchemical Artificer,200 CP,Generic Alchemist Jump,"Alchemy isn’t all about potions and transmutation, it is also about the creation of devices that carry the mystical and supernatural qualities put into them. You have learned how to use alchemy to create various artifacts with supernatural effects in a form of enchanting, using what properties you can pull out from the materials and combining them to create something new."
312,Internal Crucible,300 CP,Generic Alchemist Jump,"You have the ability to use what you have ingested in order to perform alchemical processes within your own body, allowing you to create alchemical products using only your body as a medium. The resulting product can either be expelled from your body or used to affect yourself immediately on creation. Only materials ingested within the last 24 hours are viable for this. Additionally, your jaws, teeth, and digestive tract are more resilient, allowing you to safely consume and draw sustenance from a much wider variety of materials."
313,Alchemical Compounding,200 CP,Generic Alchemist Jump,"You have the ability to create alchemical compounds, a proper fusion of similar materials that combine and bring out new qualities in a way normal reactions cannot. This takes the metaphysical properties of the materials used in the compound and brings them to the surface, combining the results into an altogether new set of properties, often with supernatural results. While this is easiest with minerals such as copper, carbon, and iron, it can also be used on non-mineral substances such as herbs and solvents, however, this requires considerable practice and a lot of experimentation to even begin to achieve."
314,Stable Alchemy,200 CP,Generic Alchemist Jump,"Many of the materials and creations of alchemy have a tendency to be a bit unstable, leading to explosive results when not handled with care. At least by most. When you work with something that is unstable, it acts as if it were stable so long as it remains in your care and possession, to the point even a chemical that can, and will, spontaneously combust for no apparent reason will remain entirely shelf stable so long as it is in your possession, even if you have it jostling around in your backpack. This will last until you choose to let the effect drop or the substance is no longer in your possession."
315,Nigredo – The Black Art,200 CP,Generic Alchemist Jump,"You are practiced in the destructive Black Art of Negredo. Negredo, as a form of magic, associates with the concept of entropy and works to degrade anything it comes into contact with, breaking down the bonds that hold something together. Using Negredo, it is possible to unravel supernatural effects, tear down barriers, and reduce physical matter to ashes. Life and metabolic processes tend to hinder the effects of Negredo, but it can still be used to harm with relative ease, both directly and indirectly. Negredo requires physical contact to function, at least at first, and is physically draining to the user. "
316,Albedo – The White Art,200 CP,Generic Alchemist Jump,"You are practiced in the analytical White Art of Albedo. Albedo, as a form of magic, associates with the concepts of divination and observation, granting the ability to see that which cannot be seen, hear what cannot be heard, and similar such abilities, as well as a method through which the information gained from such observations can be sorted and archived to be easily accessed later, forming a sort of magical repository of information that you can grant others access to or access yourself. It can also be used to manipulate your senses or those of others given enough time and training."
317,Citrinitas – The Yellow Art,200 CP,Generic Alchemist Jump,"You are practiced in the refining Yellow Art of Citrinitas. Citinitas, as a form of magic, associates with transformation, able to reshape and alter the material of a physical object or being in some manner, from keeping a blade sharp through its use to changing one’s own face to healing wounds. You can also use it to augment or enhance qualities within an object or individual (yourself included) temporarily, bringing out or hiding features, removing or adding impurities into something or someone, or speeding or slowing certain effects or conditions, proportionally increasing or decreasing the effects, respectively. "
318,Rubedo – The Red Art,200 CP,Generic Alchemist Jump,"You are practiced in the unifying Red Art of Rubedo. Rubedo, as a form of magic, associates with the concepts of unity and harmony, granting the ability to attune and harmonize various concepts and traits together in order to form magical effects, keep balance between opposing forces, and interact with the spiritual in a variety of unique ways. This also allows for the linking of various concepts, and can be used to combine objects, spells, effects, forces, the like to create new effects. This is often mistaken for being part of citrinitas but is more conceptual in nature."
319,Living Alchemy,400 CP,Generic Alchemist Jump,"While alchemy is often related to the refinement of the physical world to be closer to the spiritual, or a way to refine living beings, it is also capable of creating new life or semblances of life. You know how to create golems, homunculi, and chimera using alchemy.

Other forms of living alchemy may exist, however, those are for you to discover and are not granted immediately by this perk, though should you develop those abilities, they will become a part of this perk and backed like the above abilities are.

If you possess the Potioncraft perk, you can also create elixirs, a type of potion that can cause the creation of a golem, homunculus, or chimera, with specific parameters determined during the creation of the elixir."
320,Self Refinement,500 CP,Generic Alchemist Jump,"You have learned how to use a nearly meditative state to apply alchemical properties to your own body, allowing you to refine and empower your body, mind, and soul in some form or another. Using this process, you are able to use this meditation to improve on any facet of your physical, mental, or spiritual nature in some way, up to the limits of your physique, both physical and metaphysical. You can also use this as a method to remove impurities in your body, mind, or soul, removing corrupting influences, diseases, poisons, or imperfections that limit your growth and progress to a degree.

Moreover, this can be used to unlock latent traits, powers, potential, or genetic abilities that would otherwise remain dormant, even allowing you to achieve greater limits than you could otherwise achieve. This can even allow the growth of traits that are normally incapable of growth. For example, in a world where your magical strength is determined at birth, you could use this method to grow your magical strength beyond what you were born with."
321,Glassware,25 CP,Generic Alchemist Jump,"A wide array of flasks, beakers, alembics, and other forms of glassware useful for chemistry, alchemy, and brewing of any kind. Also a massive cauldron that is entirely unreactive to even the strongest of acids known to man, if you want something more large scale."
322,Harvest Bag,100 CP,Generic Alchemist Jump,"A leather satchel that is much larger on the inside than its outside dimensions would suggest and always just as light as if it were empty. Any raw material placed into the harvest bag has any and all supernatural qualities preserved as time seems to have less effect within the satchel as it does outside of it. 

Additionally, any raw material within can be used as if it were in hand of the satchel-holder, great for material-based spellcasting. This perk can be purchased multiple times."
323,Stasis Cabinet,400 CP,Generic Alchemist Jump,"A decently sized series of cabinets, large and small, that are fitted with a carefully tuned set of enchantments that allows time to be manipulated within. The cabinets have a number of shelves, each with a few timers and dials that allow you to accelerate or decelerate time, with a button to completely stop, or restart, the progress of time on a particular shelf. 

This can be programmed to change its current level of time acceleration or deceleration after a specific amount of time. The stasis and time differentials cannot cause any form of harm nor can it block someone from grabbing a stored item. Comes with an instruction manual."
324,Potioneer's Cauldron,200 CP,Generic Alchemist Jump,"A surprisingly light cauldron that naturally brings out and enhances the magical properties of materials placed inside of it. Potions made in this cauldron have twice the yield for the same amount of materials, last twice as long before they spoil, if at all, are generally more stable than they normally would be when it’s beneficial for you, and have a slightly higher potency than they would if made with a normal cauldron. The cauldron has a convenient spigot at its base and comes with flasks and vials to store the potions."
325,Flame Collection,200 CP,Generic Alchemist Jump,"A collection of magical embers that can ignite into full flame when fed supernatural power. The flames produced are supernatural in nature and can be used to burn away elements within a material or object while leaving the rest of it intact, such as burning away the poison of wolfsbane but leaving the aspect that cures the curse of the werewolf. 

The embers themselves are only warm to the touch and will not harm the holder when ignited, allowing them to conjure the flames for other purposes as well, such as light, heat, or even self defense. Skilled users have learned to create patterns with the power they feed the flame to control how it manifests. Each ember produces flames with different properties."
326,Potion Chest,350 CP,Generic Alchemist Jump,"A simple chest designed to safely store potions, keeping them in perfect conditions to last and not be broken. However, its main feature is a pair of glass tubes on the lid that, if each is fed a potion, will combine the two doses of potion into a single one with the effects of both, whether they have different or identical effects. 

These composite potions can be further combined, but each one after the first has a chance of the potions destabilizing and spoiling. There are also four slots in the side of the chest that will produce three copies of any potion fitted into the slot after 24 hours, so long as the potion doesn’t require exceptionally rare ingredients."
327,Prima Materia,300 CP,Generic Alchemist Jump,"Also known as Quintessence or Chaos, the prima materia is a substance aligned almost exclusively with the element of aether, taking the form of a clay-like substance that seems to be all colors at once and an almost airy texture as it feels nearly weightless. The Prima Materia is able to act as a substitute for almost any substance used in alchemy as it takes on the properties of the substance necessary, though it can only be used to substitute for a single substance in any particular form of alchemy. This can even substitute for exceptionally rare materials or provide a bit of spiritual presence to what is made with it.

You gain a small, regenerating supply of this clay-like material. How much is needed for any particular substitute is determined by the properties it needs to duplicate. "
328,The Emerald Tablet,600 CP,Generic Alchemist Jump,"An elaborate stone slab that has ancient writing printed onto it, explaining the basics of alchemy in a long dead language. Someone reading from this tablet will gain the power of an alchemist and develop abilities similar to those described in this document. If you were to read the tablet aloud, something you can do instinctively despite the dead language, the power of alchemy would spread to some of the people the world and grant alchemical abilities to them similar to if they had read the tablet, after which the tablet will crumble to dust."
329,A Touch Of Magic,100 CP,Generic Enchanter Jump,"Magic, as a whole, is a fairly nebulous term that can refer to any number of supernatural methodologies of effecting change or an action onto the world. This perk simply grants the minimum requirements to use the local form of magic, whatever form it takes. This applies to all local magic systems in setting. As an added benefit, you can grant this perk to others by effectively teaching them the basics of the local magic system, which can take some time. If there is no magic in your current world, this perk can be re-rolled for free. "
330,Work Through The Night,100 CP,Generic Enchanter Jump,"You have the ability to ignore your exhaustion while working on a craft, at the cost of backlash later down the line. This allows you to work tirelessly for days at a time, so long as you supply your bodily needs otherwise. Once you are finished working, however, you will have a short window of time to settle yourself before you will crash and need to sleep once more, and will do so until you are caught back up."
331,Apprenticeship Search,100 CP,Generic Enchanter Jump,"You have a knack for finding teachers that are willing to impart their knowledge to you and take you on as an apprentice, you learn twice as fast when you have a teacher, and you can tell when a potential teacher is actually worth your time and effort."
332,Mentorship Talent,100 CP,Generic Enchanter Jump,"You are a skilled teacher, able to adapt your lessons to your students to best teach them. This is best used with small groups where you can give one-on-one aid to your students. You are also able to spot good students and recognize their talents."
333,Sell What You Make,100 CP,Generic Enchanter Jump,"You know what your creations are worth and know, generally, how to make a proper sale with anything you make. This also gives you insights into the prices of similar objects to what you have created."
334,Test Your Metal,100 CP,Generic Enchanter Jump,"When you make something, you get an intimate knowledge of it and how it is to be used, making it easier for you to utilize them for their intended purposes. You will find you write more neatly with a pen you made than one bought off of a shelf, a sword you made would give you an edge in battle over a standard issue one, and similar such instances. This extends to items you’ve modified, though to a degree proportional to how thoroughly they were changed."
335,Form Equals Function,200 CP,Generic Enchanter Jump,Your creations have an unusual property that makes them function better when they look good. A sword made of subpar materials and simple craftsmanship but that looks good will work just as well as one made with good materials and decent skill. A more well-made sword made to look just as good would function even better than it otherwise would. This improves upon every quality of the item.
336,Built to Last,100 CP,Generic Enchanter Jump,"Your creations are less likely to break down, are more durable, and need less maintenance to keep functioning. They will last, at least, ten times longer than they otherwise would unless actively broken, and even then, it will take more effort to break them."
337,Material Refinement,100 CP,Generic Enchanter Jump,"You are practiced in one of the simplest forms of enchanting. This allows you to draw out some of the innate properties of a material or substance and allow it to project that property in some small fashion, such as the stress relieving qualities of an amethyst necklace. The effects of this are minor on their own, but can be combined with other forms of enchanting to create something more potent."
338,Modularity,100 CP,Generic Enchanter Jump,"You have a talent and skill for modular design, able to create simple and efficient means of turning nearly any of your creations into something modular. This makes it incredibly easy to swap out components of your creations for others to make it better suited to your actual needs."
339,Feast & Famine,200 CP,Generic Enchanter Jump,"When you eat, drink, or sleep, you can choose to store up any excess as nebulous pools of energy you can use to fulfill those needs later. These are separate for each of the three pools you can draw from, but will sustain your needs well. This will prevent you from suffering the negatives of overindulging in such things. 

All three energies can be spent to replenish your other energy reserves, including your physical and mental stamina, preventing you from suffering from fatigue as long as you have the energy to spend. This only works if you use all three energies together, however."
340,Crafting Savant,500 CP,Generic Enchanter Jump,You are skilled in all manner of crafts and have at least a foundation in any craft you come across even if you have never encountered or heard of it before. You learn crafting oriented skills roughly ten times more quickly. You can also reverse engineer techniques on how to make something by simply watching someone do so or examining the finished product for long enough.
341,Work Crew,100 CP,Generic Enchanter Jump,"You know how to put together a group of workers that will work together well and efficiently, promoting teamwork and a rhythm in the crafting. With this, you could turn a group of neophyte workers into a well oiled machine of crafting. "
342,Ironworker,300 CP,Generic Enchanter Jump,"When working with any material while forging, you can make it act as if it were iron. Melting it, working it in the forge, and otherwise affecting it as if it were simple iron. Even ultra-durable and flame resistant materials could be worked as if they were iron in this way."
343,Runesmith,200 CP,Generic Enchanter Jump,"You have the knowledge of a runic language that is capable of taking in and shaping magic fed into it, as well as how to carve such runes into most solid surfaces. While somewhat simplistic in how it can be applied, these runes require no magical source beyond what the wielder can provide to function."
344,Pagemaster,250 CP,Generic Enchanter Jump,"You have the ability to store nearly any supernatural powers or enchantments on paper and ink in the form of scrolls, grimoires, and spell tags. Such creations can carry the supernatural effect, bit of magic, or enchantment until it is used, at which point it is either used up or transfers the enchantment to a new object. Storing a spell, effect, or enchantment in this way uses all the same resources and requires the same level of focus, but can be triggered far more easily when the time comes to do so."
345,Magic Weaver,200 CP,Generic Enchanter Jump,"You have a knack for incorporating magics and supernatural abilities into your crafting and can split your focus effectively and easily between them. This gives you multiple streams of thought you can use to focus on various aspects of a project or task, making it easier to perform complex forms of enchanting."
346,Curse Weaver,200 CP,Generic Enchanter Jump,"You have the ability to incorporate a downside or negative quality into your creations, creating cursed magic items. More than this, you can tie the curse into another enchantment to enhance the quality of the enchantment. By tying in downsides, you strengthen whatever positives do exist."
347,Quick Chant,200 CP,Generic Enchanter Jump,"You can perform a quick and dirty form of enchantment, allowing you to place a temporary version of any enchantment you can create onto an object with a fairly simple expenditure of power. These temporary enchantments will last for a short time, though this can be increased with training or by expending more resources, both in terms of power, time, and resources."
348,Overcharging,200 CP,Generic Enchanter Jump,"You are able to power an enchantment beyond its normal capacity, and do so safely. When doing so, the enchantment’s effects are enhanced proportional to the excess energy invested into the effect."
349,Violent Disjunction,200 CP,Generic Enchanter Jump,"You can cause an enchanted object to destabilize and violently discorporate. This destroys the enchantment and causes an explosion with the lingering energies from the enchantment, the blast’s radius and power based on the amount of power in the enchantment. With time, you could potentially learn to shape how the magic expresses beyond just an explosion."
350,Power of Numbers,200 CP,Original,"By inscribing a number upon a target and understanding its cultural or symbolic meaning, you can invoke effects tied to that number. A ""7"" might grant luck, while other numbers produce corresponding results. The potency, flexibility and versatility of the effect is determined by the universality of the number’s symbolism, the nature of its meaning, your comprehension of the theme, your skills at inscribing along with kind of art you use to do it, and the power you channel into the inscription while creating it."
351,Enperked Item Creation,600 CP,Original,"With this meta-perk you can infuse items with the effects of your own perks, granting them enchantment-like properties. Crafting an item from scratch yields the best results, though personally modifying or rebuilding an existing item also works. Effects may be unpredictable at first, but experimentation and experience will improve your control, consistency, and ability to tailor the outcome. Your understanding of the perk, your crafting skill, and your conceptualization all influence the final result, as does the type of item used. Higher-cost perks are more difficult to infuse, while lower-cost perks are easier. This perk does not affect other meta-perks."
352,Formless Mind,100 CP,Generic Biomancer Jump,"You find it easy to adapt to changes in your form. You never suffer from phantom pain or detrimental levels of body dysmorphia, and though you can still feel dissatisfied with the current state of your body for practical or aesthetic reasons, these feelings never inhibit your ability to function comfortably. You also have ‘flexible’ muscle memory, which operates in such a way that when your form is altered, you can treat your new shape as if you had just as much practice using it as your old shape. One form can still be less practical than another, but you at least won’t be held back by your lack of practice using it."
353,Speculative Biology,100 CP,Generic Biomancer Jump,"You have a knack for ‘inventing’ lifeforms which could exist, even if they currently don’t. You don’t just have a good understanding of how such lifeforms might operate, but also enough creativity to come up with such possibilities in the first place. And of course, if you become aware of biological properties that should be impossible, such as magical plants or creatures, you can come up with new ways in which those properties might be differently applied and figuring out how they would work in the most stable way possible."
354,Kingdom Affinity,200 CP,Generic Biomancer Jump,"Biomancers often specialise in interacting with certain types of lifeforms and their tissue, be it as plant-bending rulers of forests or gardens, or a creature-altering fleshcrafter. You have an affinity for using biomancy to interact with a specific kingdom of life. Choose one from the fields: Animalia; Plantae; Fungi; Bacteria. You can purchase additional field for 100 CO."
355,Inverted Life,300 CP,Generic Biomancer Jump,"You are capable of channeling biomantic magic in an ‘inverted’ fashion. This effectively channels necromantic power, but only in a limited way. If you are also capable of necromancy, this lets you fuel it using methods that are normally rooted in biomancy, and lets you boost its effects using methods that would normally only enhance your biomancy. Even without any other grounding in necromancy, this lets you inflict necrosis and similar ailments on others with far greater ease than other biomancers might, and affect dead biological matter with biomancy as easily as you would living tissue."
356,pH Manipulation,300 CP,Original,"You can temporarily alter the pH of any substance (not of living creatures or inside of them) within 10 meters at will. Turn water into acid strong enough to melt steel, or make it so alkaline it dissolves organic matter like tissue paper. Shifting pH beyond 0-14 (into superacids or superbases) is possible but drains significantly more energy the further you go. Your own body is immune to pH changes you cause."
357,Viscosity Manipulation,200 CP,Original,"You can alter the viscosity of any liquid within 15 meters. Turn oil into a solid gel to trap enemies, or make molten metal flow like water to slip through cracks. Make blood in a target's body so thick their heart strains, or so thin they bleed out from a paper cut. You cannot affect liquids inside living creatures without direct skin contact. Your own bodily fluids remain normal."
358,Heat Leech,200 CP,Original,"You touch an object or surface and change its thermal conductivity. Make a metal rod conduct heat so poorly that one end can be red-hot while you hold the other safely. Or make a stone wall conduct so perfectly that touching it transfers your body heat away in seconds, freezing you - or vice versa, dumping heat into an enemy through a handshake. Can last up to 10 minutes, requires touch to apply. "
359,Surface Tension Control,150 CP,Original,"You alter the surface tension of any liquid you touch or see within 5 meters. Make water so ""wet"" (low tension) it seeps through any crack or membrane, or so ""dry"" (high tension) that it beads into marbles you can throw like grenades - they burst on impact with normal tension restored. Walk on a pond by increasing tension beneath your feet, or make rain bounce off you entirely. You cannot affect living creatures. "
360,Rust Prophet,200 CP,Original,"You can touch a metal object and drastically increase its oxidation potential. Iron rusts to dust in seconds. Copper verdigris spreads like moss. Aluminum develops a thick oxide crust and becomes brittle. You can also do the reverse: protect a metal from oxidation entirely, keeping it mirror-bright for weeks. Effects is temporarily, but long-lasting (up to a month). Requires touch to be applied. "
361,Emulsion Sovereign,300 CP,Original,"You touch a container or puddle of two or more liquids and can control whether they mix or separate. Turn a shaken oil-vinegar dressing into perfect, stable emulsion - or instantly separate blood into plasma and cells (lethal). Force water and gasoline to mix into a flammable sludge that won't separate again. Remove alcohol from a drink by separating it to the surface where you can skim it off. Range: touch only, up to 50 liters per second."
362,Hardness Control,300 CP,Original,"You generate semi-solid light-constructs (blades, tendrils, orbs, filaments) that alter the hardness of whatever they touch, but they cannot damage anything by themselves. Works best on solids, but brief contact with liquids or gases can harden them into temporary unstable structures - walk on water or shatter a pocket of air like glass. Hardness change slows down the more you deviate from the target's original state (near-original is instant; diamond-soft or foam-hard takes seconds). Effect can be momentary (tied to the construct's presence) or lasting up to one hour at your choice."
363,Event Horizon,500 CP,Original,"You project and manipulate shapes of absolute blackness - each one a shaped event horizon. Any matter or energy touching their surface is deleted from existence. They cannot exist independently; moving too far away or dropping concentration makes them vanish. You telepathically move them within a limited radius around you, or hold them weightlessly in your hands. Getting very close to a surface produces a mild gravitational pull. Your own body is immune. Projecting more than three at a time or shaping one larger than a door causes rapid mental fatigue."
364,Marginalia of the Absolute,200 CP,Original,"Once per 24 hours of subjective time, you may manifest a true, verifiable scientific paper on a research question of your choice. The paper is 100 pages long maximum, decently written, and accurate as of the moment of creation, but it is never complete, never revolutionary, and often cites nonexistent sources from other realities. 

To use this perk, you must possess basic understanding of the subject and formulate a clear thesis. It cannot produce tactical data, simple facts, prophecies, or non-scientific information. The paper is a powerful research assistant, not an answer engine: use it to bypass dead ends, validate hypotheses, or generate new directions, but be prepared to reconstruct missing knowledge through conventional study or additional papers."
365,Intellect - Tier 0: Genius ,100 CP,Generic Superintelligence Gauntlet,"Your intellect is increased to the highest levels that your species could naturally attain on your birthworld. This includes but is not limited to such things as common sense, perceptiveness, reaction time, coordination, pattern recognition, learning speed, and creativity. You do not merely have heightened technical aptitude or some other narrow depiction of 'intelligence', but a holistic, well-rounded g-factor intelligence that is equivalent to low-end comic-book genius. If you choose to remain at this Tier it is strongly encouraged that you buy at least some Perks to augment yourself, or else this isn’t really a ‘super’ intelligence story now is it?"
366,Intellect - Tier 1: Augmented,200 CP,Generic Superintelligence Gauntlet,"Your intelligence includes everything in Genius, but boosted to outright superhuman levels. You think and mentally react multiple times faster than is humanly possible, to the point that you can see the world in 'bullet time' even if your physical capabilities are still mostly baseline. Your learning speed is much faster than normal, you can multitask several things at once, and what normal scientists would require mainframe computers to calculate is simple mental arithmetic for you. You are at the mythical 'IQ 300+' tier, even if that number doesn't actually mean anything on the conventional IQ scale. You are multiple times more brilliant than even the greatest geniuses in real-world history. Someone at the Augmented tier would roughly compare to an NZT user from ‘Limitless’, a Pak Protector from the ‘Known Space’ novels, or a 9th-level intellect from the DCU.

>Requires: Intellect - Tier 0: Genius "
367,Intellec - Tier 2: Hyperbrain ,400 CP,Generic Superintelligence Gauntlet,"Your intelligence has advanced to a level almost beyond human comprehension. Your thought processes run at supercomputer speed, you assimilate new knowledge and skills almost instantly, and your faultless brain simply never slips, fumbles, or makes unforced errors. Your multitasking can easily fork dozens of complex processes while simultaneously processing all of your sensory inputs without strain. The accuracy of your thought processes is limited only by available data and (where applicable) chaos theory. Someone at the ‘Hyperbrain’ tier would roughly compare to a supercritical person from ‘Understand’, a Rick entity, or a 12th-level intellect from the DCU.

>Requires: Intellect - Tier 1: Augmented"
368,Meta-Stable,150 CP,Generic Superintelligence Gauntlet,"A mind as powerful as yours would be far too dangerous if allowed to slip into Malign Hypercognition Disorder, so your Benefactor will provide you with a free immunity to insanity and idealized mental mechanisms for processing and resolving trauma and stress. Your superintelligence will not change your personality in any unwanted ways, you will suffer no loss of empathy from being vastly greater in mentality than those around you, and you will be immune to boredom. Barring Drawback-fiat you will never lose control of your emotions unless you choose to.

>Requires: Intellect - Tier 0: Genius "
369,Perfect Memory,150 CP,Generic Superintelligence Gauntlet,"As a bonus, your Benefactor will upgrade the more 'normal' photographic memory available as part of the general boosted intelligence package to a Jumper-grade perfect memory with all the trimmings. Unlimited storage, instant recall, perfect indexing, tamper-proofing, fully retroactive, 'hidden storage', all of that. After all, you came to this Gauntlet to prepare your brain for the jumpchain.

>Requires: Intellect - Tier 0: Genius "
370,Hypersensory,100 CP,Generic Superintelligence Gauntlet,"While sufficient intellect can already let Jumper gain the maximum amount of acuity and perceptiveness possible from their sensory organs, including capacities that unaugmented humans don’t normally use, this perk allows Jumpers to outright cheat beyond even that extent. Scent like a bloodhound’s, vision like a hawk’s, hearing that can sense heartbeats over a room away through a noisy crowd, echolocation using ambient sounds… you’re essentially a non-blind version of Daredevil. You will never have any problems with sensory overload.

>Requires: Intellect - Tier 0: Genius "
371,Hardened,300 CP,Generic Superintelligence Gauntlet,"Your augmented intellect now has rigorous data security, fault-detection, and anti-subversion countermeasures. You are immune to unwanted mind-reading, mental intrusion, or mental influence of any kind, even that which comes from supernatural charisma or social skills. You may, if you wish, pretend to be mind-read or mind-controlled - even to the point of presenting edited data to the hostile telepath.

>Requires: Intellect - Tier 0: Genius "
372,Mastermind,100 CP,Generic Superintelligence Gauntlet,"Making highly advanced and/or long-range plans and strategies, layering multiple contingencies, or rapidly adapting to unexpected situations are things that any superintelligent entity can do even without this perk. What this perk does is boost your ability to scheme and manipulate from merely being augmented to being a thing out of legend. 

Despite not having precognition people would still believe that you could see the future if they knew of your schemes, and your plans will have an amazingly high likelihood of success even when they ‘logically’ shouldn’t. It's still possible for you to fail, but only by encountering a situation entirely outside the context of what you could possibly have prepared for... or via your own hubris.

>Requires: Intellect - Tier 0: Genius "
373,Mind Over Body,150 CP,Generic Superintelligence Gauntlet,"Your augmented intellect has adapted to have full awareness of and total control over all of your body’s functions and every individual muscle fiber. Your heartbeat, respiration, metabolism, and everything else now function on optimized neural algorithms that can run autonomously or under your mind's conscious direction as you choose. 

Simple tricks like blocking out pain sensation, maintaining physical fitness without exercise, consciously channeling bursts of adrenaline, or resisting disease and speeding the body's healing are child's play to you. You possess flawless aim, perfect balance, ideal kinesthetic sense and timing, and make every physical motion with the precision of a supercomputer-controlled cyborg (even if you aren't one).

>Requires: Intellect - Tier 0: Genius "
374,Tinkering,200 CP,Generic Superintelligence Gauntlet,"While any superintelligent person can of course master all sorts of technical fields and create all sorts of amazing inventions, you are somehow able to partially substitute raw intellect for time, quality materials, or specialized manufacturing facilities. You can create your wondrous inventions in a cave with a box of scraps, do things on a garage workbench that would normally require ‘clean room’ microcircuit assembly facilities, and iterate and innovate multiple times faster than even a comparable superintelligence without this perk could.

>Requires: Intellect - Tier 0: Genius "
375,Ember Red,250 CP,Iridescent Souls CYOA,"""Ember Red is the color of flames and other sources of heat.""

You have the ability to produce and manipulate flames and heat. Create flamethrowers or walls of fire, melt metal with your hands, and shape it as if it was clay.

You gain access to fire-related enchantments: for example, you may spend some time casting to make fire impossible to extinguish through normal means for up to a week or enchant targets to become completely heat-proof.

You are immune to the adverse effects of fire and heat and in the presence of natural sources you are stronger and can regenerate from damage more quickly."
376,Sanguine Scarlet,250 CP,Iridescent Souls CYOA,"""Sanguine Scarlet is the color of blood and lifeforce.""

You can control and manipulate blood from open wounds or blood in general in contact with air. You may harden it and shape it in a variety of fragile constructs. 

Moreover, you may drink blood for sustenance and to increase your strength, agility, reflexes, and durability temporarily. The potency and duration of effects depend on how much blood you have consumed. If you completely drain someone, you may instead increase your lifespan by the number of years the victim would have naturally survived. An old person may give you less than 5, a healthy young adult more than 40. "
377,Powerful Crimson,250 CP,Iridescent Souls CYOA,"""Powerful Crimson is the color of power and destruction. The strongest in terms of pure offense, but it lacks versatility.""

You can shoot energetic projections in different shapes (missiles, waves, lasers, explosions, bolt barrages, lances, spikes, etc...). The more time you spend casting an attack the stronger, the quicker and the farther it will travel to hit/destroy the target. During casting, you can add esoteric properties to your attacks, making them self-hit a flying target for example, or appear all around a standing target before launching on it. Attacks cast on the fly make you as dangerous as an assault rifle and by spending some time casting you can create stronger projections. You are not immune to the damage you cause. "
378,Turning Orange,250 CP,Iridescent Souls CYOA,"""Turning Orange is the color of evolution and adaptation.""

You can turn partially or totally into other people, animals, plants, or fungi you know. Your transformation is easier when complete, while it's harder to maintain a chimeric form made up of different creatures together. The more creatures the harder.

This power enables you to mimic the natural abilities of whatever you turn into. Elephant strength? Plant's photosynthesis? All on the table. Solely physical ones, though, which means you cannot turn into the Nobel Prize for Physics and get their intelligence.

Be careful, you are not immune to an identity crisis. "
379,Building Burgundy,250 CP,Iridescent Souls CYOA,"""Building Burgundy is the color of shapes and ideas.""

You have to power to generate and manipulate energy constructs. This power requires constant focus to work efficiently and can mimic any shape that comes to mind. Simple ones like disks, cubes, or spheres are much easier to produce, but with sufficient concentration, you can make much more complex ones like work utensils, weapons or animals, and so on. Making a phone will not make it function: it simply possesses the shape. Depending on how much time you invest in creating a construct you can make it as strong as to resist hundreds to thousands of pounds of force. 

You may enchant your constructs to function autonomously following simple commands."
380,Earthy Brown,250 CP,Iridescent Souls CYOA,"""Earthy Brown is the color of earth-related materials such as stones, minerals, sand, and the earth itself.""

You may control natural earth-related materials and generate and manipulate magical replicas. The latter will disappear from existence after a few hours. You may stabilize them for up to a week, however, if you expend enough time casting (upkeep to extend it) - counts as enchantment. Your control over earth-related material requires concentration - with enough focus you may hurl boulders worth hundreds to thousands of kgs, cause earthquakes, or make life-like sculptures.

You also gain access to earth-related enchantments, for example, you may enchant objects to give them the same hardness as a diamond or make a rock magically crumble into sand in a few seconds. 

Finally, you may sense tremors through the earth and may consume natural earth-related materials as food. You are immune to the adverse effects of the element. "
381,Alchemic Gold,250 CP,Iridescent Souls CYOA,"""Alchemic Gold is the color of experimentation and discovery.""

You may produce potions using mundane materials and infusing them with magic.
 
Alchemic Gold will extract conceptual properties from the ingredients to produce a magical effect that can be used when the potion is drunk, applied like an ointment, splashed, breathed, etc...

For example, you may make a potion starting from a few feathers to make anyone who drinks it incredibly light for a limited amount of time. Instead, by using entire wings, you may make functional wings sprout on the back of a target. Another one may require the color of a dye and gain the ability to change the color of an entire building if splashed on the walls. The more time you spend on making the potion and the more in quantity and the more expensive the materials, the stronger and longer lasting the effects will be. With enough experimentation and resources, you may achieve almost anything. Be careful not to hurt yourself with uncontrollable effects! "
382,Luminous Yellow,250 CP,Iridescent Souls CYOA,"""Luminous Yellow is the color of light and illusion.""

You have the ability to generate and manipulate light. 

You may produce blinding flashes, bend light to become invisible, or produce convincing visual illusions. This power requires constant concentration to function correctly, especially if the generated illusions are complex or animated. If you spend time creating an illusion, you may make it run autonomously, make it cover entire towns, and add to it sound, temperature, touch, and scent (the more time you spend making it the more effects it can have/the larger the area it will cover - enchantments). Your illusions may never physically harm anyone. "
383,Restoring Honey,250 CP,Iridescent Souls CYOA,"""Restoring Honey is the color of healing and restoring.""

You have the power to heal wounds and diseases. Papercuts and other superficial wounds are much easier to treat, requiring a few seconds of concentration. Anything more complex requires a lengthy ritual to heal, the more complex the case the more time is required. While you are using your power on a patient, they will enter a stasis where they cannot die, nor worsen, until you have finished. Healing a mortal wound can take up to hours. 

You may repair broken objects, too, restoring them to functionality. The greater the damage and the larger the objects the more taxing it will be. 

Finally, you may cast protective enchantments called blessings. These will passively heal, regenerate and repair your targets, counteracting damage as soon as it happens. They act much more slowly than your active intervention, however. "
384,Techno Lime,250 CP,Iridescent Souls CYOA,"""Techno Lime is the color of technology and advancement.""

You have the power to manipulate technology, aka anything manmade through the application of scientific knowledge. Computers, cars, complex machinery, cell phones, and the like all fall under this category. You may interface with them mentally to access their contents and control them. For example, you may activate and guide a car remotely, or project your consciousness into the internet to navigate it. Your mind is strong enough not to crack under the complexity or sheer load of information.

If you have a blueprint in mind, you may telekinetically assemble the parts to create it. You have a natural propensity for learning the appropriate knowledge required to build any of your projects, but you still need to study and apply what you learned for the projects to be realized. "
385,Living Green,250 CP,Iridescent Souls CYOA,"""Living Green is the color of life, plant, animal, and fungi alike.""

You may manipulate nonsentient life: plants, fungi, and animals. 

Plants and fungi are the easiest to manipulate - make them move and bend to unnatural degrees or make the extend many times beyond their length. With an enchantment, you may accelerate their growth, making them sprout from seeds or spores in a matter of a few seconds.  Moreover, you can mix and match plant and fungi traits, creating new species that would be impossible to exist otherwise.

Control over animals is a little different - you may communicate with them and ask for aid or you may try to force control over their minds. The smaller and fewer the animals you attempt to control at a time, the easier it will be. Also, you may mix and match animal traits, creating new hybrid species, much like what you can do with plants and fungi. 

Be careful, however, not to let any of your newly created species run rampant."
386,Chaotic Emerald,250 CP,Iridescent Souls CYOA,"""Chaotic Emerald is the color of chaos and probability.""

You can enchant creatures or locations with good or bad luck, increasing the probability of positive events or negative events to occur respectively. Of course, the greater the degree of good or bad luck ""gifted"" the more it will tire you out. Moreover, you may try to establish precisely what these events will be, costing you more the more improbable or impossible the event. Making something that would naturally occur is easier: let's say, a car mysteriously shutting down while moving. Instead, making a piano fall on the head of an enemy while in the middle of the desert will require much more of your energy.

Finally, you may meditate to see how your choices may branch out in countless possible futures. This won't be a perfect prediction of what's to come, but it may give you an idea of what are the most probable outcomes of your decisions."
387,Astral Teal,250 CP,Iridescent Souls CYOA,"""Astral Teal is the color of the astral plane and the manipulation of souls.""

You may project your consciousness through Astral Teal as an Astral Projection. It moves at the speed of thought (just think of a place and your consciousness will be transported there) and enables you to perceive distant locations with all of your senses. You may not interact with matter or people, nor use other Colors while Astral Projecting. Your body is still vulnerable. 
You may push other people out of their bodies to travel with you and you may possess temporarily soul-less and living bodies, engaging in a battle of will with the owner for control. Your body cannot be possessed, since the other Colors (the majority of your Soul) will still be present.

You may fragment Astral Teal and use it to possess objects and animate them. You can spend some time shaping personality and level of intelligence of these animated objects. The more, larger and more complex the personality/intelligence of the animated objects the harder it will be to maintain them. They count as enchantments and can be recipients of the Soul Fragments PERK.

For short periods of time, you may shift entirely into the Astral Plane with your body too, becoming invisible and intangible and capable of flight. You may not move at the speed of thought when shifting the body, however, being limited to short bursts of flight in the vicinity. This is extremely tiring and usually considered an emergency move. "
388,Moving Cyan,250 CP,Iridescent Souls CYOA,"""Moving Cyan is the color of movement and freedom.""

You gain telekinetic abilities over your surroundings, enabling you to move hundreds to thousands of kgs with ease. This power requires constant concentration to work effectively. With enough focus you may toss manipulated targets, apply force to break them, or stop a flying object in midair (if you can perceive it). 

You may even levitate passively up to a meter from the ground and move up to running speed, but with focus, you may launch yourself in a controlled flight at hundreds of km/h with a telekinetic shield sufficient to protect you from adverse flying conditions like temperature, lack of oxygen or impact with insects, but it won't protect you from a flying bullet or hitting a hard surface at full speed for example.

By spending some time casting you may apply telekinesis-related enchantments to targets, removing the force of gravity from affecting them for example, locking them at a certain height, or programming flying trajectories."
389,Cloudy Azure,250 CP,Iridescent Souls CYOA,"""Cloudy Azure is the color of air and weather phenomena.""

You can manipulate natural air and electricity or produce magical replicas. Create tornadoes, lightning from your fingertips, or cutting winds, and use air to propel yourself freely in the sky. You gain weather-related enchantments that enable you to control weather phenomena happening in an area, and program them for up to a week (upkeep is possible). Make it rain, thunder, or hail. Call forth fog and mist or clear the area from pollution and let the sunshine.

Finally, you are immune to the adverse effects of air and electricity and have no need for breathing."
390,Deep Blue,250 CP,Iridescent Souls CYOA,"""Deep Blue is the color of water and cold.""

You have the ability to control natural water and ice and generate and manipulate magical replicas. The latter will disappear from existence after a few hours if not stabilized with an enchantment. You may turn water into ice and vice versa at will. With enough focus, you may manipulate hundreds to thousands of gallons of water, cause waves and tsunamis or generate ice constructs from moisture in the air. 

You gain water and ice-related enchantments, enabling you to encase targets in ice that doesn't melt or create floating rivers, for example. 

Finally, you are most comfortable in the water, enabling you to swim incredibly fast, breathe underwater, and resist water pressure. Moreover, you have a resistance to the adverse effects of cold."
391,Dimensional Indigo,250 CP,Iridescent Souls CYOA,"""Dimensional Indigo is the color of dimensions and portals.""

You gain the power to generate and manipulate portals, which may be 2D or 3D. 

2D portals can appear on surfaces or float in mid-air and enable objects to move through them in two directions, while 3D ones take the shape of the target and teleport it to another unoccupied location. You may generate portals and teleport within line of sight with ease. With an enchantment, you may instead create portals linking to different locations you can picture in your mind. The more time spent, the larger the portal. 

Moreover, you gain a personal dimension of near-limitless size you can access through specifically crafted portals. The dimension appears as Indigo all around, with a dark sky and a flat surface underneath. All objects are perfectly illuminated in all directions and project no shadow. You can create fake matter in the personal dimension, but you cannot carry it out of it. Transporting real matter in and out is more taxing, since you're moving it from one dimension to another."
392,Eldritch Midnight,250 CP,Iridescent Souls CYOA,"""Eldritch Midnight is the color of darkness, mystery, and the unknown. The Void and the creatures that inhabit it.""

You can conjure and manipulate magical darkness. It cannot interact with physical matter. You possess perfect dark vision and, while hidden in darkness, you may call forth beings of various power from the void. They require appropriate sacrifices to be summoned and comply with your requests, starting from food for weak creatures that may perform mundane tasks such as cleaning your house, while stronger ones may require blood, memories, or human lives for more esoteric tasks. If the sacrifice isn't enough they will simply go back to the void, losing power over reality. 

You may meditate in darkness to project your consciousness to safely visit the void and acknowledge or even befriend different beings. 

Be careful, your body might be safe, but you might not recover from the horrors you may witness. There are creatures far more powerful than you are, but if you are clever enough you may find ways to make them work for you. "
393,Dreamy Orchid,250 CP,Iridescent Souls CYOA,"""Dreamy Orchid is the color of dreams and fantasy.""

You have the ability to lucid dream and traverse the dreams of others. You may script dreams to your liking and to the finest detail, setting, characters, and plot. You may manipulate the flow of time in the dream to your liking, making thousands of years happen in a few real seconds if you so wish.

While sleeping your body is vulnerable, however, your physiological processes halt keeping you in an immortal, unaging stasis where you do not need to eat, drink or go to the bathroom, etc... Moreover, you can induce drowsiness to outright blackout sleep to others in your vicinity (depending on how strong they are) and overwrite their dreams with your scripted ones. 

With an enchantment you may curse a target to sleep for up to a week without waking up - magically sleeping targets also have their physiological processes halted. "
394,Psychic Purple,250 CP,Iridescent Souls CYOA,"""Psychic Purple is the color of the mind, thoughts and memories.""

You may read surface thoughts of nearby creatures without them noticing and send telepathic messages that can carry words or mental images - if you're careful the target may think these are their own thoughts and act upon them as a form of suggestion. With some concentration, you may even share their senses, see through their eyes, hear through their ears, etc... While meditating you may instead reach a faraway target you know. The further away and the less acquainted you are the harder it will be. 

Moreover, by touching a target you may probe deeper into their mind reaching their own personal Mindscape, a dimension generated by the subconscious. If you learn to navigate it without getting lost, you may reach the target's memories and centers of personality and retrieve, delete, or modify information as you see fit. You may set up mental wards in your own Mindscape to prevent this and in general explore it and get to know yourself better. "
395,Warping Mauve,250 CP,Iridescent Souls CYOA,"""Warping Mauve is the color of space, playing with the rules of physics.""

You have the ability to temporarily alter space in a location or on a target without damaging it. 

You may change the sizes of targets, turn a mouse the size of an elephant and vice versa, or zip the space between you and a faraway building you can see, effectively enabling you to move from one location to the next with a single step. 

You may enchant containers or rooms to increase their storage size without changing the exterior, for example enabling a water bottle to store an Olympic pool's worth of water. Finally, you may change the shape and physical properties of targets without affecting anything else - you may make an elephant as light as a feather or change the shape of your fingers into squishy flesh tentacles. The weirder and grander the effect, the more taxing it will be to realize."
396,Prophetic Fuchsia,250 CP,Iridescent Souls CYOA,"""Prophetic Fuchsia is the color of information collection and storage.""

You have the ability to gather information through esoteric means, such as using tarot cards, interpreting the stars in the sky, or tossing bones (for example). The information that can be gathered may be in the form of visions from the past or future or real-time viewing of a remote target/location. The visions may involve one or more of your senses and may range from being straightforward to cryptic. You may need objects related to the information you wish to gather in order for the visions to be clearer. 

Moreover, you may store information within objects/locations that can be transmitted as visions to anyone you choose who is in the vicinity/touching the storage. 

Finally, you gain perfect memory and hyper-awareness of your surroundings, nothing will ever catch you completely off guard. (You also gain sufficient mental fortitude to deal with all this information)."
397,Aura Pink,250 CP,Iridescent Souls CYOA,"""Aura Pink is the color of emotions and feelings.""

You have the ability to sense the emotions of those nearby by interpreting their colorful auras. Each color corresponds to an emotion and the more vibrant the more intense it will be. You know how to interpret them and how to manipulate them in a variety of ways: for example, you may make people share an emotion, you may remove it temporarily or totally, or, with a bit more difficulty, create new ones. This power can work at a distance if you take time to meditate and know the target well enough.

Moreover, you gain the ability to craft Emotional Elementals, physical representations of emotions, from particularly strong ones (either yours or of others). Their mere presence will overpower most with their own emotions and they can have powers of their own themed powers. You may lose control of them if you summon too many. They are countered by an opposite, equally strong emotion or peace of mind.  Examples: an Anger elemental will have fire and berserk-based abilities, its mere presence making people violent. "
398,Warding Pearl,250 CP,Iridescent Souls CYOA,"""Warding Pearl is the color of protection, wards, and shields. The strongest in terms of pure defense.""

You have the ability to set up Wards protecting creatures, objects, or entire locations from harm. They can be created with certain rules in mind, for example, they may enable the entrance of an area only by a selected few or protect those they guard against poisonous gases. You may set up multiple wards on a target/location, each following a single rule (either general protection from harm or specific rules). You may also ward against specific Colors, making much more powerful wards for the Colors you possess. 

The more time you spend creating a ward the stronger and/or larger it will be, with no upper limit. A fraction of a second may protect from a bullet before dissipating, while a few hours may protect from tank explosions. Wards count as enchantments, needing weekly upkeep to keep on functioning or they will lose strength with time. Moreover, the longer they are under attack the quicker they will dissipate (unless they are actively maintained by you)."
399,Necro Bone,250 CP,Iridescent Souls CYOA,"""Necro Bone is the color of death, bones, and ghosts.""

You may control dead matter and instill it with fake life. The more time you spend creating a servant, the more intelligent and or strong you may make it - this counts as an enchantment. They may even retain the knowledge of when they were alive. Your servants can also be created as an amalgamation of various body parts, though they take longer to make than simply reanimate a single body. Any servant you create this way can be a recipient for the PERK Soul Fragments.

Finally, you have the ability to summon the souls of the dead in the form of roaming ghosts. The more recent the death and the closer you are to the location where they died or where their remains are, the easier it will be to call them forth. You have the power to decide when to send them back to the afterlife, though strong-willed ghosts may try to wrestle for it. A summoned ghost keeps all their memories, identity, and agency, they may decide to collaborate with you or not, even possessing one of your servants. "
400,Disrupting Obsidian,250 CP,Iridescent Souls CYOA,"""Disprupting Obsidian is the color of antimagic and dispelling.""

You gain the ability to passively sense magic and other Iridescent Souls in the vicinity. You may dispel active magical effects with various degrees of difficulty: if you possess the matching Color it will be much easier, while if you don't it will take you much more time to undo it. A stronger effect, moreover, requires more time on your part to disable it. 

You may set up antimagic enchantments (called curses) on targets or areas that prevent any use of magic. They may be created following the same rule of thumb: the more time you spend creating these curses the longer-lasting and stronger they will be. An overcharge of magic may overcome them, however. You are immune to your own effects of antimagic."
401,Familiar,100 CP,Iridescent Souls CYOA,"One of your Colors can take the form of an animal. It is a part of your Soul with its own personality and the two of you can communicate telepathically. It can be summoned at will, otherwise, it will reside within your Soul. While outside, it can cast magic of its Color independently from you, but you lose access to the Color for as long as the Familiar is manifested. In situations of dire need, it can summon itself to protect or aid you. Every time it is bought, you gain an additional Familiar with a different Color.

>Requires at least one Iridescent Souls CYOA Color perk. "
402,Book of Cantrips,100 CP,Iridescent Souls CYOA,The book is bound in black leather and shines in Color while it's being used. It contains cantrip-level spells for all Colors. You must hold the book in your hands to use the spells it contains.  If the book is lost or broken it will reappear after 24h.
403,Amplifier,100 CP,Iridescent Souls CYOA,"When held, this item will amply all of your Colors. They will shine brighter, will be more powerful and their usage will tire you out less. The Amplifier can be a wand, a book, a sword, a stone, or a phone... Any object you can hold with one or two hands. If broken or lost it will reappear after 24h.

>Requires at least one Iridescent Souls CYOA Color perk. "
404,Soul Fragments,100 CP,Iridescent Souls CYOA,"You can split your Colors into fragments and bind them to other beings. This way you can lend a portion of your power to other people or creatures. You can get back your Soul Fragment whenever.

You may produce an illimited number of fragments for each Color you possess, but you will become proportionally weaker in the Colors you have fragmented.

>Requires at least one Iridescent Souls CYOA Color perk. "
405,Opacity,50 CP,Iridescent Souls CYOA,"You can toggle on and off the flashy property of your Colors, meaning that you can, if you wish, cast magic without being noticed.  This also makes you less noticeable to the Iridescent Soul sensing of Disrupting Obsidian.

>Requires at least one Iridescent Souls CYOA Color perk. "
406,False Color,50 CP,Iridescent Souls CYOA,"Choose a Color you do not possess. It will now tinge all of your abilities and you can use it as part of your Soul Title, though you will not possess any of the powers it describes. 

>Requires at least one Iridescent Souls CYOA Color perk. "
407,Child of the Transapients,100 CP,Orion’s Arm Modosophont,"As long as you don’t actively interact with ‘higher beings’, they will be content with just ignoring you and if you stumble across something you shouldn't have they will just shoo you away unless they are malicious. This stops if you're shown to be able to stand on your own against them, seek them out, refuse to heed their warnings or become a threat to them. After all, many transophonts have met their end after their victims ascended to a higher toposophic level."
408,Engenerator Guarantee,200 CP,Orion’s Arm Modosophont,"The topic of the soul has been debated since the dawn of humanity and even now it is still being debated, but as a jumper your chain and a large amount of your abilities may depend on having a soul. Now your soul can inhabit your mind, data, coding or equivalent and you can choose to follow along for the ride when transferring your mind to a new body, uploading yourself into a virtual world, downloading yourself into a new body, converting your mind / coding to a different format and architecture or the like. 

This even works with mind backups and data packet in transit, allowing your soul to automatically jump to a recently updated copy of your mind or travel the lightway network, although there are two limitations; first is that your soul can only jump small gaps from spontaneous termination, so a backup cache needs to be within arm's reach and the second is that without a substrate to run your mind on, you will be in a thoughtless suspended animation with the timer on the jumpdoc pauses until you return to a proper substrate. This comes with an Instinct for when you switch bodies to know if the method will properly kill you.

>By paying additonal 200 cp: you gain the ability to create and design methods that can safely move the soul along
with mind, mimicking the effect of this perk."
409,Near-Baseline Mod,100 CP,Orion’s Arm Modosophont,"Apart from a select few every sophont has a set of core biomods, which you now have as well. First and most important is microgravity adaptation mods, this lets you live without gravity indefinitely with no drawbacks. The second is an improved immune and repair system, meaning you have complete healing which will slowly regrow lost limbs and remove scars with time, a powerful immune system which fight pathogens fast, implant compatibility, stops cancer, increased tolerance and repair for radiation, allowing someone to live in space without significant radiation shielding and extend an average human's lifespan to 400 years. And last but not least is modular genetics and the removal of deleterious genes, meaning that radical DNA changes can be easily made even in adulthood and you’ll never suffer from genetic disorders. 

Your offspring will inherit a non-fiat backed version that will be watered down with each generation removed from you, unless their partners possess a form of the biomods which can be inherited. This applies to all of your forms with biological parts as well.

>By paying additional 100 cp: you gain the genetic engineering knowledge and experience to mass give out copies of the mods safely to any species even the adults with a multitude of methods and even easily modify other known gene mods for different clades or even aliens.

>By paying additional 100 cp: you gain the fiat backed ability to give out a wide array of gene mod including the refined superior mods and this extends to more then just biological modifications with the ability to give out cybernetics or inheritable augmentations and with some work create the equivalent of fully understood gene mods or augmentations for those of an exotic nature."
410,Rejected Godhood,200 CP,Orion’s Arm Modosophont,"You have looked upon the gift of ascension and have walked away. Changing toposophic levels is more than just becoming smarter, it completely changes your view of the world. A loving father could instantly divorce his wife of many hundreds of years in an instant because from his point of view she has the complexity of a paper cut out or a sister moving 400 light years aways to study some obscure thing while leaving her family with the equivalent of a pair of jangly keys that will distract them. 

Additionally note that ascension is a very dangerous process and is never a guaranteed thing, requiring them to shed some core part of their identity, seek out a hopefully benign mentor of a higher toposophic level or form a hivemind of multiple beings and ascend together, but even then the most carefully planned ascensions can go wrong and result in hyper-autism, hedonistic solipsism or personality death while the worst forms of failure can lead to blights or perversities. Whenever you have a chance to 'ascend', become ‘more' or ‘better’ or ‘metamorphosize’, you can choose to say no and easily shut down any attempts with no backlash or side effects, even in the middle of the process.

>By paying additional 200 cp: you gain the passive abilities of continuously making tiny inconsequential seeming adjustments during an ascension process that could be the difference between success and failure and should the ascension process destabilise or risk your death, it will automatically abort the process and return to a previously stable condition."
411,Artificial Muscles,100 CP,Orion’s Arm Modosophont,"All of your muscular system, actuator system, servo motors, locomotive systems and similar is converted to a system of optimised bionano muscles, compared to baseline muscles maximum exertion of 0.4 megapascals your new muscles can produce a maximum force of 40 MPa. This effectively multiplies your muscle strength by 100 times to the point where if a baseline human could lift 100 kg over your head, with this perk they could lift 10,000 kg and a top athlete with a speed of 10 m/s could run at 100 m/s (223 mph / 360 km/h, this is neglecting aerodynamic drag), this assuming their bones and body can take the strain and heat. Additionally artificial muscles come with the added bonus of being able to be powered with calories or electricity, Incredible durability, having a sub-millisecond contraction speed and being immune to decay and disease.

Unfortunately it does have its own downsides like how easily it can break unreinforced bones and that they create significant waste heat generated and have a high energy usage while using your full strength. You have full control over how much strength you are using along with overridable safety limitations to stop you from starving to death or dying from heat stroke, it will defaulting to a baseline human’s level of strength which uses half of the power and produces half waste heat a baseline human would for an equivalent level of strength and the power needs and waste heat created will scale linearly the the level of strength used. This perks works and integrates well with cybernetics like your DNI and other muscle related perks, especially abilities that amplify your strength, And finally this perk applies to all of your forms as well."
412,Aphagist,100 CP,Orion’s Arm Modosophont,"The ultimate achievement of the fasting lifestyle would be to live on nothing more than water and the output of an internal fusion plant, unfortunately even the most advanced transapient tech can not achieve this. With a sufficient source of electricity (minimum of 7.5 kW hours per day for average human and abundant atmospheric resources), oxygen, water vapour, carbon dioxide and nitrogen are removed from the atmosphere and synthesised into organic compounds to feed your body, meaning all you need is some trace minerals and water daily. This applies to all of your forms as well."
413,Compubones,100 CP,Orion’s Arm Modosophont,"Sometimes you just need more computing power on hand so why not convert your ‘dead’ or inert parts of your body into something more useful. Now your bones, exoskeleton, shell, scales, horns, teeth or the like excluding the ‘active’ components like your bone marrow, have been converted into bio-processors and reinforced with biologically-grown carbon nanotube and diamondoid materials. 

These ‘Compubones’ do require energy to work in the form of calories or electricity and have the same efficiency and 1,000 times the data storage as a human brain along with a battery capacity for a day of constant moderate use, but due to their bio-nano nature they can run at much higher temperatures without issues to the point of being able to cook your flesh and immune to decay and disease. As such along with robust safety limitations which you can override, you have full control over how fast your compubones are running and what is running on them, as to stop you from starving to death, dying from heat stroke or any hider communities from free loading in your bones. 

This perks works and integrates well with cybernetics like your DNI, storing backups for ‘Engenerator Guarantee’, with other bone related perks and this perk applies to all of your forms as well."
414,Knowledge Modules,200 CP,Orion’s Arm Modosophont,"In the current era learning is mostly done with a DNI and skill mods, this can be a temporary affair with an installation or have it fully intertwined with an integration. You are indeed quite skilled at making skill modules of any type, converting them for different mental architectures, taking snapshots of many minds and sticking them together to form a module, turning large amounts of data and Information into a module and creating exotic methods to create or impart a module. Any that you make are easier and quicker to integrate, lack any side effects and can even give someone skills and experience with using exotic abilities."
415,Savant,100 CP,Orion’s Arm Modosophont,"You possess a small area of intellect that is elevated to the absolute limit of what a modosophont could achieve, this ‘spike’ of mental abilities gives you an instinctive and intuitive understanding of your area of expertise and significantly reduces the work hours needed to complete the same task that a baseline would need. This scales with your intelligence and will always be a significant advantage in your chosen area and can be toggled on and off at will. 

There are a wide array of areas you can pick for your spike, like cold reading or pattern recognition, but there's a limit to how ‘wide’ the spike can be, for instance you can’t have a generic spike in physics but you could have one in the branch of particle physics and with tighter focus the greater your abilities are in the area. Your spikes are fiat backed to be safe, stable, cause no mental stress or psychological problems and do not affect your personality with your increased intelligence.

>Multiple purchases allowed"
416,Transavant,200 CP,Orion’s Arm Modosophont,"Instead of merely having an ability at the level of the very best of modosophonts, you take a step into the realm of the transapients. This upgrades one savant ability of your choice to the lowest levels of a toposophic higher than your own level which gives you a level of ability that is quite literally unexplainable or Inconceivable to a lower toposophic level, even the smartest of people will not be able to comprehend or suffer mental degradation and breakdowns if they manage to glimpse the translogic behind your transavant spike. 

Even your self does not know the why and how, only that if you do a particular thing in a unintuitive and convoluted way that feels just right, somehow it works much better even if you have no idea about the hows and whys. This can be taken a second time on the same ability and boost it to a high transavant spike, along with being able to toggle between off, savant, transavant and high transavant levels. 

Note that the highest recorded spike of a modosophont is reaching into the high transapient realm which then suffered a complete psychological collapse 35 minutes later and had to be restored from a fresh backup and there are even rumours of archaisavants, but little is known of them.

>Requires Savant (Orion’s Arm Modosophont), multiple purchases allowed"
417,Technology Module,300 CP,Orion’s Arm Modosophont,"For each purchase pick three of the following categories of core technologies below. This will give you an Ultratech level in understanding the theory, use and construction of such related and overlapping technologies along with an instinctive understanding of the subject. Should you purchase all available modules you will become a Super Bright and thus have an Intelligence equivalent to 550 IQ (around S0.44) and the ability to eventually understand any modosophont level sciences, although this does not guarantee speed or ease nor does this increase to your Intelligence affect your personality:

>Nanotechnology - Atomic-scale manipulation and nano scale devices.

>Biotechnology - Genetic engineering and manipulating biology to perform work.

>Computronium - The creation of computers and the supporting structures.

>Artificial Intelligence - The creation of AI with varying amounts of intelligence.

>Robotics - The application of using AI to control of machines and creating Vec bodies.

>Virtual Reality - The creation and modification of fully interactive digital worlds.

>Metric Engineering - The manipulation of space-time and creation of black holes.

>Sophontology - Study of intelligent beings, toposophy, culture, physiology and psychology.

>Spacecraft - Creation of spaceships, habitats and the needed support systems."
418,Vacuum Adapted,100 CP,Orion’s Arm Modosophont,"You now possess adaptations that allow you to survive in a vacuum or underwater with up to pressure of 10 megapascals (about 1 km deep on earth) unaided for at least 4 hours and can safely enter and exit a hibernation state that lasts up to 3 years, this consists of five parts.

First is a subdermal enamel armour and a secondary layer of armour protecting each of your vital organs which gives you protection from greater levels of radiation, micrometeorites, low-powered weaponry and works as a pressure suit. 

Second is that all of your orifices and eyes are automatically sealed with membranes to protect them from decompression and boiling in the vacuum of space. 

Third is the ability to enter hibernation state that lowers your bodies metabolism down to a quarter of your normal rates, the fourth is the ability to enter an even deeper hibernation called cryptobiosis where the water in your cell are replaced with a special glass like biopolymer that protects your cells and lowers your bodies resource requirements down to less then a fraction of a percent, both states of hibernation will automatically wake you up if it can be done safely and cryptobiosis lasts definitely but after 3 years it becomes increasingly dangerous to wake up and may require medical assistance. 

And finally your modified blood and tissues can store a considerable amount of oxygen and are much more resistant to hot and cold temperatures and withstand core temperature ranges of 0c to 45c. All these adaptations are purely biological based, can be integrated and improved easily with cybernetics and apply an equivalent to all of your forms as well."
419,Angel Netting,300 CP,Orion’s Arm Modosophont,"Angel Nets for most bionts within the civilised parts of the galaxy are synonymous with comfort, peace of mind and civilised space as they are created to protect sapient populations or important local subsystems and other valued things by trying to eliminate both accidents and deliberate attacks. 

Now you can design and make a robust self-expanding mycelium-like network backbone consisting of power and data lines, distributed computronium, sensors, communicators and power collectors to create a grid of powerful but limited omniscience. 

Of course this is the bare basics of an angelnet, so you can also integrate automatic protective capabilities using technologies like smartmatter or utility fog and can add secondary functions to the network like weather control, terraforming, paraterraforming, artificial soil, automatic recycling, creating infrastructure, virch interface, nano immune system or pest control (whether or not this includes undesirables or enemies is up to you). 

Naturally you are quite skill at creating, maintaining and modifying angel nets to the point where you can integrate things of a more exotic nature to apply to the protected area of the network or even construct it fully out of exotic methods, although note that you’ll never be able to protect against every possible scenario or danger as that is in the realm of the Archailects."
420,Mental Encryption,200 CP,Orion’s Arm Modosophont,"As technology advances, So does the ways to invade and manipulate your most important and final sanctuary, known as your mind. Your brain, mind and code that make up your being are now heavily encrypted, this straight up no sells any brute force mindjacking, memetic engineering, subliminal, nano infiltration, torture and any other manipulation to your mind, even by proxies or more esoteric means. 

The only way to start to manipulate your mind is to carefully study your neural architecture, break the multitude of encryptions that protects your mind and then alter their Method to take into account your protections. Of course what sort of security doesn't change their encryption keys and methods every so often, so all of their work could be for nothing if they take too long. Additionally as long as they did not fully defeat your protections, they will have a nasty surprise when you regain part of your agency when the encryption rolls over"
421,S-Learning,200 CP,Orion’s Arm Modosophont,"The Super-Learner modification is a very widely used one, and is found in sophonts of all toposophic levels all across Terragens space. By combining the learning speed of the very young with the complexity of adult into a 'two-layered' learning approach where any insight that is gained from a layer is then examined or taught to the other for more insight, the result is a much greater learning speed and comprehension than possible with the Individual parts, allowing the acquisition of all kinds of skill, major and minor, physical and mental thats goes beyond merely human levels of learning ability into fully optimised, highly efficient and literally superhuman forms of learning."
422,Tech-Taboo,200 CP,Orion’s Arm Modosophont,"A popular game where the object is to achieve the highest level of technology possible, while avoiding one or more specific taboo techs. As it turns out you are quite the master of the game, you're able to replace parts of a piece of tech with different parts to achieve the same effect. With enough effort you could do things like replace every part of dry tech with biological counterparts, this of course would not guarantee It would be effective or worthwhile. And with the right skill set you could use more esoteric means as replacement parts."
423,Tribe Mind,200 CP,Orion’s Arm Modosophont,"There are very few ways a modosophont can match up with a transapient. Fortunately you are not alone. You can now easily form a stable Tribe mind with any media. This is not a hive mind nor a collective consciousness but rather a tightly networked group who retain their individuality and work together for the betterment of a mental ""tribe"". 

With enough members the tribe will begin to show Transavant abilities, requiting about 500 baseline humans for low Transavant, 100,000 for high Transavant abilities and ridiculously large amount of over a billion for archaisavant abilities, for course you can always supplement the tribe with raw computations located on a server or something. 

Any Tribe minds you form have complex encryption to protect its members, fail-safe shutdowns and guarantee the members will keep their individuality and will be safe from any strain or backlash the tribe causes on its members."
424,Deus Ex Machina,300 CP,Orion’s Arm Modosophont,"Somehow you did something that an Archailect feels indebted to you (or maybe it just wants a chance to examine other dimensions), once a jump or 100 years you can cash in a favour for its assistance in a task. 

There are some limits as its help will be to its discreet and subtle in nature, for instance it won't help you take over the world but will cause a sinister cabal to collapse, neogen a species if it calculate that they will be taking care of and treated fairly, claim protectorship of a group, provide a data packet with critical info, subtly manipulate scientists to discover breakthroughs in technology and attract investments to fund critically needed technologies or just hand you blueprints if it believe you're in a position to leverage them. 

Just remember that its help is sometimes so subtle that you will question if it even helped at all, only a being with intelligence approaching its own or powerful prescience powers could suspect its manipulations."
425,Polysophonce,250 CP,Orion’s Arm Modosophont,"Having a standard human neural network was so 10 millennia ago, nowadays there are a huge variety of neural types. The perk in particular gives you the neural architecture of a vec by decoupling your memories, Intelligence and personality from each other, this manifests as 2 main abilities. 

First is the ability to have a happy-go-lucky personality even after spending decades being subjected to things that would leave a man jaded after weeks, although you can still suffer from mental illnesses from the torture or be a ditzy air head that can build, run and maintain a fusion reactor. This comes with the ability to freely alter your personality as you desire and have a whole lot of presets consisting of your pre-jump personality, one for each jump origin, one for after completing each jump, one that created each time you have a large influx of memories, any presets you save and the resulting personality of the totality all of your experiences, this also comes with safe systems to change personalities when called for and the ability to run multiple personalities at the same time although the more personalities are running at once the more Intelligence it takes. 

And second is the ability to spin off parts of your Intelligence for specialised tasks, by reducing your general mental ability you can create a dedicated part of your mind to automatically perform a task. It takes at least a few moments and scales with how complex the task is but the resulting partition will be more efficient in the task area of expertise but will lack any sort of ability or flexibility to perform tasks outside of its limited scope. 

You could create an autopilot, personal assistant or even automate any exotic ability that you possess, it even works while you're asleep but will require sleeping for longer as not all of your brain is fully asleep, this is if your brain actually requires sleep in the first place though"
426,Tech Safeguard,300 CP,Orion’s Arm Modosophont,"The Techno-apocalypse and many other disasters were the result of nanotech spiralling out of control. Now any technology you make or design can have built-in safeguards to severely limit corruption, uncontrolled mutations, crossbreeding and unauthorised access along with self-destruct protocols, even working against more esoteric abilities. 

While this perk does not give absolute protection against attacks from transophonts or other powerful beings, it does however significantly limit the damage they could do and will offer complete protection from technology running amok from naturally occurring causes. Additionally should the worst come to be, you can fight fire with fire by designing methods to fight out of control, Invasive or hostile systems."
427,Virtual Zombie,300 CP,Orion’s Arm Modosophont,"It took almost 2,000 years to invent AI with modosophont intelligence and without modosophont sophonce, but with them true post-scarcity became possible as modosophont labour was finally rendered unnecessary. 

You now have the skill, knowledge and ability to make Vots (also known as virtual robots or expert systems) along with creating and designing ‘Philosophical Zombie’ versions of any of your creations, that will make it so they possess no will, agency or conscious identity of their own. Your creations are guaranteed to be stable and never develop sophonce, decay or breakdown even after millions of years of torturous use, if desired. 

Naturally this includes being an expert in creating and editing sophonce AI and brains as it's an important foundational skill in creating expert systems and are actually easier to make and edit. Additionally you have the ability to determine whether or not something is sophont, accurately determining their toposophic level to 3 decimal places and create toposophic mind maps of any being, hivemind, tribemind or Intelligence that you examine."
428,Encyclopaedia Galactica,100 CP,Orion’s Arm Modosophont,"This encyclopaedia provides an organised reference to summaries of Terragen knowledge, while it won't tell you about how to make certain technologies it will give you an basic Modosophont’s understanding of the underlying principles. This mass of mostly reinforced data crystal comes in the shape of a book and will automatically update itself and in future jumps will download any open source encyclopaedia through the internet or their equivalences. It will respawn with data it has and never lost any, including out of date or deleted articles and previous editions, just remember that its quality and accuracy will depend on the source material."
429,Cybernetics Package,100 CP,Orion’s Arm Modosophont,"As a citizen of the future you naturally possess ubiquitous augmentations.

DNI: This Direct Neural Interface links with your mind providing you incredible utility. You can wirelessly interact with computer systems, augmented reality, modify your mind and increase your intelligence, possess a built-in computer and many other features such as a mental backup cache and assistant AI. Comes with a knowledge patch for its operation already installed and can also be made to work with any data and communication format, truly this is the future’s smartphone.

Air Dust: As 50% of the population lives near a vacuum, naturally they'll have a way to mitigate the danger. A blood based swarm of nanotech air tanks that can hold 1000 atm of gases that are capable of supporting a neb oxygen needs and remove waste gases as needed. Depending on exertion levels they can provide you with life support in a vacuum for 12 minutes to 3.8 hours and to recharge the air supply, simply breathe in an atmosphere for a couple of hours or hyperventilate for a few minutes.

Medisystems: A complex system consisting of a vast array of nanites each with their own specialisation and network of macroscale implants. While there are many features, the main ones are monitoring your body’s health, an artificial immune system that's capable of defending against natural and synthetic sources, rapid tissue regeneration and blood clotting, neutralise and purge toxins, repairing and modifying DNA, minor body modification, fertility control and Biostasis (a safer and easier alternative to cryonic suspension). Come with a large updating DNA and immune database installed.

This package works with all types of partly biological bodies and will adapt to their needs, for example your Air Dush will store ammonia or methane if you need to breathe non-oxygen gases"
430,Nigredo Flame,200 CP,Original,"You can produce a crackling black flame from any surface of your body. This flame does not burn with heat in the conventional sense. Instead, it accelerates putrefaction and decomposition on contact. Complex organic matter (flesh, wood, oil) breaks down into simple chemicals within milliseconds, which break further into pure elements withing seconds elements. Pure chemical elements resist longer, taking minutes to hours to decay into subatomic particles. 

The flame will not harm you or anything you consciously exclude, and you can control what it targets per touch. It also causes radioactive materials to decay catastrophically fast, releasing their energy all at once. The Nigredo Flame cannot be extinguished by normal means, but you may dismiss it at will and it cannot exist without your input (too far away). This perk synergizes with other Alchemical Flames, amplifying their effects when used in sequence and produces combinational effects."
431,Albedo Flame ,200 CP,Original,"You can shroud your body in a cool, silvery-white flame that purifies and separates rather than destroys. Upon contact, this flame strips away impurities, taints, curses, poisons, and unwanted secondary properties, leaving behind a neutral or inert state. Alloys are split into pure metals; polluted water becomes clean; a berserk foe loses their rage; an enchanted blade becomes a mundane one via separation of property and material. 

On living beings, it removes diseases, toxins, and even some forms of mind control, but prolonged exposure will also extract memories, emotions, or even pain responses - leaving a blank slate and separated traits in form of substantial essences. The flame works fastest on complex things with many distinct properties and cannot meaningfully affect already-pure singular substances (e.g., distilled water, elemental gold). 

The Albedo Flame cannot be extinguished by normal means, but you may dismiss it at will and it cannot exist without your input (too far away). This perk synergizes with other Alchemical Flames, amplifying their effects when used in sequence and produces combinational effects."
432,Citrinitas Flame,200 CP,Original,"You can wreathe yourself in a shimmering golden-yellow flame that catalyzes transmutation and awakening. Instead of destruction or purification, this flame rearranges matter into higher-energy or more complex forms. Lead becomes tin or copper; insulators become semiconductors; inert powders become mild explosives; dull edges become razor-sharp. 

On living beings, it temporarily heightens intellect, senses, and reflexes, though overuse causes manic overdrive, hallucinations of “enlightenment,” or uncontrolled mutation. The flame cannot create something from nothing - it only transforms what is already present into a more active or potent state. Objects already at their peak are unaffected. 

The Citrinitas Flame cannot be extinguished by normal means, but you may dismiss it at will and it cannot exist without your input (too far away). This perk synergizes with other Alchemical Flames, amplifying their effects when used in sequence and produces combinational effects."
433,Rubedo Flame,200 CP,Original,"You can conjure a deep crimson-violet flame from your body that brings integration and perfection. Where Nigredo breaks down, Albedo cleanses, and Citrinitas awakens, Rubedo completes. Contact fuses broken objects into seamless wholes, heals wounds without scars, and combines disparate materials into advanced, stable compounds that should not naturally exist (e.g., room-temperature superconductors, self-repairing alloys). 

On living beings, it can unify mind and body into a temporary peak state or forcibly merge two beings into a single chimeric entity (at your discretion). The flame imposes your will’s definition of “perfection,” so a conflicted or unfocused mind may produce immobile crystalline beauty rather than functional life. Works almost instantly on subjects already processed by Nigredo, Albedo, and Citrinitas in sequence. Overuse risks “fixing” a target into an eternal, unchangeable state.

The Rubedo Flame cannot be extinguished by normal means, but you may dismiss it at will and it cannot exist without your input (too far away). This perk synergizes with other Alchemical Flames separately, amplifying their effects when used in sequence and produces combinational effects."
434,Void Magic (Zero no Tsukaima),450 CP,Magic Multiverse Mayhem,"You can access Void Magic through some means. This is a form of magic that is volatile, dangerous and powerful. This magic has a tendency to unravel all other magic in it's vicinity. It is slow to cast, but it can allow you to achieve effects such as creating powerful explosions, teleporting and opening gates between worlds."
435,Shadow Magic (Elder Scrolls),900 CP,Magic Multiverse Mayhem,"Shadow Magic is an obscure but powerful form of magic. It was first harnessed by Azra Nightwielder, who was the first to discover that shadow was not simply an absence of light, but a reflection of possible worlds created by forces in conflict. Shadows can be produced by mundane forces such as light hitting a rock, or by more powerful forces such as nations at war. Shadow Magic involves the manipulation of shadows to affect the forces creating it. 

In this way, Shadow Magic rivals even the power of the Elder Scrolls themselves, having the power to potentially change the past, present, and future through the manipulation of shadow. At its strongest, it even has the capabilities of reaching into and affecting the multiverse. Shadow magic has the potential to carry a high price for its usage, for its nature is to turn on their casters, and shadowmages are often distrusted because of this."
436,Kaleidoscope (Type-Moon),900 CP,Magic Multiverse Mayhem,"The Second Magic, known as Zelretch or Kaleidoscope, is one of five remaining Magics in the modern Nasuverse. Its domain is the Operation of Parallel Worlds. It can be used to observe parallel worlds, gather magical energy from them, and to travel them."
437,Boundary Manipulation (Touhou),900 CP,Magic Multiverse Mayhem,"Boundary Manipulation, as the name suggests, is the ability to manipulate the conceptual boundaries of things. This can be used to accomplish such things as manipulating the boundary of life and death, the boundary between night and day, or the boundary between one object and another, and so much more. In fact, it can be said that everything that exists is built upon boundaries, for if there were no boundaries, all things would simply be one large object. In this way, it can be said that the manipulation of boundaries is a power of both creation and destruction. As such, logically speaking, it can affect just about anything. Furthermore, it can be used to create a ""gap"" connecting two locations."
438,Path Finding (Otherverse),300 CP,Magic Multiverse Mayhem,"You can Find Paths like Practitioners in the Otherverse, except you have the ability to traverse Paths that lead to other worlds/universes. You gain rewards at the end of the Path, and you can find various Others and other beings on these Paths that may obstruct you."
439,Gate Spell,300 CP,Magic Multiverse Mayhem,"Through some means, you are capable of creating a Gate or a Portal to another world. The specific means and limitations of such a spell are dependent on what type of magic you use, and how much power you have."
440,Adaptation,400 CP,Magic Multiverse Mayhem,"You have the ability to adapt to the magic of whatever world you go to. It takes time for this adaptation to take place, generally in the range of 3-6 months and it is dependent on a variety of factors such as the complexity of the magic, how common it is, and it's strength. If that world has multiple magic systems, then you adapt to them simultaneously. You can choose to reject magic systems you don't want."
441,Savant Syndrome,500 CP,Magic Multiverse Mayhem,"You are now a Savant at wielding magic. Magic is something that will intuitively make sense to you on levels that will make you easily on par with the most intelligent of geniuses, though only in Magical Fields. Everything just comes easier to you, and you can just... figure things out with magic sometimes. You can on the fly come up with magical formulae and spells to solve your problems."
442,Limitless,500 CP,Magic Multiverse Mayhem,You can now break the hard limits of the function of a system with enough research and exposure to esoteric elements within that system. It will not be by any means easy but there will be few horizons beyond your reach now. This does not however have an effect on the mechanism of how the magic system is wielded.
443,Core Matrix,700 CP,Magic Multiverse Mayhem,"You are able to create 'Cores' of Magic, that are constructs that functionally act as spellcasters in their own right that reside within your soul. It takes time for a full 'Core' to be created, and it will start at a level far below your own. Eventually, it will grow to reach your level of strength, complexity and finesse. 

Each 'Core' allows for it's own instance of spellcasting, increasing the number of spells you can cast simultaneously. You can cast spells and grant rituals that require multiple people on your own by using linked cores as a fill-in for another person. You can also combine the 'Cores' to use all of their power to cast as a singular entity if you wish, but this is incredibly difficult. 

You can also create cores focused specifically only on one type of magic, or one only one of the magic systems you have for even greater results. The specialization can be something as broad as Conjuration, or something as niche as Repair of Small Objects, though the broader it is, the lesser the boost it provides. "
444,Archon (Tyranny),450 CP,Magic Multiverse Mayhem,"Archons are individuals who wield immense arcane power. No one knows how the Archons gain their arcane strength. Some Archons are born into power and privilege. Others were beggars in the street before their powers manifested.

The true measure of an Archon is not some sort of birthright, but their life and achievements: An Archon becomes one through belief. As the future Archon grows confident in their power and more importantly, the people who surround them start to believe in their power, it increases organically.

While all Archons possess magical powers, there is no other common thread between these women and men. An Archon might be made of fire, capable of conjuring storms, or able to heal with a touch - the only defining trait of an Archon is that this magic power originates from within. It is unclear how Archons come into their powers, but it is generally understood that most grow into or develop magical power throughout their lives, with only a few notable exceptions (such as Sirin, Archon of Song) having shown powers seemingly from birth.

You are an Archon at roughly the same level of power as the Voices of Nerat or Graven Ashe, with a focus of similar breadth and depth to them."
445,Dawnshard (Cosmere),600 CP,Magic Multiverse Mayhem,"You have a Dawnshard, a primal Command used by Adonalsium to create all things once. Each Dawnshard grants separate abilities, as well as powers accessible via any Dawnshard, and can supercharge Invested Arts, allowing for acts of magic that transcend what is normally possible. An example of this is turning surgebinding into a power that destroyed the world Ashyn."
446,AonDor (Cosmere),300 CP,Magic Multiverse Mayhem,"You are an Elantrian, a being that is ageless, has enhanced physical and mental attributes, and has the ability to use AonDor. AonDor requires Elantrians to draw the symbols known as Aons in light. These can have modifiers added to them and can be used in a variety of ways to heal, teleport and produce light."
447,Sand Mastery (Cosmere),100 CP,Magic Multiverse Mayhem,"Sand Mastery involves manipulation of white sand at the cost of the user's internal water supply. In addition, white sand that has been manipulated will turn black, becoming unresponsive. Black sand turns white again after four hours of sun exposure.  You start off with a gourd full of White Sand."
448,Occultist (Real Life),250 CP,Magic Multiverse Mayhem,"A bunch of real world occult practices and whatnot you can pick up which actually works. This encompasses real practices like Kabbalah, and black magic. Not based on any setting in particular, more something you can take so that you can practice magic without having to link it to a specific book, anime, show, movie, or whatever."
449,Alchemist (Atelier),450 CP,Magic Multiverse Mayhem,"You're an Alchemist - someone capable of using Alchemy to synthesize various different useful items out of otherwise useless seeming materials. While this requires discovering and creating various recipies and is highly dependent on the materials you have access to, the tools an alchemist can create are varied and surprising, ranging from simple things such as bombs and magically restorative foods to exotic magic items like needles which can pin the soul in place, paintings which can be entered and exited freely, flutes which can conjure monsters to destroy your foes, tents which are full fledged ateliers on the inside, potions that can damage the barriers between dimensions, and other such strange devices.

While the recipes can shift to some degree based on the region you're in, you have an immense talent at Alchemy, allowing you to quickly figure out substitutions for missing materials, alternate recipies for the same ends, and methods of replicating or refining items which you've already created."
450,Nälkä,650 CP,Magic Multiverse Mayhem,"Nälkä is a religious/philosophical system proning the use of organic manipulation (ex: blood magic, biomancy, plague crafting, etc...) to transcend the physical limitations of baseline humans. You have the potential of their messiah, the Grand Karcist Ion, but only the abilities of a regular Karcist: complete knowledge of animal biology, regenerative immortality, touched-based flesh manipulation, shapeshifting, bacterial and viral manipulation, pheromone-based hivemind, ect... 

While your starting abilities are limited by biology and physics, these limits will fade as you grow in power, developping abilities such as ex-nihilo regeneration, telepathy, the creation of organisms free from the conservation of mass, etc..."
451,Magic (Mother of Learning),100 CP,Magic Multiverse Mayhem,"Magic refers to the process of manipulating mana to achieve a desired result. Mana comes in two forms. Mana that is created by living beings, their own personal 'well', and ambient mana. Amvient mana must be assimilated safely before it can be used, otherwise it is dangerously poisonous. 

There are two forms of controlling mana. Unstructured and Structured magic. Unstructured magic generally takes the form of shaping exercises, where mages shape mana without the assistance of a spell boundary to improve their shaping skills. Structured magic involves spell boundaries that set hard limits for spells. It disallows the mana within from being freely and flexibly controlled as with Unstructured magic, but allows for extreme complexity in the spell created. 

Magic is divided in fifteen major disciplines, and two 'support' fields. You start with knowledge of the basics, and a random but below average level of magical potential."
452,Empathy,100 CP,Magic Multiverse Mayhem,"You have empathy, which is a side effect of being what the Aranea (race of sentient telepathic spiders) would call being Open. It means that you are a psychic, and a natural mind mage. When untrained, this manifests as an ability to sense the emotions of others.

>Requires Magic (Mother of Learning)"
453,Soul Perception,100 CP,Magic Multiverse Mayhem,"Soul perception is the ability to see and sense other people's souls, also known as soul sight. It is needed to perform most soul magic spells, although it is not strictly necessary as there are meditation exercises capable of giving a similar extent of soul perception, although only in regards to one's own soul. 

>Requires Magic (Mother of Learning)"
454,Shifter,100 CP,Magic Multiverse Mayhem,"Being a Shifter means that you have the ability to transform into an animal of some sort. You gain instincts of the animal with this. Choose any animal. If you choose a magical one, you are liable to go insane.

>Requires Magic (Mother of Learning)"
455,Elemental Manipulation,100 CP,Magic Multiverse Mayhem,"You can manipulate elements such as fire or earth with ease, and don't require any structured spells to aid you.

>Requires Magic (Mother of Learning)"
456,Drafting (Lightbringer),150 CP,Magic Multiverse Mayhem,"Drafting is the act of harnessing and shaping light into a physical form, known as luxin. People who have this ability are known as drafters.  You start off as a Monochrome, who can only draft one standard color, and a superchromat. You will not have to worry about losing your powers or your halo breaking."
457,Xelor magic (Wakfu),200 CP,Magic Multiverse Mayhem,"Xelors or time magi are disciples of the Xelor god. They manipulate time, or as they refer to it, the ""tick"" and ""tock"" of the Xelor god's hammer. This magic uses wakfu, a sort of life essence. Xelor magics applications and spells are also heavily dependent on what element you are using. From teleportation, freezing your enemies or freezing time, it is a highly versatile form of magic. Do note that the reversing of time is borderline impossible, even the Xelor god himself could not reverse it for more then a few minutes"
458,Ritual Path Magic (GURPS Monster Hunters),200 CP,Magic Multiverse Mayhem,"You're trained in thaumaturgy - the science of magic. By calling upon your occult knowledge, you're able to draw in the mana from your environment and use it to enact rituals to change the world near-arbitrarily in accordance with your will. While such rituals are slow, finicky, and dangerous if miscast, you're also able to store them in a limited number mystical charms in order to unleash them for later use. Considering the large amount of time, the purified spaces, and the sympathetic connections required to cast all but the least of rituals, it may be wise to take advantage of this methodology."
459,Magic (Dresden Files),100 CP,Magic Multiverse Mayhem,"The term Magic has two related meanings. First, it refers to a supernatural force or energy described as ""the essence of life and creation"". This energy is known by many names, some of which are mana, juju, totem, chi, bioethereal power, The Force, and the soul. 

Second, it refers to the practice of harnessing this force to produce changes in reality. This practice is sometimes also referred to as sorcery and the Art. An act of magic is called a spell, and the act of performing a spell is referred to as casting. Most supernatural beings are capable of performing magic, as are some mortals, who are referred to as practitioners.

You start as a practitioner with enough talent to easily qualify for the White Council, and knowledge of the basics."
460,Faerie Mantle,400 CP,Magic Multiverse Mayhem,"You have some sort of Faerie Mantle, such as Winter/Summer Knight or even some other title. This will grant you enhanced power and abilities associated with the mantle, but will have an effect on your mind the more you use this. It is not insurmountable, however. 

>Requires Magic (Dresden Files)"
461,Soulfire,200 CP,Magic Multiverse Mayhem,"You have been blessed with a spark of Soulfire.  This allows you to use part of your spiritual energy to reinforce your magic, making it more ""real.""  This can be used for any kinds of spells, but especially is appropriate for acts of creation (i.e. summoning, illusions).  Be warned, as this does drain your life force temporarily; overuse can potentially kill you.

>Requires Magic (Dresden Files)"
462,The Practice (Otherverse),50 CP,Magic Multiverse Mayhem,"You are a practitioner. A practitioner is a human who has ""Awakened"" and thus become involved in the world of Others and the supernatural. Doing so enables them to interact with the world in a different manner than normal people can at a cost. The typical means of doing so is a ritual where the person makes a contract with spirits that gives them the ability to tangle with supernatural elements at the cost of being unable to lie freely.

You start as a freshly Awakened Practitioner with knowledge of the basics. Alternatively, you can choose to be unawakened for more customization in your Awakening Ritual, which you will have the materials for."
463,Like a Fish to Water ,100 CP,Sherlock Holmes Jump,"From the back alleys, to the mason’s workshop, to the halls of Buckingham Palace itself, you know it all like the back of your hand, or at least it feels that way. No matter where you go you possess a familiarity with your surroundings and circumstances that normally would only belong to those who’ve been there their entire life. This doesn’t grant you any skills or knowledge that you otherwise wouldn’t possess, but you’ll never be off-balance or confused due to where you are or what you’re doing. Things just seem to click for you."
464,Like Minded Fellows,100 CP,Sherlock Holmes Jump,"ow curious. Seems like no matter where you go you always possess a very accurate hunch on how to find people of a similar mind as yourself. Whether you’re looking to make connections, or need to hunt down some blokes to assist you with a job you had in mind, locating such people seems preternaturally easy. Birds of a feather and all that."
465,Brilliant,100 CP,Sherlock Holmes Jump,"You have an extraordinary mind by anyone’s standards. You think faster, process information far better, and learn quicker. All with an impressive clarity of thought. In general you’re roughly at peak human capacity mentally. Not truly superhuman, although depending on the company you keep you can expect to be at least one of the smartest people in the room. Let's be honest though, most of the time you'll probably be THE smartest. Most people are rather dim after all."
466,A Man of Merit,100 CP,Sherlock Holmes Jump,"You’re plenty exceptional by anyone’s reckoning. Choose one profession, which can be anything that a man could make a career of. You’ve had plenty of experience in this field, earning you all the skills that would come from a distinguished career. A decorated soldier’s fighting skill and bravery, a doctor’s knowledge and medical expertise, and a writer’s hand at cataloging stories are just a few possibilities. May be purchased multiple times. This grants you effectively ten years of experience in each field, with all the tricks and know-how of someone who had specialized in each one individually."
467,More Than a Pretty Face,100 CP,Sherlock Holmes Jump,"While some might scoff and say that you’re reliant on your looks to get your way, you’re actually rather cunning. Out witting others is a natural talent of yours, and you possess all the social skills and tricks of a professional con-man. While there are people out there who can claim to be smarter than you, you’re certainly almost always the most clever person in the room."
468,Always on the Run,100 CP,Sherlock Holmes Jump,"The crucial part of any proper scheme is knowing how and when to get away. You’re a natural at this, and possess a sixth sense for timing your exits that usually ensures you have at least a day’s head start before they realize they even need to be chasing after you in the first place. This sense also lends itself to covering up your trail, letting you vanish like a ghost if you’ve had any time to prepare at all."
469,Cruel Genius,100 CP,Sherlock Holmes Jump,"There is a reason you are somebody to be feared. You possess a calculating and ruthless mind that inevitably conjures up ideas and schemes as effective as they are chilling. Even against the outright brilliant you are nearly unmatched, seeing things in ways that more opinionated or idealistic men simply refuse to fathom. This doesn’t actually effect your morality in any way, but at any time you can intuit the most brutally effective route to take towards your goals."
470,Tidying Up,100 CP,Sherlock Holmes Jump,"Only a fool would leave a trail that would lead somebody right to their front door. At all times you have an exceptional awareness and intuition regarding anything that could lead others to you, whether that is witnesses or clues. You’re brilliant at figuring out how to remove these loose ends, ensuring that more often then not there won’t be any trail to follow at all."
471,Mental Reference,300 CP,Sherlock Holmes Jump,"Whenever you’d be stymied due to a lack of information, you’ll have bursts of knowledge that fill in the blanks that would otherwise leave you clueless. This knowledge isn’t anything that would be hidden, secret, or unknown, but rather the kind of information that you would find in a highly detailed encyclopedia. Knowing that those tea cups are actually extremely valuable collectibles highly sought after among the upper class of Europe might just be the detail you needed to crack the case after all."
472,Elementary My Dear,300 CP,Sherlock Holmes Jump,"It’s only simple logic after all. Your ability to infer and deduce is positively astounding, and with a little effort it’s not to hard to leave people wondering if you somehow aren’t pulling information out of thin air. If you take A into account, and how it relates to B, then C, D, E, and F are the only rational conclusion. It’s a simple if incredibly useful skill. The only reason they think it’s practically magic is because they just don’t pay attention."
473,I See Everything,300 CP,Sherlock Holmes Jump,"Surely you didn't miss the slight whiff of perfume in the air? Your mind is constantly watching and cataloging all the little details around you, comparing them to what you know, and storing them away for future reference. This is effectively reflexive for you, requiring no effort on your part to do what most people would need intense scrutiny for in a passing moment. Missing that crucial detail or piece of information is much harder for you now. In addition, you’ll find it very hard to forget a detail you’ve noticed, no matter how minor."
474,How on Earth,300 CP,Sherlock Holmes Jump,"Funny how having someone to explain things to sharpens the mind eh? By asking questions and essentially baiting people into playing the exposition fairy, you give them a large boost to their abilities related to the subject. You always seem to ask just the right questions and in just the right way to give them an epiphany and a monologue about the current mystery will leave them with several new ideas to follow up on."
475,In the Shadow of Giants,300 CP,Sherlock Holmes Jump,"It’s truly funny just how easily people write you off as just some bumbling sidekick, of no real importance whatsoever. This perk allows you to casually let attention slide off of you in favor of those you associate with, rendering you more of a footnote in the eyes of others. Opposition will focus their attention on your associates, not registering the threat you pose and the skills you possess. Play your cards right, and take advantage of this, and it very well might be their fatal mistake. Even when not dealing with enemies it might be useful to let others take the spotlight at times. You choose when and where this perk takes effect."
476,Charm and a Smile,300 CP,Sherlock Holmes Jump,"You are attractive. The kind of attractive that knocks the feet out from under people’s ability to think clearly with nothing more than a brief moment of eye contact, let alone a smile. More deviously you always know exactly how to use your looks to your advantage. Just the right angle to glance over your shoulder, the perfect timing on that slow grin, to catch the light just right to...sorry, can’t remember what I was saying."
477,Like an Open Book,300 CP,Sherlock Holmes Jump,"he only real difference is that reading a book might take a minute. You have a preternatural awareness and understanding of body language, tells, and social cues. It’s trivial to pick out the various social nuances of those around you, and telling just who would be the perfect mark is as simple as a few moments to scan the room. You’re also a master of the reverse, manipulating your tells and cues to give just the right impression at the right time."
478,Two Can Play That Game,300 CP,Sherlock Holmes Jump,"Your intellect is fearsome enough on it's own, but when pitted against the brilliant minds of others you are the very definition of dangerous. Whenever you are opposing geniuses, whether of the normal or superhuman variety, your mental abilities are boosted in whatever ways are most suited towards coming out victorious. 

A brilliant con-woman with a penchant for getting away will find that you're already waiting for her on the train. Impossibly gifted detectives will find that you'd steered them astray, and potentially more. This is a boost to the mental faculties you already possess, and it doesn't automatically scale you up to the level of beings who absolutely dwarf you mentally. But you can be rest assured that your mind will always be a weapon that only the foolish would ignore"
479,Flash of Brilliance,600 CP,Sherlock Holmes Jump,"Sometimes, you just don’t have time to gather the evidence. This perk will immediately let you know a fact or facts that are extremely helpful to your current goals and/or questions. This won’t instantly give you the solution to the problem, instead giving you what you need to figure it out yourself. You can learn up to five facts from this perk per month, and this information will be accurate at the time you receive it"
480,The Sherlock Scan,600 CP,Sherlock Holmes Jump,"They call you brilliant, amazing, incredible, and they don't even know the half of it. By focusing your mind you can hyper-accelerate and optimize your mental faculties, condensing vast amounts of thought, consideration, and processing into a single instant. In this state your ability to put together details and come to the proper and accurate conclusions is absolutely insane, even by your no doubt high standards. 

You start out able to use this perk once a day without leaving yourself so mentally drained you need to sleep, although with time and practice you can get better at this. Yes, this includes RDJ style combat, for those of you who are curious."
481,Pieces of a Puzzle,600 CP,Sherlock Holmes Jump,"Just like with a puzzle, you just have to be able to see how the clues fit together. In your mind you can arrange all the information you know as a sort of mental mosaic, showing you which details are connected and how, the spaces in between them where you need more information, and even an idea of where to find those missing pieces. To you, it's literally just a puzzle."
482,Blinding the Brillian,600 CP,Sherlock Holmes Jump,"If it were to come down to earth you could blind the sun itself. You possess the absolutely incredible ability to turn people's intelligence and mental faculties against them, turning their own brilliance into a tool for your own clever schemes. Fooling those with incredible minds and mental abilities is easy for you, negating any advantage they might have on you from such abilities. Not to say that you are infallible, but anyone who relies on simple genius to thwart your machinations will be sorely surprised."
483,Wrapped Around My Finger,600 CP,Sherlock Holmes Jump,"It's always about having just the right context. With interaction you can shift and manipulate the emotional bonds people have with you, either changing their context or amplifying the existing one. Each use of this perk requires a single setting of interaction with the target, but over time you can maneuver their feelings into whatever you find preferable, or simply more useful. Given even a short time frame you'd have people tripping over themselves to fulfill your every wish."
484,A Game of Shadows,600 CP,Sherlock Holmes Jump,"Puzzles are for children, you much prefer webs. Within your mind you are capable of pulling up all the information you have as a tapestry, letting you see how events are influencing one another, how they interact, and what threads might lead others to the places you don't want them to go. 

This sense is absolutely incredible at showing exactly what strings to pull to make what you want happen, or even which you need to cut. To you the world is something to be played like harp to see your goals come to fruition, and any sane man would be afraid at just what your designs might be. You ability to weave schemes and plots is without peer."
485,Bare Knuckled Fisticuffs,200 CP,Sherlock Holmes Jump,"Brains certainly do not have to come at the expense of brawn. You are a brutal up close fighter, with the strength, speed, and skill to tear apart grown men in seconds. A solid hit from your fists is enough to break bone with ease, and very few people would be able to take more then one or two hits from you. This includes a mastery of bartitsu as a bonus, and you're just as painful an opponent with a cane as with your fists."
486,Master of Disguise,200 CP,Sherlock Holmes Jump,"You are incredible with disguises. Even improvising with what you can find in a hurry tends to be extremely effective, and with actual time to prepare you can fool nearly anybody. You're not perfect, but anybody with any skill in disguise knows that ninety percent of the time people believe what they think they see."
487,Second Sight,200 CP,World of Horror,"Thanks to an incident with a ghost, you’ve gained the ability to comprehend to some degree what and how a spirit is connected to our world, whether it be a complex web of tragedies or a simple desire to kill and then use that knowledge to more easily sever its connection. Whether you do this by directly dealing with the issues keeping it here or by doing your spiritual actions and removing it directly, this will make you more effective."
488,Ghost Connection,400 CP,World of Horror,"Do you know who that is standing behind you? No? They seem to know you. Unlike the other spirits coming into this world this one doesn’t seem to be immediately hostile. In fact it seems willing to slowly whisper ancient spells and rituals into your ear...not all at once lest your sanity crumble instantly from the knowledge. When you make a notable achievement or overcome an obstacle, such as solving a dangerous mystery or defeating a particularly powerful foe, the spirit will teach you a single new spell at random."
489,Deduction,400 CP,World of Horror,That’s a little funny - you seem to be one of the few people seriously looking into the recent events of this town that can solve mysteries with serious reasoning and less walking around and hoping you bump into the evidence you were looking for. Your mind is very quick to arrive at the correct course of action as you discover new information about the threats against mankind. This is going to spare you from plenty of unnecessary encounters and save you plenty of time...a commodity that you are in short supply of.
490,Fast Learner,400 CP,World of Horror,"Long nights of studying have taught you to take in information quickly and how to apply it to a problem. Only this time, the adversary isn’t a test question but a killer. The process of learning isn’t always pleasant but you’ll need to do it regardless if you want to make it out of this alive. On top of allowing you to learn and develop skills that gain your interest quicker than others, this lets you glean just a bit of understanding of a creature whenever it harms you - repeated exposure continuing to deliver results but hopefully not at the cost of your life."
491,My Weird Collection,400 CP,World of Horror,"Through active effort or just plain chance you seem to occasionally come across items with magical properties. No one but you ever seems to find bloody ritual daggers in their trash can, but if you start stockpiling and using these items you’ll find you have quite a little occult arsenal at your disposal. Just be mindful who finds out about it."
492,Holy Candles,200 CP,World of Horror,"A blessed set of candles. While the smell of these candles when lit aren’t the most pleasant thing they are perfect for warding away evil spirits and bringing a little peace to a stressed mind. Their warding properties are effective immediately, and can slowly restore some of your sanity if you light them and take in the smell."
493,Ritual Dagger,200 CP,World of Horror,"Rather popular among the dark robed individuals frequently gathering in the woods at night. Being a sharp knife aside, this weapon seems to have the interesting property of potentially restoring some of your sanity upon killing an enemy with it. There doesn’t have to be a ritual involved ironically enough, just end their life and you’re done. Useful for, say, an up and coming witch…"
494,Lump of Flesh,100 CP,World of Horror,"A small chunk of meat that seems to have small tendrils that flail as it slowly pulsates. If you were actually crazy enough to eat this thing, you’d find that many of your wounds would close and give you immediate relief. Useful for sure, but is it worth the stomach pains and that weird lump in your belly…?"
495,Happi Coat,100 CP,World of Horror,"Frequently worn for festivals, this coat is a traditional piece of clothing that makes you feel a little bit luckier when you wear it...and you are! Your mild spiritual connection improves your luck slightly! You might get a look or two wearing it with no event going on, but it still looks quite nice."
496,Bronze Crucifix,200 CP,World of Horror,"An item that belongs in the hands of a holy man, this symbol of God seems to still have power over the immaterial, regardless of what lack of faith you may or may not have. Pointing this at an enemy with no physical form will render them vulnerable to physical harm regardless, making more direct methods viable against them. The power of Christ compels you."
497,Ritual Mask,200 CP,World of Horror,"A mask worn frequently by those who wish to give praise to the Old Gods, this mask is frequently seen on the faces of cultists when they strike openly, which is rarely, although it is also worn during some ceremonies. Having this mask on can have a strange effect on your mind in that it helps you view horrors with less of a chance of damaging your sanity. Although it does not prevent it completely it will help you fare much better when you stare into the darkness."
498,Goblet of Blood,400 CP,World of Horror,"An incredible item that might be seemingly useless beyond a nice looking shelf accessory. It currently seems filled with a liquid that looks and smells like blood but seems slightly off, but when you bravely imbibe the contents your injuries seem to disappear and your mind clears, restoring your sanity. Even more incredibly, it seems to safely hold any liquid without harming the goblet or the one that holds it regardless of the dangerous properties it might otherwise have. 

Depending on what sort of power of what you drank had, you’ll gain a similar boost to your health and mind. The blood of a normal human gives a small boost - the blood of an ancient deity wipes away all the stains on your body and mind."
499,The Gift,100 CP,Ars Magica Jumpchain,"he Gift is the ability to use magic; it is necessary cast spells from this world. However, 3 The Gift has a strong emotional effect on people and animals around you which can make it hard to interact with strangers, as they may become suspicious and mistrustful of you. The Gift’s negative effects only occur if you interact with someone. Not talking to anyone wouldn’t alert them to your magical power. This negative effect is removed at the end of this jump."
500,Gentle Gift,100 CP,Ars Magica Jumpchain,"Your magical nature does not disturb other people or animals you encounter, cancelling out the negative effect of The Gift. In future jumps, others will not be able to detect anything supernatural about you until you choose to display your powers. When you do, they will not think less of you for your abilities."
501,Book Learner,100 CP,Ars Magica Jumpchain,"If you want to get anywhere as a mage in this world, expect to spend a great many nights hunched over your desk, reading dusty tomes by candlelight. Now you can get the most out of these study sessions, learning twice as fast from any written source. And since most magi write their laboratory notes in code, you also gain significant skill in cracking text-based ciphers."
502,Greater Immunity,400 CP,Ars Magica Jumpchain,"You gain complete immunity to one hazard or source of damage. Your choice may not be broader than, for example, iron or heat. However, you are immune to both mundane and magical versions of your chosen threat. This may be taken multiple times, choosing a different hazard each time."
503,Death Prophecy,600 CP,Ars Magica Jumpchain,"Your death has been foreseen, and some circumstance of your death has been revealed to you. Some might view this knowledge as a curse, but you know otherwise, for until this condition has been fulfilled, you cannot die. You may still be maimed or wounded, though, and you can still suffer effects of old age. 

Choose one brief, vague prophecy, such as “you should fear only doves.” You cannot die unless the conditions set in the prophecy come about, though this can be metaphorical as well as literal. In the above example, you could be killed by an actual dove, but would also be vulnerable in the presence of a person known to be gentle and “dove-like.” You should also probably be wary of John Woo movies and Stevie Nicks songs. 

Even an apparently outlandish prophecy like “you will die standing on the moon” could still come about, for example, if you were standing on a depiction of the moon or had just defeated someone associated with the moon."
504,Affinity with [Art],100 CP,Ars Magica Jumpchain,"Choose a specific, narrow field of magic, such as fire, water, mind, creation, destruction, etc. When studying or training in this field, you progress twice as fast as you normally would. You may take this perk multiple times, choosing a different Art each time"
505,Subtle Magic,200 CP,Ars Magica Jumpchain,"Hermetic spells are usually cast using complicated hand gestures and incantations. A skilled mage can do without these, but it’s very difficult, often resulting in greater fatigue and a weaker spell. You are exempt from this rule, however, and can, without penalty, omit verbal and somatic components from spells that would normally require them."
506,Quaesitor,400 CP,Ars Magica Jumpchain,"The Quaesitores are the order’s detectives and police, investigating crimes committed by magi and covenfolk. This requires both magical evidence-gathering and mundane deductive ability. You gain significant talent in all magic that improves your perception or gathers information, as well as great skill in more general forms of research and investigation. Of course, all of these have applications beyond law enforcement. "
507,Flawless Magic,600 CP,Ars Magica Jumpchain,"You gain instant mastery with any spell or magical ability you learn. On its own, this doesn’t allow you to learn any faster, but once you are familiar with a power, you can simultaneously cast multiple copies and cast it much faster than normal, with far less strain on your stamina/mana/etc. Furthermore, you find it easier to bypass magical defenses, and your magic resistance is significantly bolstered against abilities similar to spells you know."
508,Entreat the Powers,100 CP,Ars Magica Jumpchain,"Your spellcasting is unaffected by divine and infernal auras. After this jump, you are immune to any effect that would weaken your magic/supernatural abilities and highly resistant to any effect that would suppress or remove them completely."
509,Life-Linked Magic,200 CP,Ars Magica Jumpchain,"There’s no mana or spell-slots in this world; using magic depletes your stamina depending on the strength of the spell relative to your skill. An untrained novice might pass out from casting a simple incantation a few times, while an accomplished mage could cast the same effect all night and day seemingly without effort. 

You, however, may expend extra effort on a spell to boost its effects, deliberately fatiguing yourself to push past an opponent’s magic resistance, inflict a bit more damage or stretch out a spell’s duration. If that’s not enough for you, you can dip into your own life energy to achieve effects far beyond what your skill would normally allow"
510,Integration,400 CP,Ars Magica Jumpchain,"Hedge magic traditions tend to be highly specialized, doing a few things very well, but lacking versatility. Ordinarily, a mage would be hard pressed to learn more than a single style of magic, but a jumper is under no such restriction. With a little bit of effort, you can combine systems of thought such as different types of magic and/or science into a new system, keeping all the benefits of each and often discovering new, unforseen synergies."
511,External Soul,600 CP,Ars Magica Jumpchain,"Like the Pictish Gruagachan, you may store your soul in a physical object. While this object is intact, you may be wounded, but never decapitated, dismembered or killed. Guard your soul object carefully, however, for if it suffers any damage beyond minor scratches, you will instantly die."
512,Realm Affiliation,100 CP,Ars Magica Jumpchain,"You belong to one of the four supernatural realms: Magic, Divine, Faerie or Infernal. You are empowered by auras of the same type as you, and creatures of the same realm regard you favorably as long as you do not harm or act against them. If you wish it, ordinary people will recognize your affiliation and react accordingly. For example, divine creatures would inspire reverence in religious folk and fear in the wicked."
513,Natural Form,200 CP,Ars Magica Jumpchain,"No matter what form you’re in, you maintain the benefits of your other forms. For example, if one of your alt-forms has protective scales or carapace, your skin would be just as strong when in human form. If you can transform into a fire-breathing dragon, you would still be able to breathe fire no matter what shape you inhabit."
514,Magical/Divine/Fae/Infernal Might,400 CP,Ars Magica Jumpchain,"Your magic resistance increases with your overall power level; only a creature as powerful as you has any chance of affecting you with magic. You also gain a “Might Pool” which also grows with your power level. You may draw from this pool to amplify the power of spells and magical abilities. It recharges at a rate of 100% per day, and when you take this perk, you may choose whether it is restored gradually or all at once at a specific time of day."
515,Affinity with [Ability],100 CP,Ars Magica Jumpchain,"Choose one mundane skill, such as one-handed weapons, first aid, blacksmithing, teaching, or music. You gain a reasonable level of skill in this field, sufficient to make a living off of it, and you improve twice as fast when practicing it. You may purchase this perk multiple times, choosing a different skill each time"
516,Leadership,200 CP,Ars Magica Jumpchain,"Covenants are often havens for society’s outcasts and misfits; thus they tend to accumulate a truly bizarre cast of characters even excluding the magi themselves. To an unfit leader, this would be a nightmare, but you can wrangle these disparate personalities into a cohesive team. While they may not like each other, when there’s work to do, you can get them to set aside their differences, whether that job is cleaning up after a feast or facing down a hostile army."
517,True Faith,400 CP,Ars Magica Jumpchain,"You are possessed of a faith so powerful it offers you measurable resistance to magic. This is quite potent to begin with, and by spending time in selfless devotion to your ideals, your protection will grow further, potentially without limit. The time spent in service to your faith must truly be selfless; anything that could benefit you, e.g. fighting your enemies, winning the recognition of others, training, etc., does not count toward increasing your protection. 

Furthermore, while your faith does not grant the flashy, overt power of more conventional magic, you will often find yourself lucky in times of great need. You need not follow an Abrahamic religion to gain these benefits; any set of ideals will do as long as you can perform some sort of selfless service in their name."
518,Mythic Characteristic,600 CP,Ars Magica Jumpchain,"Choose one characteristic: Intelligence, Perception, Strength, Stamina, Presence (appearance and force of personality), Communication (self-expression and the ability to make others understand complex ideas), Dexterity, or Quickness. This attribute is boosted to superhuman levels, and, once per day, you may perform one near-impossible feat with your chosen attribute. 

One with a mythic intellect could perform feats of deduction that would impress Sherlock Holmes, while mythic strength could allow a person to punch through a stone wall several feet thick. These mythic feats will scale to the chosen characteristic; these are only examples of what an otherwise ordinary person might do. A mythic feat of Presence combined with stacked beauty perks may very well kill onlookers of a weak constitution."
519,Wizard’s Sigil,25 CP,Ars Magica Jumpchain,"In Mythic Europe, each mage has a sigil, a sort of magical fingerprint that appears in spells they cast and magic items they invent. You my choose one small cosmetic effect to apply to the spells you cast. For example, your spells might fill the area with a certain scent or always feature a specific symbol or motif."
520,Arcane Connections,200 CP,Ars Magica Jumpchain,"An arcane connection is an item closely associated with a specific individual, such as a lock of hair, a commonly worn article of clothing, or an item they fashioned themselves. It can also be the person’s birth name. Using an arcane connection, a mage can cast spells at the subject of the connection at unlimited range and has a much better chance at penetrating the subject’s magic resistance. 

Be warned however: arcane connections, with the exception of birth names, go both ways. A mage who knows that you hold an arcane connection to them will be able to use it against you in exactly the same way."
521,Opening the Gift,200 CP,Ars Magica Jumpchain,"Through a lengthy ritual and the expenditure of vis, you can impart the Gift to willing individuals. During this jump, recipients have a small chance of randomly receiving the Blatant Gift or Gentle Gift, though all recipients gain the Gentle Gift in future jumps. The Order of Hermes has not yet discovered how to do this, and would be extremely interested in learning this ritual."
522,Hermetic Arts,400 CP,Ars Magica Jumpchain,"You have been initiated into the Hermetic Arts, the basic components of all Hermetic magic. There are fifteen Arts, divided into Techniques and Forms. Techniques are verbs, and indicate what a spell does, while Forms are nouns and represent what a spell affects. To achieve an effect, at least one Technique must be combined with at least one Form.

Each spell uses at least one technique and one form, though more can be used if necessary. For example, turning stone into metal would qualify as Muto Terram, but transforming a person into stone would be Muto Corpus + Terram, since the spell concerns both a person’s body (Corpus) and stone (Terram).

If you are already familiar with the Hermetic Arts, taking this perk again gives you mastery over two Arts of your choice. Should you choose to make your skills known, you will quickly become renowned as one of the greatest living masters of your chosen Arts. You may take this perk as many times as you like, choosing different Arts each time. 

This perk grants theoretical knowledge, and to be any use outside of research and teaching others, you must also have Spontaneous Magic, Formulaic Magic, Ritual Magic, and/or Enchanting."
523,Parma Magica,200 CP,Ars Magica Jumpchain,"All Hermetic magi are taught the Parma Magica upon graduation from apprenticeship. This ritual requires only ten minutes of uninterrupted concentration and creates a protective barrier around the caster that shields against magic. The protection lasts until sunrise or sunset, whichever comes next. 

The Parma Magica is a skill, and will grow stronger with practice, with no upper limit. If you already know the secret of the Parma Magica, this perk makes yours much more powerful, especially against types of magic that you are skilled in. "
524,Spontaneous Magic,200 CP,Ars Magica Jumpchain,"Hermetic magic has a great deal of flexibility, and mages of the Order are able to effectively invent new spells on the fly. This “spontaneous magic” is weaker and less predictable than memorized formulaic spells, but allows a mage to deal with unforeseen circumstances. Of course, you will need some skill in the type of magic you’re using. For example, a mage highly specialized in Terram (earth) magic would be able to spontaneously create a stone bridge, but may not be able to form thoughts in another’s mind."
525,Formulaic Magic,200 CP,Ars Magica Jumpchain,"Most spells are meticulously prepared in the laboratory, constructed through a combination of theoretical understanding and trial and error. They are typically cast using a brief incantation and series of hand gestures. Once designed, these spells can be used as many times as necessary, though casting powerful magics can be exhausting. Formulaic spells can create a huge variety of effects, from creating small lights to dispelling existing magic to controlling minds. 

If you are already a Hermetic mage, you have a talent for casting and inventing these types of spells. Those you invent are more powerful than they ought to be, and casting memorized, pre-prepared spells is less draining to your mana/stamina/etc"
526,Ritual Magic,200 CP,Ars Magica Jumpchain,"The most powerful spells must be cast through lengthy rituals and the expenditure of vis; more powerful rituals take longer and are more expensive to cast. Casting can sometimes take hours, but ritual magic is capable of much more than ordinary formulaic magic. Rituals can create permanent effects and target entire cities or more. A typical ritual spell might create a naturally-spreading, highly contagious plague, permanently increase a person’s intelligence, transform an entire forest of trees, or even create life. 

If you take this perk as a Hermetic mage, you are able to cast more powerful ritual spells, and must only expend half the necessary material components for any spell that requires them. Additionally, you may lead a group of willing mages in ritualistically casting any spell you know (even non-ritual spells), with the power of the spell growing in proportion with the number and power of the cooperating mages."
527,Enchanting,400 CP,Ars Magica Jumpchain,"You can use vis to create permanent magical enchantments on items, with more powerful and/or numerous effects requiring more vis. You may create enchantments that use any type of Hermetic magic that you have skill in, and power of the enchantments you can create scales with your magical power and knowledge in that subject, with no upper limit. Enchantments on par with your power level take months of work to create, and you can create even greater effects if you’re willing to spend years on them. 

On the other hand, weaker enchantments can be made in significantly less time, and duplicating enchantments that you or others have created before takes a maximum of three months if you have the notes on their creation, regardless of power level. Additionally, you can link together effects within the same enchanted item. For example, you might give an item a mind-reading and a fire-creating effect so that anyone within its range explodes if they register as hostile to its bearer. 

If you are already familiar with Hermetic Enchanting when you take this perk, then you are able to work any supernatural effect that you know into an enchantment, not merely Hermetic magic. In addition, you can create enchantments three times faster than normal"
528,Hermetic Alchemy,200 CP,Ars Magica Jumpchain,"You may extract vis from magical auras, with the amount collected proportional to your magical ability and the strength of the aura. You may only extract vim vis this way, useful for metamagic or any spells that affect other magics directly, such as dispel or counterspell effects. 

Hermetic mages are trained in this technique, and instead gain the knowledge of how to extract vis of any type from a magical aura. They also gain the ability to create automated magical devices that extract vis with minimal maintenance."
529,Criamon Enigma,200 CP,Ars Magica Jumpchain,"When Hermetic mages are exposed to powerful, uncontrolled magic such as a botched spell, they risk being sent into Wizard’s Twilight, a strange dreamlike state. While the mage’s mind experiences bizarre and vivid images and sensations unique to each Twilight experience, their body disappears, becomes incorporeal or otherwise immune to harm and their magic runs wild. 

One too many Twilight experiences can even lead to Final Twilight, when a mage permanently disappears from the world. Wizard’s Twilight often leaves a Twilight Scar, and while these are frequently detrimental, that is not always the case. If the mage can comprehend the experience, they can gain magical knowledge, new spells or even minor magical powers. 

With this perk, you are slightly more likely to enter Wizard’s Twilight and have a much better understanding of it when you do. You are also protected against Final Twilight and effects that could permanently trap you in similar realms. 

In future jumps, you have an excellent understanding of bizarre magical parallel dimensions such as the warp or the fade. You are able to survive within these realms for extended periods of time with no risk to your sanity, and may even gain knowledge or powers from direct study."
530,Merinita Faerie Magic,200 CP,Ars Magica Jumpchain,"You gain six exotic effects you can apply to your spells, though these must be worked into a spell during its creation. 

First, you may target an entire road, affecting anyone or anything on the targeted path. 

Second, a spell may be cast upon reaching an agreement or bargain, which will take effect only when the target breaks the bargain. 

Third, a spell cast on a fire may last for as long as the fire burns. 

Fourth, you may create a ritual spell that lasts until a specific condition is met. This condition must be actually possible to fulfill, but such a spell is extremely hard to break or dispel without fulfilling the condition. 

Fifth, you may cast spells that last a year and a day. 

Sixth, a spell may target all members of a particular bloodline. You need only cast the spell on one person, and it will affect all of their ancestors and descendants for as long as the spell lasts, though each individual may be able to resist the effects with sufficient magic resistance."
531,Verditius Enchanting,200 CP,Ars Magica Jumpchain,"You may forge items from raw materials as a part of enchanting the crafted item, and your mundane crafting ability improves your enchanting skill and vice versa. For example, if you are forging a sword, your ability to magically manipulate heat and metal would improve your blacksmithing ability. When enchanting that same sword, your skill in smithing would allow you to create a more potent enchantment. 

If you were enchanting a wooden staff instead, you would experience a boost based on your woodworking skill. These effects scale with your skill in the relevant field(s) with no upper limit. When you enchant an item, you may also alter it cosmetically in any way you like, so long as it does not change the physical or magical properties of the item. 

>Requires Enchanting (Ars Magica Jumpchain)"
532,Dream Magic,400 CP,Ars Magica Jumpchain,"Dream Magic allows you to enter and affect dreams with your spells, including your own dreams. As dreams are effectively illusionary, most things in dreamscapes are affected by imaginem magic as opposed to other forms. From within the dream, you may be able to find your way into the dreamer’s imagination or memories, and, once there, you may remain within your subject’s mind even after their dream ends. 

Furthermore, by expending vis, you may also grant objects or non-sapient creatures within a dream physical reality, allowing you to take them into the real world. This can create enchanted items near instantaneously, but is much more expensive than taking the time to craft them manually. You also become very skilled at lucid dreaming."
533,Fertility Magic,100 CP,Ars Magica Jumpchain,"Fertility magic is one of the most ancient magical traditions, and was nearly ubiquitous within Europe several millennia ago. By guiding an expectant mother in crafting a fertility idol, a simple figurine of a pregnant woman, these early mages ensured the health of the woman and her child, and could even influence the traits that were passed on to the child. 

You now have the knowledge to perform this magic as well. In addition to the above effects, you may also sense the qualities and traits of an unborn child. If combined with another form of magic, you may easily create spells that safely target a child within its mother’s womb."
534,Canaanite Necromancy,200 CP,Ars Magica Jumpchain,"In the land of Canaan, there once existed necromancers who were able to summon and speak with the dead. Though this tradition was destroyed by the Israelites after their conquest of Canaan, you have revived this ancient knowledge. Using an arcane connection, you may summon the spirit of a deceased intelligent being who has not passed on to the afterlife. Once summoned, you may speak to them and, if they are less powerful than you, command them."
535,Defixio Magic,200 CP,Ars Magica Jumpchain,"In ancient Greece and Rome, certain worshippers of Hecate, Pluto, Proserpina, Ceres, and Minerva practiced the creation of defixiones, small magical devices that curse or bless a distant target. The secrets of defixio magic were lost as the worship of the Greek and Roman gods was supplanted by Christianity, but you can now integrate elements of this practice into your own magic. 

You may cast a spell with an effect that only triggers once a specific condition is reached. For example, you could invent a spell that wounds anyone who enters a specific room or building, but spares those present when the spell was cast. You may also target objects, places, or people with only an accurate depiction or description. A spell could use a sufficiently detailed statue, bust, painting, sketch, or even written description to target the person depicted.

>Requires some other type of magic"
536,The Hesperides,200 CP,Ars Magica Jumpchain,"Claudius Ptolemaeus, also known as Ptolemy, is known to medieval Europe for his contributions to mathematics, astrology and geography, and, by studying his work, you have integrated it into your magic. You may calculate the specific configuration of stars above a geographical location and use this astrological data to target your spells anywhere on the planet. The more careful your calculations, the more accurate your spells, though a good map may also be necessary. Among other things, this allows for relatively safe long-range teleportation without the use of an arcane connection and also magical artillery strikes at distant targets.

>Requires some other type of magic"
537,The Language of Adam,200 CP,Ars Magica Jumpchain,"By speaking Adamic, the language spoken before the fall of the Tower of Babel, you may assign a name to anything within range of your voice. Once assigned, this acts as an arcane connection to the named being or object in exactly the same way as a person’s birth name. If a target already has a name, their Adamic name works alongside their birth name, though knowing both names grants no additional benefits over knowing only one.

>Requires Arcane Connections (Ars Magica Jumpchain)
>Requires some other type of magic"
538,Nightwalker,200 CP,Ars Magica Jumpchain,"There are many different traditions all across Europe that the Order of Hermes calls “Nightwalkers.” They are related to each other only by their ability to “stray,” that is, send their spirits out from their bodies as they sleep or through an altered mental state. 

While straying, a Nightwalker can lead other willing individuals “astray,” force others to sleep, see through illusions and magical invisibility, shift between corporeal and incorporeal form, interact with incorporeal beings as though they were corporeal, and influence the dreams of sleeping people. If a Nightwalker is wounded while straying, the same wounds will appear on their physical body. 

When a Nightwalker strays, they take on a specific spiritual form called a phantasticum, which varies between different Nightwalker traditions. Common phantastica include animals, were-creatures, and the Nightwalker’s human form, equipped for battle with armament appropriate for their culture. Some traditions also have mounted phantastica, who ride on anything from horses to giant cats, giant hares or farming implements. 

Upon taking this perk you may choose a phantasticum for yourself, though you may not choose a mythical creature more powerful than a werewolf, and if your phantasticum is armed, you must choose period-appropriate armaments. You may take this perk more than once, choosing a different phantasticum each time."
539,Folk Witch,400 CP,Ars Magica Jumpchain,"Folk Witches are among the most common mages in Europe. Most peasants know of at least one witch who can be consulted on magical matters, and witch covens often play important roles in village life, especially in areas with little church influence. Despite their numbers, witches not organized, and many never leave the villages in which they were born. The vast majority of witches are women, but there are a few male witches as well. 

Folk witches cast a variety of disparate magics, using fetishes, incantations, and potions, depending on the type of magic used. Their spells include speaking with animals, inflicting curses, dowsing, flight, healing, seeing through illusions and invisibility, and shapeshifting."
540,Hyperborean Hymns,400 CP,Ars Magica Jumpchain,"Far to the north of Europe, there exists a mythical island beyond the north wind: Hyperborea. Here, the god Apollo is still worshipped. For the Hyperboreans’ devotion, their deity granted them the Hyperborean Hymns, sacred songs which carry great power. By reciting a Hymn, the singer can choose spell-like powers associated with it. As their talent in each Hymn improves, they may recite it again to gain more powers or improve existing ones, similar to the way a Hermetic Mage studies different types of magic. 

The seven Hyperborean Hymns correspond to the Seven Beautiful Names of Light, the sacred names of Apollo. Each Name/Hymn holds dominion over several disparate and often unrelated effects.

The powers obtained through the Hyperborean Hymns are noteworthy in that some of them can last up to nineteen years, and enchantments designed by Hyperboreans can achieve permanent effects without the use of vis."
541,Ars Goetia,600 CP,Ars Magica Jumpchain,"The Ars Goetia are believed to originate from Solomon and the Witch of Endor as described in the bible, and they grant the user the ability to summon and command supernatural beings. Even so, this practice is highly stigmatized because of how easily it can be used for infernal purposes and how it exposes the user to demonic influence. A practitioner of the Goetic Arts is called a “sorcerer,” though some prefer the term “summoner” or “thaumaturgist,” due to “sorcerer’s” negative connotation. There are four Goetic Arts: summoning, ablating, binding, and commanding."
542,Elementalist,600 CP,Ars Magica Jumpchain,"As an elementalist, you cast spells relating to the four elements: Air, Earth, Fire and Water. In a spell, one element is applied to one of four techniques: summoning, controlling, divining and refining. Each element and technique is a separate skill, and each is developed independently.

Summoning allows an elementalist to call forth the elements from nothing, although it does not control the shape that the elements appear in. It can also summon mundane animals from the local area based on the element used.

Controlling does exactly what its name suggests. An elementalist uses controlling magic to command and manipulate existing elements, animals, and magical creatures using the appropriate element. 

Divining gathers information about an elementalist’s surroundings, sensing materials, animals, and magical creatures.

Refining purifies its target or breaks it down into raw materials. It can also be used to produce air, earth, fire, or water vis, though this takes a great deal of time and effort."
543,Gruagach,600 CP,Ars Magica Jumpchain,"The Gruagachan are a tradition of mages hailing from ancient Pictish priests, and mostly reside in the north of the British Isles. They grant blessings, inflict curses, create magical tattoos, shapeshift, create illusions, and receive premonitions. 

Gruagach blessings increase a target’s physical or mental abilities or improve a target’s skills. Each blessing must be accompanied by a prohibition which ends the blessing if broken, and a blessing’s effectiveness is increased if the prohibition is easy to break.

Gruagach curses can decrease their target’s physical or mental abilities, inflict disabilities, disfigure their targets, or even give negative personality traits. Curses always come with a condition which lifts the curse, determined when the spell is cast. They are more potent and near impossible to resist when cast as a form of poetic justice for some evil act.

Shapeshifting allows a Gruagach to transform partially or completely into an animal, or take on animal aspects. For example, one might cast a spell to grow wings for flight, or eagle eyes for keen vision. These transformations can be applied to others as well, and is easier to apply transformations that match the subject’s personality.

Vision magic involves both illusions and premonitions. It can create images and sounds, grant glimpses of the future, view distant locations or even grant invisibility or silent movement.

The tattoos that the Gruagachan create can carry any effect that their magic can, but permanent. Designing a tattoo requires potentially months of work, depending on the strength of the effect relative to the Gruagach’s skill, and inking the tattoo requires vis."
544,Kabbalah,600 CP,Ars Magica Jumpchain,"The Jewish occult tradition of Kabbalah is not technically hedge magic, as it draws on the power of the divine rather than the magical realm. Still, to laypeople, its study and effects strongly resemble the practice of magic. It began in southern France and Iberia in the twelfth century, but was based on Jewish theology and religious practices that had existed long prior. 

Kabbalists are known for creating Golems, but they are also able to alter their true names and learn the true names of supernatural beings. The practice of changing one’s true name is known as Shinnui Shem. It is based on Gematria, a sort of mathematical divination. Each letter of the Hebrew alphabet is associated with number, giving each word a numerical value. Specific mathematical techniques allow one to associate words with each other to discover hidden meanings and relationships. 

By applying Gematria to one’s own name in combination with religious texts, one’s true name can be changed over the course of three months. This also has a side effect of slowing the Kabbalist’s aging, supposedly because it confuses the angel of death. 

Golems are formed of clay, at least some of which must be taken from beneath a synagogue. Creating and awakening a golem is a lengthy process, as one or more Kabbalists shape its body, inscribe holy and astrological symbols upon it, and then engage in a months-long ceremony to awaken it. The more skilled the Kabbalists involved, and the longer they spend on its awakening, the more powerful it will be when completed. 

At the end of the process, the golem is commanded to protect a specific community, whereupon its clay is transformed into flesh. It becomes a living, breathing creature capable of learning from a teacher and even procreating with humans. A completed, awakened golem is a divine creature, and a Kabbalist can grant it divine powers similar to spells with additional time and effort. It begins its life loyal to its assigned community and extremely trusting of other people. 

Kabbalists’ third ability is known as Merkavah, and allows one to learn the true names of supernatural beings through fasting, prayer, and religious rituals. Typically, this is used on angels, but can be applied to creatures of any supernatural realm. The more powerful the creature, the longer this process takes"
545,Mechanica,600 CP,Ars Magica Jumpchain,"In medieval Europe, Heron of Alexandria was known mostly for his philosophical works, but he also produced extensive texts on mathematics, physics and mechanics, which inspired a group of mechanic-mages known as the Mechanicians. These Mechanicians created magical mechanical beings known as Mechanica, some of which even had human-level intelligence. This knowledge spread throughout much of the Eastern Roman Empire, but died out in the fifth century as a result of religious persecution. 

You now have the knowledge and skill to revive this tradition, being capable of building Mechanica yourself. While these can be designed to perform simple mechanical tasks, they can also duplicate spell effects, and, with extra effort, they can be “awakened,” granting them magic resistance, the intelligence of an average human and a personality based on their form and materials. 

For example, a mechanical snake might be deceptive and prone to telling lies, while a being made from iron may be particularly stubborn. A being awakened this way begins its life very loyal to its creator, and will likely remain that way as long as it is not mistreated. Creating Mechanica does not require vis despite the fact that they will operate indefinitely if kept safe and well-maintained. The components required for their construction are very expensive, however."
546,Maleficia,800 CP,Ars Magica Jumpchain,"The Maleficia are infernal powers used by diabolists and are not actually magical in nature. However, their use strongly resembles the practice of magic, and this is a misconception that demons and diabolists deliberately propagate, as it encourages strife between mages and mortal followers of the divine.

The Maleficia are powerful and easily learned by anyone in Mythic Europe; so empowered, the lowliest commoners could nearly rival a Hermetic Mage. There is a cost to such power, however: one’s own eternal soul. Even beyond this, unholy powers can deform and age the practitioner with continued use, and are likely to backfire if ever used for good. You are protected from such effects and need only surrender some CP rather than your soul, but this is how you may be perceived by those with knowledge of the infernal.

The practice of Maleficia is divided into methods and powers, and each Maleficium combines one method with one power to determine its effects. There are two methods: debauchery and incantation. Debauchery involves the passionate and exhausting commission of some sinful act for several minutes, or injuring oneself, often through cutting one’s own flesh. 

Though the latter is much faster, the former may be done in an lengthy and ritualistic manner to increase the power of the resulting Maleficium. The second method, incantation, is performed by chanting words of power, similar to many magical traditions. There are six powers associated with the Maleficia."
547,Vitki,800 CP,Ars Magica Jumpchain,"The Vitkir are mages who originated in northern Germany before spreading into Scandinavia, Iceland and the British Isles. Vitkar magic is based on Futhark runes, and thus their spells are only cast by carving or writing runes onto an object. Each spell, known as a rune script, takes time to learn or invent, but, once learned, can be cast in the time it takes to carve or write a short sentence. 

A rune script’s duration depends on the material used to write it. Runes written in paint or ink last only days, those carved into wood can last years, and spells engraved in stone or strong metals are effectively permanent unless the runes themselves are destroyed. Unlike other magical traditions, vis is not needed for creating permanent effects this way, though vis does make them more potent.

Each rune is associated with certain effects, and each spell is defined by a specific rune or combination of runes. Each must be practiced independently of the others, representing its own skill; a Vitki skilled in Hagalaz-based scripts is not necessarily good at Tiwaz. You gain a journeyman level of skill in each, with the potential to improve with time and effort."
548,Personal Vis Source,50 CP,Ars Magica Jumpchain,"You possess an object or know of a location that produces one pawn of vis per month. Vis is always associated with a specific type of magic, such as Creo, Intellego, or Aquam. Naturally occurring vis usually accumulates in a form relevant to its associated art; for example, Creo vis might appear in seeds, and Terram vis might be found in gems or crystals. 

You may pick the type of vis produced and the form it takes when you purchase this item. If this is a location, only you know of it, and no others will find it unless you choose to tell them. After this jump, it will be integrated into the world, your warehouse or a property you own at your discretion. 

Vis is currency in the magical world due to its use in ritual magic and enchantment. In most magical traditions, it is necessary to produce any permanent effects."
549,Variable Vis Source,50 CP,Ars Magica Jumpchain,"Apply this to one of your purchases of Personal Vis Source; it may be taken multiple times if you have more than one of them. Each month, you may change the type of vis that is produced by your Personal Vis Source.

>Requires Personal Vis Source (Ars Magica Jumpchain)"
550,A Rook of Vis,200 CP,Ars Magica Jumpchain,"Apply this to one of your purchases of Personal Vis Source; it may be taken multiple times if you have more than one of them. Your vis source produces ten pawns per month instead of just one. These may be all of the same type or a variety, decided when this item is taken.

>Requires Personal Vis Source (Ars Magica Jumpchain)"
551,A Queen!,300 CP,Ars Magica Jumpchain,"Apply this to one of your purchases of A Rook of Vis; it may be taken multiple times if you have more than one of them. Your vis source produces one hundred pawns per month instead of just ten. In magical society, to say that you are fabulously wealthy would be an understatement; a well-off group of mages might collect one hundred pawns of vis in a year.

>Requires A Rook of Vis (Ars Magica Jumpchain)"
552,Summa,50 CP,Ars Magica Jumpchain,"This comprehensive, extremely well-written text teaches a single subject that you are already familiar with. For example, a Hermetic Mage could choose a Rego summa, and a soldier could pick a swordsmanship summa. Though you might be knowledgeable in this topic, the book will alter itself to suit the skill level of its reader. This way, you can continuously improve by studying it. You may purchase this multiple times, choosing a different subject each time."
553,Great Library,600 CP,Ars Magica Jumpchain,"At the covenant of Durenmar, the Magi of the Hermetic Order meet every thirty-three years for a Grand Tribunal. It was the first covenant ever founded by the Order, and remains its most important site. It is fitting, then, that Durenmar’s library is the greatest collection of magical knowledge in the Order, and likely all of Europe. You now own a copy of this library, which appears in your warehouse or a property you own. It would take lifetimes for an ordinary human to read every tome contained here, and it will expand, adding magical knowledge from each world you visit."
554,Mark of Slaanesh,100 CP,Warhammer AOS - Hedonites of Slaanesh,"Whether mortal or daemon, the mark of your master, the Dark Prince Slaanesh, is etched upon your very being, a testament to your unwavering devotion and allegiance to the Prince of Pleasure. With this symbol branded upon your flesh, you undergo a profound transformation, your body imbued with newfound lightness, agility, and speed. 

On the battlefield, this metamorphosis proves invaluable as you effortlessly navigate the chaos of combat, darting and weaving with grace and precision akin to a graceful dancer. Each movement is executed with fluid elegance, every step a symphony of controlled chaos as you elegantly evade incoming attacks with seemingly preternatural reflexes. 

In the midst of battle, you become a blur of motion, striking with the deadly precision of a seasoned assassin, your every action guided by the intoxicating allure of Slaanesh's dark influence."
555,Beauty of Slaanesh,50 CP,Warhammer AOS - Hedonites of Slaanesh,"As perfection is one of the many aspects that the Dark Prince brings forth, she has bestowed upon you an 09/10 in the looks department. But that's not all; by your will, you can add any horrific chaotic mutations that are purely aesthetic and do not enhance your combat potential. Common mutations include claw arms, a hermaphrodite body , or even the presence of six tits. These additions are permanent."
556,Temptations of Slaanesh,100 CP,Warhammer AOS - Hedonites of Slaanesh,"In the twisted theater of battle, the Hedonists of Slaanesh revel in sowing chaos through means far beyond the mere spilling of blood and rending of flesh. Before the clash of arms and amid the frenzied melee, you can weave intricate illusions that tantalize the senses and ensnare the minds of your foes. 

These illusions are no mere tricks of light and shadow; they are manifestations of pure temptation, invoking waves of pleasure so potent that even the most stalwart of warriors find themselves ensnared in their seductive embrace. The weakest members are either immobilized, making them easier to capture and torture, or converted to your side, joining your decadent ranks."
557,Precision Strikes,100 CP,Warhammer AOS - Hedonites of Slaanesh,"Pain, endless pain, is what you revel in delivering to your opponents on the battlefield—or perhaps in more private settings. Your strikes are now infused with the ability to inflict maximum pain with minimal physical damage. Each blow is meticulously crafted to maximize agony without causing substantial harm to the individual."
558,Indulge in Excess,100 CP,Warhammer AOS - Hedonites of Slaanesh,"As a member of Slaanesh's cult, having a body that can't handle the excess that your god demands would be troublesome. That's why, whether it's alcohol, sex, drugs, or any source of personal pleasure, your body will never suffer permanent damage from your debaucheries. Liver damage, STDs, or death caused by indulgences of pleasure will not happen to you. The only exception is if this excess happens in battle."
559,Priest Of Excess,200 CP,Warhammer AOS - Hedonites of Slaanesh,"As unique and unsettling figures who serve the Dark Prince with fervent devotion, you are known for your ability to invoke the dark blessings of Slaanesh, manipulating the battlefield with your prayers. These prayers can enhance the combat abilities of Slaanesh's followers, cause debilitating pain to enemies, or even enthrall foes with overwhelming sensations. 

Your presence on the battlefield is a double-edged sword, one side brimming with seductive allure and the other with terrifying malevolence. The prayers you invoke are not mere words but powerful rituals that channel the essence of Slaanesh. When you enhance your allies, they become avatars of excess, their strength and agility amplified, moving with an unnatural grace that strikes fear into the hearts of their enemies. Your blessings can turn a wavering Hedonite into a whirlwind of destruction, each strike more precise and devastating than the last. 

Conversely, the prayers you direct at your enemies are manifestations of pure torment. They experience excruciating pain that wracks their bodies, sapping their will to fight and leaving them vulnerable to the relentless onslaught of Slaanesh's followers. Some are overcome by a euphoric haze, their senses overloaded with pleasure to the point of paralysis, making them easy prey. These foes may find themselves inexplicably drawn to your cause, their minds twisted and reshaped by the dark allure of Slaanesh, ultimately joining the ranks of your decadent cult."
560,Sorcerer of Pleasure,200 CP,Warhammer AOS - Hedonites of Slaanesh,"You are now a wizard and can cast the Lore of Slaanesh. As a wizard, you wield this principle to devastating effect on the battlefield, manipulating the sensations of both allies and enemies. When casting spells from the Lore of Slaanesh, you channel the raw, seductive power of your patron, blending pleasure and pain into a potent mix that can drive foes to madness or inspire your comrades to greater heights of ecstasy and fury. You are also a master and have the skills to teach this lore to anyone you wish"
561,Fashonista,200 CP,Warhammer AOS - Hedonites of Slaanesh,"You now possess the ability to transmute any equipment you wield into a form that is aesthetically pleasing to your perfect body. With this mundane and boring armor and weapons are transformed into extravagant displays of style and allure. Whether adorned with ornate ornaments, flaunting absurd fashion statements, or fashioned in attire reminiscent of the most daring from a hentai universe, your equipment is both functional and impeccably fabulous. This transformation imbues your gear with enhanced visual appeal without compromising its functionality or effectiveness in combat."
562,Revel in Depravity,400 CP,Warhammer AOS - Hedonites of Slaanesh,"In the chaotic midst of battle, the followers of Slaanesh find ecstasy in the symphony of screams and the spatter of blood, each agonized cry serving as a potent elixir that fuels their frenzied assault. To the Hedonites of Slaanesh, suffering is not merely an unfortunate consequence of conflict; it is a cherished commodity, a source of unfathomable power that propels them to ever greater heights of depravity and destruction. As the carnage unfolds upon the battlefield, the air thick with the scent of blood and fear, the Hedonites revel in the tantalizing torment that envelops them. 

With each cry of prolonged pain, you are invigorated. Your wounds begin to heal, your movements become more fluid and graceful as you effortlessly evade the clumsy strikes of your adversaries. In the throes of battle, you enter a trance-like state, your senses heightened to a razor's edge as you move even more nimbly amidst the chaos, your blades striking with deadly precision. 

Even as your own bodies are rent asunder by the brutal fury of battle, you remain oblivious to your wounds, lost in the euphoric haze of combat. Reveling in the searing pain that courses through your veins, you press onward with reckless abandon, your thirst for carnage unquenchable, your lust for blood insatiable."
563,Devotion to Pain,400 CP,Warhammer AOS - Hedonites of Slaanesh,"Slaanesh is pleased with your dedication in embracing pain, and as a reward, has bestowed upon you a body that is resistant to all forms of physical attacks. This newfound resilience makes you exceptionally tough on the battlefield. However that is not important, the true gift lies in the intensity of sensation: any pain you endure from physical attacks is magnified tenfold, transcending mere discomfort to evoke unparalleled pleasure. It really understand what you want."
564,Potions of Delight,400 CP,Warhammer AOS - Hedonites of Slaanesh,"You now have the ability to create a myriad of drugs, alcohol, and other forms of potions with varying effects, depending on what you wish them to be. The effects can be positive or negative. For example, you could create a drug that induces euphoria but has the additional effect of causing an insatiable craving for sexual intercourse, which won't diminish over time and can only be tamed through action. Alternatively, you could craft a very delicious alcohol that, no matter how much is consumed, will inevitably lead to blacking out."
565,Etiquette,100 CP,Warhammer AOS - Hedonites of Slaanesh,"Normally, for humans, the most common individuals who join Slaanesh are the upper echelon of society. Because of this, you now possess an intricate understanding of the etiquette and manners of the social elite of the Mortal Realms and in future jumps. You can execute these social graces perfectly, seamlessly blending into high society and leveraging this knowledge to further your goals and spread the influence of Slaanesh."
566,Reading People,100 CP,Warhammer AOS - Hedonites of Slaanesh,"As part of nobility, from a very young age, you have been taught the importance of observing and interpreting people's true intentions from their body language and tone of voice. While it is not the same as having mind-reading abilities, you can discern if someone is lying to you and if they intend to bring harm."
567,Knights Training,200 CP,Warhammer AOS - Hedonites of Slaanesh,"You have been given the rare opportunity to train as a knight—a class that outclasses most peasants and adventurers in terms of melee combat. You are practiced in fighting in heavy armor both on foot and on horseback. You are an adept rider, capable of handling even the most exotic beasts that Chaos is known to create."
568,Daemonic Wrath,200 CP,Warhammer AOS - Hedonites of Slaanesh,"Once in the past, your household would channel the power of Sigmar and imbue your attacks with holy lightning similar to that used by the Stormcast. But now, you stand with Chaos and have learned to instead imbue your attacks with the corrupting powers of Slaanesh. Whenever you strike anything that is pure and lawful in nature, their defenses will weaken, and their wounds won't heal as quickly. 

This dark enhancement turns your strikes into instruments of corruption, sapping the vitality and purity of your enemies, ensuring that their strength diminishes over time. This ability aligns perfectly with your dedication to Slaanesh, furthering your influence and effectiveness in the perpetual conflict against the forces of order and purity."
569,Merchant,400 CP,Warhammer AOS - Hedonites of Slaanesh,"It's all about the money, baby. Yes, you can make money from raiding and pillaging, but let's be honest, that's not what everyone wants. You have decided to pursue your greed as a merchant, selling goods. You possess an uncanny sense for identifying ventures and investments that will always yield a lucrative return, making you swim in money most of the time. 

You are also adept at maintaining accurate numbers in your ledgers, finding ways to maximize the profits of your business. This skill extends to any work and projects you undertake, keeping them within a reasonable budget without compromising quality. After all, perfection in your products is what gives you the highest pleasure in this field."
570,Daemon Host,400 CP,Warhammer AOS - Hedonites of Slaanesh,"Some people are not happy with the limitations of the mortal body. That's why you have decided to perform a dark ritual, allowing you to summon daemons of Chaos and have them inhabit your body. Normally, when a daemon takes over a human host, the soul of the mortal is either consumed or buried deep inside, trapping it within its own body. 

But not for you. The daemon inside you is benign, and you receive all the benefits of being part-daemon. Firstly, your mind and body cannot be controlled or possessed by other beings. Your body is also drastically enhanced with greater endurance, strength, and speed. "
571,Gormey Of Bodies,600 CP,Warhammer AOS - Hedonites of Slaanesh,"Taboos are societal constructs designed to protect citizens from sin and corruption. However, indulging in these taboos can cause society to break down, while granting a taste of the forbidden delights that exist in this world. You have chosen to feast on the bodies found on the battlefield. You now possess a bottomless stomach, allowing you to eat everything around you without any negative consequences, as poisons are completely ineffective on you. 

Moreover, you share this gift of eternal hunger with those around you. As you walk onto the battlefield, everyone who inhales your pheromones will be overcome by an insatiable hunger, compelling them to seek out and consume anything edible around them—from normal food to the flesh of their closest friends and family. 

Pleasure and satisfaction are not the only benefits you gain from this endless consumption. When you consume the meat of especially powerful individuals, you temporarily acquire their abilities, such as swordsmanship, special skills, and unique lore. Additionally, as you digest food, you will continuously heal in proportion to the amount of suffering you inflict in battle—the more heinous the pain, the greater the healing."
572,From The Old World,600 CP,Warhammer AOS - Hedonites of Slaanesh,"Your origin is much more ancient than the Mortal Realms, as you have memories of the Old World before the Eight Realms were even formed. Even then, you were a devoted follower of Slaanesh. Because of this, you have gained the knowledge and experience of millennia, and your body has been sculpted by the Lord of Excess himself, making you the greatest master of one weapon of your choice within the eight realms, enabling you to strike first in any conflict and unbeatable in any duel . 

Additionally, you have mastered one artistic art of your choice, whether it be painting, writing, or another culturally significant skill.  But that's not all. Having survived from the Old World, you now possess the ability to endure apocalyptic events. Once per jump, when the world you inhabit is destroyed or you die, your soul will be safe and transferred to a similar world or to the far future of your destroyed world. 

In this new place or time, you will inhabit a new body of the same or a similar species crafted by the pleasure god herself, allowing you to continue your journey and spread the influence of Slaanesh in anty world or time ."
573,Digger,100 CP,Warhammer AOS - Hedonites of Slaanesh,"No matter where a Duardin finds themselves in the Mortal Realms, they are at home in the dirt, especially when digging tunnels. Your tunneling skills are exceptional, as the tunnels you build are notably sturdier and resistant to collapse. But that’s not all—you possess an innate talent for navigating underground and always know exactly where to dig to find the materials and rocks needed for your endeavors. This natural affinity for the subterranean world makes you a master of excavation and mining."
574,Trinket Making,100 CP,Warhammer AOS - Hedonites of Slaanesh,"You are proficient in crafting the many jewels, piercings, and weapons adorned with beautiful ornaments that are common in the armies of Slaanesh. While these items don't possess any special properties, they are of much higher quality than those typically found on the market. Your craftsmanship ensures that each piece is a work of art, reflecting the exquisite tastes and decadent aesthetics of your dark patron"
575,Proud Of My Own Stuff,200 CP,Warhammer AOS - Hedonites of Slaanesh,"Whenever you create anything with your hands, whether through tinkering, smithing, or even during battle, your skills in those fields are moderately increased. This enhancement might be due to the sheer pride you feel in your creations or perhaps the influence of Slaanesh, the Dark Prince of Excess."
576,To the Sky,200 CP,Warhammer AOS - Hedonites of Slaanesh,"It looks like you have the blueprints and the skills to create weapons, armor, and airships of the same quality as those crafted by the Kharadron Overlords. However, instead of using aether-gold as a power source, you now utilize wyrdstone, a more volatile and chaotic substance. This change introduces both incredible potential and significant risk, as wyrdstone's chaotic energy can enhance your creations with unparalleled power while also rendering them dangerously unstable. 

Your weapons might strike with unpredictable force, your armor could provide exceptional protection while occasionally warping in unpredictable ways, and your airships, fueled by wyrdstone, might achieve unprecedented speeds or capabilities, albeit with the constant threat of catastrophic malfunction."
577,Quality Assurance,400 CP,Warhammer AOS - Hedonites of Slaanesh,"As a blacksmith, it would be a shame if your weapons, armor, trinkets, and vehicles were to break and malfunction at critical moments. But not anymore, as both quality and safety are ensured with your skills. You meticulously craft each item to withstand the wear and tear of use, even when enhanced by dangerous substances like wyrdstone. Your creations are not only of superior quality but also remarkably durable, providing reliability and peace of mind in even the most chaotic and demanding situations."
578,True Duardin Resistance,400 CP,Warhammer AOS - Hedonites of Slaanesh,"Pride in your heritage is not unusual and even expected when you submit to the Prince of Pleasure. That's why you have now reached the highest form of resistance towards magic; only the most powerful and potent spells can harm and affect you. This unfortunately includes healing spells. Luckily, you probably already revel in pain."
579,Daemonsmiths,600 CP,Warhammer AOS - Hedonites of Slaanesh,"You are now able to create one of the most dangerous and abominable things within the Mortal Realms: a Daemon Engine. These monstrous creations require two parts, both of which you excel at. The first part involves creating a host body. This metal shell can take the form of a cannon, a train, an air vessel, or even a mech if you know how to build it. The host body binds the daemon to the mortal realm, keeping it perfectly under your command, even if the daemon inside is in incredible pain and despises you completely, ensuring no betrayal can occur. 

The second part is the ritual to summon daemons from the Realm of Chaos and perfectly trap them in the host body. This process always succeeds on your part, as you have a way with words to lure these daemons. The advantages of transforming ordinary items into demonic nightmares that will haunt your enemies are immense. 

First, the durability of the items is greatly increased. Any weapons mounted on these vehicles can bypass any invulnerability, and their ammunition will be automatically regenerated. Wounds and damage suffered by the body will heal over time, and this process can be accelerated by feeding it fresh meat. Moreover, Daemon Engines are more menacing than any of their normal equivalents. Additionally, with this perk, you can also create Daemon Weapons, imbuing ordinary weapons with terrifying demonic power."
580,Runesmiths,600 CP,Warhammer AOS - Hedonites of Slaanesh,"You delve into the forbidden arts of rune magic, channeling the corrupting energies of Chaos to empower your creations. Unlike traditional Runesmiths who draw upon the pure power of the earth and ancient runic lore, your runes are inscribed with the malevolent essence of dark magic, granting your weapons, armor, and machinery unparalleled and terrifying capabilities. 

Where in weapons it's Inscribed with these dark runes, the weapons strike with a malevolent force that can shatter both flesh and spirit. Each blow carries the weight of Chaos, capable of inflicting grievous wounds that fester and corrupt, spreading malevolent influence with every strike. 

Armor imbued with your runes provides not only physical protection but also sinister resilience. These runes absorb and reflect magical attacks, turning the arcane energies of your enemies back upon them. Spells aimed at you may rebound with even greater potency, punishing those who dare to assail you magically. 

And the machinery and war engines you craft, powered by these runic inscriptions, operate with dangerous efficiency. Enhanced by your dark runes, they become faster, stronger, and more destructive, outstripping their mundane counterparts. Additionally, these runes imbue your creations with an unpredictable edge, catching foes off guard with their twisted capabilities. 

In all your creations, the touch of Chaos is evident, twisting and enhancing their function beyond the limits of mortal craftsmanship. And with time and practice you can further increase the power of your runes existing powers and add new abilities to your runes"
581,Big Decorated Horns,100 CP,Warhammer AOS - Hedonites of Slaanesh,"In the Beastman world, the bigger your horns, the more respect you command. As a result, your horns are the largest among gors of similar size and variation. This makes you the most intimidating creature there, and any challenges to your status and authority are quickly quashed by the sheer size of your horns. Furthermore, your horns possess an intriguing ability to stir the hearts of anyone who sees them, captivating them and making them more susceptible to emotional influence towards pleasure and ecstasy."
582,Break Civilization,100 CP,Warhammer AOS - Hedonites of Slaanesh,"As a Beastman, you hate everything that is prim and proper, associated with civilized worlds. This is why you now have the ability to easily destroy anything with a technology level above the Stone Age with your bare hands. As walls fall and doors crumble, you are a menace, a true civilization killer."
583,Lore Of Beastman,200 CP,Warhammer AOS - Hedonites of Slaanesh,"The Lore of Beasts, also known as Ghur, is the magical discipline that channels the primal energies of the Realm of Beasts. Wizards who master this lore can summon the ferocity of wild animals, invoke the power of the earth, and unleash devastating primal forces upon their enemies. The spells of this lore often involve transforming the caster or their allies into beast-like forms, summoning savage creatures, and drawing strength from the untamed wilderness. You are also a master and have the skills to teach this lore to anyone you wish."
584,Rock Throwing,200 CP,Warhammer AOS - Hedonites of Slaanesh,"As most Beastmen can't effectively use advanced ranged weapons due to their technological simplicity, they rely on simpler weapons for ranged attacks. These include javelins, throwing axes, bows, and even simple rocks. Despite the simplicity of these tools, the accuracy and power with which Beastmen wield them are exceptionally effective in hitting and killing their prey. Their primal instincts and physical prowess make them formidable opponents even with these rudimentary weapons."
585,The Will Of The Chaos!!!,600 CP,Warhammer AOS - Hedonites of Slaanesh,"It appears the Dark Gods have blessed you with the powers of Chaos since birth, augmenting your magical abilities to the highest degree. Your sorcery now rivals that of a Daemon Prince of Tzeentch, turning wherever you cast into a scene of devastating destruction against your enemies. But there's more to this gift: from now on, across future worlds, you will garner the favor and attention of any deity aligned with the capricious nature of Chaos. They will bestow upon you their boons and favors, enhancing your abilities and ensuring your place as a favored champion of Chaos."
586,Chaos Killer,100 CP,Warhammer AOS - Hedonites of Slaanesh,"Ok I Know this seems to be a weird ability in this jump. But it's crucial to note that all Aelves' souls from the Old World were consumed and trapped within Slaanesh's gullet before being freed by Malerion, Tyrion, and Teclis in Uhl-Gysh. Consequently, there exists deep animosity towards the gods of Chaos. Harnessing this hatred, you've developed a unique ability: the power to disrupt the flow of Chaos energy and corruption, effectively purifying it. This ability allows you to counteract and cleanse areas tainted by Chaos, restoring purity and balance where corruption once reigned."
587,Immunity From Chaos,100 CP,Warhammer AOS - Hedonites of Slaanesh,"Most Aelves who embrace the power of Chaos, particularly that of Slaanesh, do so with the intent of using these dark forces as tools to achieve their own personal objectives. You, however, are unique in your immunity to the dark and negative influences of Chaos. This immunity ensures that you will not undergo any unwanted mutations. Furthermore, in this world and any future ones, when you make Faustian deals that typically end with the consumption of your soul, you have the ability to substitute your soul with material goods or even the souls of others."
588,Lores Of Magic,200 CP,Warhammer AOS - Hedonites of Slaanesh,"The Aelves are the most attuned to magic within the eight realms compared to the other races in the Mortal Realms. Because of this, they are one of the few races that have an affinity to learn the other seven common lores within the Mortal Realms. Here, you gain the ability to learn and master all seven forms of magic, complete with the knowledge and expertise to teach others. You can purchase this perk multiple times."
589,Soulbound,200 CP,Warhammer AOS - Hedonites of Slaanesh,"You have gained the ability to implant part of your soul into mundane objects at will. This process will shorten your lifespan, but for an Aelf, a few years of life is a very insignificant price to pay. With this ability, you can impart any skill and perks to these items, granting them supernatural powers. The stronger the abilities you wish to imbue, the more of your lifespan you will need to pay. Additionally, as long as you are alive, the items will not break."
590,Dhar,600 CP,Warhammer AOS - Hedonites of Slaanesh,"Dhar is the wind of magic that is inherently dark and twisted, often associated with death, corruption, and the void. It is the physical manifestation of corrupted magic, which has a tremendously caustic influence upon reality. Indeed, virtually anything is a potential target for corruption using the forces of Dhar. What is strong grows stronger at the cost of subservience to your will and corruption in Dhar’s image, while what is weak simply dissolves. 

It is the magic of necromancers, dark sorcerers, and those who seek to manipulate the forces of death and decay for their own ends. Dhar is a dangerous and unpredictable form of magic, capable of great destruction and malevolence. 

Those who wield Dhar are often viewed with fear and suspicion, as this form of magic is associated with the unnatural and the forbidden.In the Mortal Realms, practitioners of Dhar are typically found among the forces of Death, such as the Nighthaunt, Flesh-eater Courts, and Ossiarch Bonereapers.Using Dhar is fraught with peril but rewarding as its powers surpass that of the other lores. But its not only in term of power does this lore excel but also in complexity and difficulty to dispel and counter. 

The energies of Dhar are inherently corrupting, and prolonged exposure can lead to madness, physical corruption, or being consumed by the very powers the caster seeks to control. The more a practitioner uses Dhar, the more they risk losing their humanity and becoming a vessel for the dark magic they wield.But since you bought with a premium you are immune to those issues."
591,Short Hibernation,100 CP,Warhammer AOS - Hedonites of Slaanesh,"When a Dragon Ogor is close to running out of energy, they return to the mountains from which they descended and hibernate, awaiting the next thunderstorm to reenergize them. This process can take months to centuries. However, for you, when you are low on energy and enter hibernation, the wait will never last more than a month for a thunderstorm strong enough to fully recharge you. In future worlds, this perk will summon a thunderstorm whenever you are low on energy. During recovery, a thunderstorm will strike you, fully energizing you once a month."
592,Old Wisdom,100 CP,Warhammer AOS - Hedonites of Slaanesh,"Dragon Ogors are ancient beings with a wealth of knowledge and experience, having witnessed countless battles and epochs throughout their extensive lifespans. This ancient wisdom makes them not only fearsome warriors but also cunning strategists and formidable leaders on the battlefield. Their deep understanding of warfare allows them to anticipate enemy movements, devise complex tactics, and exploit weaknesses that others might overlook. They can coordinate large-scale assaults, organize defensive positions, and adapt to rapidly changing battle conditions with a level of insight and foresight that younger and less experienced opponents simply cannot match."
593,Electric Weapons,200 CP,Warhammer AOS - Hedonites of Slaanesh,"Dragon Ogors are intrinsically connected to the element of lightning, with its power coursing through their veins. This elemental affinity grants you the ability to enhance your weapons with the destructive force of lightning. When you attack using this lightning-infused power, their strikes become extraordinarily potent, capable of bypassing any resistances and invulnerabilities their enemies may possess. This ensures that their lightning attacks hit with full force, making them especially lethal against foes who would otherwise be protected from harm."
594,Super Regeneration,400 CP,Warhammer AOS - Hedonites of Slaanesh,"The regeneration of Dragon Ogors depends on how often they are struck by lightning, whether from magical attacks or natural sources. This fundamental trait remains unchanged for you; however, your healing factor and regeneration from being hit by lightning have been greatly enhanced. Now, whenever lightning strikes you, it can heal normally fatal wounds and regrow lost limbs instantly. This extraordinary ability ensures that you can recover from even the most grievous injuries in the blink of an eye, making you nearly indestructible on the battlefield as long as lightning continues to fuel your resilience."
595,Hyper Efficient,400 CP,Warhammer AOS - Hedonites of Slaanesh,"One of the key limitations preventing Dragon Ogors from completely conquering the Mortal Realms is their dependency on natural, strong thunderstorms or other sources of lightning to fuel their power and maintain their active periods. However, you have somewhat bypassed this limitation with a remarkable efficiency in utilizing lightning as an energy source. Your body is now approximately 70% more efficient in maintaining your active periods and harnessing electricity for attacks. 

Additionally, in future worlds, you will be able to freely absorb electricity and use it as a substitute for mana, ki, or any other power source. This enhanced efficiency and adaptability greatly increase your longevity and combat capabilities, making you a more formidable and less reliant force."
596,Solitude,100 CP,Warhammer AOS - Hedonites of Slaanesh,"Gargants are typically solitary creatures, preferring to roam vast areas alone. They have a strong sense of independence and rarely form lasting bonds with others of their kind. This solitary nature affords them a unique freedom, allowing them to navigate their environments without the constraints of social dependencies. Unlike many social species, Gargants do not experience the negative psychological effects of prolonged isolation. They are content in their independence, capable of thriving even in solitude for extended periods, unaffected by loneliness or the need for companionship which you now have."
597,To Crush,200 CP,Warhammer AOS - Hedonites of Slaanesh,"As a Gargant, when fighting smaller enemies, the easiest way to kill them is to crush them with your weapons or feet. Unfortunately, some enemies wear magical armor that can withstand your strikes. However, if you fully crush someone smaller than you—whether they fit in the palm of your hand, under the sole of your foot, or are smaller than your weapon—your attacks will bypass any form of invulnerability or fate-altering effects. These crushing blows will inflict almost double the normal damage to the target. This ensures that even the most resilient foes cannot withstand your immense power when you bring your full might to bear."
598,Warp-Forged Physiology,100 CP,Warhammer AOS - Hedonites of Slaanesh,"Your very essence is intertwined with Chaos itself. This perk grants you a mutable form, allowing you to alter your appearance at will. Transform into terrifying , shroud yourself in illusion, or adapt to your surroundings with uncanny ease. Your flesh is no longer bound by mortal limitations."
599,Daemonic Invulnerability,100 CP,Warhammer AOS - Hedonites of Slaanesh,"In the crucible of Chaos, your very essence has been tempered into an almost indestructible form. Attacks and weapons wielded by those of weak conviction and feeble faith shall falter before your demonic resilience. Like an unyielding fortress amidst a storm, you stand unbroken. 

This perk grants you the near-immunity to conventional harm from range attacks, making you a formidable force to reckon with in close combat. Arrows and bullets may pierce your form, but they will falter, for your existence is bound to the madness of the Warp. Only the unwavering conviction of a true warrior strikes, strong magic or the dark rituals of witchery can hope to banish you from the material realm."
600,Keeper Of Secrets Essence,300 CP,Warhammer AOS - Hedonites of Slaanesh,"The act of excess, from indulgences such as lust, gluttony, and excessive killing, is something that Slaanesh revels in. As a greater daemon of the Dark Prince, you embody this aspect in its truest form. At your will, your actions are enhanced to the absolute level of perfection, where a simple instrument performance is divine, and your movements are as beautiful as a ballerina's. 

You are incredibly fast and agile compared to your fellow brothers and sisters. Your power of seduction and monstrous beauty makes any weak-willed mortal submit to you, waiting for you to deceive them. You also know their secrets and the sick desires they wish to partake in.Truly making you a nightmare for your enemies."
601,Soul Consumption,200 CP,Warhammer AOS - Hedonites of Slaanesh,"You are able to freely consume the souls of every mortal that you have slain. With each soul you consume, your strength as a daemon will increase minusculely. This gradual accumulation of power enhances your already formidable abilities, making you an even more terrifying force of malevolence and destruction."
602,True Death,600 CP,Warhammer AOS - Hedonites of Slaanesh,"Some creatures within the realm of chaos are difficult to kill, even with the right rituals or weapons, as some entities can only be killed when a certain condition is fulfilled. Now, you have this incredible blessing: choose one condition that is not impossible for your enemies to fulfill, and unless you are killed under that specific condition, no matter what, you will be banished to the realm of chaos and will remanifest after six months, randomly, somewhere in the mortal realms."
603,Lord Of Hubris,200 CP,Warhammer AOS - Hedonites of Slaanesh,"You are now a master duelist and taunter on the battlefield. As a master duelist, you are a menace in close-range combat, demonstrating unparalleled skill and precision. But that's not all you have; your clever taunts cause most enemies to break formation and rush towards you, totally ignoring the broader situation on the battlefield. This makes them more vulnerable to attacks from your allies and disrupts their strategic advantage."
604,Traitors,200 CP,Warhammer AOS - Hedonites of Slaanesh,"No matter where you go, there are individuals in well-polished nations or organizations who would like to see them fall for their own depraved reasons. Because of this you now have an uncanny ability to easily find traitors within the ranks of your enemies who are willing to betray them for profit or to satisfy their carnal desires. You will almost always find someone high up enough to provide useful knowledge about your enemies' weaknesses. Like weakness in their forts, or where their supply lines run, crippling the movements of your enemies."
605,Corrupter of men,400 CP,Warhammer AOS - Hedonites of Slaanesh,"As a traditionalist in the ways of Slaanesh, you possess the will and knowledge to spread the mark of Slaanesh to any individuals you have beaten in combat, whether in one-on-one duels or across entire armies. Slowly but surely, these individuals will begin to fall to corruption. It starts small, with indulgence in luxury foods, and over time progresses to acts of the highest excess and debauchery. At the end of this journey of self-destruction, these individuals will join your army in a heartbeat, increasing the potency and numbers of your forces. 

Your influence spreads like a dark, seductive whisper, corrupting hearts and minds until they are wholly devoted to the Dark Prince. The more you conquer, the larger and more powerful your army grows, each new convert bringing their own twisted strengths and fervor to your cause. This unrelenting spread of corruption ensures that your influence and power continue to expand, driven by the insidious allure of Slaanesh's promise of ultimate pleasure and excess."
606,Center of Attention,100 CP,Warhammer AOS - Hedonites of Slaanesh,"You have ascended to a new echelon of influence and charisma, embodying the very essence of a divine diva. Your presence alone commands attention, and your words carry an undeniable weight, compelling others to listen and follow. It’s as if you were meant for greatness, destined to inspire and lead those around you to new heights of devotion and excellence."
607,Seductive Words,100 CP,Warhammer AOS - Hedonites of Slaanesh,"Even before any enhancements, your words are poison to the people around you, making you easily trusted even though they shouldn't. People just seem to think you'll keep your word regardless of how untrustworthy and scummy you've been before. Repeatedly breaking promises with an individual will eventually see this trust break down, but you get away with things far more than you have any right to."
608,Words Hurt,200 CP,Warhammer AOS - Hedonites of Slaanesh,"Your words have transcended mere verbal barbs to become potent weapons in their own right. Each insult carries with it a malevolent force that can cripple the will of your adversaries, leaving them vulnerable and shaken. 

For weaker individuals, your insults are devastating. The venom in your words seeps into their psyche, sapping their motivation and leaving them in a state of demoralized despair that can last for days.Even the strongest individuals are not immune to the power of your words. While they may possess resilience and mental fortitude, your insults strike with such precision and ferocity that they are momentarily paralyzed by the shock. 

This ability becomes a strategic tool in your arsenal, allowing you to weaken adversaries before engaging them directly. By undermining their morale and sowing doubt within their ranks, you create openings for your forces to exploit. Your peons and followers can capitalize on these moments of weakness, swiftly finishing off those who dare oppose you or ensuring they are subdued and compliant."
609,Empire Building,400 CP,Warhammer AOS - Hedonites of Slaanesh,"As if anything you build will be less than perfect, leading a cult around your flawless form is expected of you. You possess the ability to personally navigate through the chaotic bureaucracy of a Slaanesh cult effortlessly. Moreover, you have the remarkable ability to recall every member who has offered their monthly tribute to you, assessing its sufficiency with ease. This innate organization and memory allow you to establish and maintain a functional system for running towns filled with excess and debauchery, ensuring everything operates smoothly to serve your divine desires."
610,,,,
611,,,,
612,,,,
613,,,,
614,,,,
615,,,,
616,,,,
617,,,,
618,,,,
619,,,,
620,,,,
621,,,,
622,,,,
623,,,,
624,,,,
625,,,,
626,,,,