0,Perk Name,Cost,Source,Description
1,Neolithic Projects,50 CP,RimWorld,"You gain the knowledge and all necessary skills to build and create items from Neolithic Research Projects from the base RimWorld game. This includes both specific blueprints for every craftable Neolithic structure, tool, and device, along with a basic level of practical skill sufficient to construct them from available materials. This perk covers only content from the core RimWorld experience and does not include any DLC content."
2,Medieval Projects,200 CP,RimWorld,"You gain the knowledge and all necessary skills to build and create items from Medieval Research Projects from the base RimWorld game. This includes both specific blueprints for every craftable Medieval structure, weapon, tool, and device, along with a basic level of practical skill sufficient to construct them from available materials. This perk covers only content from the core RimWorld experience and does not include any DLC content."
3,Industrial Projects,400 CP,RimWorld,"You gain the knowledge and all necessary skills to build and create items from Industrial Research Projects from the base RimWorld game. This includes both specific blueprints for every craftable Industrial-era structure, fabrication bench, machining table, component assembly, and advanced device, along with a basic level of practical skill sufficient to construct them from available materials. This perk covers only content from the core RimWorld experience and does not include any DLC content."
4,Spacer Projects,600 CP,RimWorld,You gain the knowledge and all necessary skills to build and create items from Spacer Research Projects from the base RimWorld game. This includes both specific blueprints for every craftable Spacer-era structure along with a basic level of practical skill sufficient to construct them from available materials. This perk covers only content from the core RimWorld experience and does not include any DLC content.
5,Biotech,400 CP,RimWorld,"This perk provides you with the necessary scientific foundation, basic practical skills, and complete blueprints for all technology and projects from the Biotech DLC for RimWorld. You gain the knowledge to genetically engineer xenotypes, oversee mechanitor operations, manage children and genetic lineages, and construct all associated machinery and facilities. The mysteries of mechanoid control and genetic manipulation are now yours to command."
6,Royalty ,400 CP,RimWorld,"This perk provides you with the necessary scientific foundation, basic practical skills, and complete blueprints for all technology and projects from the Royalty DLC for RimWorld. Additionally, you gain a degree of psycasting potential - enough to develop psychic powers through meditation and honor-bestowing ceremonies. You understand the intricacies of imperial titles, permit requests, and the construction of all Royalty-specific structures, weapons, and psychic gear."
7,Odyssey ,300 CP,RimWorld,"This perk provides you with the necessary scientific foundation, basic practical skills, and complete blueprints for all technology and projects from the Odyssey DLC for RimWorld. You gain the knowledge to construct and utilize all Odyssey-specific additions - including new vehicles, exploration equipment, and the various technologies that enable expanded travel and discovery across the rimworlds."
8,Anomaly ,800 CP,RimWorld,"This perk provides you with the necessary scientific foundation, basic practical skills, and complete blueprints for all technology, containment procedures, and projects from the Anomaly DLC for RimWorld. You gain the knowledge to construct anomaly research facilities, containment devices, and the specialized equipment needed to study and exploit the unnatural.

Crucially, any potential infohazards or mind-breaking knowledge contained within this perk are automatically hidden from your conscious awareness if learning them would harm you. You receive only what you can safely handle."
9,Ideology ,400 CP,RimWorld,"This perk provides you with the necessary scientific foundation, basic practical skills, a degree of supernatural ability, and complete blueprints for all technology, structures, and projects from the Ideology DLC for RimWorld. You understand how to construct ritual altars, relic display cases, and all ideoligion-associated buildings and items.

Additionally, this perk grants you a measure of supernatural ability tied to faith and belief, along with enhanced social aptitude and exceptional talent in all social sciences. You understand how beliefs shape civilizations and can navigate even the most complex ideological landscapes with ease.

As with all dangerous knowledge, any potential infohazards contained within this perk are automatically hidden if learning them would hurt you."
10,Redistribute Passion,150 CP,RimWorld,"This perk grants you three metaphorical charges each day, which you can use to temporarily bestow Passion toward any skill from the list of those existing in the RimWorld game. By investing one charge, you can make yourself (or another) become Interested in that skill; by investing two charges, you can elevate that interest to Burning Passion.

This effect does not actually make you more skillful, it does not grant knowledge or ability. Instead, it allows you to take genuine pleasure in performing tasks related to that skill and provides a significant multiplier on experience gain while the passion lasts.

All three charges must be used simultaneously when activating this perk. They reset every 24 hours and need to be reapplied if you wish to maintain the effect. You may apply these charges to other people, but if you do, the charges will only return to you after 24 hours have passed.

Be mindful of unintended psychological effects - artificially induced passion can sometimes have unexpected consequences on a person's psyche."
11,Obtain Traits ,200 CP,RimWorld,"Upon purchasing this perk, you may select any single trait from the full list of traits existing in the RimWorld game. This chosen trait is held in reserve, waiting to be applied. You may bestow it upon yourself or upon another person you touch - a process that takes a few minutes of concentration to complete.

The effect causes permanent physiological and/or psychological changes to the target, integrating the trait as though it were always part of their nature. Identical traits do not stack, and attempting to apply multiple traits that conflict or interact unpredictably may have unintended consequences.

This perk may be purchased multiple times, with each purchase granting another trait to hold in reserve for later application. Beware of unintended psychological or physiological effects: tampering with someone's fundamental nature rarely comes without risk."
12,Acquire Skills,100 CP,RimWorld,"Upon purchasing this perk, you may select any single skill from the full list of skills existing in the RimWorld game. This chosen skill is held in reserve, waiting to be applied. You may bestow it upon yourself or upon another person you touch - a process that takes a few minutes of concentration to complete.

The effect grants two levels of proficiency in the chosen skill to the target, up to a maximum of 20. These skill levels integrate naturally, as though gained through genuine experience and practice. This perk may be purchased multiple times, with each purchase granting another skill level reserve to choose, hold and apply."
13,Vanilla Weapons Expanded,200 CP,Modded RimWorld,"You gain a complete mental compendium of blueprints for every craftable weapon from the Vanilla Weapons Expanded series of mods for RimWorld. This includes the full range of ballistic firearms, melee armaments, grenades, heavy weapons, and specialized munitions introduced across the entire expanded arsenal. Alongside these blueprints, you receive the practical skills and working knowledge needed to effectively utilize, maintain, and create these weapons using available materials and facilities."
14,Vanilla Furniture Expanded,50 CP,Modded RimWorld,"You gain a complete mental compendium of blueprints for every craftable item from the Vanilla Furniture Expanded series of mods for RimWorld. This includes all variants of production benches, decorative furnishings, storage solutions, and specialized structures introduced across the entire furniture expansion suite. Alongside these blueprints, you receive the practical skills needed to effectively construct and utilize these items using available materials. "
15,Vanilla Genetics Expanded,200 CP,Modded RimWorld,"You gain a complete mental compendium of blueprints for every craftable item from the Vanilla Genetics Expanded mod for RimWorld. This includes genetic labs, gene extractors, mutagens, and all equipment needed for animal hybridization and genetic manipulation.

Alongside these blueprints, you receive the practical skills needed to effectively utilize and create these items. However, this perk provides no in-depth scientific knowledge. If you do not also possess the Biotech perk from the RimWorld category, your genetic creations will function as tinkertech - reliable in your hands but poorly understood, and nearly impossible for others to replicate or maintain."
16,Vanilla Vehicles Expande,150 CP,Modded RimWorld,"You gain a complete mental compendium of blueprints for every craftable item from the Vanilla Vehicles Expanded series of mods for RimWorld. This includes all vehicle chassis, engines, weapon mounts, utility modules, and specialized transport options across the entire expanded vehicle lineup.

Alongside these blueprints, you receive the practical skills needed to effectively construct, maintain, and operate these vehicles. Additionally, you gain a significant degree of natural talent for any vehicle-related mechanical fields (including repair, customization, and performance optimization) allowing you to coax maximum capability from any wheeled or tracked conveyance."
17,Rimsenal Pack,200 CP,Modded RimWorld,"You gain a complete mental compendium of blueprints for items, structures, and even some creatures from the Rimsenal Pack of mods for RimWorld. This includes the full range of faction-specific weapons, armors, apparel, turrets, production facilities, and unique biological entities introduced across the Rimsenal series.

Alongside these blueprints, you receive the practical skills needed to effectively utilize and create these items using available materials. Additionally, you gain an incredible natural talent for employing weapons for their intended purpose, allowing you to wield even unfamiliar firearms and armaments with surprising effectiveness.

This perk provides only basic background scientific knowledge. Without deeper foundational understanding, your creations will easily default to tinkertech status: reliable in your hands but poorly understood, and difficult for others to replicate or maintain."
18,Lost Factory Mechanoids,300 CP,Modded RimWorld,"You possess the knowledge and capability to establish a small-scale production facility dedicated to crafting the advanced machines and devices featured in the Lost Factory Mechanoids and Mechanoid Upgrades mods for RimWorld.

This perk provides you with a comprehensive mental compendium of technical knowledge, granting you a perfect understanding of the schematics, construction processes, and underlying principles for all items within these mods. You know how to build, maintain, and repair everything from autonomous worker drones to formidable combat mechanoids and their powerful upgrades."
19,Glittertech Expansion,300 CP,Modded RimWorld,"The pinnacle of glitterworld science is now within your reach. You gain the ability to manufacture a wide array of advanced devices from the Glittertech Expansion mod for RimWorld. This perk provides you with a basic understanding of the underlying principles behind this technology. From luxury goods to high-performance equipment, the marvels of glitterworld engineering are yours to command."
20,Alpha Genes,50 CP,Modded RimWorld,"You possess a complete mental compendium of every genetic sequence, xenotype, and gene variant introduced in the Alpha Genes mod for RimWorld. This knowledge includes detailed instructions on how to extract, synthesize, stabilize, and implant these genes effectively.

However, this perk grants only the knowledge - it does not provide the laboratory equipment, sophisticated machinery, or practical skills required to perform the genetic manipulation itself. To make use of these blueprints, you must possess the necessary tools and expertise, such as the Biotech perk from a RimWorld or similar gene-engineering capabilities from another setting. Without those, this compendium remains purely theoretical."
21,Hacking Expansion,150 CP,Modded RimWorld,"You possess a complete mental compendium of blueprints for every device, tool, and system introduced in the Hacking Expansion mod for RimWorld. This knowledge encompasses everything from cryptographic analyzers and hacking tools to mainframe interfaces and security override modules.

Unlike mere theoretical understanding, this perk also grants you the practical skills and technical expertise required to actually construct, deploy, and operate these devices effectively. You know how to interface with various computer systems, bypass security protocols, and utilize your crafted tools to their fullest potential."
22,Gene Fabrication,100 CP,Modded RimWorld,"""Are you tired of spending hours grinding quests, extracting prisoners, and trading across the galaxy just to find one specific gene? When your mod list includes hundreds of new xenotypes and genetic variants, is it really worth losing your sanity over the grind? Now there is a solution.""

With the Gene Fabrication bench, you can synthesize any gene you have encountered or possess a sample of, eliminating the need for endless searching and random chance.

You receive one fully functional Gene Fabrication bench from the mod of the same name, along with a thick, detailed technical manual. This manual contains comprehensive instructions on how to operate the machine, perform routine maintenance, troubleshoot common issues, and (with sufficient study) construct additional units from scratch.

Good luck figuring it out! (The knowledge is in the manual. Probably. You did read the manual, right?)"
23,"Integrated Implants
",150 CP,Modded RimWorld,"You possess a complete mental compendium of every cybernetic implant, bionic prosthetic, and neural interface introduced in the Integrated Implants mod for RimWorld. This knowledge includes detailed schematics, component lists, and precise surgical instructions for fabricating and installing each augmentation effectively.

Unlike purely theoretical knowledge, this perk also grants you the practical skills and technical expertise required to perform the delicate work of implant construction and surgical implantation. Your hands know the techniques, your eyes recognize the proper tolerances, and your mind understands the biological and cybernetic principles at play.

However, knowledge and skill are worthless without the proper tools. This perk provides no equipment, no fabrication benches, no surgical tools, and no sterile facilities or skills to manufacture them. To actually produce and install these implants, you must acquire the necessary machinery and medical equipment through other means. "
24,"Auto Dissector
",100 CP,Modded RimWorld,"""An automated surgical device has been added to your arsenal. This machine can precisely remove diseased organs, detach bionic implants you deem unnecessary, or (for those with less ethical inclinations) process prisoners efficiently for bulk extraction of desired body parts.""

You receive one fully functional Auto Dissector from the mod of the same name. This sophisticated piece of medical machinery handles delicate surgical extraction with robotic precision, minimizing tissue damage and maximizing organ viability. Whether you need to harvest implants from traitors, remove cancerous organs for replacement, or simply process a prison population for valuable components, this machine does the job quickly and cleanly.

Along with the unit itself, you receive a thick, detailed technical manual containing comprehensive instructions on how to operate the machine, perform routine maintenance, troubleshoot common issues, and (with sufficient study) construct additional units from scratch.

Good luck figuring it out! (The machine's ethical subroutines are optional. Your conscience is your own.)"
25,Scientific Method,50 CP,Vanilla Stellaris,"""Testable predictions of observable phenomena.""

You possess the equivalent of a higher education in scientific methodology, specifically as taught by a society centuries ahead of modern humanity. You understand how to apply advanced research techniques, experimental design, and data analysis from a futuristic civilization to your work.

This knowledge provides a significant edge in structuring research and inquiry, helping you avoid dead ends and recognize meaningful patterns. However, this is a narrow field of expertise. While your grasp of the method is on par with that advanced society, your actual knowledge of specific technologies, history, and context beyond this discipline remains mostly blank. It also doesn't enchance your intellenge."
26,Computing Tree,500 CP,Vanilla Stellaris,"You possess the unnatural ability to rapidly research and discover technologies from the Computing Tech Tree of the Stellaris game. Your progression is semi-random, utilizing a ""card shuffle"" approach where new inspirations arise based on your recent actions.

To advance, you must create and use various devices, explore the technologies of others, and remain proactive in your research. Your activities make certain technologies more likely to appear the next time inspiration strikes, allowing you to subtly guide your progression.

You may pay an additional 250 CP (half the base price) at any time (either now or the next time you get this perk) to instantly unlock a portion of the tree. You can do this as many times as you wish, provided you have the points to spare. Each purchase grants an immediate leap in knowledge, blueprints, and skills, covering a few of the lowest-tier technologies still ahead of you in this tree (typically one or two). This option does not include Starter Technologies or Events."
27,Field Manipulation Tree,500 CP,Vanilla Stellaris,"You possess the unnatural ability to rapidly research and discover technologies from the Field Manipulation Tree of the Stellaris game. Your progression is semi-random, utilizing a ""card shuffle"" approach where new inspirations arise based on your recent actions.

To advance, you must create and use various devices, explore the technologies of others, and remain proactive in your research. Your activities make certain technologies more likely to appear the next time inspiration strikes, allowing you to subtly guide your progression.

You may pay an additional 250 CP (half the base price) at any time (either now or the next time you get this perk) to instantly unlock a portion of the tree. You can do this as many times as you wish, provided you have the points to spare. Each purchase grants an immediate leap in knowledge, blueprints, and skills, covering a few of the lowest-tier technologies still ahead of you in this tree (typically one or two). This option does not include Starter Technologies or Events."
28,Particles Tree,400 CP,Vanilla Stellaris,"You possess the unnatural ability to rapidly research and discover technologies from the Particles Tree of the Stellaris game. Your progression is semi-random, utilizing a ""card shuffle"" approach where new inspirations arise based on your recent actions.

To advance, you must create and use various devices, explore the technologies of others, and remain proactive in your research. Your activities make certain technologies more likely to appear the next time inspiration strikes, allowing you to subtly guide your progression.

You may pay an additional 200 CP (half the base price) at any time (either now or the next time you get this perk) to instantly unlock a portion of the tree. You can do this as many times as you wish, provided you have the points to spare. Each purchase grants an immediate leap in knowledge, blueprints, and skills, covering a few of the lowest-tier technologies still ahead of you in this tree (typically one or two). This option does not include Starter Technologies or Events."
29,Biology Tree,500 CP,Vanilla Stellaris,"You possess the unnatural ability to rapidly research and discover technologies from the Biology Tree of the Stellaris game. Your progression is semi-random, utilizing a ""card shuffle"" approach where new inspirations arise based on your recent actions.

To advance, you must create and use various devices, explore the technologies of others, and remain proactive in your research. Your activities make certain technologies more likely to appear the next time inspiration strikes, allowing you to subtly guide your progression.

You may pay an additional 250 CP (half the base price) at any time (either now or the next time you get this perk) to instantly unlock a portion of the tree. You can do this as many times as you wish, provided you have the points to spare. Each purchase grants an immediate leap in knowledge, blueprints, and skills, covering a few of the lowest-tier technologies still ahead of you in this tree (typically one or two). This option does not include Starter Technologies or Events."
30,Military Theory Tree,400 CP,Vanilla Stellaris,"You possess the unnatural ability to rapidly research and discover technologies from the Military Theory Tree of the Stellaris game. Your progression is semi-random, utilizing a ""card shuffle"" approach where new inspirations arise based on your recent actions.

To advance, you must create and use various devices, explore the technologies of others, and remain proactive in your research. Your activities make certain technologies more likely to appear the next time inspiration strikes, allowing you to subtly guide your progression.

You may pay an additional 200 CP (half the base price) at any time (either now or the next time you take this perk) to instantly unlock a portion of the tree. You can do this as many times as you wish, provided you have the points to spare. Each purchase grants an immediate leap in knowledge, blueprints, and skills, covering a few of the lowest-tier technologies still ahead of you in this tree (typically one or two). This option does not include Starter Technologies or Events."
31,New Worlds Tree,400 CP,Vanilla Stellaris,"You possess the unnatural ability to rapidly research and discover technologies from the New Worlds Tree of the Stellaris game. Your progression is semi-random, utilizing a ""card shuffle"" approach where new inspirations arise based on your recent actions.

To advance, you must create and use various devices, explore the technologies of others, and remain proactive in your research. Your activities make certain technologies more likely to appear the next time inspiration strikes, allowing you to subtly guide your progression.

You may pay an additional 200 CP (half the base price) at any time (either now or the next time you get this perk) to instantly unlock a portion of the tree. You can do this as many times as you wish, provided you have the points to spare. Each purchase grants an immediate leap in knowledge, blueprints, and skills, covering a few of the lowest-tier technologies still ahead of you in this tree (typically one or two). This option does not include Starter Technologies or Events."
32,Statecraft Tree ,600 CP,Vanilla Stellaris,"You possess the unnatural ability to rapidly research and discover technologies from the Statecraft Tree of the Stellaris game. Your progression is semi-random, utilizing a ""card shuffle"" approach where new inspirations arise based on your recent actions.

To advance, you must create and use various devices, explore the technologies of others, and remain proactive in your research. Your activities make certain technologies more likely to appear the next time inspiration strikes, allowing you to subtly guide your progression.

You may pay an additional 300 CP (half the base price) at any time (either now or the next time you get this perk) to instantly unlock a portion of the tree. You can do this as many times as you wish, provided you have the points to spare. Each purchase grants an immediate leap in knowledge, blueprints, and skills, covering a few of the lowest-tier technologies still ahead of you in this tree (typically one or two). This option does not include Starter Technologies or Events."
33,Psionics Tree,600 CP,Vanilla Stellaris,"You possess the unnatural ability to rapidly research and discover technologies from the Psionics Tree of the Stellaris game. Your progression is semi-random, utilizing a ""card shuffle"" approach where new inspirations arise based on your recent actions.

To advance, you must create and use various devices, explore the technologies of others, and remain proactive in your research. Your activities make certain technologies more likely to appear the next time inspiration strikes, allowing you to subtly guide your progression.

You may pay an additional 300 CP (half the base price) at any time (either now or the next time you get this perk) to instantly unlock a portion of the tree. You can do this as many times as you wish, provided you have the points to spare. Each purchase grants an immediate leap in knowledge, blueprints, and skills, covering a few of the lowest-tier technologies still ahead of you in this tree (typically one or two). This option does not include Events."
34,Archaeostudies Tree,600 CP,Vanilla Stellaris,"You possess the unnatural ability to rapidly research and discover technologies from the Archaeostudies Tree of the Stellaris game. Your progression is semi-random, utilizing a ""card shuffle"" approach where new inspirations arise based on your recent actions.

To advance, you must create and use various devices, explore the technologies of others, and remain proactive in your research. Your activities make certain technologies more likely to appear the next time inspiration strikes, allowing you to subtly guide your progression.

You may pay an additional 300 CP (half the base price) at any time (either now or the next time you get this perk) to instantly unlock a portion of the tree. You can do this as many times as you wish, provided you have the points to spare. Each purchase grants an immediate leap in knowledge, blueprints, and skills, covering a few of the lowest-tier technologies still ahead of you in this tree (typically one or two). This option does not include Events."
35,Cybrex Mining Hub,300 CP,Vanilla Stellaris,"""To build their ring world, the Cybrex relied on highly efficient mining drones to survey and harvest orbital resources. Cybrex-made memory chips and sensors could outfit our own mining drones, so that we might put their millennia-old algorithms to good use.""

You possess the knowledge and schematics to construct mining drones equipped with Cybrex-derived memory chips and sensors. These drones utilize ancient, highly efficient algorithms to survey and harvest orbital resources with exceptional speed and precision.

Whether applied to asteroid belts, planetary rings, or other celestial bodies, your mining operations become drastically more productive. The technology is self-contained and adaptable, allowing you to outfit existing drone frameworks or build new ones from scratch."
36,Irassian Naval Yards,300 CP,Vanilla Stellaris,"""The Irassian astronaval tradition was unmatched in their time. Their shipyards produced a constant stream of ships for their navy and merchant fleets, which would ultimately be their downfall. With so many ships, and such a high reliance on them, the Irassians were powerless to quarantine the disease that would claim their empire.""

You possess the knowledge and schematics to construct shipyards utilizing Irassian astronaval technology. Your facilities can produce a constant, rapid stream of vessels for both military and civilian purposes, matching the legendary output of the Irassian empire at its height.

This perk grants you their unparalleled production efficiency and ship design principles. However, it comes with a silent warning: be mindful of overreliance on any single system, lest you share their fate."
37,Yuht Astronomical Interferometer,250 CP,Vanilla Stellaris,"""The Yuht were a paradoxical society, obsessed with the idea of finding other sentient species, yet refusing to accept that they were not alone. They were so focused on disproving any claim of alien life, that their bias found a way into their technology. However, with the proper modifications and calibrations, we could certainly fix their powerful detection arrays.""

You possess the knowledge and schematics to construct and calibrate Yuht astronomical interferometers - powerful detection arrays originally designed to disprove the existence of alien life.

With your modifications, these instruments shed their built-in bias and become exceptional tools for deep-space observation. They excel at detecting celestial phenomena, distant objects, and potential signs of other life, providing clarity and range far beyond conventional sensors."
38,        Zroni Storm Caster,400 CP,Vanilla Stellaris,"""Zro is a fascinating element, prone to chaotic bursts of energy. We believe that with the right artifacts, we could use it to fuel spatial storms over entire solar systems.""

You possess the knowledge and artifacts needed to harness the volatile element Zro, allowing you to generate and control massive spatial storms.These chaotic energy storms can be deployed across entire solar systems, disrupting sensors, damaging unshielded vessels, and reshaping local space to your advantage. With practice and sufficient Zro, you can learn to direct these storms with increasing precision, turning raw chaos into a strategic tool."
39,First League Filing Offices,400 CP,Vanilla Stellaris,"""The sprawling empire of the First League dwarfed our own at its peak, and relied on implacable bureaucracy to keep the wheels of the state in motion. The quantic filing arrays they used afforded them unprecedented efficiency in the sorting and storing of documents.""

You possess the knowledge and schematics to construct quantic filing arrays based on First League technology. These systems organize, store, and retrieve documents with seemingly impossible efficiency, transforming even the most chaotic archives into perfectly structured databases.

Whether applied to government records, corporate data, or personal libraries, your filing systems ensure that any piece of information can be located, cross-referenced, and accessed in moments - no matter how vast the collection grows."
40,Baol Organic Plant,500 CP,Vanilla Stellaris,"""The Baol Organism had a unique way of producing tools. Given the species' relative slowness, they would simply grow them out of organic matter in locations that were half orchard, half factory. With the proper genetic adjustments, we could also grow various commodities and tools alongside our regular crops.""

You possess the knowledge and genetic templates to create Baol-style organic plantations - hybrid facilities that function as both orchard and factory. These living structures can be calibrated to grow tools, commodities, and other useful items directly from organic matter, alongside regular crops. With proper adjustments, your plantations become self-sustaining production centers, silently and steadily yielding whatever you need with minimal oversight."
41,Vultaum Reality Computer ,500 CP,Vanilla Stellaris,"""The reality computers of the Vultaums were unique processing units, dedicated to analyzing existence itself - not quite through physics, but rather by trying to reverse engineer reality's source code and find the glitch that would finally allow the Vultaums to take down the simulation where they believed they lived.""

You possess the knowledge and schematics to construct a Vultaum Reality Computer - a processing unit designed to analyze the fundamental nature of existence. Rather than studying physical laws, this computer attempts to reverse engineer reality's underlying ""code,"" searching for inconsistencies, glitches, or patterns that might reveal the true nature of your world. While it cannot guarantee answers, it provides unparalleled insight into the metaphysical and the simulated, should such things exist."
42,Industry Tree,600 CP,Vanilla Stellaris,"You possess the unnatural ability to rapidly research and discover technologies from the Industry Tree of the Stellaris game. Your progression is semi-random, utilizing a ""card shuffle"" approach where new inspirations arise based on your recent actions.

To advance, you must create and use various devices, explore the technologies of others, and remain proactive in your research. Your activities make certain technologies more likely to appear the next time inspiration strikes, allowing you to subtly guide your progression.

You may pay an additional 300 CP (half the base price) at any time (either now or the next time you get this perk) to instantly unlock a portion of the tree. You can do this as many times as you wish, provided you have the points to spare. Each purchase grants an immediate leap in knowledge, blueprints, and skills, covering a few of the lowest-tier technologies still ahead of you in this tree (typically one or two). This option does not include Starter Technologies or Events."
43,Materials Tree,600 CP,Vanilla Stellaris,"You possess the unnatural ability to rapidly research and discover technologies from the Materials Tree of the Stellaris game. Your progression is semi-random, utilizing a ""card shuffle"" approach where new inspirations arise based on your recent actions.

To advance, you must create and use various devices, explore the technologies of others, and remain proactive in your research. Your activities make certain technologies more likely to appear the next time inspiration strikes, allowing you to subtly guide your progression.

You may pay an additional 300 CP (half the base price) at any time (either now or the next time you get this perk) to instantly unlock a portion of the tree. You can do this as many times as you wish, provided you have the points to spare. Each purchase grants an immediate leap in knowledge, blueprints, and skills, covering a few of the lowest-tier technologies still ahead of you in this tree (typically one or two). This option does not include Starter Technologies or Events."
44,Propulsion Tree,400 CP,Vanilla Stellaris,"You possess the unnatural ability to rapidly research and discover technologies from the Propulsion Tree of the Stellaris game. Your progression is semi-random, utilizing a ""card shuffle"" approach where new inspirations arise based on your recent actions.

To advance, you must create and use various devices, explore the technologies of others, and remain proactive in your research. Your activities make certain technologies more likely to appear the next time inspiration strikes, allowing you to subtly guide your progression.

You may pay an additional 200 CP (half the base price) at any time (either now or the next time you get this perk) to instantly unlock a portion of the tree. You can do this as many times as you wish, provided you have the points to spare. Each purchase grants an immediate leap in knowledge, blueprints, and skills, covering a few of the lowest-tier technologies still ahead of you in this tree (typically one or two). This option does not include Starter Technologies or Events."
45,Voidcraft Tree,500 CP,Vanilla Stellaris,"You possess the unnatural ability to rapidly research and discover technologies from the Voidcraft Tree of the Stellaris game. Your progression is semi-random, utilizing a ""card shuffle"" approach where new inspirations arise based on your recent actions.

To advance, you must create and use various devices, explore the technologies of others, and remain proactive in your research. Your activities make certain technologies more likely to appear the next time inspiration strikes, allowing you to subtly guide your progression.

You may pay an additional 250 CP (half the base price) at any time (either now or the next time you get this perk) to instantly unlock a portion of the tree. You can do this as many times as you wish, provided you have the points to spare. Each purchase grants an immediate leap in knowledge, blueprints, and skills, covering a few of the lowest-tier technologies still ahead of you in this tree (typically one or two). This option does not include Starter Technologies or Events."
46,Active Countermeasures,100 CP,Vanilla Stellaris,"""The best defense is a good offense.""

You are an expert in the planning and construction of point-defense systems, specializing in Sentinel-class technology. While relatively primitive by interstellar standards, your expertise allows you to maximize their effectiveness against incoming projectiles and missiles.

Your knowledge covers both the theoretical and practical aspects of active defense, from optimal placement and targeting algorithms to maintenance and rapid fabrication. A solid foundation upon which to build more advanced countermeasures."
47,High-Energy Capacitors,100 CP,Vanilla Stellaris,"""Capacitors capable of storing vast amounts of energy are one of the cornerstones of any modern civilization.""

You possess the theoretical knowledge, blueprints, and practical skills needed to produce and utilize high-energy capacitors. Your expertise covers multiple variations of this essential technology, allowing you to store and discharge tremendous amounts of power for weapons, propulsion, or infrastructure. A foundational technology that opens the door to more advanced energy systems."
48,Deflectors,100 CP,Vanilla Stellaris,"""Energy deflector screens can stop a limited amount of incoming enemy fire before overloading. Their main drawback is that they consume large amounts of power.""

You gain comprehensive insight into deflector technology, including the theoretical principles behind energy shielding and several practical blueprints for implementation. Your knowledge allows you to construct, install, and maintain deflector systems capable of absorbing enemy fire until overload. A solid foundation in personal or ship-scale defense, tempered by the eternal challenge of balancing protection against power consumption."
49,Fission Power,50 CP,Vanilla Stellaris,"""This energy source generates power for ships through induced fission, but it also produces harmful nuclear waste.""

You possess the equivalent of a higher education in fission power generation, as understood by a futuristic society. Your knowledge covers reactor design, fuel processing, and waste management, allowing you to construct and maintain efficient fission systems for ships or settlements.

Your skills are average by the standards of this advanced society, but your expertise is narrowly focused. While you understand fission power thoroughly, you have significant gaps in your knowledge of other fields."
50,Reactor Boosters,50 CP,Vanilla Stellaris,"""Additional power generation systems increase the ship's reactor output.""

You gain blueprints and a basic theoretical understanding sufficient to construct Reactor Boosters yourself. These supplementary systems can be integrated into existing power plants to increase overall energy output, providing the extra capacity needed for more demanding weapons, shields, or propulsion systems. A simple but valuable upgrade for any vessel straining against its power limits."
51,"Hyperspace Travel
",250 CP,Vanilla Stellaris,"""Like the strands of a spider web, the extra-dimensional realm of hyperspace runs between the gravity wells of most stars. Faster-than-light travel is theoretically possible along these hyperlanes.""

You gain insight into the theory of hyperspace travel, including the principles that govern this extra-dimensional realm and its connection to stellar gravity wells. Your knowledge is accompanied by blueprints for experimental devices capable of proving key aspects of the theory. While true FTL travel remains beyond your immediate reach, this perk provides the foundation needed to begin mapping hyperlanes and developing the technology to navigate them."
52,Red Lasers,150 CP,Vanilla Stellaris,"""Laser weapons fire focused beams of light at targets, causing damage through the generation of intense heat.""

You are a skilled engineer specializing in the maintenance and construction of Red Laser weapons. Your expertise covers the full lifecycle of these systems, from fabrication and calibration to field repairs and performance optimization. While relatively basic by interstellar standards, your knowledge ensures these weapons function at peak efficiency - delivering concentrated thermal damage with reliable precision."
53,Subspace Drive,250 CP,Vanilla Stellaris,"""An insight born of a desperate desire to leave our home, these Subspace Drive engines were designed to facilitate limited interstellar travel. While only allowing small-scale jumps, they provide a unique opportunity to jump-start our galactic exploration.""

You gain the blueprints and practical skills necessary to initiate and complete the Subspace Drive engine megaproject. This knowledge allows you to construct drives capable of limited interstellar jumps - enough to reach nearby systems and begin true galactic exploration.

However, your understanding is purely practical. You possess nearly no theoretical context beyond what is needed to build and operate the drives, leaving the deeper science of subspace as a mystery to be solved another day.

"
54,Fruit Gardens ,200 CP,Vanilla Stellaris,"""Vacuum gardens full of bio-engineered fruits, genetically enhanced to attract spaceborne fauna.""

You possess the knowledge to construct vacuum-sealed gardens and bio-engineer a variety of organisms specifically designed to thrive within them. These fruits are genetically enhanced to attract spaceborne fauna, allowing you to study, lure, or interact with creatures that dwell in the void between worlds. A unique fusion of agriculture and xenobiology, opening doors to peaceful contact or controlled observation of deep-space lifeforms."
55,Medical Care,100 CP,Vanilla Stellaris,"""A micro-unit of prevention is worth a macro-unit of cure. However, sometimes both are needed.""

You are a fully trained physician with medical education equivalent to that of a futuristic society. Your skills cover diagnosis, treatment, and preventive care at a level considered average by their advanced standards. While you lack specialized knowledge in other fields, your medical expertise ensures that you (and those under your care) benefit from healthcare centuries ahead of modern Earth."
56,Industrial Agriculture,50 CP,Vanilla Stellaris,"""Large-scale industrial farms growing nutrient-rich produce allow a civilization to increase its population manifold.""

You possess the expertise of someone who has run and overseen the construction of large-scale industrial farms. Your knowledge covers efficient cultivation, infrastructure planning, and resource management necessary to feed a growing population. While modest by futuristic standards, this foundational skill ensures food security and the capacity to support expansion wherever you settle."
57,Energy Burster,50 CP,Vanilla Stellaris,"""Fires bio-projectiles that emit bursts of energy upon impact, subtly enhancing the maneuverability of our vessels.""

Blueprints and the practical skills to grow/create Energy Burster devices are now part of your mental library. These unique bio-projectiles release controlled energy bursts on impact, providing a subtle boost to your vessels' maneuverability during combat. A unconventional tool for those who prefer to turn every engagement into an opportunity for tactical repositioning."
58,Vector Lock Cannon,50 CP,Vanilla Stellaris,"""Biologically enhanced projectiles are fired, countering evasive maneuvers and striking agile targets.""

Blueprints and the practical skills to grow/create Vector Lock Cannon munitions are now part of your mental library. These biologically enhanced projectiles actively counter evasive maneuvers, making them exceptionally effective against agile targets. A precision tool for hunters who refuse to let their quarry slip away."
59,Maulers,200 CP,Vanilla Stellaris,"""Breakthroughs in bio-engineering have allowed the growth of space-faring, FTL-capable craft with military applications.""

Blueprints and the practical skills to grow/create Mauler-class bioships are now part of your mental library. These living vessels are fully space-faring and capable of faster-than-light travel, designed for military applications.

You also possess average piloting skills sufficient to operate one effectively. Whether grown in orbital habitats or tailored for specific roles, these organic craft offer a unique alternative to traditional shipbuilding."
60,Weavers,200 CP,Vanilla Stellaris,"""Building on the foundations of early bio-engineering, Weavers are crafted to balance agility with increased combat capabilities.""

Blueprints and the practical skills to grow/create Weaver-class bioships are now part of your mental library. These living vessels refine earlier bio-engineering techniques, striking an elegant balance between agility and combat performance. You also possess average piloting skills sufficient to operate one effectively."
61,Planetary Defenses,100 CP,Vanilla Stellaris,"""There may come a time when intellects, vast and cool and unsympathetic, regard our worlds with envy and draw plans against us. We must be ready.""

You are an expert of average skill in planetary defense planning and oversight. Your knowledge covers the strategic placement of defensive installations, coordination of ground-based systems, and preparation of civilian infrastructure to withstand orbital bombardment or invasion. While not a master strategist, you possess the foundational competence needed to make any world a harder target. Vigilance is the price of survival."
62,New Worlds Protocol,50 CP,Vanilla Stellaris,"""Calculating the required resources and gear needed to establish a planetary colony allows us to send brave pioneers forth in grand ark ships, confident that they will survive the long voyage across the stars to a new home.""

You possess a working knowledge of standard New World Protocols. This grants you the foundational skills and administrative know-how to plan, organize, and oversee the establishment of new colonies, ensuring that pioneering efforts have the infrastructure and supplies necessary to survive and take root on an unsettled world."
63,Planetary Germination,50 CP,Vanilla Stellaris,"""To spread our roots to a new world, we must first prepare the seedbed. By terraforming a planet, we can ensure that our colonies get off to a healthy start.""

You are an expert of average skill in the field of planetary engineering. You are capable of overseeing and assisting in the planning of large-scale terraforming and colonization projects, ensuring that a barren world can be made ready to support new life."
64,Planetary Government,100 CP,Vanilla Stellaris,"""Once a colony has been firmly established and pioneers become citizens, the need for a strong local government to provide stability outweighs the colonial need for flexibility.""

You are an expert in the field of planetary governance, possessing an average level of education by the standards of a future individualist society. You know how to establish and run effective administrative systems to ensure a stable and prosperous world."
65,Planetary Plexus,100 CP,Vanilla Stellaris,"""Our colonies would wither to naught without the stable projection of our collective self. Our effortless presence ensures a flourishing hive.""

You possess theoretical knowledge and a natural talent for the governing practices of a hive mind society. You understand how to manage a planetary population as a single, cohesive entity, ensuring the stability and prosperity of the collective."
66,Planetary Instantiation,100 CP,Vanilla Stellaris,"""Our colonies would never achieve stable operation without infrastructure dedicated to our networked self.""

You possess theoretical knowledge and a natural talent for the governing practices of a machine intelligence hive mind. You understand how to integrate a planetary population into a single networked consciousness, ensuring smooth and stable operation across all systems."
67,Holo-Entertainment,50 CP,Vanilla Stellaris,"""The latest in holographic entertainment. Entire worlds built out of photons and energy fields.""

You are an average-skilled expert in holo-engineering and design. You know how to create, maintain, and operate immersive holographic environments for recreation, education, or simulation purposes."
68,Interplanetary Commerce,150 CP,Vanilla Stellaris,"""With new planetary markets comes new opportunities for commerce. Business will be booming.""

You are an average-skilled expert in interplanetary trade and commerce. You understand the logistics, regulations, and financial strategies involved in moving goods and services across star systems."
69,Sociocultural History,150 CP,Vanilla Stellaris,"""An understanding of our shared past is necessary in order to make any significant strides into the future.""

You are an expert historian and monument builder of average skill from a future society. You know how to preserve cultural heritage, document historical events, and design lasting monuments that inspire and educate future generations."
70,Synaptic Structures,350 CP,Vanilla Stellaris,"""Through the development of macroscopic synaptic nodes, the will of the Hive will be strengthened.""

You possess the blueprints and operational instructions for constructing and maintaining various synaptic structures essential to a hive mind society. You know how to build the neural architecture that allows a collective consciousness to function across an entire planet."
71,Industrial Base,300 CP,Vanilla Stellaris,"""The basic industrial infrastructure required to become a spacefaring civilization.""

You possess an extensive theoretical foundation and exceptional talent for planning and constructing fundamental industrial infrastructure at the level of a future society. While you do not carry specific blueprints, your deep understanding allows you to design and oversee the building of factories, foundries, and manufacturing networks from the ground up."
72,Offworld Construction,250 CP,Vanilla Stellaris,"""Construction in space presents our engineers with new design challenges that must be solved before we can build orbital stations above other worlds.""

You possess an extensive theoretical foundation and exceptional talent for planning and executing offworld construction projects at the level of a future society. While you carry no specific blueprints, your deep understanding allows you to design and oversee the building of orbital platforms, space stations, and other zero-gravity structures from first principles."
73,Mechanized Mining,200 CP,Vanilla Stellaris,"""The basic industrial infrastructure required to become a spacefaring civilization.""

You possess a mental compendium of blueprints and instructions for planning, building, operating, and maintaining the foundational industrial infrastructure of a future civilization. However, your knowledge is purely theoretical - you have no practical skills or hands-on experience to accompany it."
74,Nanocomposite Materials,100 CP,Vanilla Stellaris,"""Reinforced nanocomposite hull plating can provide an extra layer of protection that could mean the difference between life and death in a combat situation.""

You are an expert in the field of nanocomposite materials. You know how to fabricate and apply them, and you understand the fundamental theory behind how they work at a molecular level."
75,Chemical Thrusters,100 CP,Vanilla Stellaris,"""Simple yet moderately effective chemical thrusters that rely on combustible propellant to function.""

You possess a mental compendium of blueprints and instructions for planning, building, operating, and maintaining chemical thrusters at a future civilization's technology level. However, your knowledge is purely theoretical - you have no practical skills or hands-on experience to accompany it."
76,Flak Battery,50 CP,Vanilla Stellaris,"""Gun batteries that fire shrapnel rounds at close range. They are particularly lethal to enemy strike craft, but can also defend against missiles.""

You possess a mental compendium of blueprints and instructions for planning, building, operating, and maintaining flak battery weaponry at a future civilization's technology level. However, your knowledge is purely theoretical - you have no practical skills or hands-on experience to accompany it."
77,Nuclear Missiles,150 CP,Vanilla Stellaris,"""Space-to-space missiles equipped with high-yield nuclear warheads. Although based on old pre-space technology, these crude fire-and-forget weapons can be surprisingly effective at range.""

You possess a mental compendium of blueprints and instructions for planning, building, operating, and maintaining space-to-space nuclear missile weaponry at a future civilization's technology level. However, your knowledge is purely theoretical - you have no practical skills or hands-on experience to accompany it."
78,Mass Drivers,150 CP,Vanilla Stellaris,"""These electromagnetic projectile launchers use magnets to accelerate armor-piercing rounds toward targets at high speeds.""

You can build a mass driver from scratch and modify it in a few ways, but you do not actually understand the fundamental physics of how they work. Your knowledge is purely practical - you know how to make, operate, and maintain them, but not the theory behind it."
79,Space Exploration,200 CP,Vanilla Stellaris,"""The Science Ship is used as a base of operations for a top scientist, ready to explore the vastness of space.""

You can build, maintain, and operate a science vessel of this caliber, provided you have the suitable tools and materials on hand. However, your knowledge is primarily practical - you lack an extensive theoretical background on why the ship is constructed in this particular way."
80,Interplanetary Expeditionary Forces,50 CP,Vanilla Stellaris,"""The invasion of another world is a staggering enterprise. There are immense logistical challenges that must be overcome before we can muster our first interplanetary armies.""

You have received education in the military logistics required to support interplanetary forces. You understand the complex supply chains, transport requirements, and coordination needed to sustain military operations across star systems."
81,Deep Space Defenses,150 CP,Vanilla Stellaris,"""This will enable the construction of defensive deep space platforms to protect our starbases.""

You know how to build, operate, maintain, and modify simple defensive deep space platforms, allowing you to establish basic orbital fortifications around key locations. It's equivalent of receiving good education and apply it practically for a few years."
82,Orbital Energy Conversion,150 CP,Vanilla Stellaris,"""Advances in solar panel technology could offset the operating costs of our starbases. The panels would require an entire starbase module to generate enough energy, however.""

You know how to build, operate, maintain, and modify orbital solar panels of this scale. You also understand the basic theory behind their inner workings, allowing you to adapt and improve the technology as needed."
83,Starbase Construction,200 CP,Vanilla Stellaris,"""A centralized space installation built in close orbit around the system's primary is necessary to make full use of the resources in a star system.""

You can build, maintain, and operate a starbase of this scale, provided you have the suitable tools and materials on hand. However, your knowledge is primarily practical: you lack an extensive theoretical background on why the base is constructed in this particular way."
84,Starport,200 CP,Vanilla Stellaris,"""The earliest starbases were little more than makeshift outposts. Permanent starports will enable us to maintain a firmer grip on star systems.""

You can build, maintain, and operate a permanent starport of this caliber, provided you have the suitable tools and materials on hand. However, your knowledge is primarily practical: you lack an extensive theoretical background on why it is constructed in this particular way."
85,Corvettes,150 CP,Vanilla Stellaris,"""The corvette is the most basic military ship, armed and ready in the event of hostile contact.""

You can build, maintain, and operate a corvette-class vessel, provided you have the suitable tools and materials on hand. However, your knowledge is primarily practical: you lack an extensive theoretical background on why it is constructed in this particular way."
86,Predatory Tactics,300 CP,Vanilla Stellaris,"""Just as clever pre-FTL hunters move to conceal themselves while approaching prey, so too can our pilots move faster without disrupting their cloaking field.""

You understand the art of stealth movement in combat. You know how to coordinate forces to maneuver at increased speed while maintaining active camouflage, allowing strikes that are both swift and undetected."
87,Alien Topography,300 CP,Vanilla Stellaris,"""Civilizations flourish in locations that promote growth. By analyzing where the majority of pre-FTL settlements thrive, we can gain more out of our own colonies.""

You possess a deep understanding of how alien species interact with their environments. You can analyze settlement patterns and geographical data to identify optimal locations for colonies, maximizing their growth and potential."
88,Lost Building Methods,200 CP,Vanilla Stellaris,"""Any civilization with a long enough history has examples of great wonders built by forgotten ancients, which can no longer be replicated. Luckily for us, we have documented these great ancients when they appeared on pre-FTL worlds.""

You have studied and preserved the construction techniques of ancient civilizations. You know how to recreate their lost architectural marvels, allowing you to build structures using methods and materials that have long since faded from memory and getting useful insights from them."
89,Leviathan Tech Genesis,500 CP,Vanilla Stellaris,"""Utilizing the recovered knowledge seized from leviathans, we now have access to new improvements for our frames.""

You possess the secrets extracted from ancient cosmic leviathans. This knowledge allows you to integrate their otherworldly biology and technology into your own constructions, granting them unprecedented enhancements and capabilities far beyond conventional designs."
90,Stellaris Species,200 CP,Vanilla Stellaris,"You are an expert focused on the biology of the many sentient species found throughout the Stellaris universe, including those from various species packs. Your scientific knowledge of their diverse and unique physiologies is extensive and profound, allowing you to understand, interact with, and potentially even engineer solutions tailored to their specific biological needs."
91,Enigmatic Decoding & Encoding ,800 CP,Vanilla Stellaris,"""While producing average results in standard tests, the accuracy of the Enigmatic Decoder's prediction algorithms seemingly increases as the target's flight path grows more erratic. Conversely, the Enigmatic Encoder scrambles our own flight path data according to some indeterminable design before feeding it back to fleet command.""

You possess the knowledge to construct, operate, and integrate both Enigmatic Decoder and Encoder systems. Your decoding technology becomes more accurate the more seemingly unpredictable the target's movements, while your encoding systems scramble your own flight data in ways that defy analysis. Together, these technologies grant your fleet unparalleled predictive targeting and defensive evasion."
92,Bio-Integrated Combat Computing,600 CP,Vanilla Stellaris,"""We can develop specialized neurochips to influence the behavior of space fauna involved in fleet combat. Additionally, the diverse sensory organs of spaceborne life can be enhanced by our technologies with minimal harm to the organism.""

You possess the knowledge to seamlessly integrate advanced computing technology with living spaceborne organisms. You can create neurochips that allow you to direct the behavior of space fauna during large-scale combat, while also enhancing their natural sensory organs with technological augmentations. All without causing significant harm to the creatures themselves."
93,Xenological Computation,700 CP,Vanilla Stellaris,"""After studying multiple pre-FTL civilizations, we have realized there are many alternative ways to calculate the universe. Different societies have developed alternative solutions for their logistics and computing. These alien ways of thinking have introduced entirely new numbers into our mathematics and made it easier to adapt to foreign empires' structures.""

You have absorbed the computational paradigms of countless alien civilizations. You understand alternative mathematical systems that introduce entirely new numerical concepts, as well as trinary and other non-binary computing architectures. This knowledge allows you to adapt seamlessly to foreign computational and logistical structures, whether for code-breaking, integration, or cultural understanding."
94,The Celestial Code,1200 CP,Vanilla Stellaris,"Your understanding has transcended conventional science, allowing you to perceive reality as a complex, layered code of physics and spacetime. By mastering the art of precise, microscopic alterations to gravity - injecting commands into the fundamental framework of existence - you can now perform temporary edits to the rules of reality itself. However, these changes are fleeting. To make your modifications permanent, you must engineer a vessel or construct capable of piercing the fabric of spacetime and surviving the journey through nascent universes. Only by anchoring your will across dimensions can you make your revisions to the cosmic source code absolute."
95,Gravity-Assist Logistics,300 CP,Vanilla Stellaris,"You possess an intuitive genius for gravity-assisted astrogation. You have the theoretical and practical knowledge to calculate perfect slingshot maneuvers, using planetary gravity wells to achieve maximum velocity with minimal fuel. This talent extends to logistics; your deep understanding of orbital mechanics allows you to position yourself or any craft you pilot with such efficiency that you can perform complex missions with a fraction of the typical resource expenditure. Wherever you fly, your fuel efficiency and maneuverability are simply superior."
96,Dark Matter Deflectors,500 CP,Vanilla Stellaris,"""These deflectors utilize dark matter to deflect incoming projectiles in a way that seems to utterly defy the laws of nature.""

You possess a complete understanding of Dark Matter Deflector technology. These advanced shields utilize dark matter to deflect incoming projectiles in a way that defies the known laws of physics, offering superior protection. You gain the theoretical knowledge and practical skills necessary to construct, maintain, and utilize these deflectors reliably. You still require the proper tools and facilities to build them and you have no idea how to do it!"
97,Dyson Sphere for Dummies,200 CP,Vanilla Stellaris,"Your mind now contains a comprehensive and highly detailed plan for constructing a Dyson Sphere - a megastructure designed to fully envelop a star and convert its entire energy output into usable power. This mental blueprint is easily accessible and outlines a step-by-step process, starting from the industrial capabilities of modern Earth and incorporating every conceivable shortcut to achieve this monumental goal. It doesn't put things like actual need for Dyson Sphere, ethics of each step or other important issues into account. Actually acquiring the resources and putting this information into practice is still up to you. "
98,Matter Decompressor Project,200 CP,Vanilla Stellaris,"You receive a fiat-backed dataslate containing incredibly detailed instructions for constructing a Matter Decompressor - a megastructure that uses a black hole's gravity as a drill to extract virtually unlimited minerals from the singularity itself. The blueprint touches a bit on fundamental theory but primarily serves as a practical, step-by-step guide to achieving this goal under a range of varying circumstances. It assumes the reader possesses the necessary foundational knowledge, focusing instead on the actual construction process. It is easily accessible by computers of practically any architecture and will come back into your possession some time after, if destroyed."
99,Dark Matter Power,400 CP,Vanilla Stellaris,"""These generators appear to somehow draw energy directly from dark matter, providing more ship power than should be possible according to the laws of physics.""

You possess the theoretical knowledge of Dark Matter Power generation: technology that draws energy directly from dark matter to provide far more power than should be physically possible. When attempting to construct these immensely complicated power generating devices, you have a supernatural advantage that guides your efforts. This won't make the task easy, but it gives you an edge in navigating the incredible complexity involved."
100,Extradimensional Weaponry,400 CP,Vanilla Stellaris,"""Applying 5th-dimensional energy manipulation principles on lower dimensional planes allows for the creation of powerful energy weapons."" 

You possess a mental compendium of fundamental knowledge and practical experiments needed to begin researching these kinds of weapons. You gain a supernatural advantage and sudden strikes of insight when actively working on this technology. "
101,Dark Matter Propulsion,350 CP,Vanilla Stellaris,"""These thrusters utilize Dark Matter technology to generate propulsion in a manner that appears to defy numerous laws of physics."" 

You possess the schematics and understanding needed to construct and integrate these exotic thrusters into your ships. They offer unparalleled speed and maneuverability by harnessing the reactive properties of dark matter."
102,Dimensional Transcendentalism,1000 CP,Vanilla Stellaris,"You have unlocked the secrets of dimensional transcendentalism, allowing you to construct ships whose interiors are vastly larger than their exteriors suggest. This ""bigger-on-the-inside"" principle grants your vessels immense firepower and capability at a fraction of the expected logistical cost. This knowledge applies across your fleet, from the modest Riddle Escort and the imposing Enigma Battlecruiser (which outclasses standard battleships) to the nigh-impregnable Paradox Titan, a mobile fortress that can shrug off all but the most brutal assaults."
103,Nanite Repair System,300 CP,Vanilla Stellaris,"This nanite repair system is a highly effective auto-repair mechanism comprised of billions of microscopic repair machines. Originally salvaged from the wreckage of the Scavenger, this technology has been repurposed for your use. You gain a sealed, dormant sample of this advanced technology, along with an incredibly detailed and comprehensive guide on how to activate, utilize, and reproduce it for your own vessels and equipment."
104,Power of the Sun,100 CP,Children of the Sun,"You spend long enough in the cult for the seed of psychic power to take root within you. You are able to move objects with your mind. To start your range only extends a few feet away from you and only allows you to move small objects like scissors or pencils. The range, power, and precision of these powers will slowly improve over time. 

However, extreme emotions and trauma can explosively speed up this growth. In a few years, you might be able to suspend entire cars in the air almost a mile away from you without focusing that hard on it or use a knife to slit someone’s throat without even looking in their direction."
105,The Father,400 CP,Children of the Sun,"Somehow or another, you have discovered the secret to how the Leader is able to unlock the psychic potential of his followers. This process involves frequent meditation, live sacrifices, prayer (either directed towards you or a deity/ideal of your choosing), and a variety of other rituals. Of those who follow your teachings, only 1 out of every 100 followers will develop any psychic abilities of note. Out of every 10,000 followers, you may get a natural savant like the Runaway who can demonstrate unprecedented psychic power. Hopefully your own psychic power is great enough for these anomalies to not threaten your position."
106,Sycophant,100 CP,Children of the Sun,"You always seem to know exactly how to act to get on the good side of power mad lunatics, and more importantly, how to stay there. Whenever your boss is looking for someone to kill to make a statement, it’s pretty much guaranteed they’ll choose someone other than you, unless you make an effort to piss them off."
107,Poison Smiles,100 CP,Children of the Sun,"Like any good cultist, you have mastered the art of weaponizing kindness to make others dependent on you. This is a time-consuming process, but with enough years to groom your mark, they’ll gladly turn a blind eye to all but the most extreme displays of cruelty or hypocrisy that might otherwise shake their faith."
108,Foreshadowing,200 CP,Children of the Sun,"When somebody is after your life, you will receive visions of their appearance. These are brief flashes and will only trigger if you already know that someone is after you. However, these flashes become more frequent the closer this assassin comes to achieving their goal, allowing you to roughly gauge their proximity."
109,Occult Sleuthing,200 CP,Children of the Sun,"It’s frankly bizarre how quickly the cult realized that they were losing dozens of men to a single bullet. You have the deductive skills to recognize even the most absurd truths behind a given crime scene. Whether that be the involvement of psychic powers, Rube Goldberg-esque murder plots, or similar improbabilities."
110,Descendence,300 CP,Children of the Sun,"You have mastered a rare form of psychic power. You are able to teleport up to 4 people, which may or may not include yourself, in a beam of light. The range of this warp is about the size of a small town. This range can be expanded with practice, to the point you could travers an entire city. Regardless of your mastery of this power, these kinds of long-range warps require 45 seconds to warm up."
111,Personal Space,300 CP,Children of the Sun,"A special psychic technique used to counter the runaway. You are able to project a large psychic bubble that is able to catch any projectile and redirect it out of the bubble, even if you have no means to perceive said projectiles. This power can only deflect one projectile at a time but can be projected again about half a second after each use. This also enhances your ability to levitate yourself into the air."
112,Long Live the King,500 CP,Children of the Sun,"You have the kind of charisma that most cult leaders wish they had. You could convince hundreds to worship you as a god, even if you’re an unhinged madman who kills their followers on a whim and rapes their wives. Now, going that far may cause a few cracks to form, but you’ll still be left with several dozens of followers willing to become killers in their own right just to earn your approval."
113,Sympathetic Barrier,600 CP,Children of the Sun,"A special psychic technique used by the Leader to save his own skin. You are able to erect large psychic barriers linked to up to 10 individuals of your choosing. They must remain outside the barrier, no more than 20 meters away, and alive. As long as at least one of these links remains, the barrier is invulnerable to all conventional damage. You can even nest multiple barriers within each other."
114,Hunter,100 CP,Children of the Sun,"Even without the use of psychic powers, you are a crack-shot with a rifle. You can put most snipers to shame and have a vague feeling for when you have a clear shot to either something living, or something that will explode when shot. However, this doesn’t actually tell you what that someone or something is."
115,Survivor,100 CP,Children of the Sun,"For such a young girl, the Runaway makes surviving in the woods look easy and so do you. Fishing, hunting, foraging, you have all the skills one could need to survive without any human assistance for prolonged periods. Some warm clothes, a knife, and maybe a hunting rifle for good measure, and you’re set for life."
116,Mark of the Beast,200 CP,Children of the Sun,"You are able to place a mental “mark” on a living being or other notable targets in your line of sight with a moment of focus. You are able to perceive this “mark” through solid walls once set. These will remain until the target has died, 3 hours pass, or they escape your range (about 2 miles)."
117,Berserker,200 CP,Children of the Sun,"One would think that insanity would be a liability to an assassin. Madness, in all its forms, only seems to increase your lethality. Dulling your pain while sharpening your other senses, concentration, and overall ferocity. Not even hallucinations can impede your ability to strategize or identify your enemy."
118,The Old King is Dead,400 CP,Children of the Sun,"What better way to prove your superiority over someone than to kill them? Whenever you find yourself up against some kind of (literal or figurative) cult of personality, simply killing the individual at the top has an odd effect on those below. The bulk of said cult will instantly redirect their admiration to you, allowing you to take control of the entire group without any notable resistance."
119,Prelude,400 CP,Children of the Sun,"On the night before you partake in some kind of assassination or major battle, you will experience prophetic dreams that simulate these missions, down to exact enemy locations. These dreams are abstract, and don’t account for factors outside the battle like the betrayal of an ally, or the arrival of a new superweapon. However, you’ll have about a dozen attempts to perfect your strategy before you wake up."
120,Ballistokinesis,600 CP,Children of the Sun,"The Runaway’s iconic power. You can infuse your power into a projectile, allowing you to “see” from the projectile’s perspective with time slowed to a crawl. You can slightly alter the projectile’s trajectory in-flight, but if you hit a valid target (any living being or explosive) your bullet stops in-place for you to freely rotate before resuming its prior momentum. You may develop more techniques in time. 

This power has a few weaknesses. You can only control one projectile at a time, and doing so leaves your body defenseless. The projectile will lose all power, and your consciousness will return to your body if the bullet hits any non-valid target or leaves the range of your power (marked by a giant golden bubble only you can see). The size of this bubble will grow as this power does. By the end of her quest for vengeance, the Runaway could encompass a small town with her power."
121,Oral Tradition,100 CP,Civilization,"The first method of really transferring information from generation to generation was the art of song and storytelling. You gain a knack for the same arts, able to effortlessly compose songlines and legends intended to deliver useful parables about the land, science or other such things. As long as something is composed as a song (or poem, it just needs that rhythm), you can explain something to someone and they will not forget it though t his doesn’t necessarily guarantee understanding."
122,No Gods or Kings,300 CP,Civilization,"With a sufficiently passionate declaration, you can describe or declare something, and people will see it as it is, not how they believe it to be. This perk allows you to remove someone’s blinders to illusion or stranger things. You could convince someone of your Jumper nature with a brief demonstration, or explain that disease is caused by germs they cannot see, as opposed to evil spirits. This only works on subjects that can be considered true you can’t make someone belief a false phenomenon."
123,Accepting the Divine,100 CP,Civilization,"Sometimes you just don’t have time to explain. This perk grants you a catchall excuse of ‘Mysteries of the gods’ or ‘I’ll explain later’. You can use this effect to ensure someone accomplishes a task you request or uses a tool you’ve provided, and they won’t delay by asking how it works. You will be required to explain properly later, but hopefully by that time, you and your allies have solved the problem."
124,Let There Be Light,100 CP,Civilization,"You gain a skill with what to most are minor tricks with fantastic applications. This talent allows you to purify things for later use, or amplify their effect, increasing how long they last and how effective they are. You could will a single candle to light a room, or arrange for a fire to burn through winter. Touching a vessel full of water purifies it of all contaminants. These are merely examples, not the limit of this talent. With sufficient time and attention to detail, the basic necessities of life for you or your people are always well in hand."
125,Primitive Screwheads,350 CP,Civilization,"Maybe by dint of items you brought in, new technologies you developed, or strange powers, you have convinced the local barbarian tribes and small hostile enclaves to give you and your civilization a wide berth. During Civilization, you suffer far fewer barbarian raids than others, and can rebuild faster from the attacks that do happen. In subsequent jumps, you and organizations you lead suffer from fewer random acts of hostility. Gangs don’t assault your stores, rival nations consider you not worth attacking, etc. You can expect a 50% reduction in these hazards."
126,Realm of Myths,600 CP,Civilization,"You and your chosen people are greater, grander than the others. Your civilization or organizations you lead, including yourself and your Companions, grow taller, healthier, and more mythic in stature. Legendary feats are now possible for you, such as such as wrestling a river, or dancing for twenty days and nights without food or rest. You could try to seduce the wind or tickle a mountain. Over time, you can also imbue this trait onto your chosen people (and companions), though any active conceptual effort on their part requires your presence. Those affected gradually become, grander, largerthanlife and serve as inspiration for all kinds of cultural tales and mythology."
127,Muse,200 CP,Civilization,"You are an inspirational presence You could serve as someone dispen sing sage advice, a legendary model, or create some other suitably thoughtprovoking ci rcumstance with another power. People who interact with you (even when unaware) are prone to sudden bursts of insight and inspiration. In any case, you don’t have direct control over what this inspiration leads to, but it’s usually related to whatever interests the inspired has. A musician might be inspired to create a defining piece of his genre, or strike out into new territory, shaking up the status quo. Regardless, this inspiration will make history."
128,View of Ages,300 CP,Civilization,"It’s easy for you to take the long view of things. You can maintain a very wide overview of a given topic, tracking variables from several different sources, and understanding the connections of one asset to another. This perk allows you to make reasonable predictions based on say, how good your current and previous harvests were, or how much profit you’ll make in the next quarter. Your predictive accuracy is based entirely on how good your base data is, but you won’t make a mistake misreading one variable for another."
129,The Enlightenment,300 CP,Civilization,"You gain a complete understanding of the scientific method, and can think in terms of analysis, testing and experimental planning as easily as you can count time to music. When confronted with a problem or task, you can conceive of every possible permutation of variables to test for, as long as there are a finite number of them. I.E. you can’t think of infiniteva riable testcases or experiments. You cannot write down or execute these tests any faster than you normally could. Additionally, you can in a few hours completely convey the foundations of the scientific method to another person, drastically enhancing their ability to observe the world. This does not change their personality on it’s own, but over time they will find their own answers."
130,Tech Tree,600 CP,Civilization,"You and your people are brilliant innovators, easily seeing the steps they need to take to reach the next inevitable phase of a technology, or the foundational research and technologies to make the next quantum leap forward in science and design. With this perk, you automatically know what you need to research to make another innovation possible. If for example you wish to create a trebuchet, you realize you need to learn more about material sciences, construction, and so on, to achieve your goal. This perk works best when you have an idea of what the end goal is, with the further out you reach, the more steps it outlines."
131,Eruption,100 CP,Aberrant,"The latent power within your genes has been activated and formed a Mazarin-Rashoud Node within your brain. This tiny gland gathers and stores the quantum energies that a Nova uses to fuel a potentially huge range of powers. 

The circumstance of your ‘Eruption’ likely influenced what kinds of powers you now have, if only subconsciously, and whether you like it or not are now a member of a group whose actions will decide the course of humanity’s future. All Novas can improve their powers with time and practice, or even gain entirely new abilities, but everything has a price. 

For you, that price is Taint. Little understood but manifesting as exotic radiation, it arises as the result of the imperfect transmutation of ambient quantum energies used to fuel the powers manifested by Novas. If the M-R Node is an engine, Taint is smog. Its existence is known only to a very few, and most assume the effects of Taint buildup to be a normal part of Nova-dom. Left unchecked, it can cause mutation, insanity, and will help drive the world to the brink of ruin in the decades to come"
132,10th Instar,200 CP,Aberrant,"Over time a nova’s node grows in size and power but also puts pressure on other parts of the brain which can cause any number of neurological problems. Your node has matured far past that point and is now dispersed throughout your entire nervous system in a natural process that would’ve otherwise taken years. As a result your stores of power are vastly larger and you can safely exert your powers to a higher degree with less concern for generating taint.

>Requires Eruption (Aberrant)"
133,NovaTech,300 CP,Aberrant,"Nova powers can fill technological gaps, allowing for devices to be constructed that are decades ahead of the curve...even if those devices won't work for anyone but the Nova that made them. Mainly the domain of Mega-intelligent scientists, you've made great strides into the field of using technology that interacts with a Nova's innate powers. 

Perhaps this is as simple as a gauntlet that helps amplify the power of Quantum Bolts, or as complex as the large structures that allowed Warp-capable Novas to send thousands of people and the resources needed to create a new civilization to distant star systems. Post-jump, you’ll have an equal knack for creating technology designed to interact with or be powered by exotic power sources and unusual biologies."
134,Second Generation,600 CP,Aberrant,"You are one of the extremely few 2nd-generation novas in the world. For a start this means you’re far more powerful than the average Nova and will continue to develop your abilities faster and easier than 1st generation novas. Being born a nova also means your mind and body is well-adapted to the strain of your powers and it is very difficult, but not impossible, for you to gain taint.

>Requires Eruption (Aberrant)"
135,Herding Flying Cats,200 CP,Aberrant,"There are more leaders than followers among Novas, and after formal training and exhaustive experience ‘in the field’ you’ve gotten used to dealing with the mega-arrogant. Even with your private Lear jet getting waved over your head you’ve got good odds of calming, placating, or at least convincing quantum-powered egos to dial it back before anything serious happens. Only so long as your intentions are pure, through. While Novas can easily be nudged to fulfill their contract or talked out of anything that’ll embarrass the agency, the smarter ones are still more than capable of picking up any attempts to be sabotaged or set up."
136,Superimposed,400 CP,Aberrant,"Acquiring a mask and a new identity is a central facet of the Elite subculture. By adopting a new persona, your real identity becomes harder to discern. Beyond simply hiding your face, the more effort you put into this new persona the more protection it offers. A cheap balaclava might leave people disagreeing on the details of your voice or build, but with a full costume and the close adherence to a carefully-crafted stage persona, you and your masked identity are effectively two different people. Even when precogs, telepaths, or out-of-jump means are concerned, your new persona doesn't even exist when you aren't 'in-costume.'"
137,Leader in the Field,600 CP,Aberrant,"Every Nova thinks they’re hot shit, and powers can take a person far, but you? You have more than party tricks and a colorful costume. You are a once-in-a-generation savant in a scientific field of your choice. Even if you aren’t a Nova you could compete with them through sheer insight, but if you were? Showing off your ability could see you quickly become a household name and give Utopia nightmares at the thought of how transformative your creations could be for the world if distributed."
138,DVNTS Elite,600 CP,Aberrant,"DeVries National Tactical Solutions has trained you for Nova-grade warfare. You are familiar with almost every vehicle, tool, and weapon in modern use, and there is no role, generalist or specialist, that you cannot take up with anything less than expert skill. Alone, this would still leave you as just one among many. Where you truly excel is understanding how powers change the face of warfare, from mega-strength to teleportation. 

You can see uses for them beyond the obvious, consider ways to nullify unusual advantages your enemies have over you, and even anticipate how the enemy and their outdated preconceptions of warfare might inform their reactions on scales large and small when powers enter the equation. You are a student of Nova warfare, and your talents will be needed in the years ahead."
139,Professional Superhero,100 CP,Aberrant,"Even if you aren’t a member of Team Tomorrow it’s likely you’ll run into questions of legality where powers are concerned. As part of standard training you’ve received a crash course in the laws surrounding novas and power use, which naturally includes knowing how to twist those laws to the breaking point without giving anything away. In future jumps this knowledge will update along with tricks and tips needed to get as much use out of them as legally possible, or just giving mundane explanations for what you accomplish in settings where powers are unknown to the public."
140,Smile for the Camera,100 CP,Aberrant,"As a Nova you are one of Utopia's most visible representatives, and you are expected to handle yourself appropriately in view of the world. Besides whatever natural beauty or charm your eruption gifted you with, you have been carefully trained to make the most out of what you have. You know how to use fashion, body language, and rhetoric to get the desired response out of your audience, and how to roll with the unexpected and avoid being wrong-footed by trick questions from nosy reporters."
141,If you would deceive your enemies…,200 CP,Aberrant,"For a better tomorrow, hidden elements within Utopia undertake actions that must remain secret. When situations don’t allow for a quiet resolution with deniable assets, lies are spun and ‘sensitive’ missions are assigned to the unwitting. More than just manipulation and lying with a straight face you know how to plan around the need for information control in both the short and long term. It’s fair to say that barring unforeseen variables or superhuman levels of investigation, you could spend years in a double life without allowing your divided duties to interfere with each other."
142,Quantum Teamwork,200 CP,Aberrant,"Team Tomorrow serves as Utopias' poster children for Novas who use their powers to make the world a better place. But PR aside, they are often outclassed by Novas with far more combat experience and fewer scruples in combat. T2M members are rigorously trained to make up for any deficiencies by working as a team, both with squad tactics and a firm understanding of how powers interact with each other. 

As you train and work with allies, your teamwork skills will go beyond knowing how to fight as a group, giving you insight into how your powers and abilities interact with each other for better or worse. Some powers just don't agree with each other, while others can become stronger with a little outside help. A few rounds of super-sparring is all it takes to learn the difference, and to avoid getting blindsided by the consequences of crossing the streams."
143,Paraphysician,400 CP,Aberrant,"Rashoud facilities around the world are ready to take in newly-erupted Novas and teach them how to use their powers. Training typically involves biofeedback exercises, practical lessons within shielded labs, and a crash course in quantum physics. After joining Utopia you continued your studies and eventually became a licensed Paraphysician. Through observation and testing you can develop ways to quantify and categorize the mechanics of how individuals access superhuman powers. 

While it will still take time and effort to discover the hows and whys behind a power, it's easy for you to develop methods to help train people in the use of their powers and find ways to mitigate any side-effects that those powers may have. As a side note, you've mastered the skills of Dormancy and Attunement to a degree that most Novas never will and can easily teach these skills to others. Post-jump all of these services and skills can be adapted and taught to the users of biology-based powers in other settings."
144,A better tomorrow,600 CP,Aberrant,"The Aeon Society has been manipulating the world for a very long time, hiding the existence of the Inspired and the first proto-novas from the public consciousness. You have that same talent for shaping society, easily predicting how things such as new technology, media trends, and shifting politics will influence the human condition and how it can be nudged to suit your goals. 

You’ll need the tools to work these changes, of course, but it’s only a matter of time before you reach the point that the U.N. would come to your door and give you the authority to work even greater influence upon the world, all while thinking it was entirely their own idea to do so."
145,Practical Quantum,600 CP,Aberrant,"No one really understands how powers work, but Utopia, and yourself, can easily understand the value of applying them. You have a real gift, not for the academic understanding of powers, but working with them on practical projects. Terraforming, civil engineering, environmental cleanup? Find the right power, run a quick simulation and you can make the Sahara green or stop tornadoes from tearing apart a country on a regular basis. While any Nova might be able to pull off these kinds of projects with enough work, you have a real talent for doing it faster and better than anyone would think possible. 

As long as you’re directly involved with such a large-scale project somehow, whatever you’re planning may not always work out in the end but you don’t have to worry about things going awry. Your geothermal plant will never turn into a supervolcano, your biomancer-designed bacteria won’t mutate, and similar power-based Nova-scale projects will, at worst, fail safely."
146,Supergroupie,200 CP,Aberrant,"Even among novas, there is a pecking order. All Terats are taught to be leaders but the label of follower that most would disdain is one you instead know how to exploit. You can smoothly present yourself as a petitioner, as something lesser, how to grovel and flatter without coming off as a sycophant. 

Or you could overdo it, if you think that would get better results. When it comes time to act, using your powers to advance the goals of someone you serve (or pretend to serve) they enjoy a respectable boost in power and scope, and any powers your superiors turn towards your benefit will enjoy a similar boost."
147,Portent,400 CP,Aberrant,"Through the very act of contemplating evolution comes advancement. You can easily perceive flaws and in the course of working to correct them epiphanies come easily and often. This talent for exacting and merciless analysis will apply towards nearly anything you can think of, and it will never fail to aid you in overcoming greater and greater challenges. Always remember that perfection is a moving goal, so ever be mindful to look beyond your immediate problems else you find yourself within an evolutionary dead-end."
148,Carving Galatea,600 CP,Aberrant,"The public believes that the destruction of the space station Galatea and the release of radioactive material onboard triggered the first eruptions. This is partially true, but the lion’s share of the spark came from Divis Mal straining his power to its very limits after years of preparation. Following in his footsteps you now know how to spark similar mass-empowering events. The recipients must have some form of latent power waiting to be activated. 

You can try to affect the outcome, such as nudging what is gained to favor certain expressions or the amount of raw power granted where such variables exist. Your control isn’t perfect and there will always be outliers among the results. Be warned that whatever you set in motion, this perk offers no way to undo it or to escape the consequences. You are initially limited to causing Novas to erupt. 

Post-jump you may instead try to activate any latent powers among the populace, such as the Inhuman or X-genes in the Marvel setting"
149,Cipher,100 CP,Aberrant,"Most people don’t grasp just how easy it is to dig up information about them. From social media to the sheer amount of forms filled out in life that bureaucracy demands, anyone with a bit of know-how can quickly learn things that most people have forgotten. Such a transparent life is unacceptable to someone in the intelligence business. You know how to minimize the paper trail your life creates, and habitually act in ways that minimize the amount of physical evidence left laying around."
150,Tradecraft,100 CP,Aberrant,"Before you can graduate to field work, you'll need to demonstrate a firm grasp of all the classic spy skills. How to lie, how to realize when you're being played, how to tail someone without being obvious about it or palm small objects...and how to quietly kidney-punch and garrotte someone when they're not looking. You're a generalist, not a specialist, but your repertoire is broad and these skills will only improve with experience."
151,Solving the locked room murders,200 CP,Aberrant,"Mind control. Teleportation. Precognition. A hundred ways exist for Novas to commit or conceal a scheme in ways mundane law enforcement isn’t equipped to detect, let alone counter. But these are the matters the Directive must deal with, and you have a fine-tuned sense for them. This perk won’t tell you the hows or whys, but when investigating anything from a broken lock to a world-wide conspiracy you will know with absolute certainty if Nova powers were involved in any way. 

Post-jump, you’ll have an equally accurate sense for the involvement of anything that is beyond the mundane."
152,Killing Superman,400 CP,Aberrant,"When pitted against someone with abilities that no baseline human could hope to defeat, the Directive knows not to fight fair. They plan, they study, they account for a target’s powers, psychology, and every possible external factor that might matter, and even a few that shouldn’t. When the time comes to put those plans into action they go off without a hitch. 

The timing of you and your fellow agents is like clockwork, equipment doesn’t fail outside of extreme stress, and the more outmatched you are by your foe the further luck bends to favor you. 

This doesn’t mean you can hurt someone when you flatly have nothing that can hurt them, but this perk works just as well for direct combat as it does for setting up situations in the future that ensure a target will be neutralized through more indirect means."
153,Mental Compartmentalization,400 CP,Aberrant,"To deal with Mega-charismatic and mind-reading novas, the Directive has developed a system of hypnotic conditioning to protect their agents and secrets. You have benefited from these techniques, and are skilled enough in their use to perform the procedure or teach them to others. Telepaths who attempt to listen in on your thoughts will hear only nursery rhymes, mathematical equations, and other meaningless repetitive trivia. Beneath this first barrier you can layer a false persona that can stand up to some scrutiny. 

You can further hide important pieces of information even from yourself behind subliminal blocks that only lift when you experience a specific stimulus. These techniques aren't foolproof, but have tricked many Novas who thought that a 'mere baseline' could not possibly keep secrets from them and failed to look deeper."
154,Alchemist,300 CP,Atelier Ryza,"Alchemists are those who are gifted with the power to perform alchemy, the art and science of combining different objects together and creating something totally new using their physical and magical properties. Whether you’re an experienced alchemist like Empel or a total newbie like Ryza, being an alchemist puts the power of creation at your fingertips.

Alchemy is a wondrous power upon which entire kingdoms have been built, but only those with a natural talent for it can conjure up even the most basic of creations. Lucky you then, because you’ve got talent in spades! With a cauldron of magically-enriched water and a bit of applied magical power you can draw out the magical qualities of various ingredients, breaking them down into their base components and blending them together to create almost anything you can imagine. 

The greatest creations will require high-quality ingredients and an advanced understanding of the world, but even amateur alchemists can make simple tools like bombs, potions, weapons, and much more."
155,Magical Talent,100 CP,Atelier Ryza,"Apart from alchemy the power of magic is quite widespread in this land. Even children like Tao and Ryza can defend themselves with very basic spells like fireballs and bursts of destructive light, and well-trained warriors like Lent and Lila can push their bodies to perform feats of strength and speed far beyond those of an ordinary human. 

That potential dwells within you as well: with practice you can learn to harness your inner magic, whether by casting simple spells like orbs of explosive light or using it to strengthen your body. Given enough training you can eventually become as strong as any of the monsters in this world."
156,An Eye for Quality,100 CP,Atelier Ryza,"Miraculous as they may be, an alchemist’s creations are only as good as the ingredients they’re made out of. Even rookie alchemists quickly learn how to appraise objects for quality and any alchemical properties they may have, from common household objects to ancient magical artifacts and beyond. 

At a glance you can evaluate an object’s quality, such as a plant that’s healthy or sick, chunks of ore that have high or low purity, or a weapon that was forged with great skill and care. With practice your judgement can be refined further, allowing you to also determine any alchemical or magical properties an object may possess"
157,Visions of Antiquity,200 CP,Atelier Ryza,"Nothing can be done for the lost souls of the Klint Kingdom but the knowledge they gathered need not die with them. You have a rare gift which allows you to turn back time for a few brief moments. Some call this talent psychometry, the ability to read memories or spiritual impressions from objects as if they were your own. 

An ancient sword might show you the thoughts of the alchemist who forged it or the dying wish of its former master, and a piece of rubble from a ruined home might show you the disaster that once destroyed it. 

Depending on the age and condition of the item you might be able to pull out a great deal of information or only a few fragmented visions devoid of context, so uncovering ancient mysteries will still require some detective work on your part, but you do have some control over what sorts of visions you have depending on what sort of information you’re looking for."
158,Outside the Box,400 CP,Atelier Ryza,"Alchemy demands a flexible way of thinking, a willingness to treat rules more like guidelines and stray off the beaten path from time to time. When a recipe demands specific ingredients and you only have half of what’s on the list, you don’t give up, you get creative. Whether you’re baking a cake or trying to repair an ancient artifact you’re a genius at improvising and jury-rigging unconventional solutions. 

You could bake a cake with mushroom powder instead of flour without impacting the taste at all, or repair an ancient artifact using scavenged parts and a jury-rigged power supply. With alchemy on your side you can synthesize just about anything, turning high-quality common ingredients into substitutes for rare ones. There’s no need to use the blood from an extinct dragon as a fuel source when you can make magical liquids with exactly the same properties out of household ingredients!"
159,"Reduce, Reuse, Recycle",400 CP,Atelier Ryza,"Even in alchemy destruction is much easier than creation and disposing of trash or destroying dangerous artifacts is as easy as tossing them in the pot and giving it a stir. But it’s a shame to let things go to waste when they have useful properties, so why not make good use of them? You’re able to break down objects into their raw alchemical essence, manifesting as tiny crystals of alchemical power or elemental energy in liquid form. 

This magical essence can be used in your alchemy to supercharge your creations or transfer magical qualities from one item to another. You could melt down a magic sword into soup, save its power in crystal form, and transfer those powers to another creation at a later date. Or you could just destroy the object in question, leaving no trace of it. Some things are better off not existing at all."
160,Miracles of Ancient Wonder,600 CP,Atelier Ryza,"Any alchemist worth their salt can make bombs and potions and magical swords but the alchemists of the ancient Klint Kingdom constructed wonders like prosthetic limbs, portals to other worlds, and even more fantastical things. Most alchemists can scarcely comprehend the lost secrets of these devices, much less reproduce them… but most of them aren’t a genius like you are. 

Your talent for alchemy is astonishing, matched only by Ryza herself: not only do you have an obscene learning curve, able to master in months fields of knowledge that require years of study from others, but you can reverse-engineer any device that you lay eyes on, whether it was made with alchemy or not. 

As long as you understand the theory behind what a device is supposed to do you can puzzle out what it’s made of, how its components contribute to it, and how to reproduce it with comparatively very little work. With time you’ll even become able to create wonders on par with the Klint Kingdom’s ancient relics"
161,Master of Mana,600 CP,Atelier Ryza,"Alchemy’s foundations are built on the magical knowledge of ancient civilizations who once made cities fly through the sky, battled demons from hell, and even unlocked the secrets of immortality with their mastery of magic. By comparison the simple battle magics known to modern humans are like children smashing rocks together, a pale imitation of what came before them, but in you the capacity for such things remains if only the knowledge can be rediscovered. 

You are a genius at manipulating raw magical forces, so much so that anything you can accomplish with alchemy you’ll quickly learn to replicate as magical spells. From hurling powerful fireballs and supporting your allies with healing magic to enchanting objects with magical properties, you can conjure these effects out of thin air as easily as you could in your atelier using magical power rather than raw ingredients. The energy required may be comparatively enormous but with training even this limitation can be overcome"
162,Wilderness Survival,100 CP,Atelier Ryza,"You can’t have much of an adventure if you don’t travel off the beaten path every now and then. Villagers might be intimidated by the wilderness and all the monsters inhabiting it but little things like getting lost only happen to amateur adventurers, not the likes of you. 

You’ve got good instincts for navigating the wild places of the world, not only allowing you to find the quickest paths through a forest and the safest places to camp but also identifying dangerous plants and animals, especially monsters. You’re also a pretty good cook and can whip up tasty meals out of anything you might find in the wild, though that may mean eating bugs and herbs. At least you won’t starve even when you’re totally broke, right?"
163,Sure-Footed,100 CP,Atelier Ryza,"Ancient ruins aren’t the easiest places to get around in. Even when you aren’t being harassed by the local monsters the very ground itself can give way beneath you if you aren’t careful, and that’s when you have a clear path to use at all. 

You have fewer problems than most when spelunking through ancient ruins and similar locales, as you have a good instinct for finding safe footholds and stable terrain. If an ancient path is about to crumble or a bridge can’t support your weight you’ll know the instant you see them, and you’re nimble and athletic enough to shimmy along cliffsides and leap between platforms as easily as if you were taking a leisurely stroll down an empty street."
164,One with Nature,400 CP,Atelier Ryza,"The oren are devout naturalists, living in harmony with nature to the best of their abilities. Perhaps that’s where this unusual gift came from: you are naturally sensitive to the presence of living creatures, animals and plants alike, as well as characteristics such as their health and any magical abilities they possess. 

An alchemist may be able to judge such things with training but you can do so at a great distance, almost like living radar that maps the terrain around you and tracks monsters, people, and plants without meaningful effort on your part. Should you be looking for a particular kind of plant or monster you can locate them up to a mile away and with training your senses can expand even further afield."
165,Travelling Merchant,200 CP,Atelier Ryza,"Not all villagers spend their lives in one place. Travelling merchants roam the land in search of the next big score, cutting deals and forging new trade routes along the way. You’re potentially one of the more successful members of this profession, talented in the sort of negotiations and wheeling and dealing that a merchant’s job demands of them. 

More than just cutting deals, you’ve mastered the art of supply and demand and can turn goods of even a minimal value into a pile of gold with just a bit of work reselling them in the right places. One man’s trash is another man’s treasure as the saying goes, and it’s not hard for you to figure out whose trash will be the most valuable and net you the largest profit for the least effort."
166,Magical Musician,200 CP,Atelier Ryza,"Talented musicians are always welcome anywhere that people can be found. In a world full of magic and alchemy music still has a power all its own, soothing the soul and making long winters just a little bit more bearable. You’re an exceptionally-skilled musician with at least one instrument such as a flute or violin, and you’re even able to create beautiful compositions of your own musical talent. 

When combined with an existing magical talent your music can take on magical effects, allowing you to weave songs into spells. In this form the effects of a spell can reach anyone who can hear your music, allowing you to heal your allies and lift their spirits even from very great distances away."
167,Know Your Enemy,200 CP,Atelier Ryza,"Warriors don’t just swing their weapons around wildly and hope for the best. Intelligence and tactics are essential tools in every fighter’s arsenal, and knowing a foe’s weaknesses will often spell the difference between victory and defeat. You have an analytical mind that can read your opponents even in the chaos of battle, scanning your foes constantly to determine their strengths and weaknesses, such as elemental vulnerabilities or old injuries that hamper their movements or create gaps in their swordplay. While the act of exploiting such weaknesses is still down to your own efforts, you’ll never fail to recognize a weakness so long as one exists."
168,Elemental Warrior,200 CP,Atelier Ryza,"The Oren are a spiritual people who live as one with the world around them. When it comes time for battle their warriors wield the elements as much as their own weapons, infusing their attacks with the strength of fire, lightning, wind and ice and turning battle into a deadly dance of elemental magic. You’ve learned this art, perhaps from an Oren teacher, and have mastered skills that allow you to infuse your own blows with the strength of fire, lightning, and other magical elements, allowing you to strike at any weaknesses your foes may possess. You may even weave these elements together, striking with many different elements as well as the force of your blows all in the same attack."
169,Core Crystal,100 CP,Atelier Ryza,"One of the more common artifacts found in the Klint Kingdom ruins, core crystals are alchemic items that contain and reproduce the effects of other alchemic items with limited uses, such as potions, bombs, and so on. Syncing an item to a core crystal allows the crystal to use a built-in supply of magical energy to replicate the item’s effects, turning a single bomb or potion or other items into a reusable supply of them so long as the crystal’s energy supply holds out, though more powerful items will take much more energy and some may even be too powerful to be replicated. 

The crystals will recharge their energy supplies on their own whenever they’re not in use. Up to four items can be linked to a single crystal and you may purchase this item multiple times."
170,Rites of Initiation,200 CP,Cultist Simulator,"What is a pastor without its sheep? A hunter without the hunt? An occultist without its tools? This purchase grants you basic knowledge surrounding the rituals needed for this jump, including the ritual to induct new followers. 

This includes a general understanding of their inner workings, allowing you to tailor them as you see fit. You may use this power to induct an individual into the dark side of the world, allowing them to unlock an affinity based on one of the Principles of the Mansus. This affinity will closely match the nature of the new disciple. Those that already possessed an affinity before the rite receive no benefit from this perk. 

You may take these rituals to other worlds, allowing you to create a new framework for magic based on the Principles and rituals found in this jump. This framework can interact with existing magical systems, allowing you to use the rituals you are familiar with to tap into the system, or you could have your powers work in an entirely separate manner."
171,A Favour from Higher Authority,300 CP,Cultist Simulator,"It seems you have been graced by the Hour of the Velvet, jumper. Around you forms a fog that shields your presence from the powers that shape the world. Through this Favour, the Colonel will not force you into the service of an Hour, the Lionsmith will not use you like a tool against his eternal rival, the Mare-in-the-Tree will not try to steal you, and The Wolf Divided promises to kill you last. Even the laws of the Mansus as a whole will look past any children born of your unholy unions, preventing the Crime of the Sky. 

For the duration of the jump, and despite not being invisible to them, the Names and Hours will remain indifferent to your presence, allowing you to inhabit their world without being dragged into their cutthroat politics. This pardon only persists for as long as you remain neutral in their conflict. Should you rise against them, know that the hammer will come crashing down from all interested sides. 

You’ll be equally blessed with indifference in future jumps, allowing you to enter the domains of gods and other otherworldly authorities without incurring their ire. At least this way, it won’t be your presence that condemns you, only your actions."
172,A Rarefied Mind,100 CP,Cultist Simulator,"It would be a shame that in your quest for enlightenment you suffered a lapse of memory. It’s not like some of these secret teachings can be found in the local library. This simple perk makes your memory perfect, limitless, and retroactive, while also allowing for instant recall and perfect indexing. You’ll never forget any moment of your life, no matter how small, and you’ll be able to recall those moments as if you were currently standing there again. As a retroactive effect, your past memories will also be affected, even if you’ve somehow managed to forget them."
173,Erudition,100 CP,Cultist Simulator,"The acquisition of knowledge is more than just the senseless hoarding of information. With this purchase you now excel at predicting, interpolating, and connecting information, and can easily cross reference your knowledge with external information, making studying a relatively painless endeavor. Combined, these benefits will allow you to triple (3x) the rate at which you study and convert conscious knowledge into instinctive understanding."
174,Bibliovore,200 CP,Cultist Simulator,"There’s so much knowledge out there, and so little time. With this perk you have the innate ability to instantly memorize the contents from text and other visual media with just a touch. This ability can be used on any kind of visual medium, from engravings on ancient pottery, to diagrams in crumbling parchments, to blurry text in waterlogged codices, or even books written in a language you don't speak. 

The actual understanding of these contents is an entirely different matter, but you’ll figure it out with time. This ability can be toggled on and off at will, so that you are not burdened with unwanted knowledge"
175,Loresmith,200 CP,Cultist Simulator,"It pays to give back to the community, and for someone that has been everywhere, you could have a wealth of knowledge for sale. With this ability you can now easily contribute to the collective knowledge of the world by instantly creating essays, books, manuals, papers, recipes and other written documentation of any subject you are familiar with. 

This information is compiled with as much care as if you had done it over a few years, and can be formatted, rewritten, and edited on the fly, allowing you to tailor the final results to your liking. Teaching perks will increase the rate at which your documents are studied and assimilated."
176,Ritual Maker,400 CP,Cultist Simulator,"Hard work pays off, and you, jumper, have spent quite some time studying the occult. With this power you can now create rituals through which others may temporarily access your perks or powers. These rituals can involve anything from chants, to performances, to tools, or even reagents, and if you’ve purchased the Rites of Initiation, you may even require one or more Principles from this world to be invoked using influences or affinity. 

All rituals must require at least 10 minutes to prepare and cast, but you can otherwise set the terms and conditions freely. Know that after imbuing any power into a ritual, that specific power will be much weaker for a few days, and unless the ritual has stringent conditions, anyone with the appropriate knowledge may use it."
177,Flawless Physique,100 CP,Cultist Simulator,"The times are right to perform, sing, and dance, and you just so happen to be a star when you move. You excel at the performing arts of singing, dancing, and choreography. From the more traditional concert dance, opera, or ballet, to more modern interpretative, swing, or jazz dance. 

To accommodate for this lifestyle, you also possess excellent body coordination, a crystal clear voice, natural resilience that provides resistance against injury and disease, and a body that perfectly preserves your ideal fitness and beauty even if you overindulge in food or drinks"
178,Door Opener,100 CP,Cultist Simulator,"The economy may be bustling right now, but there’s no guarantee that a single job will pay the bills. With this perk you now have incredible luck when it comes to job hunting, allowing you to land a job wherever you go, even if it’s just a menial employment. More importantly, this comes with a 4x multiplier to your learning rate for your job related skills, allowing you to improve in your trade at a faster rate so that you can hopefully upgrade your position and enjoy some job security."
179,Perfectionist,200 CP,Cultist Simulator,"Practice, as they say, makes perfect. And you seem to have a big advantage when it comes to reaching perfection. When performing a task that you’ve already attempted, you’ll always have the guarantee that your results will not be worse than your previous best. 

This primarily focuses on the results and not the execution, so as long your actions don’t deviate too much from your original actions you’ll still have room to improve your skills, try different methods, or even improvise in your work. The more you practice, the more scenarios this perk will cover."
180,Patronage,200 CP,Cultist Simulator,"It’s hard enough to pursue your passions when they are mundane, it’s even harder to do so when nobody has trailed the path you walk before. With this perk, you’ll have excellent luck when it comes down to attracting tutors, mentors, patrons, and benefactors, even if your aspirations are not exactly common. 

Whether you wish to learn obscure dances to change skins from Sulochana, or simply become better in your greek studies, there’s a very high likelihood that you’ll bump into one or two people who will gladly show you the ropes and set you on your way. This ability can also be targeted by simply asking someone for their help, and they’ll be far more likely to react positively to your request."
181,Changeling,400 CP,Cultist Simulator,"Flesh is but a carapace to you, and in the dances that will follow you’ll come to understand how useful it can be to shed your skin. Through this power, you may reshape your flesh and those of others in any matter of your choosing, provided you are familiar with the final form that it will undertake. 

You could change age and gender. You could grow wings, horns or additional limbs. You could even use it to turn into someone or something else entirely. The more familiar you are with a particular form, the easier it will be for you to replicate its original strength, even if it's only a partial transformation."
182,Open Soul,100 CP,Cultist Simulator,"Many would believe that a medium is a bridge for the spirits, but in the present day and age a medium starts off as but a simple entertainer. This perk provides all the tricks and experience needed to become an unrivaled mentalist, giving you a wide array of mundane abilities that seemingly border on psychic powers, such as hypnosis, telekinesis, clairvoyance, and mediumship. 

These abilities are not actually supernatural but rather a calculated application of suggestion, misdirection, and subterfuge. In addition to this, your mentalist skills can be used against other mundane skills, like cold reading, to prevent people from reading your thoughts or emotions, or learning your trade secrets without your consent"
183,Lucidity,200 CP,Cultist Simulator,"There’s plenty of dangers in the Mansus. It wouldn’t do you any good trying to tackle them at anything less than your full capabilities. With this perk, you now possess the uncanny ability to lucid dream, allowing you to remain in control of your actions whether you are asleep or forced in a dreamlike state. 

More importantly, in this lucid state it becomes easier for you to manifest your own perks and powers inside dreams or illusions, granting you the same tools you’d have available as if you were physically there."
184,All roads lead to the Mansus,200 CP,Cultist Simulator,"The Mansus is the beginning and the end of this journey, so it’s only befitting that you’d try to spend every waking moment researching it. This perk gives you access to alternate methods of traveling to a dreamscape, including rituals, drug induced visions, and meditation, and will make traveling to them as easy as simply being aware of their existence. 

Each method may have their own advantages and disadvantages but all of them will benefit from a heightened perception of time, allowing you to explore dreamscapes for longer periods without necessarily increasing the time spent dreaming"
185,Ghoul,400 CP,Cultist Simulator,"It seems you’ve imbibed in the Elixir Zeboim, and while no hour has explicitly blessed your actions, you’ve nevertheless succeeded in awakening the memories of the decaying flesh. With this ability, whenever you partake in a kill or consume a corpse, the memories of the dead will flow into you, giving you an insight on their lives as if you had been there by their side. This process takes only a couple of seconds, at most a minute, during which you will remain in a dreamlike state, and can be toggled on and off at will, so that you are not burdened with unwanted knowledge"
186,Mr. Never No,100 CP,Cultist Simulator,"As a priest in charge of a parish, it’s of utmost importance that you can perform your job correctly. With this perk you now possess an exceptional charisma worthy of a community leader, not only able to charm your audiences with ease, but also having a very keen eye for other people’s wants and needs. Additionally, and if you didn’t before, you are now capable of delivering your messages with exceptional eloquence, never stumbling on your words, and always transitioning from one topic to another with exceptional ease."
187,Appeal,100 CP,Cultist Simulator,"A man in your position has to walk the walk as much as they talk the talk. This perk gives you an exceptional control of your own body’s language and tone of voice, and an intuitive understanding of how they are perceived by others. With this knowledge you may present yourself as a ruthless and fearless person, a compassionate and open individual, or a meek pushover that can be easily bullied just by changing the way you move and talk"
188,Chastise,200 CP,Cultist Simulator,"There are times where kindness is not the answer, but fists cross the line. You are now expert at manipulating, coercing and intimidating people, allowing your words to cut when your hands are otherwise tied. This perk also reinforces the psychological impact of your words based on your relative strength compared to theirs, even without hinting at physical aggression, making your threats more effective even if your targets know nothing about you."
189,Exultation,200 CP,Cultist Simulator,"Your words inspire more than just attention, and with the right topic and the right passion, they may even command the masses. With this purchase, you are able to instill a specific feeling, emotion, or ideology in your followers through your words and speeches until you are capable of invoking it with your very presence on those that have already listened. 

This effect is not instantaneous and requires more exposure depending on the complexity of your message. For simple rapport, it would take a few days, for loyalty a few months, and for a complete ideology it may take up to a year."
190,P.I. Jumper ,100 CP,Cultist Simulator,"I can’t let you go out on those streets without some proper training rookie. You are now a master at cold reading your targets, which makes you capable of picking up subtle hints and cues based on their body language, their appearance, or their mannerisms, and using cleverly designed language you can squeeze the truth without them being none the wiser. With this you are able to spot the signs of struggle and of anxiety, the nervous tics before a breakdown, or the different tells that incriminate liars."
191,Perceptive,100 CP,Cultist Simulator,"It’s important to not make mistakes in the field, especially when the lives of innocents are at stake. If you didn’t before, you now possess at least peak human perception across all five senses. More importantly, you're able to process this input with exceptional clarity. You could easily identify and isolate a quiet conversation in a bustling cafe, spot a face out of a crowd like it was painted red, differentiate twins from one another just by smell, identify every ingredient used in a sumptuous meal, or know your exact location from the movement of a carriage."
192,A collection of paintings ,200 CP,Cultist Simulator,"This collection consists of 9 different paintings created using rarefied pigments that can only be found in the strange side of the world. Each masterpiece depicts an Hour that best associates with each of the Principles of the Mansus. These paintings can be used in rituals as tools to perform magic, or to summon spirits. 

In future jumps, the subject of these paintings will change to depict a god-like entity that best embodies each of the Principles, and with the appropriate rites, it may be entirely possible to communicate with them and gain their favour."
193,A crate of ingredients ,400 CP,Cultist Simulator,"This 3m x 1m x 1m wooden shipping crate can contain any assortment of ingredients that could be useful for your occult rituals or other activities. They don’t need to be magical in nature. This includes, but is not limited to: powders, poisons, tinctures, extracts, plants, body parts, ores, or even gemstones. You could even find an entire corpse inside it, provided it fits. To claim them, simply think of the materials you need and open the crate. The crate will be neatly organized and filled to the brim with everything you asked for inside it. This crate will restock exactly 1 week after being emptied."
194,A Corner Street Newsstand,100 CP,Cultist Simulator,"A small newspaper stand with a small selection of literature. The papers here holler with confidence, knowing that only the initiated will listen. This stand only seems to sell newspapers of the tabloid variety, that just so happen to be written with rather truthful stories. These daily news sometimes include useful information regarding the many demi-real Secret Histories."
195,A Dusty Workshop,100 CP,Cultist Simulator,"A cozy but unkempt mechanics workshop. The clattering of tools livens the machines inside it, and they open at the seams from the laughter. This workshop contains all the tools needed to service any vehicle, from a small motorcycle, to a large truck. The big parts need to be called in, but the little plugs and bolts always seem to be on stock. There’s a hidden room in the back of the building that leads to a private shrine, where influences of the Forge and Knock congregate."
196,A Velvet Cabaret,100 CP,Cultist Simulator,"A gaudy cabaret in a corner of an alley. In here, talent comes through the front, while the real patrons go through the back. This establishment is always run by a local gang, loyal dogs who will provide the much needed ‘protection’ free of charge. The music is smooth, the drinks are free, and the company is never lacking. In the private rooms, influences of Edge and Grail bleed with pain and ecstasy."
197,A Candle-lit Monastery,100 CP,Cultist Simulator,"A quiet monastery lit by thousands of candles. The wax of the candles flows endlessly, and the light inside never dims. This monastery includes a church, a library and a cloister where your followers and practitioners may take residence. The candles, the larder, and the cellar, refill themselves every night when no one is watching. When the doors of the parish are closed to visitors, influences of Lantern and Moth descend on these halls."
198,A Quiet Hotel,100 CP,Cultist Simulator,"A lovely hotel with the words “Overlook” emblazoned at the entrance. During the day, bustling caretakers tend to the precincts, at night cold winds sweep the orchards. This countryside hotel is managed by the spirits of the dead, who keep things stocked and tidy for their ignorant guests. In the gardens there’s a particularly large hedge maze where the influence of Winter wanders, while the ballroom soaks with the influences of the Heart from the floors above."
199,Alakapurine Shears,400 CP,Cultist Simulator,"The scissors that an Hour used to butcher another. These scissors sever all strings, cut all attachments, and end all contracts without repercussions, allowing one to get rid of needless things."
200,Dappled Mask,200 CP,Cultist Simulator,"A mask that conceals one’s true identity. While wearing this mask, it becomes impossible to identify someone, instead the mask is the one to bear the sins."
201,Marruvine Idol,200 CP,Cultist Simulator,"An infant doll made of wood. These dolls can placate the rage of the supernatural beasts temporarily, who will cradle the doll like their own baby"
202,Kingskin Bodhran,400 CP,Cultist Simulator,"An irish style drum fashioned out of the leftover skin of an Hour. The sounds of this drum force the hearts around them to beat to the rhythm, even if death wishes otherwise."
203,Stained Gloves,200 CP,Cultist Simulator,"A pair of black gloves. When worn, the hands behave with surgical precision, as if a lifetime of practice had descended upon them"
204,Chalice Murmurous,400 CP,Cultist Simulator,"A pthumerian chalice filled with blood. Partaking in the blood causes vivid dreams of beasts and hunters, and with great pains can things be pulled out of them"
205,Cinnabar Amulet,200 CP,Cultist Simulator,"A scarlet amulet that glows dimly with phosphorescent light. When worn, the body is never hot or cold, and always retains its temperature perfectly."
206,Carcass Spark,400 CP,Cultist Simulator,"An ember of a most radiant light. This spark never fades or burns without reason, and can consume materials and souls alike to grow like a bonfire. Its fire remembers the exact moment where all stones become water."
207,Noonstone,200 CP,Cultist Simulator,"This minor tool can be used to call upon the Principle of the Lantern. It radiates like an overhead sun, and its light can shine even in supernatural darkness."
208,Watchman’s Glass,400 CP,Cultist Simulator,"An ancient glass of polished silver anthracite. This unbreakable shield can be used to reflect the most radiant light, and even supernatural attacks will bounce off its surface."
209,Biedde's Blade,200 CP,Cultist Simulator,A blade with a pristine polish. A cut from this blade will not cease bleeding until the wound is forcibly closed.
210,Furious Sliver,400 CP,Cultist Simulator,"The remnants of a blade that had to be shattered for a general to become an Hour. Even broken, these 3 fragments yearn to strike again, and should they be reforged, they will surround and follow their master like loyal dogs of war"
211,Bone Flute,200 CP,Cultist Simulator,"A flute carved out of human bone. When 3 descending notes are played, silence falls and expands to fill any room around it. When 3 ascending notes are played, sound returns."
212,Division Bell,400 CP,Cultist Simulator,"A handheld bell that rings with dissonant tones. Pointing this bell at something and ringing it can divide that which has been put together. Through this, and with enough haste, even the Worms can be separated from the still unwilling host."
213,The Geminiad,200 CP,Cultist Simulator,"An extensive treatise in the Principle of Knock. This text provides knowledge on every lock, every door, and every barrier, and the many ways to open them."
214,Frangiclave,400 CP,Cultist Simulator,"The master key of the world, and the most powerful tool of the Principle of Knock. The Frangiclave is a key that doesn’t so much open locks, but rather utterly destroys them."
215,Paradoxical Curio,200 CP,Cultist Simulator,A reality bending trinket that represents the many Secret Histories. This curio only bends in bizarre ways when in the presence of supernatural danger
216,Atlas of Dreams,400 CP,Cultist Simulator,"An occult journal that maps the dark side of the world. This atlas can guide anyone to anywhere, even places outside of reality, provided the user has a destination in mind. Do remember that some places are harder to reach than others."
217,,,,
218,,,,
219,,,,
220,,,,
221,,,,
222,,,,
223,,,,
224,,,,
225,,,,
226,,,,
227,,,,
228,,,,
229,,,,
230,,,,
231,,,,
232,,,,
233,,,,