CP Cost,Name,Jumpdoc,Chapter,Description
Free,Demonic Being,Fog Hill of Five Elements,Bloodline,"As a demon, your physical form is far removed from what a human would consider normal. You can shape your appearance as you wish, unrestricted by human anatomy, and may even take on features more akin to those of an animal than any other creature. Beyond this ability to design a body distinct from humanity, your mind also functions differently—humans will appear to you as nothing more than enemies or prey.

Make no mistake, this does not mean you are incapable of feeling guilt when taking a human life, but your perception of them is much like that of a human towards livestock. You may feel remorse, yet ultimately, you will prevail in the food chain—whether due to the nature of your species or for some other reason."
Free,Beast Change!,Bloody Roar,Bloodline,"You can freely access your Zoanthrope form, becoming a monstrous humanoid that is a horrific combination of human and beast. Reptile, mammal, avian, amphiblan, piscine, it does not matter what. I it existed in Earth's lifetime, you can choose it. (Yes, this includes Dinosaurs. No, it does not include microorganisms.)"
Free,Dead Man Walking,Jotun,Bloodline,"You are dead, and are technically a spirit with a physical body. As a dead person, you have no need to eat or drink, and do not grow tired (be it from exertion or from going without rest)."
Free,Monstrous,Arawn,Bloodline,"The base. You are a beastman, like the wolfmen commanded by Fenris or the Boarmen indigenous to the Sacred Forest, or perhaps the Stag King slain by Kern during the Trial of Earth. You could be some sort of large predator animal common to these lands, such as a bear or a wolf. Or perhaps you are closer to man than we thought, possessing the brutish fangs build of the giants, but are the size of other men. Whatever you choose to base your form on, it must be terrestrial. This makes you much stronger than the average warrior, but not so much that no man can defeat you. You can choose whether you are humanoid or quadruped, or perhaps both, like how the Stag King resembles a centaur.

This is essentially the default option, and the shape of your body as dictated by your choices in this jump. It will change depending on your further purchases in this section. Whatever body you end up with, it becomes an alt-form post-jump."
100,Giant Ancestor,A Will Eternal,Bloodline,"The blood of giants flows in you. Your natural form is massive, towering meters over the smaller humans. Consequently, with more mass and muscle comes a much stronger body than that of others of equal cultivation to you. In the world of cultivation, only body cultivators will match you on an equal playing field, and that is if you don’t practise any yourself. Don’t get cocky though, there are many strange and profound body arts out there, that may surprise even you."
100,Spirit of the World,Asura's Wrath,Bloodline,"You are considered a natural being or spirit connected to the world/planet you happen to be on, and are innately aware of it’s themes, biases and motives. You feel the joy and pain of the world in equal measure. You may communicate with local spirits, bypassing language barriers.
Impurity Level: 250"
100,Guide of Naraka,Asura's Wrath,Bloodline,"You gain a secondary form that of a golden spider. You gain the ability to visit Naraka, the space
between the living world and the engine of reincarnation, dangling from a single spool of divine spider silk.
When inside Naraka, you may manipulate souls who are attempting to climb the infinite towers and return to
their lives, rendering them your cats­paws. Finally, when in this state your voice takes on an eery intonation that subliminally influences a subject's emotional state. The spider­form also helps you think up armor­piercing questions and baffling koans. You cannot spend more than 24 hours in Naraka. If you do, you must climb out as described in Tower of Naraka."
100,Demi-God,Saint Seiya: Omega,Bloodline,"Born from the union of a mortal and a divine being, your existence is marked by inherent strength surpassing that of ordinary humans. Much like Eden, the son of Mars, your physical prowess exceeds the norm, endowed with resilience and power beyond mortal bounds. With divine heritage coursing through your veins, accessing mentors to guide and train you comes effortlessly, as if destiny itself beckons you towards the path of mastery.

Moreover, your aptitude for learning is unparalleled, with a mind capable of absorbing knowledge and skills at an astonishing pace. Whether mastering combat techniques or delving into the mysteries of Cosmo manipulation, your accelerated learning curve propels you towards greatness with remarkable swiftness."
100,Unknown Biology,Tekken,Bloodline,"Your body is unlike those of puny humans. Diseases won’t have any luck
affecting you in any way, same with poisons of any kind. You can turn this of if you would like to get
drunk for example. You also possess a certain amount of longevity... this could even make you full on
immortal if combined with the Devil Gene somehow according to Heihachi. Your physical capabilities
are also greatly increased, even further than those with a ‘Cybernetically Enhanced’ Perk."
100,Fist of JUSTICE,Joujuu Senjin Mushibugyo,Bloodline,"Aphas, apex, the greatest specimens of a species. There are certain beings that
encapsulate all the advantages of their race while the weaknesses are diminished to the
minimum. In case of the Mushibito, that’s you. All your baseline specs are superior to any of
your peers, your insect form is far above one could expect and even your learning rate is
astonishing in comparison to others. What can be said? Your genetics are just the greatest.
Naturally, this is only an initial advantage, you still need to work a bit so other inferior
specimens don’t catch up to you."
100,Natural Armour,Kenshi,Bloodline,Your body is covered in shell-like bony growth that acts as a natural kind of armour.
100,Altered Form,Darkstalkers,Bloodline,"Through some magic, ritual or baleful curse, you’ve been transformed. When selecting this perk, you
may choose a classical horror icon to be your form from the following list: Zombie, Mummy, Were­Animal, or
Possessed Mortal.

You gain all required secondary effects to exist as whatever you happen to be, though their utility varies-
zombies for example may have rotted limbs, but you can still move and act at full capability."
100,Demonic Lineage,Darkstalkers,Bloodline,"The strength of your bloodline and demonic lineage has made you quite a bit more than human. You
gain a striking, outrageous figure. Additionally, your build no longer directly correlates to your strength and
speed as well­ ballerinas can bench tanks, if strong enough to do so."
100,Magical Morphology,Darkstalkers,Bloodline,"If you have gained an alternate form from any Nature­tagged perk, Magical Morphology allows you to
shapeshift back to human form. A given form may have a requirement, like how werewolves transform at the
full moon."
100,Alternative Form,Bloody Roar,Bloodline,"Normal Zoanthropes are restricted to one or two forms their entire life. You are one of a few that can access more, so long as the two forms are related.
Buying this Perk a second time will add a Third form."
100,Nameless Horror (Ghoul),Conan,Bloodline,"You are a ghoul. You are roughly humanoid, but you possess a misshapen head with dog-like jaws, clawed fingers, and slick, clammy flesh. Their strength is more than human, but seemingly less than some of the stronger human foes that Conan faced. They are resilient, able to survive several stabs of a dagger, though not resilient to the level of the likes of Conan, or to the point where a good blow with a sword won’t bring them down."
100,Goldsign,Cradle,Bloodline,"Obtained upon reaching the rank of Gold, usually by bonding with a Sacred Beast or a Remnant, Goldsigns are essentially the method of telling if someone is an adult in the world of Cradle, and you can design your own with this Perk. Canon examples of Goldsigns include glowing red eyes, swords that extend from your back as additional limbs, black “gloves” that seem like they’re made of liquid, horns growing from your forehead, shiny metal hair, and a halo or crown of vines growing out of your head and tangling your hair."
100,Apex Avian,Duel Monsters - Duel Terminal I,Bloodline,"You may not rule the skies, but you are certainly worthy of such honor. You are one of the wilder denizens of the Mist Valley, a mighty roc able to break steel with your wings, and your body would not be felled by mere arrows or bullets. What is truly impressive is that the wind you sail upon knows better than to disobey you. The physical might you hold shall allow you to rule the winds, cutting lines of air and localized cyclones forming at your call even if your strength was limited to what is granted by your new body alone. If you were to find another path to controlling the wind and air, you would find that your physical strength shall rise alongside those new powers, and vice versa. But power alone can not command the wild. Your power, all of it, shall grant you a charisma and raw force of personality directed at those who come from the wild and yet choose to live in civilization, such as the various birds living in the Mist Valley. More than that, those who pledge themselves to you shall find that your charisma will aid them in surviving and thriving in such conditions, even if they were but a mindless beast. Though you may yet choose to abandon it, the Mist Valley would always remember a ruler such as you."
100,Burden of the Ice Barrier,Duel Monsters - Duel Terminal I,Bloodline,"How... dare they... you are no mere human, no mere mortal. You are a dragon, a force of nature, the embodiment of winter’s wrath. Your scales are as tough as the glaciers, your claws and teeth slash with a cold deep enough to drive a mortal man dead with a touch, and your breath? The gelid torrential forces your inhuman gullet exhales is not simply a “weapon”, it is the cold hatred of the snowbound mountains! A legion of soldiers falls before you every time you deign to emanate it so! Nay, you are no mere ice sorcerer. Even if curse after curse were laid upon you, until you were but a normal human in all but name, the cold would still obey you... whether that made by your breath, or any other wintry abilities you may acquire. But you are not some static snapshot, some mindless thing that can not evolve. Train, study, adapt. Learn of the cold you embody. For those abilities you hold which deal in cold and ice shall no longer find any limits in how great they may grow, so long as you put in the appropriate work."
100,Roots of the King,Duel Monsters - Duel Terminal I,Bloodline,"You are closer to the forest than some might expect. You are a tree, of mighty oak or birch or some other strange wood. Nothing innately extraodinary, but a tree colored like a tiger would be neat, wouldn’t it? Regardless, this new nature of yours makes you rather similar to the Naturia Guardian. Your roots and branches and leaves can all be controlled as finely as a human finger or arm, and your entire body can continue to grow without end... not only becoming larger, but allowing your roots to grow into massive trees of their own as the decades pass. Still, you’re a bit of an invasive species, coming in from another reality like it’s nothing. By forcing part of your body into another plant, you can hijack it, although a contest of wills would be required if that plant had a mind of its own. While connected, any plants so controlled are an extension of your self, and you’ll be able to continue controlling them remotely indefinitely even should you remove yourself. But, should you maintain your grip, you’ll find that these plants are a part of your self in all aspects... including allowing you to survive past the destruction of your original body, and applying any of your abilities to them."
100,Unrooted,Duel Monsters - Duel Terminal I,Bloodline,"Though you and the forest are separate, you’ll still allow it into your heart, won’t you? You are one of the more independent Naturia, an insect or animal or mythic monster with the aspects of plants marking your body. Perhaps a chinese dragon with scales of wood, or a cat with wooden limbs? It is your choice. This will grant you a single notable ability, though it’s nothing overwhelming. Being a feline could grant you unbelievable dexterity and balance, while a bird or dragon would find themselves able to fly freely. What’s more unique is your life’s odd interaction with magic. Whether it’s a learned spell, cursed artifact, or innate ability, you can counter any of these simply by throwing your lifeforce at it. You’ll need an amount with power equal to the effect you’re countering, but it’s a reliable method of countering such tricks, even if it might be easy to go overboard and self-destruct. Of course, you can also instead take the energy of your followers and allies, so long as they are willing to part with it. Gives a new meaning to “united we stand”, doesn’t it?"
100,Decisive Armor,Duel Monsters - Duel Terminal I,Bloodline,"You are the ultimate weapon, the trump card, the last bullet of justice and hope. You’ve been designed from the ground up to be death to Worms, your weapons and body primed to hurt them the most on the morphological and genetic levels. A normal steel blade might cut a Worm’s flesh, but the steel blades within your body can cleave through dozens of them with ease. This even extends to defense, as the steel plating of your chassis can handle punishment that’d make any other Ally of Justice into scrap so long as it’s coming from a Worm, and even any other abilities you may have separate from your nature as an Ally of Justice. Still, the invaders can adapt... which is why you were designed to do that too. By fighting enemies and/or doing actual research on them, your neural processors will compile how to best deal with their kind, until the learning computers making up your “brain” automatically design a new form for you to assume that is as toxic to that species as you are to Worms. The end has come!"
100,Controller,Duel Monsters - Duel Terminal I,Bloodline,"Communicating with the Genex required some tinkering on the part of Ally of Justice engineers. They simply don’t think like most beings do, so this was necessary just to converse. You are a Genex Controller, an artificial Genex-like entity that lacks any command or control over natural elements... but in return, you’ve gained a few interesting abilities. The first is that your Central Control Core is much more powerful than that of anything in this world short of another Genex Controller. Running complex simulations in your mind in the span of seconds and micromanaging hundreds of different entities and objects are just some of the more notable things you could do with your mental capabilities. More obvious to observers is your ability to fuse with other machines. By touching an intelligent machine that is willing to unite, you can undergo a Synchro process that will fuse your bodies together into a new form, and allow your own powers and mental capabilities to boost the abilities of your partner to unbelievable levels. You can, of course, defuse. Lastly, as this was the entire reason you were created, you are capable of communicating with other thinking machines regardless of any barriers that may stand in the way, such as differing languages or physiological limitations."
100,Zero,Duel Monsters - Duel Terminal I,Bloodline,"You are the beginning and the end. The All mindlessly self-destructing back into Zero, the Zero from which Infinity springs forth, the birth and death of the Worm race. This ethos exists within all Worms on the genetic level, and so they all shall bow when the time of parting has come. When you contact another Worm, you are able to enter a contest of wills against it. Your victory will result in their mind being subsumed and their body becoming part of you. Your defeat will result in them being able to safely disengage. When assuming a form separate from that of a Worm, you may use this ability on entities that are the same basic type of being as you."
100,Arma,Duel Monsters - Duel Terminal I,Bloodline,"You are not one of the Dragunity’s birdmen, but a mighty dragon. Far past a mere whelp, you are a trained adult, able to equal entire platoons of trained warriors by yourself. More, if you deign to bring a blade into battle. Ah, and what a blade that would be. For, not content to simply wield your natural prowess, you’ve delved into ancient blacksmithing arts. Through these techniques, you’ve forged a magical weapon that embodies your very power, holding magical effects fitting to your personality and abilities. Perhaps a spear sheathed in flames so hot it appears rusted to worthlessness, until you bring it down and carve a small valley upon the battlefield. Or would you prefer a bow and arrow whose projectile seeks out the hearts of all your foes before returning to your hand, waiting to be fired once more. Regardless, your connection to this weapon is much deeper than it would normally be. It is effectively a part of you, making it impossible for another to steal it or for it to be lost, and its effects shall grow alongside your own power rather than remain as they were at the time of forging. Whether it shall simply become stronger, or gain even more magical effects, is something only you can answer."
100,Laval Innate,Duel Monsters - Duel Terminal II,Bloodline,"Ain’t no Laval made of something as weak as flesh and blood. Some might look like it, but they’re as hard as the others when it comes to fightin’. Your body’s made of pure rock now. Needs like eating or sleeping are a thing of the past, though you can still indulge yourself on those, and you’ve got the strength to throw and break apart massive boulders easily with durability to match. But you’re not just some brute, are you? This strength of yours can burn to cinders if you so wish it. Literally. Your physical strength and durability give you the ability to create and loosely control fire, with its heat and size increasing in accordance to your body’s specs. Maybe you ain’t a match for Judgment Lord today, but if you keep doing those sit-ups and push-ups, I’m sure you’ll get there."
100,Gem-Knight Innate,Duel Monsters - Duel Terminal II,Bloodline,"Diamonds are forever. While you could be some other precious gem instead, you are beyond the ravages of time and do not require sustenance. Destroying any part of your body other than your Core will affect you about as much as a normal person is affected by losing their hair. Being armless isn’t conductive for fighting, but there’s no risk of you dying from it like a normal person would. However, damage to your Core affects you as much as damage to a vital organ would, so don’t get cocky. More important than any of that is your power of Fusion. Like all Gem-Knights, you are capable of using your Core to perform Fusion with other Gem-Knights. While this could cause irreparable damage to you, you could even use this Fusion by yourself, redefining and altering your powers by splitting your own being apart and recombining."
100,Beastman Heritage [FN],Duel Monsters - The Abyss,Bloodline,"All of the members of the Tri-Brigade are, as had been previously stated, various types of Beastmen. This means that their bodies possess both Non-Human and Human characteristics, and end up stronger than a Human by default. Well, a Human without a Stigmata or any other Supernatural Abilities, that is. As such, while each tribe has their own traits and advantages, they don't stand head and shoulders above the other races. Rather, the Tri-Brigade has turned to technology to make up the deficit when comparing their natural talents compared to the power of the Stigmata. This doesn't mean you don't have those advantages though. You have enhanced strength, dexterity, speed, durability, reflexes, and senses no matter what Tribe you choose to have your Beast portion come from. However, the intensity of those enhancements does vary based on what you are. A feline based Beastman will have better dexterity than a horse based Beastman, for example. If you have the Force of Nature Perk, though, then these will go into overdrive. A basic enhanced strength can become the ability to rend solid steel walls with your bare hands, while someone whose Tribe's strength is speed can now cross the battlefield in the blink of an eye. You can become a legend with your physicality alone, although technology will always help."
100,Elemental Embodiment - Energy [FN],Duel Monsters - The Abyss,Bloodline,"The point of this Perk is simple, to explain what exactly it means for you to be an Elemental Spirit from the Abyss. Firstly, you will need to pick either Fire or Electricity for your Elemental. This is a one time choice that cannot be altered later on. This is your element that you are now an Elemental of. Your body is either made up of fire and soot or electricity, depending on your choice, and is generally small. You also, naturally, have some ability to generate and control your element of choice. This is mostly minor normally. The Springans can power their bodies and launch themselves like rockets, but are unable to do much direct combat without a body to operate even with their Fire Abilities, and the Therions do not normally show any signs of electrical manipulation or generation outside of what is required to operate their bodies. (However, with the Force of Nature Perk, you turn from a Minor Elemental Spirit to a Major one, able to bring forth eruptions of flames and lava or strikes of lightning that match or exceed the real deal.)

As an Elemental, you generate energy passively, breaking the conservation of energy and making it so you do not need to consume any outside resources to survive. However, the limits of how much power you can hold at a time and how quickly you generate that power are dependent on your general tier as an Elemental. Naturally they are vastly superior with the
Force of Nature Perk. You cannot simply stockpile and/or absorb mass amounts of power to make yourself stronger. Well, not without severe consequence to your form and/or mental state, like with what happened with the Argyro System. As such, you will need to regularly release this excess power in some way, although how is up to you.

Additionally, you receive an additional safeguard while in this form. No matter how strong your flames or electricity may be, how much energy is coursing through you, or how much heat you may be generating, you will not damage, cause pain, or even bring discomfort to anyone or anything you would not explicitly want to feel those things. Even if you were as hot as the sun, you could still hold a normal human in your arms just fine.

As a Non-Physical being that is entirely energy based, you are effectively immortal. You don't age, as established before you don't need outside sustenance, and the most any application of force can do is temporarily disperse you until you reform. Trying to punch Fire or Electricity is generally pointless, after all. However, this doesn't mean you have no weaknesses. The first is Elements opposed to you, as you may expect. A Fire Elemental is naturally weak to Water, such is common sense. However, it isn't as severe as you may think. For a Fire Elemental, getting splashed is annoying but that's it, and getting dunked underwater for a moment is not nearly enough to kill them. No, to kill a Fire Elemental, they would need to be trapped and submerged in water for hours or even days before their flame would finally go out. But this is still a weakness nonetheless.

The second and third weaknesses are intertwined: You are Energy, not something with major Physical Abilities. Thus, if something or someone is able to contain you in something that can withstand and/or siphon your energy, you have no real recourse to escape that situation. As you may have seen in one of the images for the Forge a Better Future Perk, it is very much possible to turn an Elemental into an Near-Eternal Battery if you want and/or need to, and is a good way to contain them besides. And, if whatever is drawing your power does so too much and too often, it can eventually drain you dry and kill you that way. So, do be careful not to end up in that situation, okay?"
100,Wyrm's Form [FN],Duel Monsters - The Abyss,Bloodline,"You are one of the Wyrms that live upon the Sacred Swordsoul Summits. As such, you do possess many benefits. Firstly, as a reminder from what was stated in the Origin, you possess a fully scaled tail, and at least some level of scales on the rest of your body and it is also possible that you possess claws on your hands and/or feet. You also can grow gradually larger as you age, and have a much longer lifespan than other biological races. Next up we will cover the bonuses you receive. Firstly, you have an enhanced level of strength and endurance. This is greater than the level that any Beastman receives, regardless of tribe, but you do not receive other benefits they do, like their dexterity, speed, or senses. Additionally, you possess a small ability to manipulate and generate a specific Element, matching whatever you pick for
your Sword of the Soul Item. This is, as said, only minor, but becomes significant in conjunction with your Sword. Naturally, the Force of Nature magnifies all of these to a massive degree, making you into a juggernaut that can run rampant over your enemies with barely a scratch.
With the Force of Nature Perk, you can also choose to start off having already grown very large, in the realm of up to 20+ feet tall, if you want. This won't affect your age, but do expect to get comments about being an early bloomer if you do choose to start being that big."
100,Icejade Made [FN],Duel Monsters - The Abyss,Bloodline,"You are one of the Icejade. The species made from material of the same name, both just the material itself. As a reminder, you are a person made from Icejade, being akin to a Golem, and thus do not need Food, Water or even Air to survive. You, most likely, possess the appearance of a woman manifested in crystalline Icejade in tones of White and Green, unless you chose to look overwise. As far as abilities go, all Icejade possesses the ability to create and manipulate Ice and Water, as well as Icejade. Just the Material for the last one, though. Additionally, the Icejade are all able to levitate and fly at will, although not especially quickly. These are respectable amounts of this ability for normal Icejade, perfectly able to do combat spells. With the Force of Nature Perk though, you go from throwing balls of water or spikes of ice to generating raging rivers to blow down armies or generating freezing glaciers upon them. To be clear, despite having Ice in the name, Icejade is far more of a mystical mineral than something frozen, and thus not vulnerable to heat. It also isn't brittle, as it's capable of making creatures capable of normal motion, so you don't need to worry about shattering either. Well, so long as you're alive at least, but what happens after that probably isn't much of a concern to you."
100,The Demon's Curse,Kimetsu no Yaiba,Bloodline,"You're a Demon, Jumper, and even if it wasn't entirely your choice, it is your cross to bear. I mean, sure, there are some benefits - strength and speed just beyond the human threshold, immense power growth potential, the ability to strike fear into the hearts of mortals with naught but a glance - but along with it, you can never feel the sun's caress safely again, and there's no mistaking you for what you are. "
100,Vampire Phisiology,Legacy of Kain,Bloodline,"You are faster, stronger and more agile and resilient than any normal man. The passing of time no longer holds sway over you, nor do diseases of any kind. Strangely enough you can still get poisoned, especially from toxic bodily fluids of certain creatures present in this land. Time is on your side here indeed, as you will develop new dark gifts and perhaps even physical mutations, growing stronger where others will turn to dust. Your cursed body also heals itself at a great rate, flesh wounds closing before your eyes and with enough time even a limb or two might be feasible. Additionally your previous organs have become superfluous, leaving you with only the brain and heart as the truly vital components of your physical form. And it would not be vampirism without powerful fangs and claw-like nails that can tear through flesh like tissue paper.

At the same time you have your share of weaknesses. Fire burns easily through your flesh, water in its liquid form will be quick to dissolve your form (with other forms like steam or snow being merely highly painful) and sunlight will find you searing in agony and greatly diminished in power. And though you can eventually reduce the harmful effects of the sun, it will require a lot of time and exposure. Impalement on a stake or similar means of execution might not kill you outright assuming your heart or brain is not destroyed, but your body will be left paralyzed and your soul will be expelled from it, cursed to wander powerlessly the Spectral Realm forever, unless your physical shell is restored from such a state. Certain artifacts like the Staff of Moebius will also be highly effective against you. And of course there is the bloodthirst that plagues all your kind regardless of their clan or bloodline. Do try to feed on a regular basis if you do not want to start devolving into a feral beast operating solely on instict."
100,Aquatic,Arawn,Bloodline,"Many horrors lurk unseen amongst the cold, dark recesses of the sea, and now there
is one more amongst their number. You are an amphibious being, equally mobile and at home in land or
sea... or perhaps you have traded legs for fins and a tail, the better to swim with. Drowning, pressure, and
the darkness of low depths pose no danger to you, as you can breathe and see perfectly in deep,
blackened waters. Naturally, you’ll have an advantage in your element over those air-breathers who dare
to venture down..."
200,Hidden Enemy,Fog Hill of Five Elements,Bloodline,"As a demon, you can't rely solely on your weapons or your claws to deal with humans; sometimes you need a more thorough hand when it comes to getting the job done, and nothing beats something that can also serve you in two-on-one combat. 

What this little trick does is that it grants you some more hidden ability among your skills whether it be coating your claws, your spines or your weapons with your own poison that will slowly and mortally poison your enemies or render their limbs immobile, Or you may want parasites attached to you and when you become wounded these little friends of yours will attack or hide in the body of your attacker to slowly kill them and harm them at important moments of the battle, think of it this way parasite poisons or some similar ability that can help you and that comes from you although of course parasites born from you can be quite dangerous if you are not careful and handle them well."
200,Humanoid Form and Bestial Form,Fog Hill of Five Elements,Bloodline,"Demons can take on various forms, ranging from almost human-like to far less human in appearance. Generally, the more powerful they are, the closer they resemble humans. However, retaining a body that remains closer to their original form, as in the case of the Qilin, also has its advantages.

If your natural form is more akin to that of an animal, you can shift into a more humanoid appearance when necessary, granting you greater versatility in combat or other situations where alternating between forms proves useful.

Even so, you must remember that even the most powerful demons—those who appear nearly human—remain fundamentally different. While your human form may allow you to blend in, certain traits will still reveal your true nature, such as skin colour, horns, or other animal-like features. However, the more powerful you become, the less noticeable these differences will be—something worth keeping in mind."
200,The Lion is a Fool,Saint Seiya: Episode G,Mundane Talent,"There’s a fair bit of monster blood within you, specifically that of one of the Gorgon Sisters. Your
eyes now gain the same magical properties that those snake women possessed, able to turn to stone
any living thing that looks at your eyes. Those with great Cosmo, at least as strong as your own, can
potentially resist but even then they’ll find that bits and pieces of their body to turn to stone with
each look into your eyes. Anyone more than a little weaker than you will be petrified with a single
glance, much like the mythical battles of old would have it. You are however able to deactivate this
effect, if you wish to protect your allies from it."
200,Avian,Nine Sols,Bloodline,"The Yumin Kingdom of Penglai was one of the poorest, most resource-starved places on the planet. To counteract these problems, crops were widely genetically modified and vertical farms and cities developed. The inhabitants incorporated the genes of birds into their bodies, and now you have as well. Your arms have become a pair of wings, maintaining their original function while allowing you to fly to low altitudes. You may optionally replace your legs with a pair of cybernetics resembling bird feet."
200,Legacy of Warriors,Joujuu Senjin Mushibugyo,Bloodline,"The Mushikaris are by average, stronger and faster than regular humans and less couldn’t be when they spent time slaying the strongest mushis around and planning their next step to change the country. It's in part thanks to the one that created you all. You are specially blessed in this regard, possessing great resistance to pain and a minor regeneration fator, not enough to get back limbs or eyes if you lose them, but most minor wounds will be healed by the next day."
200,Jayan,Anima Beyond Fantasy,Bloodline,"The strength of a true giant, inflicted upon our world once more? Your strength is immense, your fortitude only slightly less so. You withstand fatigue and physical shock with unnatural ease, your claws and horns strike away at your foes, and third eye permits you to perceive spirits! Your foes have only one defense, that your soul is weaker and that your resistance to magic is less than it should be."
200,D'anjayani,Anima Beyond Fantasy,Bloodline,"Born to secrecy and darkness, what corruption will you bring to the holy realm of Gaia? You resist ki and magical detection with ease, and can conceal yourself from ki vision in ways that others would have to train for years to match. And worse, far worse, your concealment is an unholy thing. You can take your foes faces and wear them, taking on their form until their true name is spoken or you cast aside your disguise. Your feet erase your tracks even as you walk, and your whispers go unheard by those not meant to hear them. And finally, even your foes minds betray them before you, forgetting your existence as you turn away unless they have heard your true name from your own lips. Even wearing the face of one of your foes only weakens this effect."
200,Sylvian,Anima Beyond Fantasy,Bloodline,"Fairy of Fantasy and Light, do you not know this realm has cast you out? Your
resistance to magic, psychic powers, venom, and sickness will not avail you against the swords
and spears of inquisitors, your inborn Gift and inhumanly great abilities will not save you from
the shadows they can call forth. Your soul may be stronger, your mind sharper, and your body
faster and more flexible, but your strength and fortitude are less. But fear not, I suppose. Your
inclination toward and ability to sense the light will guide you well enough, and your quick
healing and lessened need for food and drink will keep you alive until you find a way back to the
hell from whence you came. Sylvans must purchase the Gift."
200,Daimah,Anima Beyond Fantasy,Bloodline,"So you have returned to Gaia, guardian of the wilds? Your enjoyment of life and
tendency to love attention may doom you. And curiosity has killed the cat which you so
resemble, has it not? But why do I warn you? You shall not heed my words, I know. Your body
is feline, flexible and quick, and your mind and soul are sharp, but your fortitude is less and your
will is as weak as one would expect from one so capricious. But it does not hinder you does it?
Your body acts with inhuman ability, your claws are sharp, like knives, and your small size
makes you less vulnerable to falls. But most importantly, you are one with the flow of souls. You
possess the gift and the ability to see the souls of others, as all of your kind does, and the wild
adores you. It whispers its feelings into your heart, protects you from it’s poisons and diseases,
and permits you to walk through any terrain with ease."
200,Ebudan,Anima Beyond Fantasy,Bloodline,"Servant of Destiny! Have you returned to our realm in Gods name? Your
Sue’Aman... have you come to achieve it? Until you do, your only strengths lie in your Or’iene,
those mystic tattoos that will guide you on your path and prevent you from being forced off it,
and in your wings, which strike out like blades, guard you from blows, and carry you through the
skies. Beware though, your Sue’Aman will not be easy to achieve. Only when your journey
comes to an end will it be fulfilled. But once you have, you will ascend! Your will become a being
of pure energy, and your wings will be capable of striking the same. Your soul and will shall
grow in strength, and you shall be given the chance to join the Flow of Souls, casting aside your
mortality in favor of becoming a being of pure power, growing slightly stronger, permitting you to
assess warps in reality, granting you control of the most minor elemental forces, and placing
High Magic within your each."
200,Duk'Zarist,Anima Beyond Fantasy,Bloodline,"Born to darkness and fire, you were born of the worst in men’s hearts and the
best in their flesh. Is it any surprise that your body and soul are perfected? All which a man is,
you are more. Your stats are better in every way, and you are inhumanly great in your abilities.
Your body and soul are so blended that you shall only die if killed, not fading away with a
whimper, and you resist the attempts of the world around you to bend you to it’s will. Poison,
magic, psychics, physical shock... all of it, you resist far better than most. Fire and darkness
blend within you, permitting you to see heat, see through darkness with only half the issues of
man, and restoring and sustaining your flesh, that you regenerate quicker and require a mere
seventh the food and rest of humans. But heed! The world will take its price for this perfection.
As a being of the supernatural, you possess either the Gift or Psychic powers, and must know
the power of fire if you take the latter. Further, fire and darkness are chased back by the bite of
iron. The touch of even an alloy shall cause you to vanish unless you resist with all your
physical might, and pure iron shall be harder still to resist. Note: To make this clear, if you’re a
Duk’Zarist, you must purchase either the Gift or Psychic powers. Furthermore, Duk’Zarist have
a weakness to iron in their very souls. If you touch it, you must resist utter annihilation.
Fortunately, despite its soul-based nature, simply taking an alt-form will remove the effect. Of
course, while in an alt-form, you’ll lose the rest of the benefits of being Duk’Zarist."
200,Devah,Anima Beyond Fantasy,Bloodline,"Giant without strength, so you have come, have you? Your mind, will, and
strength are greater than man’s, while your body is frailer and weaker, and your resistance to
disease and physical shock the lesser. But unlike with mortals, your eyes are truly windows to
your soul. Simply by meeting the gaze of another being, you can send him your thoughts,
emotions, ideas, and memories. Your third eye, so like that of the Jayan from whom you
descend, permits you to see supernatural beings, and learn their true names simply by gazing
upon them long enough, though those favored by destiny will be protected. Further, your third
eye connects you to the supernatural. You must purchase either the Gift or Psychic powers, and
the arts of summoning are easier for you, as is protecting your mind from those who would intrude upon it."
200,Vetala,Anima Beyond Fantasy,Bloodline,"Drinker of blood! Demon! Child of the Night! With near-blue skin, visible veins,
bloodshot silver eyes, and fingers with extended bones instead of nails, do you expect to avoid
the gaze of the Inquisition? Well... perhaps. Some of your kind have passed for mortals, after
all. But your nature is one bound to the night. It strengthens your body and soul, and protects
you from the pure sunlight which burns your flesh. Fortunately, you can recover more easily
than most. While filled with blood, your body restores itself unnaturally quickly, and relies on
nothing else to continue existing. A wound is only harmful for the blood it spills, for only this
blood is what sustains your existence; neither your heart nor brain are of importance. It is so
central that if you choose to gorge yourself, you will, for the next five minutes to half an hour,
become more. Your actions shall be more effective, one of your abilities shall grow, and pain
and fatigue will only affect you half as much as they should. Unfortunately, two to three hours
after the boost fades, you will crash, sickened by the gorging. A final gift, though far lesser than
your other gifts or curses, will be that you will find the ability to speak in ranges no humans can
hear, but bats, hounds, and similar beings can."
200,Tuan Dalyr,Anima Beyond Fantasy,Bloodline,"You who stayed behind, child of the moon. I apologize for my hysteria. Born of those men who sided with the spirits of beasts in the Land of Eternal Rain, you were never banished from Gaia as those others were, and so no Nephilim were formed from your lost souls. You possess the ability to take the form of a beast, casting aside your rationality for an increase among your strength, dexterity, agility, and perception. This is affected by the phase of the moon however, as a single night of your choice during a lunar cycle will strengthen the transformation further, while another will prevent it so long as the moon remains in the sky. Finally the beast within you will leak to your mortal form. Your senses will grow stronger, and rage will bring the eyes of your beast-form to the forefront, changing your mortal eyes. Beware, though. While your home among the nomads of the northern forests will not shun you for this, the Inquisition will not recognize your nature as a man, but judge you as it judges all supernatural beings."
200,Legacy of Blood,Anima Beyond Fantasy,Bloodline,"Blood is a mighty thing, is it not? To be descended from a higher power is a blessing beyond measure. Some
beings power flows through you. What strength lies within your blood? That of a mighty Aeon,
the serpent of time, one of the Great Beasts, or perhaps even the Existence Eaters? Did the
moon lie with an ancestor of yours, or were they perhaps seduced by a powerful dragon, or one
of the Kami? Whoever you are descended from, a fraction of their power lies within you. Look in
the notes for details on various bloodlines you can choose from. Each purchase of this perk
grants you one bloodline. If chosen 3 times, you may assume you have the Latent Blood
bloodline, permitting you to awaken further bloodline abilities as time goes on.
Can be Purchased Multiple Times"
200,Ancient Blood,Anima Beyond Fantasy,Bloodline,"You have the blood of Solomon within you, giving you a natural
talent in using Lost Logia, artifacts of another age, and the ability to use certain “martial arts”
such the Solomon Protocols, an art usable only by those born to those lost noble families. Your
blood is also highly valuable for the creation of magic items, with a quart allowing you to bind a
small amount of power to one permanently, while all the blood in a human body can bind a
middling amount of power."
200,Transformative Wings,Darkstalkers,Bloodline,"While not always wings, you gain control over a new appendage or aspect of your body, like wings, a
tail, or your own shadow. In any case, you can use these to create striking, slashing blades, solid­state
weapons, limbs to grab and carry yourself, and so on.
As an added benefit, you can manifest any range of clothing out of magic and your empowered body.
Made of fantastic materials and pure magic, what you wear can be as outlandishly sexy, figure­hugging, and
flattering as you like, or as loose and comfortable as needed.
You can also make jewelry, but not bags or armor. Materials you conjure vanish if they get too far from
your body, but are resistant to countermagic effects."
200,Minor Manifestation,Bloody Roar,Bloodline,"Minor manifestations of your Beast Form are capable, such as shifting your ears for highly-increased hearing or your nose being tweaked ever so slightly to capture scents better. over time, this manifestation allows you to call on all of the various aspects of your Beast form, from iron-hard patches of fur to hyper-dense bones."
200,Nameless Horror (Black One),Conan,Bloodline,"You are one of the black ones, ebon skinned and golden eyed humanoids found on an isolated island. Standing head and shoulders taller than Conan, the tall barbarian, himself, with a superb and perfect symmetry of form. Besides your great size, and strength enough to rend a man limb from limb, you are mostly human, though your fingers end in terrible claws."
200,Nameless Horror (Ape),Conan,Bloodline,"Or perhaps you are a being who is neither an ape nor man, but somewhere in between. You are physically rather like an ape, somewhat more human in your proportions and stance, but your strength is that of a gorilla."
200,Chassis Designation,Duel Monsters - Duel Terminal I,Bloodline,"Of course, you likely have some type of physical form, as you would not exist otherwise. But there is a chance that you could desire something more unique than a generic humanoid or quadruped body type. Each purchase of this will alter your new body to a more spectacular specification. Examples include being a land vehicle like Searcher, flying drone like Cyclone Creator, or arachnid like Cycle Reader, but you’re welcome to make yourself something special so long as it fits in with the previous. These won’t have particularly flashy effects, but they’ll give an ability expected of the body type, such as spiders being able to climb on walls and trucks carrying materials. 
Additional purchases are 100 CP Undiscounted."
200,Spare,Duel Monsters - Duel Terminal I,Bloodline,"Sometimes you need a little more of something special, or absolutely can not allow you to have less of that something special. Your body’s built in a rather interesting way. By sensing a machine, whether it’s with your touch or sight or something else entirely, you can shift your body to more closely resemble it. You can leave it at the aesthetic level, but by more deeply reconfiguring your body, you can actually copy its functions. Just mind that this usually means some of what you had previously will be lost, and if you can’t match whatever you’re copying in any way you’re gonna be a pretty poor knock-off. There’s no particular limit to how much you can mimic at once, but actually supporting all those functionalities despite literally not being built for it is an exercise left up to you."
200,Prince,Duel Monsters - Duel Terminal I,Bloodline,"Despite the name, this is more of a motherly skill. See, all Worms are theoretically capable of breeding more Worms, just by sort of letting the Bio-Slime coating their body pool somewhere and giving it nutrients. But you take it to a new level. You can kick production into overdrive, to the point of producing enough juice on your skin to coat a group of people just by swinging your arms around, and it’ll literally eat them alive in a matter of seconds... assuming they don’t resist and aren’t particularly durable, anyway. Over the next few minutes the juices will settle and then start bubbling, and eventually, boom. A new clutch of Worm babies ready to fight for the sake of their sweet prince in record time."
200,Burgeoning Whirlflame,Duel Monsters - Duel Terminal II,Bloodline,"The flame in your heart gives you strength, but you are not the only one who can draw upon this potence. You are magical. Even a pound of your body would function as a reagent of reasonable quality, and that’s assuming whoever was using pieces of you didn’t bother playing to your strengths. As a Laval, you would be a source of high quality materials for any mages wishing to produces potions or equipment aspected to fire. Given the changes to your nature, and the powers you might wield, through acquisitions in other worlds... well, you’d certainly be a prized catch. Who knows what someone willing to kill the golden goose by using you in your entirety could achieve? Ah, in case you’re worried: you can freely control this new feature of yours, and decide who can benefit from it and how. Without your consent, none can even learn you hold this hidden power."
200,Lapis/Lazuli,Duel Monsters - Duel Terminal II,Bloodline,"Fusion isn’t simply smashing a bunch of people together and hoping for the best. It is an unbelievable power transcending our normal limitations, one most find beyond themselves. With you around, that might not be the case. Your ability to Fuse is greatly expanded, allowing you to always qualify as a valid target for any method of Fusion, as well as consider any other consenting entity a valid target for your Fusions. This also allows you to function as a fulcrum for any such Fusions: by having you act as an intermediary, you could allow beings using different and normally incompatible methods of Fusion to merge together."
200,Vylon Innate,Duel Monsters - Duel Terminal II,Bloodline,"You are a Vylon, a divine machine crafted by the Constellars long ago. The sheer holiness and strength of the metal composing your body renders you immune to external corruption of any kind, and you are capable of forming a mental bond with any other Vylon, exchanging information freely and effectively thinking as one. You are particularly mighty among your kind, being capable of inflicting damage equivalent to natural disasters with energy attacks in hours. Destroying kingdoms over a fortnight is well within your abilities, though that would certainly draw reprimand from your kind. Lastly, much like all Vylons, you are capable of detecting evil through your senses."
200,Steelswarm,Duel Monsters - Duel Terminal II,Bloodline,"You are a higher-grade Steelswarm, one of the original hosts to the Evilswarm virus, a monster beyond monsters. Your intellect far dwarfs that of most beings, allowing you to trap countless lives in the web of your ambition with ease. The Evilswarm has granted you enough power to be more like a natural disaster than an actual person in terms of the damage you can inflict on and receive from others, and you are able to remotely transmit your disease into the corpses of your victims to create more Steelswarm. However, your greatest trait is your evil. Within you lies the wickedness needed to unconditionally despise all that exists and find deep and genuine satisfaction in destroying any joy others may find in their lives, should you desire to do so."
200,Clay Charge,Duel Monsters - The Heroes,Bloodline,"Similarly to Clayman, your body is made of pure shaped clay. This clay is as tough as boulders, strange as that might seem. Due to your body no longer following ordinary biology, you have no need for human necessities such as drinking or sleeping. You are supernaturally strong to a degree, due to having a much heavier and larger body than a normal human. If that’s not to your liking, then you may be made of assorted sculpted rocks, like the Destiny Hero Defender, although this won’t grant you any additional benefits."
200,Oh Boy! Tentacles,Sundered,Bloodline,"Your body is made primarily of tentacles, squirming, and grasping as you will them to. You can even move where the tentacles come out of you. Having gotten used to this shifting form has made it so that whenever you change form you don’t have any issues. You simply adapt to the change in number of limbs and differing sensory information in an instant."
200,First Step To Perfection,Legacy of Kain,Bloodline,"As time went on the vampire progeny of Kain‘s lieutenants began developing unique powers of their own, thus further distancing themselves from their humanoid roots. Choose one of the six clans (the Razielim being unavailable due to their extermination) below per purchase to receive a pair of abilities reflective of said clan‘s gifts. The only caveat here is that each purchase will also see you developing physical mutations roughly corresponding to your clan choice, though the specifics are up to you. It does not have to be quite as bad as the deformities shown by the devolved clan members, but you will have to show some kind of physical transformation.

I) Dumah - Your tongue can now elongate to up to several meters from your body, becoming just as strong as your claws or fangs and allowing you to drink blood directly through it. And yes, it is fully prehensile. In addition you have learned how to adjust any armor or weapons you own (including those purchased in this jump) to fit even your newly mutated self, resulting in no loss of functionality.

II) Melchiah – You can pass through solid obstacles, though depending on how much free space you have to work with the time required to do so will change. Prison bars would take mere seconds, whereas something like a keyhole would require several minutes of concentrated effort. Keep in mind that you cannot pass where there is not even a bit of room to pass through. In addition you can freely burrow into the ground and remain there indefinitely, being able to roughly sense the immediate area and exit from it in a moment‘s notice. Once underground you may also choose to dig through it with your claws like a mole, though it will be a slow process and unless you are already strong enough to dig through them then stone and other hard materials will stop any such advances.

III) Zephon - You can spin webs like a spider, allowing you to create elaborate traps and ambushes, as well as cocconing prey for later consumption. You can sense any vibration transmitted through your threads as well, alerting you to any contact. Just beware of fire, as your webs burn all too easily. Secondly, you can now climb any surfaces that allow even the slightest bit of purchase with the same amount of ease that you can walk, allowing you to traverse walls or ceilings without loss of speed.

IV) Rahab – Your sense of smell has become greatly enhanced when it comes to finding prey, allowing you to smell even a few drops of blood from a mile away. This will never disorient you in any way. You also gain a high precision spitting attack that will never damage yourself when used. Normally this would default to water, but it can be anything that you can already produce in some capacity (so for example if you also purchased Zephon then you could spit webs over great distances).

V) Turel – Your hearing has now become truly exceptional, granting you echolocation, enabling you to hear even frequencies outside of the human spectrum and also being able to operate even in total darkness without issue. The second gift is the power of telekinesis, though it will start off incredibly weak and just like any muscle will need to be trained extensively if you want to start tossing people across the room."
200,Hylden Physiology,Legacy of Kain,Bloodline,"For the duration of your time here your base form will be that of a demonic gaunt humanoid with sickly gray skin, prominent head-crest and eyes blazing with unearthly green fire. At your base level your physical might is comparable to a fledgling vampire but with none of their weaknesses to set you back. In addition, as a result of your origin, you will find yourself gaining an innate resistance to undesired supernatural transformation effects, reflecting your race‘s long going struggle against the twisting chaos of the Demon Realm. It should be noted that this is not a complete immunity and powerful enough forces can still warp you even further if sufficiently powerful. And lastly you start with some fundamental understanding of magical energies, as your race had a lot of time to practice without suffering from the losses sustained by both humans and vampires alike."
200,Raised Dead,Darkest Dungeon,Bloodline,"“Back across the Styx- Boatman be damned!”
Intelligent undead are not unheard of; the Necromancers who haunt the Ruins are but one example. Even the skeletons have those among them who are capable of more strategic thinking. And, through some foul necromantic ritual- similar to what was done to give the Necromancers their eternal unlife- you have been raised from the dead with your intelligence intact. Though, unlike most undead you feel no enmity towards the living that you did not possess in life. More similar to a ghoul than the skeletons that wander the halls your unliving vitality nonetheless makes you far more resilient to physical damage. Bleeding and blight is still a concern, however diseases no longer affect you (though you may still carry them). And while you still require sustenance you do not need to sleep, making you an easy choice to keep watch during the night. However, the downside of being undead is that the Light has become anathema to you. Prayer, meditation, and flagellation offer no relief, and the blessings of those aligned with the Light burn your flesh rather than mend it- if you can even convince the religious to adventure alongside you. Instead you must look to more surgical or eldritch methods of healing during expeditions; thankfully, the fell energies animating you will heal most non-lethal wounds after a week. Though keep in mind that dismemberment, decapitation, organ damage, etc. still count as “deadly” for you despite your undead nature.

With Abominable Transformation your metamorphosis into one of the undead will be completed in one of two ways. Should you wish to retain your flesh still, you will find your body contorting due to the fell energies infusing it- making you much taller, thinner, and yet also stronger; your fingers contorting into rending claws. Discarding your muscle and sinew on the other hand will neither make you stronger nor weaker; naturally you will no longer require food, and a creature without blood cannot bleed- though acid and poison can still damage your bones. However lacking muscle, fat, and other fleshy things will make you much lighter than you were before. Wearing heavy armor can compensate for this, but it’s likely that you’ll be far easier to toss around or move in battle even so."
200,Fungal Growth,Darkest Dungeon,Bloodline,"“There is method in the wild corruption here. It bears a form both wretched and malevolent.”
A pestilence has spread throughout the nearby woods; a spreading plague of spores and mushrooms that take control of the body, turning living beings into infested ghouls that seek only to propagate the spores further. This parasitic fungal infection would normally be deadly- or would be a fate worse than death, if the poor souls are still alive despite the growths overtaking their body- but as you might expect they’ve taken on a more symbiotic bent after hosting in your flesh. Mushrooms have begun to sprout up across your body, and you’ll soon find that they lessen the effect of poison and disease drastically. Although they won’t provide much more protection than that, you will also gain the ability to unleash a cloud of spores upon your foes- blighting them with the same eldritch fungus, which will have decidedly less friendly immediate effects on their body. Poisoning is the least of what will happen as the spores cloud the air, making it harder for them to see and certainly making them vulnerable as they gasp for untainted air. However, do be careful about friendly fire- the spores you emit aren’t exactly discriminating in terms of who they will infect, and while the mushrooms aren’t immediately lethal they do tend to spread unpredictably- and having one sprout from your face isn’t at all pleasant should your allies inadvertently become infected with your spores.

With Abominable Transformation you can accelerate the growth of the mushrooms throughout your body, transforming your head and arms into growths made entirely out of fungus. Although this won’t give you a mean right hook, it will drastically increase the potency of your spores- allowing you to temporarily control those you’ve infected with them until their system manages to flush them out, which usually gives you enough time to have them make at least one attack against their own allies. If you happen to have a corpse handy then you can even grow a type of necrotic fungus on it, which will regularly release spores onto your foes that will prevent them from healing damage through any manner of restoration- at least until the mushroom is destroyed. The downside is the same as they were before- the spores affect anyone hit with them, friend or foe."
200,Pelagic Embrace,Darkest Dungeon,Bloodline,"""At last, wholesome marine life can flourish- if indeed there is such a thing.”
One of the terrifying secrets of the fish folk lurking in the cove is that some of their number were not born from the ocean, nor their abyssal matriarch. No, although it is little known- or understood- some of these pelagic beings were once men; twisted in body and mind by the festering bite of one of their fellow fish men. Despite being bitten or otherwise infected in a different manner the sea’s voice does not call to you, though you’ve still started to undergo some lesser changes. Beneath your first few layers of skin is a silvery scaled membrane, which not only provides a bit of protection from blows but is also resistant to being bled. Gills have appeared somewhere on your body through which you can breathe underwater, and your fingers have contorted into talons strong enough to peel human flesh and yet are still just human enough to clutch a weapon. However, breathing is harder on the surface than it is in water or in the damp, salty air of the Cove, making it harder to move with as much finesse and speed. This can be mitigated by carrying a supply of salt water to wet your body and gills with, but although free (aside from the cost of flasks) an extra provision may prove troublesome on longer expeditions. You are also more vulnerable to the poisons, acids, and other blights of land due to your physiology.

With Abominable Transformation your metamorphosis can be completed- turning you into one of the denizens of the deep. This form, inspired by aquatic life, will still be roughly humanoid but may take inspiration from any water-dwelling fish, arthropod, or invertebrate. Piranha, octopus, crab, angler fish, slug... your abilities in this form will depend heavily on what you choose. Choosing a shark would certainly allow you to bite through flesh with ease, while lobsters would benefit from both their hard carapace and their gigantic claws. Other fish that lack such features may instead gain even greater strength and speed."
200,Swine Snout,Darkest Dungeon,Bloodline,"“Life... the greatest treasure of all.”
The Warrens; a festering pit of malevolent flesh and horrific disease, overrun by the Ancestor’s attempts to beckon beings from beyond the Outer Spheres. Somehow, something from this ancient network of tunnels and aqueducts has... changed you. Not mentally, but even now your body has taken on more porcine features. A snout-like nose and an abundance of insulating, protective body fat over thickened muscles are the most obvious changes, but despite your decidedly unhealthy appearance your altered body actually has a fair bit of resistance to toxins and disease- although being bled out might be a bit easier now due to your body’s increased girth. Your weight may also make you less nimble, and the appetite of even a half-swine is far harder to sate than that of most humans- assuming that you’re pickier than they are at mealtime.

With Abominable Transformation you can become even more like the denizens of the Warrens when you wish. Traits you may develop include even stronger muscles and leathery skin, tusks, and corrosive, diseased stomach acid. Or you could even have your lower body replaced with the torso of a pig, like the fabled Swinetaur. In any case the increased virility of the swine throughout your body will also amplify their sluggish gait and gluttonous stomach that you’ve inherited, not to mention their grotesqueness- but it’s a small price to pay considering the amount of"
200,Works of the Father,Kill 6 Billion Demons,Bloodline,"You gain the collective knowledge of your ancestors in any fields of science they would know. But that’s not all. You can also pass on this knowledge to your offspring, and they will pass it on to theirs ad infinitum."
200,Reincarnation,Kajiri Kamui Kagura,Bloodline,"Several members of the legion are reincarnations of ancient people, friends and rivals of the
man Yato once was. Some of these reincarnations even fully remember their past lives and can
tap into their old skills, memories, and abilities. You not only have full access to any past lives
you might have (feel free to choose someone from other Masadaverse VNs to be a
reincarnation of this time around) but as an added bonus you also can do the same with any
and all ancestors you have. This will update from jump to jump (feel free to pick a person to be a
reincarnation of from each future jump)."
200,Mother's Power,Manyuu Hikenchou,Bloodline,"In a world where lineage grants enormous power and privilege, you are
uniquely suited to shaping your own bloodline. Your body is built to bear children, ensuring that
not only will your children grow up healthy and strong, but that you will suffer no ill effects during
or after your pregnancy. Additionally, you have incredible control over your reproduction,
allowing you to determine not only when you have children, but which traits and abilities you’ll
pass on to them. Even the number of children you carry and the duration of your pregnancy is
yours to control, though be warned that deviating too far from biology could have some strange effects.

This perk grants you direct control over many aspects of your reproduction
including your fertility, the number of children carried with each pregnancy, the duration of that
pregnancy, and what traits are passed on to each child... Non-female jumpers can also use this
perk by passing the relevant benefits on to their partner. Fanwank responsibly."
200,Wings,Arawn,Bloodline,"This one’s pretty simple. You have a pair of wings now. They are strong, majestic or dreadful (depending on your tastes), and most importantly, perfectly functional. You can take to the sky with ease, and stay aloft for extended periods of time. You may alter bestial form to be avian. Perhaps you are one of the sorcerer’s crowmen, a mighty eagle, or related to the great crow Engus fought for the Cloak of Shadows?"
200,Undead,Arawn,Bloodline,"If you’ve taken this, it is likely either the Morrigan or the
Cauldron of Blood is involved. You were at some point slain, but your tormented spirit was returned to
your body. You no longer have any biological needs. Gone are the days of requiring food, drink, air, or
rest, as you can now tirelessly work and fight. You also no longer age, and can survive ordinarily lethal
injuries like bleeding out or decapitation. However, you don’t heal either. Despite the name of this
boon, you are not necessarily a corpse raised from the dead.

If taken with ""Elemental"", you are a tireless creature composed of that element instead.
Incompatible with ""Cernunnos"" or ""Regeneration""."
200,Prehensile Hair,Arawn,Bloodline,"You have far, far more than a mere four limbs, though your additional
limbs come in an unconventional form. Yes, it’s hair, what gave it away? Perhaps they are tentacles
sprouting from your head, for your hair can be split into strong, sinuous tendrils that are stronger than
any rope, with the same ease of manipulation as an arm. How many can you make? Something
approaching 10. With these, you could bind, strangle, and restrain your foes without much difficulty."
200,Elemental,Arawn,Bloodline,"No longer are you a creature of flesh and blood. No, you are something
much tougher. For 200 points, you are a being made of supernaturally tough wood. Your tough, fibrous
form can shrug off the blows of giants, and is armed with bladed limbs sharp enough to eviscerate them
in response. You might have more than two arms as well, for do trees limit themselves to just two
branches? If taken with ""Giant"", you are even larger and stronger than those giants as well. As a fringe
benefit, you’re probably capable of photosynthesis because you’re a tree. This is not shown in the comic."
200,Monstrous Advantage,Volgarr the Viking,Bloodline,"As a monster you already possess physical abilities slightly above the peak of most normal
humans. That your specific species also grants you an additional advantage? Completely
unfair I say! Choose an advantage similar to the following; the Myrmor and their ability to
leap great distances as well as breathe underwater and swim extremely swiftly, the birdlike
Sky-Knights and their ability to fly freely and as fast as most birds in the air, the skeletons
and their ability to be just as durable and strong without meat on their bones and with a lack
of need for sleep, rest, food or drink. Whatever you pick this ensures that you will have an
exceptional version of the advantage compared to the rest of your species. Non-Monsters
who pick this gain the base advantage, and can choose to become a hybrid, simply have
traces of that species bloodline, etc."
300,Profound Handle (Gold),Against The Gods,Bloodline,"However, if you want you can pay an additional 300 CP and receive the Gold coloured handle instead, which has 100% of your power, in addition to all the other abilities being proportionately strengthened.

Requires ""Profound Handle"" to Purchase"
300,Superwarrior,Grant Morrison's 18 Days,Bloodline,"There are untold numbers of warriors in this day and age, but to be a real, proper Kshatriya means to be a Superwarrior, a being who is as much crafted as born. All but immortal, with wisdom, beauty, and strength of arms that defies all comprehension, you stride the world as if a god, for you practically are one in this base day and age. Your strength, appearance, and mental faculties are all boosted several orders of magnitude, hundreds of times until you stand as very close to perfection, or as close as any mortal being can get without having been born in the First Age, the Satya Yuga, You possess extreme natural aptitude for all skills that can be learnt, though naturally you gain no knowledge just from taking this blessing."
300,Bloodline Integration,Tales Of Demons and Gods,Bloodline,"People of old used to merge with the blood of demon beasts, granting them more power than normal cultivators. You have learned their strange craft, learning to merge with the bloodlines of various different creatures, gaining their strengths and, selectively, their genotypical and phenotypical traits. The only material you need is a bit of blood from a creature.

You can only merge with one bloodline at a time, and can choose to delete your bloodline obtained through this method at any time you wish. Any dangers and weaknesses from the original process are nullified completely, for example, you will never suffer the bloodline rejection the Silver Winged Family suffered from.

These traits pass genetically to your offspring, if you want. You can use this method on other people too."
300,Hanma,Baki: Son Of Ogre,Bloodline,"A lineage genetically predisposed to excel in all matters of violence, growing stronger with each battle. The quintessential Hanma bears the title of “World’s Strongest Lifeform”. Monstrous beasts, modern armies, and even natural disasters kneel before his physical might. Those of the Hanma blood tend to develop demonic imagery throughout their body, such as the skull, back muscles, and even the brain.

For 150cp, the genes took to you quite poorly, so you won’t see any immediate benefits, but you’ll still have a much greater upper potential and spirit than most. Whether you can catch up depends on how much you’re willing to sacrifice for power. For 300cp, you are a true heir to the Hanma name. So long as you continue to challenge yourself, you may catch up to masters with decades of experience in a few years, and the Ogre’s power may very well be within reach."
300,Jamirian Ascendancy,Saint Seiya: Lost Canvas,Bloodline,"Once a pseudo-human race on the lost continent of Mu, Jamirian alchemists were allies to Athena and the creators of the 88 Cloths. In the Age of Myth however they nearly went extinct, and the survivors relocated to Jamir, a remote place near Tibet. With time and cross-breeding with humans, they now are only recognizable for the two red dots on their forehead. You are one of such people, gifted with an affinity with ""Psychokinesis"" (a general term for more esoteric uses of cosmo like telekinesis, teleportation, telepathy, sekishiki, and so on…), as well as taught the art of repairing Cloths. With training and experiment however, you may one day restore this later tradition to its former glory, able to forge entirely new Cloths of your own."
300,Demon Eyes,Mushoku Tensei,Bloodline,"This term refers to the number of eyes that possess unique abilities and Demon Empress Kishirika Kishirisu possesses a total of twelve of them and is known to hand them out to others as rewards. While you can certainly get these from her in the jump, if you buy the eyes here you don’t need to have your eye gouged out and replaced. Like the Demon Empress you gained the ability to bestow your Magical Eyes to others. While the vast majority of people you give these eyes will master them within months after gaining it. Unlike the Demon Empress you don’t need to jab your finger into their eye and swish around for a minute you only need to cover their eyes with your hand and inject your energy along with willing that you bestow your Magical Eyes.

Should they have an existing or have the previous Magical Eye that you granted them the Magical Eyes that you gifted would merge with their existing one. The gifted Magical Eyes will adapt to the receiver’s biology and magic system in minutes after receiving it, and if they don’t the required source of power in this world to use it, they can substitute their own magical energy and should they don’t have any magical energy and pools they could use their own stamina to use the magic eyes that you bestowed to them, magical eyes bestowed here applies to both eyes.

You can purchase two or more Demon Eyes and apply these powers to a single eye or existing magic eyes and it would combine and create new abilities along with the ability to toggle off/on the demon eye.

Magic Power Eye - The most common of demon eyes, magic power eyes allow the user to view magic power directly, the eye appears to be a deep green color, and has a cross-like pattern, with something like 4 extra pupils appearing around the main center pupil. Post-Jump this would allow you to see all kinds of energy from all magic systems and martial art systems like ki.

Identification Eye - When looking at something with the Identification Eyes, they will show the user details of that object, however, only within things that the user knows of will be shown. However if bought here, even things that you don’t know about the objects will be shown to you. Post-Jump this will act as a visual hud and show you descriptors for all objects.

X-Ray Eye - As the name suggests, X-ray Eyes allow one to see through opaque objects, including walls or clothes. However it doesn't allow one to see through people or dense magical power. Normally this wouldn’t let you see through people and dense objects, however if bought here you’ll be able to push past those limits by regulating the amount of magic power used.

Clairvoyant Eye - The Clairvoyant eyes allow the user to see far away, however, the ""focus point"" is difficult to control, rather than acting as a scope. The clairvoyant eyes seem to change the perspective of one's vision, while walls and clothes will stop your vision. You can maneuver around obstacles, with the amount of mana determining the distance from the user.

Foresight Eye - The Foresight Eyes allows one to see into the future, seeing possible outcomes. It's difficult to control ""focus point"", which in this case means how far into the future one wants to see. The further one tries to see, the more outcomes are shown to them, but these outcomes become blurred together. However if bought here you’ll only see the one outcome that they would do with the maximum of ten seconds into the future.

Absorption Eye - This eye absorbs magic. Normally the eye would absorb magic indiscriminately, it would absorb any magic you cast as well. However if purchased here you can use select the targets the eye absorbs. Post-Jump this will include any type of magic or energy, and you can choose to let the energy disappear entirely or absorb it into your own reserves.

All-Seeing Eye - The all-seeing eyes allow the user to see all things in the world, even being able to find specific people, and peer into labyrinths. But a dense enough magical power can hinder the sight of the all-seeing eyes. However if purchased here you could pierce most magical barriers and dense magic power with regulating the amount of magic power used.

Absolute Void Eye - The Absolute Void Eye can create an immense, insurmountable barrier around areas. While you could hold off an army with these and prevent people from entering, the drain is significant. However if purchased here you can create an independent barrier over an object or area but the strength and duration of the barrier depends on how much energy you used to create it."
300,Abominable Transformation,Darkest Dungeon,Bloodline,"“The man is slave to the beast, and the beast is slave to the moon.”
Through twisted experiment or daemonic possession your body may undergo a stressful transformation into a half-beast, half-man creature. Like the Abomination the decision to transform is yours- barring the onset of madness- but although the act itself will actually heal minor wounds, the transformation may incur stress not only on yourself but on any compatriots who witness the monstrous shifting of flesh and muscle. Luckily, you may also partially transform while retaining your mostly human body in order to defend yourself, which is far less taxing. The form you take on when fully transformed will be similar to that of the Abomination, featuring rending claws, teeth and inhuman strength, as well as caustic bile-the differences, if any, being limited to cosmetics. If you purchase one of the seven “disease” perks below you will have the opportunity to design an entirely new form, with its own set of benefits and demerits. Just be aware that, regardless of form, the superstitious souls of the Hamlet may not be too happy about your presence here- and those of a religious sort may even refuse to adventure alongside you entirely. Should you wish, you may also choose to make your “transformed” state permanent instead- this will eliminate the penalties related to transforming, but you will lose the ability to take on a different form for the duration of the Jump. Needless to say that being stuck as a monster will do little to endear you to those who distrust or hate your kind, too."
300,Crimson Curse,Darkest Dungeon,Bloodline,"“There is power in the Blood, for those with the fortitude to pay the price.”
In the Ancestor’s younger years- before he was committed so earnestly to the excavation of what lay beneath his estate- he threw lavish and decadent parties hosted in the vast expanse of gardens and stone terraces that were so lovingly attended to by his servants. But after a bewitching encounter with a pale beauty the courtyard became host to a different celebration; a wild feast and orgy of blood. Like the nobles he once called his peers, you have contracted the Crimson Curse- a sickness that pulses through your veins, weakening the humors and making it slightly easier to bleed in exchange for advanced speed and a thirst for blood- and particular, the vintage brewed from the progenitor of this plague. Starving yourself of blood will make you waste away and die, but when your cravings are sated you will enter a zealous frenzy, attacking with inhuman strength and speed and resistance to poison and stunning effects as befitting your changed nature. Thankfully, even if your self-control matches that of the Viscount your actions will remain your own.

With Abominable Transformation you will find yourself rapidly advancing through the stages of the curse while somehow still retaining your sanity and free will. Your skin will pale, and you may begin to develop certain insectile traits- a proboscis may replace your mouth for example, or you may develop skewering blades on your arms, among other traits. This is when you are “human”. Drinking blood which now promotes powerful regeneration through your body for a short time- will cause you to shed your human veneer, turning you into a half-insect, half-human beast reminiscent of a mosquito, leech, tick, or some other bloodsucker with greater strength and new methods of attack befitting your form."
300,Refracted Husk,Darkest Dungeon,Bloodline,"“No rest, no peace for this wretched soul.”
After the Comet arrived those unfortunate enough to be bathed in its cosmic colors found themselves shattered, and refracted across time and space- made a slave to the Comet’s will, and forced to serve it for all eternity. These unfortunate souls, now only husks of their former selves, have become vessels for the Comet’s power. Even the heroes sent to stem the tide are not safe; those that succumb to madness or death there often return to the Hamlet, gibbering nonsense about cosmic lights and the hateful hues found therein. But as overwhelming as the Comet’s influence may be, there are still some who find the strength to fight its influence- even in the utter depths of its embrace. Consider the poor miller himself; a slave he may be in his twisted unlife, but even he can still recognize the face of his beloved. And Mildred, the woman in question, seems to have retained enough of her sanity to avoid attacking people entirely. And like those two, you have resisted the worst of the Comet’s influence. Caught between life and death, the lights you have seen have revealed many truths to you both great and terrible. As a result, while your mind may be more susceptible to trauma you’ll find that enemies will always fail to escape your notice- no matter how well they hide, so long as they’re close enough to be a threat you will see them. Additionally your encounters with otherworldly energy has made it easier for you to bleed and poison your enemies. Your innards have started to harden, granting you protection from attack but also slowing your movements considerably; your eyes glow with blue, eldritch light thanks to the crystal shards gestating inside of you, though they don’t illuminate much.

With Abominable Transformation you can further your transformation. Your skin will form a rocky hide, blue light emerging from cracks in your cosmic armor. Your limbs may detach from your body, connected by tendrils of otherworldly light. Not only will this further increase your defenses, but the light you emit can be used offensively, altered to take on hues both splendorous and haunting and almost anything in between. Bathed in the ethereal glow your allies may find themselves more inclined towards heroism, their stress melting away as their body strengthens; or the light may reveal a previously unseen weakness in the enemy, possibly even causing them to go mad- if they are even susceptible to such a thing."
300,Eldritch Flesh,Darkest Dungeon,Bloodline,"""The flesh is fluid! It can be changed, reshaped, remade!”
For the cultists who flock to the manor there can be no higher honor than this- to be taken into the warm, tenebrous depths of the earth to emerge changed- and made part of the whole once more. Remade in the Thing’s image, they consider their hideously mutated bodies a blessing- a reminder that madness takes many forms, just as they do. Tumorous pink flesh, tentacles, beady black eyes, protrusions of teeth and bone, and other eldritch additions can be found on their form. And, like them, you have taken up some of these traits yourself. Although still recognizably human overall, you may have teeth-lined tentacles in place of arms, or a mass of them for legs; you may have gained something similar to a scorpion’s tail, injecting the foulest of acids into your prey or possibly launching shards of bone like an organic crossbow. The downsides are few- for you, at least- and in fact, your mind has been hardened greatly. But the sight of your body is so horrific that few townspeople will tolerate your presence- and even those brave enough to accompany you may lose their nerves when they see you fight

With Abominable Transformation you may achieve the height of reconstruction; evolving into something never before seen on this earth. A mass of tentacles, like an octopus on land; a cyclopean beast, eye stalks beholding all around it as it gnashes with a toothy maw. Split yourself down the middle and turn yourself into a giant, threshing mouth, if that’s what pleases you. Your form is terrible and even more sanity distorting than it was before, and is limited only by your own twisted designs- as well as the dreams of that which lies sleeping beneath the carved stone and beating flesh... of the Darkest Dungeon."
400,Cyborg Hindu Godbody,Asura's Wrath,Bloodline,"You have a genetically, cybernetically and magically enhanced physiology, and the knowledge to
propagate this technology. Your capacity to wield Mantra is enhanced, both accepting general Mantra as
well as your primary association.
This constructed body can heal itself, or be repaired by yourself or others. Your magical physiology is
obvious, but always aesthetically pleasing. You can survive in space without a suit, endure planet­busting
attacks with sufficient Mantra, and are otherwise ageless.
This increases your maximum Mantra Level by 2."
400,Primordial Spring Morning,Grant Morrison's 18 Days,Bloodline,"All beings in the Satya Yuga are without vice and full of compassion. All humanity shall be living
saints and there shall be no need for religion or faith. All humanity will be tall, powerfully built,
honest, youthful, vigorous, well spoken, and full of virtue. There will be no need for agriculture
or mining, for the Earth shall yield up her riches on her own.

There is something about you that is not of this world. Something purer, truer... something
ancient. It seems that the Yajnatek labs were particularly successful with you, and they
accomplished something they’d only barely dreamed of.

The memory of the Golden Age is strong in you, and it pours off of you into the world.
Wherever you go, the world remembers the Dawn with you. Weather turns pleasant and mild,
things like disease, age, and fear start fading from the land. The Earth grows bountiful to absurd
extents, such as it was in those glorious days when the world was new.

While at no point will this make people physically equal to what they were in the Dawn of the
Universe, the longer you stay around, the more of your power you put into actively enhancing
your effort, the closer to the Satya Yuga the world around you gets. You get to decide the area
this occurs across, but the larger the area, the more the effects are proportionately diluted.
While the ethical, moral, and environmental effects can get right back to the first age, the
martial effects you can cause cap out at making things about two thirds of what a modern day
Superwarrior can do.

Your physical and mental attributes are increased to the point where you now stand as far above
a normal Superwarrior as they do above the rank and file of the Third Age. Your speed is as
lightning, your blows could shatter mountains, and your skin withstand blows that could crack a
continent.

In future jumps, you find yourself the absolute epitome of whatever race, type, being, or entity
you come to be. Whatever the reasons might be for someone to not be such, like blood, magic,
curses or the decline of the very world itself, none apply to you in any way, shape or form. You
are the greatest, mightiest, wisest and most perfect being there can possibly be for your
race/species etc. If there was a first generation, you belong to it, though this does not change
your starting location or time."
400,Cyborg,Metal Gear Rising: Revengeance,Bloodline,"You’ve been enhanced with state of the art cybernetics and as a result
are more powerful than your standard soldier. Grants 1200 Build Points and access to the
Cyborg supplement of the jumpdoc"
400,Third Limb,Fog Hill of Five Elements,Bloodline,"The Chen Shou beast with its feathers or the Jiao Wei demon's spines, just like them some of your more animalistic characteristics like feathers, spines, scales or fur can separate from your body and you can control their hardness or handle them from a distance you can use a bunch of feathers to attack your opponents or scales to protect yourself the finesse and the ability to handle this is up to you needing the training and skill to use them in combat in a way that they can become lethal. 

It can be purchased several times, and in case you are human this can be applied to a weapon of your choice."
400,Kanghui Regeneration Gene,Nine Sols,Bloodline,"Though it brought him only misfortune, the Solarian
Kanghui was possessed of remarkable vitality, aging very slowly, and able to regenerate his
body at great speed. You now share in this power, able to recover from wounds at great
speed, and resist the onset of diseases like the Tianhuo - but this grants you no additional
strength to escape imprisonment. This regeneration does have a limit, though; if your head
is cut off or your brain destroyed, you will not be able to recover."
400,Myriad Antidote Body,Nine Sols,Bloodline,"Among the apemen is one with an unique constitution, one
who would be known to later generations as the great Shennong. His constitution is yours
to share, now. Any poison or venom that would otherwise harm you, doesn’t. In fact, they’re
now rather enjoyable meals to you. When you ingest these toxins, your body will neutralize
their negative effects, and you can even expel (read: puke up) an antidote for that poison,
which can be used to cure someone else. With enough poison, you can also create a special
medicinal brew that will increase the bodily resilience of anyone who drinks it - assuming
they’re alright with drinking alcohol brewed using your spit. Unlike Shennong, you will not
be at risk of dying if you go too long without consuming poison."
400,Mushi Evolution,Joujuu Senjin Mushibugyo,Bloodline,"Time for your kin is different than for humans, for them time will only make them weaker,
their body will eventually fail them, sending their minds to doom. Such is not the case in
Mushibitos, double down for you, because time will only make you stronger. As the days,
weeks, months and years pass, your powers only grow passively. The boost is not much as
first glance, but it stacks up as the seasons pass. Eventually, just surviving long enough will
make you one of the strongest. How ironic."
400,Oina,Okami,Bloodline,"You are a blood relative – or indeed an outright member – of the Oina tribe. At will, you can transform into a wolf and back, retaining your mental capacity. In future jumps, the wolf will become an alt-form."
400,Blade-Borg,Swords,Bloodline,"Having been reconstructed through technology and runecraft. You are a mechanical masterpiece of great power and strength, able to slice through great monsters. This mechanical body of yours updates every year to be the greatest of your creation abilities and knowledge."
400,Higher than the Sky,Swords,Bloodline,"Majestic and regal, You are a Really high elf. A unique subspecies that has an unparalleled gift for harnessing and generating arcane energy, with even the weakest of your technologies capable of fueling a highly-advanced society with ease."
400,A Golem's Heart,Soul Calibur,Bloodline,"Golems are a creation of Fygul Cestemus and they stand amongst some of the greatest
fighters in this world. One of the reasons why golems are as powerful as they are is the core
that makes up their being, their “heart” if you will. Now, you have such a core. The rest of
your body is no longer vital for you to continue living. As long as your “heart” still beats, you
will continue to live, no matter how grievous your injuries are. The “heart” can even be
enhanced to allow you access to greater power and further study of it would allow you to
create lesser versions of yourself that are as loyal and intelligent as you want them to be."
400,Soul of a Demon,Soul Calibur,Bloodline,"The shinobi of this land hold many secrets, secrets that have allowed them to be as
successful as they are now. You are the result of one of those secrets. A demon has been
sealed within you. With this demon within you, you have gained the ability to manifest fire
and energy. At first, you’ll only be able to project them through pillars and shockwaves but
further training will let you do far more such as coating your weapons or creating constructs out of them.

But that’s not all. The more you use your power, the closer you become to the demon
within. Unlike the other demon bearers of this world, you will not be taken over by the
demon within. Instead, once you have used your powers enough, you will be able to take on
a demonic form that is half again as strong as your normal state. Unfortunately, the form
does come with a weakness to techniques specifically designed for demons. On the bright
side, there is a way to bypass those who specialize in those techniques. Beat them down before they use it."
400,Zoanthrope Awakening,Bloody Roar,Bloodline,"With this, you have a way to not only implant the Zoanthrope gene within any living person safely, but you can awaken it immediately as well due to knowing the required wavelength. Your knowledge of it is extensive to the point of being capable of splicing in any beast you have access to into the Zoanthrope gene, with few consequences."
400,Nameless Horror (Zarkheba),Conan,Bloodline,"You are a creature like that of the oldest race of the Earth which lurked last survivor in its ruined city upon the banks of the river Zarkheba. Winged and gigantic, with hairy, ape-like arms, bowed legs, crimson eyes, and features at once subhuman and superhuman, you possess substantial strength in addition to the wings which allow you to fly, and a lifespan which while finite is much longer than that of a man. Though you may be large, you are not so large a good sword swung by a strong arm could not cut you in two. You also seem able to with time and effort twist captive victims into the shape of monstrous hyenas which serve your will."
400,Nameless Horror (Bit-Yakin),Conan,Bloodline,"Alternatively you may be one of the race of grey, hairy, man-creatures which served Bit-Yakin once centuries ago. Similar to the above option they are somewhat smaller, though still larger than humans, and stronger as well perhaps a touch stronger than that of the above option. They lack wings, or the ability to twist victims into monstrous servants, but they are tougher - a blow that would bisect the above option would merely sink partway into their spine - although not beyond being slain by such a blow it would just be a longer and more lingering death."
400,Nameless Horror (Zogar Sag's Demon),Conan,Bloodline,"Or perhaps you wish to be a creature like the demon in flame who was brother to Zogar Sag. Towering over even Conan, you are sharp eared, oblique eyed, and thin lipped, your face is somewhat demonic in character, but it gets worse further down your body as snake scales cover your torso and crane-like legs end in splay-toed feet neither reptilian nor avian but horribly in between. Manlike arms end in curving sickle-like blades capable of easily separating a man’s head from his shoulders with a single blow. While your strength is less than the above two options it is still more than Conan’s own, and your swiftness is superhuman. But this will not give you his skill and instinct for battle, and armor may prove sufficient to save a man from your talons. Besides this physique you possess the ability to cover yourself in a ghostly blue flame obscuring your features though it does not seem to burn things, and to imitate voices with uncanny perfection."
400,Providence,Duel Monsters - Duel Terminal I,Bloodline,"Ah, what an interesting trick. There is far more power in your body than one might expect. Quite literally, actually. When you give away part of your body willingly, the part so removed becomes akin to a magic item, holding supernatural abilities appropriate to the relevant part and your own wishes at the time of creation. Perhaps a cut of your mane large enough to use as a cloak could grant another your durability, or a scale from your legs could be used to grant them your speed. Of course, having more esoteric abilities will let you grant more esoteric effects. A fang capable of shattering enemy spells, or perhaps a claw capable of shooting beams of force when wielded like sword? I won’t presume to know everything you’re capable of. Still, these items can’t last forever, and every use of them will bring them closer to the breaking point. Equipping someone before they go on a monthslong journey is well within the cards, but I would not hope to stockpile these if I were you. The lingering will left inside those magic items will also make sure they can not be used in ways you’d disapprove of, as well."
400,Queen,Duel Monsters - Duel Terminal I,Bloodline,"Do they take you for a simple commoner? A mere henchman? No, you are great, a titan of might and beauty standing proudly over the Worm race. The very vehicles the pitiful natives of this Duel World ride within barely come up to your legs, and you could quite literally hold the life of a person in your hand before crushing them into a blood red pigment to color your kingdom. Your speed and the toughness of your body do not fall behind your size and strength, as well, allowing you to cover distances at speeds only vehicles could match and take attacks capable of destroying city blocks before finally dying."
400,Millidith,Duel Monsters - Duel Terminal I,Bloodline,"...Effective, if cruel. Your body is a breeding ground for all kinds of horrid Worm parasites, from tiny spiders which love climbing into people’s mouths, to actual literal worms that enjoy digging in through the bellybutton to have a feast, to germs that ravage individual cells, and who even knows what else. They don’t hurt you, however. In fact, your biology actually heavily benefits from these parasites... and naturally mutates any other parasites that try hitching a ride in you such that they are entirely beneficial. The real question is if you’ll survive being a host long enough for that to happen. Regardless, you can loosely command these parasites with a thought, allowing you to order them to do things like only go for specific people, not gun for others at all, or just run wild and start crawling out of you to jump into whatever’s around."
400,Xyz of the Self,Duel Monsters - Duel Terminal II,Bloodline,"I suppose you might desire to taste this power before others even know it exists, but this is something most could not even understand. You are not a person. Or rather, you are not a single person. The truth is that the person you’ve been until now is the result of three other beings using Xyz to become a single entity, and though they have no qualms with being themselves, they rather like being you and would prefer to stay that way. Their individual abilities and personalities are directly derived from you, seeing as they are what forms you. As for how this benefits you... being killed in this Xyz state will simply cause your constituents to harmlessly break off from your disappearing body, and while they’ll need to rest before being able to merge into you again, they are still your equal when put together. All three of them must die for you to truly be killed. Ending your life is a bit more complicated, now."
400,Force of Nature,Duel Monsters - The Abyss,Bloodline,"In The Abyss, there are normal people and then there are those truly noteworthy. The beings that are more like a force of nature made manifest than anything that a normal person could even consider reaching. This Perk makes you one as well. Now, what this Perk does, specifically, is enhance the powers you would possess naturally as a part of being who or what you are. For the sake of this Jump, these Perks will be marked with [FN] in its name where relevant, and will include a note or example somewhere within it that explains what exactly having this Perk does to that Perk. However, this Perk isn't only useful in this Jump. If you have Alt-Forms, or gain some biologically based / form-inherent powers in other Jumps, these will greatly enhance those as well. Like increasing an Icejade's Water Manipulation to the force of a Raging River, or evolving basic Electrical Spells from a Stigmata into the ability to call down full blown bolts of lightning on command, whatever it is that you are will be amplified many times over to become akin to a force of nature that can blow past the efforts of normal life. Just, be careful not to cause too much collateral damage, otherwise you may be more like a natural disaster than anything else.
This Perk is a Capstone Booster"
400,"The Emissary from Hell, Infernal Jumper!",Duel Monsters - The Heroes,Bloodline,"Whether you’ve got friends downstairs, or this is just a mystery of your birth, you’re able to undergo a terrible transformation (pose and henshin phrase optional, but appreciated). This transformation creates a demonized version of your current form, able to throw around cars and handle getting punched through a building or two with nothing more than slight bruising even if you had no other powers. The actual design is up to you, whether that’s a knight with leathery skin and a dark exoskeleton or just a literal palette swap of yourself with devil horns. Natural weapons such as claws are allowed, but covering yourself in spikes and knives probably won’t work that well. All of these demonized transformations are considered their own altforms, with all that entails."
400,Feather Break,Duel Monsters - The Heroes,Bloodline,"Like the brave Avian, you have feathered wings that allow you to gracefully fly through the skies. These wings also allow you to command the wind, creating waves of wind able to send heavy objects flying and even shear apart small buildings. You can also fire your rapidly-regenerating feathers like bullets at enemies."
400,Air Hummingbird,Duel Monsters - The Heroes,Bloodline,"You are a birdman... from Neo-Space! Besides having mighty wings that allow you to fly faster than you can run and hover indefinitely, your have fantastic dexterity, allowing you to pummel and peck foes into oblivion with ease. Your beak is particularly durable in comparison to the rest of your body, and you are able to cause flowers to sprout from enemies. These are inconveniences at the most by themselves, but by drinking from them, you are able to heal yourself based on the vitality of whichever enemy the flowers came from."
400,Aqua Dolphin,Duel Monsters - The Heroes,Bloodline,"You are a dolpin... from Neo-Space! Your swimming speed puts boats to shame, and you can hold your breath for longer than most people can stay awake. You can use echolocation to see through entire buildings, and can intensify these sounds to the point of causing entire apartments or reinforced steel to break down. Besides that, your endurance is incredible. You could stay active for days on end without a worry."
400,Dark Panther,Duel Monsters - The Heroes,Bloodline,"You are a black panther... from Neo-Space! This grants you all the physical attributes of an actual panther. However, you hold a particularly unique ability by Neo-Spacian standards. You may take on the physical appearance of a single enemy for around a minute. Doing so won’t grant you physical attributes such as strength or speed, but will allow you to mimic any special abilities or techniques they may have, such as the many and varied powers exhibited by the Heroes of this world. This includes more esoteric things, such as spellcasting and technological suits of armor. You can end this effect sooner than needed, if you wish to copy a different target."
400,Flare Scarab,Duel Monsters - The Heroes,Bloodline,"You are a scarab... from Neo-Space! Besides having a fairly unique appearance and being able to fly a fair bit slower than you can run, you can draw on any ambient magic to increase your physical strength. If someone cast a fireball able to destroy a car in your general vicinity, you’d gain the physical strength needed to destroy that car until the spell ran its course. If that fireball were able to destroy a house, then you’d gain the strength to destroy a house instead."
400,Glow Moss,Duel Monsters - The Heroes,Bloodline,"You are a plant... from Neo-Space! You are made of a brilliant liquid-like mass which can be shifted and shaped at your command. While this allows you to lower the effect attacks have on you, and the fact that you’re not entirely solid makes certain avenues of harm useless, disrupting your cohesion so much you wouldn’t be identifiable as a humanoid will still end you. The alien matter making up your body also allows you to use a strange signal to get a general idea of areas the size of buildings and identify life forms inside them."
400,Grand Mole,Duel Monsters - The Heroes,Bloodline,"You are a mole... from Neo-Space! Besides giving you prodigious digging ability and an incredible affinity for any such endeavour, whether that’s designing safe mining procedures or creating a drill headset armor to go even further beyond, you have a strange connection to Neo-Space that allows you to teleport in a peculiar way. That is, if you are fighting a single enemy, you may will yourself and them to be returned to the point of entrace into your current battlefield. This could take both of you to your respective bases, or simply leave you both outside of a building, depending on circumstances."
400,Many-Formed,Elric Saga,Bloodline,"Like the ever-changing creatures of Chaos, your physical form is not set in
stone. With a mere thought you can twist and rearrange your body to take on another shape, as
small as a mouse or as large as an elephant, adding however many terrible claws and horrific
gaping maws as you wish, if you’re fond of taking the same forms as Chaos-creatures do.
Changing your shape from that of one human to another’s is also possible, but you will find it easier
to maintain the appearance of a monstrous chimera than a perfect copy of someone you know
without undergoing a great deal of practice. This replication also applies only to the physical aspect
of something, so while you could adopt the form of a hulking magical beast you would only be able
to make use of their natural strength and not their unique abilities."
400,Beyond Demiurge,Legacy of Kain,Bloodline,"As the Hylden curse wracked the ancient vampires with a predatory bloodthirst and sterility, it was only later that they discovered an even greater consequence. For vampirism tethers the soul to the body and even upon loss of physical form the soul will still linger in the Spectral Realm, rather than submitting to the Wheel of Fate. And while for them it was a source of great despair, the Kainite clan leader Dumah many aeons later that stumbled upon a curious benefit of this power, one now shared by you as well.

Should your body for whatever reason end up paralyzed, comatose or similarly incapacitated, then you can will yourself to separate your soul from the body it assume a purely spiritual existence. From there you will find your spirit no less able to grow in power than before, allowing you to train and grow stronger while you linger as a soul. And if your body is still present in some form then it will keep changing accordingly to reflect your growing might.

You may return to your physical shell anytime you wish, unless prevented from doing so by external circumstances. With enough time and experimentation you will be able to skip the bodily harm requirement entirely, freely exiting or entering your body like it was a convenient flesh suit rather than a necessity. And should your body be destroyed then your force of will shall keep your soul floating in the aether, though unless you have some kind of possession ability then you will be forced to stay in such a state. Should you find yourself stuck in a forced spectral form by the time a jump is over then it will count as a loss and you will be sent home. As a side bonus, thanks to your exposure, your claws and other natural weapons alike can now also rend those with normally incorporeal or otherworldly forms, allowing you a fighting chance even if your soul gets stranded in the Spectram Realm

A final word of caution: The Spectral Realm is home to many horrors that hunger for souls and some other worlds might have similar or even greater dangers as well. And just because your body is mighty does not mean your spirit is any hardier or more difficult to kill or devour for those with the means. Try not to be emulate Dumah‘s overconfidence and assume that you are beyond reproach just because your soul outlived its host."
400,Flame Elemental,Arawn,Bloodline,"No longer are you a creature of flesh and blood. No, you are something
much tougher. For 200 points, you are a being made of supernaturally tough wood. Your tough, fibrous
form can shrug off the blows of giants, and is armed with bladed limbs sharp enough to eviscerate them
in response. You might have more than two arms as well, for do trees limit themselves to just two
branches? If taken with ""GIant"", you are even larger and stronger than those giants as well. As a fringe
benefit, you’re probably capable of photosynthesis because you’re a tree. This is not shown in the comic.

For an additional 200 points, though, you are something even the walking forest of Cad Goddun should
fear, as you are a monster made of flame and lava. Every blow you make is suffused with the burning heat
that radiates from your body, often hot enough to melt steel and reduce whatever you strike to cinders."
500,Profound Handle,Against The Gods,Bloodline,"The Bloodline of the Yun Clan of the Illusionary Demon Continent, this is your very own Cyan Profound Handle. Maybe you’re descended from a bastard offshoot of the clan, maybe you’re a member, it matters little.  What does matter is what you can do with this. You have at your disposal a formless stuff, comprised of a nebulous mix of your blood and soul. It has 60% of your cultivation, soul and mental strength, in addition to what you already have. 

The profound handle resides in your left hand, and can be released at any time you want. It can use any and all abilities you can that rely on the above attributes, though no other. It can take any shape of your choice, but the colour remains fixed. You can also use it as a decoy by generating your aura from it and suppressing it at your own body, if you want. 

In addition, the Profound Handle is capable of other things like directly interacting with souls, your or other people’s. You can manifest aspects of your soul through this handle, allowing it to operate semi-autonomously and support you while you focus your attention on other things. It can also interact with other’s souls, allowing you to do things like performing surgery on them, searching their memories, and potentially much more. 

In essence the soul is as clay, to be moulded by the Profound Handle as you will. Finally, while it’s almost impossible to manifest more than one handle below the Divine Realm, there is no telling just what all you could achieve with it later on. As mentioned above, the handle you get is Cyan in colour, the same as the greatest geniuses of the Yun Family. "
500,Supreme Attribute Beast Bloodline,Against The Gods,Bloodline,"You have the bloodline of one of the Supreme Beasts of either
Fire or Ice, which are the Vermillion Bird, the Phoenix, and the Golden Crow for Fire, and the Ice Phoenix, the Celestial Qilin, and the Blue Dragon for Ice. You have received several drops of their blood, granting you their bloodline so you count as having descended from them, along with the power of their respective flames or ice.

In terms of sheer destruction, the Golden Crow’s Yang-rich flames are the most powerful in this universe, while the Vermillion Bird’s power is the greatest when it comes to cleansing Devils and assorted creatures. There is likely a similar hierarchy for the Ice Beasts, but the details are unknown.
This gets you the respective Profound Art Jade Tablet for Free."
500,Dragon God’s Bloodline,Against The Gods,Bloodline,"You have six drops of the Dragon God’s blood in your veins, and his marrow which will produce more, at a glacial pace of like a drop every several years until you’re 10% Dragon. This gives you extreme durability, to the extent that your bones are like tempered steel, and you gain a potent regenerative effect, regaining both your strength, health and profound energy at a rapid pace even in the middle of combat. It also makes you massively more resistant to poisons and other harmful effects. This perk makes it so that strictly speaking you don’t even need to cultivate now. Any powers you possess will continue getting stronger as you grow older, with no upper limits except your lifespan, which is extended to several hundred years. Finally, once per jump including this jump you can produce a ‘Dragon Seed’, which you may impart to someone else of your choice through sex. This heals them of any and all injuries or illnesses they may have, and nearly doubles their powers and energies. With time, you can learn to impart it without the sex too, but one person can only benefit from it once. This changes to once every ten years after your chain ends."
500,Great Way of the Buddha,Against The Gods,Bloodline,"This is the Divine Profound Art of the Primordial Rage God, which
allows one to achieve wonders with the body. It has Twelve Stages, each more difficult to achieve than the last.
This art does not depend in any way on one’s profound veins or profound strength, working instead
from your soul, and nature itself. Your progress on this path depends on your comprehension of it,
with each level unfolding as your comprehension improves.
This art provides you two things to begin with, those being increasing strength, and increased
healing ability. Both stem from the power of Heaven and Earth around you flowing into you through
the mysteries of this art, enhancing your body dramatically.

At the first level, this art passively gives you strength of almost two tons, and the ability to heal from all wounds in a couple of days.
At the second level, this art gives you strength of four tons, and provides significant improvements to your healing speed.
At the third level, this art gives you strength of ten tons, and increases your durability to the level of
pure steel. Your healing abilities enter the realm of active regeneration here, although it will still take
hours to deal with grievous injuries. The silver pagoda you manifested so far also turns into a faint gold color.
At the fourth level, this art gives you a strength of fifty tons and you enter the intermediate level of
the art. The pagoda becomes a dull gold in color and your blood is slightly tinted gold. Your body
now cultivates at all times, providing a slow but steady benefit to you continuously, but fast enough
that you could gain a level of Emperor rank in a couple of months even if you do nothing else.
At the seventh level, this art gives you the ability to restore important bodily necessities such as
vision but it is impossible to reach this level even at the Sovereign realm while remaining in the
Mortal World. Trying will cause your body to explode.
Benefits provided by further levels are unspecified, except that the twelfth level is the peak, and it
grants you the original physique of the Rage God."
500,Evil God’s Profound Veins,Against The Gods,Bloodline,"You have the Profound Veins of the Evil God himself, one of the True Primordial Gods of a Bygone age.

These veins do not provide you any qualitative advantage, in that they are not really much better than human veins when it comes to channeling Profound Power. But in your veins, there exist seven Gates. Each gate may be safely opened at a certain level of Profound Power, so that your body can survive the process.

The first gate multiplies your powers by three fold, the second gate four-fold, and so on. In addition, you also gain mastery of certain Profound Arts as long as the gates are open, one with each gate. These veins also let you absorb the Evil God’s Seeds for various elements as you find them. In the item section, you get these at a discount."
500,Inheritor of Ancients,Against The Gods,Bloodline,"You have had some fortunate encounters, Jumper! As suited for a Smooth guy like you, of course, You have received a True God’s bloodline directly from the source, with no dilution and a degree of purity and strength very nearly unmatched in this world. This is a gift beyond peer, Jumper, treat it well.

You may pick one Inheritance from the following list per purchase: Profound Handle, Supreme Attribute Beast Bloodline, Dragon God’s Bloodline, Great Way of the Buddha and Evil God’s Profound Veins. If you want, you can also design your own separate inheritance instead, and have it be something equal to these."
500,Primitive,Baki: Son Of Ogre,Bloodline,"Preserved in crystalized saline for over 200 million of years, akin to your contemporary Pickle. You have awoken in the modern day.

The strength, stamina, speed, and toughness of your primitive body puts modern animals to shame, let alone humans. Steel tears like paper and bullets are a minor annoyance. Back in the cretaceous era, you made meals of some of history’s greatest predators. In comparison, the fighters called “masters” in this era may be impressive for their size, but only true legends can be called an actual threat to you. Though technique can go a long way in closing that gap.

Your physiology is distinct not only in your physical output, but in your skeletal structure. You’re able to switch between bipedal and quadrupedal at will, and your thick vertebrae makes you almost immune to concussions.

Taking this requires you to pay 500cp. You also lose the ability to speak coherently for this jump and must take the drawback What an Impossibly Lonely Man, for no points."
500,Chimera,Bloody Roar,Bloodline,"Whether you were born with your Zoanthrope form an amalgamation of beasts, or through lab work & genetics were made into a hybrid monster, your Zoanthrope form is now a heavily beefed-up, powerful combination of three different animals. Your physical power rivals the supernatural strength of Mythic Beast Change and the unholy dexterity and killing prowess of the Wicked Spirit.
If you want more than the base three, add 50 cp per extra animal added to the final Chimera.
Incompatible with ""Mythic Beast Change"", ""Wicked Spirit"", and ""Impossible Genome""."
500,Mythic Beast Change,Bloody Roar,Bloodline,"Whereas normal Zoanthropes access beasts that have existed in Earth's time, your Beast Form is a beast from myth or legend, ranging from a majestic Phoenix to a raging Dragon. Your power in this form is equal to the killing prowess of Wicked Spirits and Chimeras alike.
Incompatible with ""Wicked Spirit"", ""Chimera"", and ""Impossible Genome""."
500,Wicked Spirit,Bloody Roar,Bloodline,"There is a malevolent force that will reveal itself in this world's timeline called the Unborn, a monster that binds itself to the Zoanthrope form of a man called Xion. It seems you've found a docile variant - though your Zoanthrope form Is bound to a monstrous, metallic hybrid of praying mantis and dragon, your power increases to rival - and can excel - that of a Mythic Zoanthrope.
Overrides any animal chosen for Beast Change (unless Alternative Form is taken to allow a second one).
Incompatible with ""Mythic Beast Change"", ""Chimera"", and ""Impossible Genome""."
500,Impossible Genome,Bloody Roar,Bloodline,"Your Zoanthrope form bears no resemblance to any Earthbound or mythical creature, but instead heralds from a powerful beast within your past. Choose any monster you have defeated - be it a savage Tigrex, a majestic Arc Whale, or any other beast that's fallen by your hand - and from this point onward, that beast forms the foundation of your Zoanthrope form.
Incompatible with ""Mythic Beast Change"", ""Chimera"", and ""Wicked Spirit""."
500,On the Wings of Glory,Volgarr the Viking,Bloodline,"From your back burst a pair of wings made out of blue fire, your sight now reveals to you the
souls of others (both living and dead) and you feel that you can shift in and out of others'
perception of you... That’s right, you have become a Valkyrie! This would normally require
you to be a woman, but if you are not then perhaps Odin is branching out? Anyhow, this perk
allows you to fly with the aforementioned wings, though they can also carry you into other
dimensions with enough practice, to become selectively invisible (allowing you to choose
who can see or hear you) and to interact with the souls of the dead. While you are in many
aspects a “baby Valkyrie” new to your abilities and untested in your duty, with time you can
come to equal the greatest of Odin’s warmaidens!"
500,Hidden Form,Volgarr the Viking,Bloodline,"Like Fáfnir, you possess the ability to change from a man into a monstrous form, either that
of a dragon or some other creature, perhaps simply a much larger version of yourself. In this
form you possess much greater strength and durability than normally and might have
another ability, like flight or burrowing, depending on what form you take."
600,Eternal Son,A Will Eternal,Bloodline,"You are a being directly created by the Eternal Mother herself, in a moment of her rare
waking, to be another possible weapon to use against the Mortal Renegade. This has left
you with a single overwhelming attribute. This could be an unrivalled hardiness, near instant
regeneration, seemingly endless life-force, or something else. You may only have a
weakened version of this while still at the early stages of your cultivation, but as you
progress, so too shall this powerful ability grow with you naturally, even without your help."
600,Okami,Sekiro Shadows Die Twice,Bloodline,"You gain an alt-form that resembles that of the dragon of the sakura tree. When you change into
this form, rain clouds gather above as heavy mist settles on the ground. While in this form, you
can conjure and manipulate vegetation. You can also summon lightning from the rain clouds by
using the vegetation as pseudo-lightning rods. If you have the Divine Lightning perk, you can
just summon the lightning outright but using the vegetation will create a compounding effect that
increases your lighting’s strength by many folds. Additionally, your breath is a powerful jet of
water that can cut through steel. You can also breath a jet of steam instead. While it doesn’t cut
like the water, it’s larger in width and inflicts tremendous knockback that can tear down fortress walls."
600,Demon of the Third Realm,Sekiro Shadows Die Twice,Bloodline,"You gain an alt-form that is the true embodiment of hate. You take in all of the wrath of people
around you, concentrating it into your vessel to mutate into a violent demon of fire, often an
animal of some kind that is closely associated with you. While in this form, wounds that would
be fatal to mortals will not be to you. You can conjure and manipulate fire, as well as receive a
large boost to your physical abilities. Be warned, while in this alt-form you are assaulted by the
wrath of hundreds and thousands of people threatening to waste away your mind. If you stay in
this form for too long, you may lose control and nothing besides death or at least near death will
return you to your senses."
600,Half Beast,Fog Hill of Five Elements,Bloodline,"Well, well… It seems you have ingested several Ju Xian pills. If you were unaware of their
contents, the effects have likely caught you by surprise. But if you knew exactly what you were
consuming, then you understand perfectly what is happening: the Ju Xian pills are transforming
you into a demon.
Those knowledgeable on the subject may not consider you a true demon, and even demons
themselves will not recognise you as one of their own. However, the transformation is
undeniable. Beyond the appearance of coloured markings and scales on various parts of your
body, this change will greatly enhance your physical abilities, increasing your speed, agility, and
endurance to extraordinary levels.
Depending on the number of Ju Xian pills you have consumed, you may enter a state known as
Demonisation or Semi-Bestiality, similar in appearance but not in strength to the Divine
Manifestation of elemental ambassadors. During this transformation, your skin will change
colour, scales will emerge, and you will develop bestial traits. In most cases, the transformation
will be most evident in your eyes, whose colour will shift dramatically, resembling those of a
beast more than those of a man.
This power will further enhance your physical abilities, but the most striking aspect is the
emergence of a skill that seems more fitting for a demon than a human (see additional notes for
more details). At last, you possess the same gift as the first brother, Chi Ji—the ability to absorb
demons and grow stronger from their energy. In future worlds, this will only work on beings
composed of energy, whether Qi, magic, or some other similar force."
600,Majestic Body of the Great Demon,Fog Hill of Five Elements,Bloodline,"You possess an exceptional body, endowed with strength, resilience, and dexterity far surpassing
that of other demons—even without having trained a single day in your life. However, if you
were to refine it through martial arts training, you would likely be capable of toppling houses
with your strikes and pushing people aside with terrifying ease.

When villagers in cities fear demons, they often imagine someone like you—a being capable of
laying waste to small villages and towns, reducing them to rubble through sheer brute force and
skill. In fact, even the Ambassadors might see you as a threat should you combine your innate
talent with disciplined martial arts training.
Moreover, a body like yours may not only possess extraordinary physical power but could also
hold mystical properties, whether to enhance the strength of others or even serve as a form of
medicine. A prime example of this is the Qilin, both father and son.
Be extremely cautious—if you lack the strength to prevent others from gazing at you with greed
in their eyes, it would be wiser to remain hidden."
600,Born of the Sea,Saint Seiya: The Original Series,Bloodline,"Whether you are a creature of the seas given
human form or blessed by the Sea God himself, your physical form is not limited to that of the
land-based apes that inhabit this Earth. You may freely change your physical form to any sort of
sea creature that currently exists in the world, anything between the size of a shrimp or the bulk
of a full-sized Kraken. The only restriction is that said creature must already be aquatic before
transforming into one of them. Roar, mighty Leviathan."
600,Ichor,Saint Seiya: Lost Canvas,Bloodline,"The blood of Gods. One that now flows inside you as well… partially at least. Given to you by a God, you survived the pain and adaptation time it took to fully take its power, providing a massive boost to your body and cosmo. The only two others like you have yet to receive such blessing,  and to give you a reference, Radamanthys (after days of continuous and excruciating pain) went from an equal of Gold Saint Scorpio Cardia to obliterate Leo Regulus, the strongest Leo Gold Saint to ever exist so far.
This Perk is a Capstone Booster"
600,Jamirian Blood,Saint Seiya: Episode G,Bloodline,"A special property flows through your veins, granting your blood the magical ability to repair
mystical artefacts on its’ own. Just by letting out your blood to drip over the magical item in
question, you can see it begin to mend itself. The more powerful the item, the more blood it will
take you but even something as great as one of the Gold Cloths would only take 2 pints of your own
blood, easy to handle for a Saint. The process will take an entire night, though you can speed it up by
offering even more of your own blood. If you also had specialised tools, you would be able to work
at far faster speed in repairing these items."
600,Gemini Genes,Saint Seiya: Episode G,Bloodline,"Not all men are born equal and the Saints are no different. Even among Gold Saints, most of them do
not go beyond the power to destroy a star or even solar system at their greatest, at least not in this
time. There is one strong enough to call out power enough to obliterate entire galaxies however and
now that number includes you as well. Whether you are a Saint or a Titan, your raw strength with
that power is mind bogglingly great. You’ve got the raw power to destroy entire galaxies in single
attacks and your special techniques can extend to cover multiple galaxies at once. If you are a Titan,
you are noticeably stronger than even that."
600,Vampiric,Tekken,Bloodline,"You are a Vampire! You can use dark energy to enhance your attacks and use like
projectiles. Fortunately, you don’t need to worry about your usual Vampire weaknesses like Sun light
and garlic. Adding to that your also all but immortal, unable to die to old age. You start weak but can
strengthen yourself by drinking blood. Drinking the blood of someone with intense spiritual force like
the Archers of Sirius will greatly boost your strength, much better than normal blood. On top of that
you can heal yourself when you sleep."
600,Overcreature,Swords,Bloodline,"Through strange circumstances, you have
become an overcreature, a being capable of unyielding might and
an ability to expand your strength and stature without bounds.
Either through a weird chance of you becoming this through being
exposed to massive amounts of radiation like the Megadwarf,
being born this way like the Overgnome, or something else"
600,Prophesied,Sword of the Stranger,Bloodline,"There’s something special about you - or, at least, about your blood. Whether you were
born at an auspicious moment, from a confluence of powerful families, or some other
source, your blood has a mystical potency not seen in others. If used in any ritual or
magic which demands blood, yours will satisfy any required conditions, and if the ritual
could have been done with your blood ordinarily, will amplify its effects. Additionally,
once per jump (or ten years; whichever comes first) you may use your blood to satisfy
any requirement for a human sacrifice or similar, without dying."
600,Hive Queen,Kenshi,Bloodline,"You’re no longer an ordinary Hiver, indeed you’re now a Hive Queen. Normal Hive
Queens can create new Hivers through their dispenser unit, a robotic piece of equipment grafted to their torso.
Unlike normal Queens, you may choose to separate your dispenser unit from your body to become a
stand-alone machine. Dispensers take eight hours to produce one drone, and require a large amount of
organic material such as meat or food. You can also speak normally, instead of being relegated to only being
able to screech and shriek like other Queens.
Each newly born Hive Drone is perfectly loyal to you, but individually they aren’t very good fighters.
While there’s theoretically no cap on the number of Hivers you can create, the food requirements of a large
hive tends to limit growth."
600,Fullmetal Samurai,Samurai 7,Bloodline,"You are a mechanical samurai. You’re not a nobuseri, but
something significantly greater. You now possess a mechanical body towering head and
shoulders over ordinary humans. As a machine you no longer suffer the weaknesses of
biology, though you do seem to still be able to eat (and enjoy doing so) - perhaps you can
use it for whatever engine fuels you though you don’t seem to need to be refueled or
recharged either. This includes the need to be intact. Dismemberment only impacts you
by removing your ability to easily use that limb, and decapitation is a nuisance. Your
consciousness still resides in your head, though, so try and keep that intact. And
decapitation is only a nuisance, because you can control your body by remote from your head.

Beyond the advantages of being a machine and not flesh and blood, this form does give
you great strength and durability. While samurai in this world will cut clean through you
like you were flesh and blood, less skilled warriors with lesser blades will be as likely to
bounce off as harm you, and even high powered rounds designed to penetrate metal will
have trouble punching through your form. Taking a few dozen such shots point blank
across your body will cause some significant structural damage, though even that
wouldn’t put you down easily. You’re not indestructible, but you are tough. And just like
you’re tough, you’re strong. Swinging around a sword as long as a man would be nothing
to you, you could pull a sword the size of a mech out of the sand with some effort, and -
half-ready for the scrapheap - you could possibly hold it firm against a crashing airship."
600,Aeon Chimera,Soul Calibur,Bloodline,"Devour it all. Only then will your wish be granted.
You have been granted an ability that would not appear in this land until years into
the future. You are a chimera or at least you hold the power of one. Whenever you devour
the flesh of another, you will gain their abilities and their memories. You do not even need
to beat or kill opponents. Devouring their flesh in the middle of combat will serve well
enough for your purposes. It won’t be as strong as if you devoured them whole but with
every bit of flesh devoured, it will grow stronger and stronger. Even if you can’t devour them
whole, time and training will see the skills and powers you’ve gained becoming stronger and
stronger. Won’t your enemies be surprised when you bite into their flesh and turn their own
skills and powers against them?"
600,Nameless Horror (Thoth-Amon's Hound),Conan,Bloodline,"You can be a creature like that summoned by Thoth-Amon from his ring. Resembling both and neither a great black dog and a terrible baboon, with yellow eyes above a formless maw. Plain, mortal steel does not cut you, even wielded by one such as Conan himself, and your strength is as far greater than his as his is above an ordinary combatant. But it is your eyes which are your greatest weapon. Able to paralyze a man with fear and terror as they showcase within them the reality of all the abysmal and blasphemous horrors that lurk in the outer darkness of formless voids and nighted gulfs. Be wary of blades bearing proper enchantment, as they will cut you as cleanly as a sword would cut a mortal beast and you may be vulnerable to other means beyond normal steel."
600,Nameless Horror (Thog),Conan,Bloodline,"You can be a being like Thog of Xuthal. A frog faced creature continuously writhed in living shadow which resisted light’s attempts to banish it. Its exact form seemed to be uncertain save that it had physical substance and many appendages ending in claws, tentacles, and envenomed barbs. While not immune to mundane weapons, your ability to take blows is immense, capable of surviving repeated stabs and hacking blows from Conan himself, though the creature eventually fled him, jumping into a stygian abyss to lick its wounds or possibly dead from the blows Conan continued to deliver with a as he was dragged behind it."
600,Nameless Horror (Khosatral Kel),Conan,Bloodline,"Something less esoteric in its way that is available to you is to be a giant formed of animate iron like Khosatral Khel. A giant compared to Conan himself, your strength is diabolical, able to splinter doors, or beat down walls. Normal swords will not cut you, for you are made of living iron in the likeness of a man, and possess all the durability which would be expected of such a thing."
600,Never Unaware,Cradle,Bloodline,"The Bloodline Ability of the Aurelius Clan, the Aurelius Senses, the
power that borders on Omniscience? Yeah you've got that now. It starts out as only being able
to see, hear, and feel anything within roughly 100 feet of you, but with practice and growing
power, it can in theory encompass an entire world. Never be caught with your pants down again."
600,Always Armored,Cradle,Bloodline,"The Akura Bloodline Ability, the Shadow Armor, is now yours to
command. This armor can be summoned at will, and protects you against nearly all harm so
long as you can sustain it with magical energy, though Madra works best, specifically Shadow
Madra. It's heavy, bulky, and takes some getting used to, but it can be dismissed and
summoned in a near-instant as needed. The harder the blows you're stopping with this armor, of
course, the greater the magical drain, so don't expect to keep this up for too long in a heavy fight."
600,Field Marshal,Duel Monsters - Duel Terminal I,Bloodline,"Nearly all Allies of Justice operate on the personal scale. Gigantic war machines just can’t function reliably without something supplementing their processing capabilities... but you don’t care a bit about that, do you? You could have been rather large before, perhaps the size of a tank or bus, but now you’ve really reached the absurd. You can either be the size of a medium building, with good dexterity and mobility, or be something like a castle unto yourself at the cost of being rather slow. Either way, the features your Armaments and Chassis might have given you before are on a whole ‘nother level, thanks to the heightened power and durability of your body... the fact that your size means they could load you up with dozens more weapons and tools doesn’t hurt either. Last thing to note is that you may choose to give yourself some hollows, allowing you to function as troop transport. But you don’t have to, if you’d rather not risk some creepy-crawly getting in you and ruining your day."
600,Evilswarm Innate,Duel Monsters - Duel Terminal II,Bloodline,"A person? What a terribly limited way to describe you. You are not a being, not a Laval or a Gusto or any trash like that. You are a thought, an idea, ready to poison the world. You are another Evilswarm, a mental virus capable of warping the mind and body of its victims, pulling them on strings to spread further or mutating them into powerful undead. Normal defenses do not work: only strength of will or pure life can reverse the effect you have on infected, and only the paranormal could truly harm you. For even if all of your hosts were murdered, you would remain a stray thought unbound."
600,Patient Zero,Duel Monsters - Duel Terminal II,Bloodline,"What a sad story. This individual managed to survive through all the ordeals this world’s undergone over the past decade... and yet, they all but died at your hand. This being’s mind has been so utterly wrecked by your evil that it is no more than a part of your Evilswarm Altform, end of story. As for what they were? You must return to Duel Monsters – Duel Terminal Part 1 and choose a Background and Innate. This will define what entity became your first victim and what abilities they grant you as a result."
600,Jumperswarm,Duel Monsters - Duel Terminal II,Bloodline,"A person can be broken and twisted, and you’ve likely become quite familiar with doing all of these. However, you are not a person. You are an idea, a thought thinking itself. The mere concept of your being and your self clashing is utterly laughable. With true awareness of your desires and ideals, as well as an exertion of pure will, you may alter your very state of existence. If the idea of being an Evilswarm disgusts your soul, then may you become a Hopeswarm, or a Loveswarm, or whatever else your heart calls like. If remaining a mere human is anathema, then may you become alien and beautiful. Any abilities and traits tied to such states will change appropriately, but will not find themselves weakened or strengthened, merely more... fitting."
600,Dragon Alchemy [FN],Duel Monsters - The Abyss,Bloodline,"Let's be honest here, this is almost certainly why you picked this Origin. This is the ability of Albaz and Aluber: Dragon Alchemy. Contrary to its ill-fitting name, the only connection this ability has to actual alchemy is that it changes the form of things. Rather, this ability allows one to transform themselves into a Dragon, either by just altering their own form, or by pulling upon the power and/or form of objects, energy, and/or people around them. The latter of which can grant new forms and abilities that surpass your normal Draconic Abilities. This can be done in the sense of just absorbing a Stigmata's Energy to enhance yourself without harming the recipient outside of exhaustion. However, this can also be done as a form of Literal Fusion in extreme cases, and I would recommend not doing that specifically with someone you don't trust. You are also immune to any and all consequences from absorbing and using said borrowed power, and it cannot be used to influence or corrupt you in any way. The appearance of these transformations are generally in the vein of Western Dragons, being creatures with four legs, a pair of wings, a tail, and horns, but Eastern Dragons can also occur occasionally.

The changes done by Dragon Alchemy are, at least when used with borrowed power, temporary. However, if you are just changing your own form with your own power, you can maintain that state indefinitely. This power is very quick to activate, inherent to your own being, and is something that you will likely do instinctually when under duress, absorbing from whatever is around you, until you get a handle on it. The nature and temperament of what you absorb can also cause severe emotional swings and flair-ups of your draconic instincts if you aren't prepared for it, which could cause you to go temporarily berserk until you pull yourself back together. Still, this is a very powerful ability that you can get a very large amount of use of.

Lastly, this does come with 4 Gemstones upon your body, in a uniform color of your choice. You can choose to not have these, if you don't want them. The ability doesn't depend on you having them, but they are the physical signifier of your ability to use Dragon Alchemy.

[FN] - So, with what's said so far, you may be wondering how the Force of Nature Perk affects this. Well, firstly, there's not much strengthening to do here. Rather, the Force of Nature Perk unlocks a new side of Dragon Alchemy, that of changing others. Yes, this power was used by Aluber, and in a different realm, Vector Pendulum. This allows you to, consensually or not, transform other beings into Dragons, incorporating their existing forms and abilities into those Draconic Forms, just like when you absorb things around you. However, unlike changing yourself, changing others takes significantly more time and energy. That being said, once they are changed, you possess the Ability to control them as you will. The beings will still be conscious in their new body, so this may be unnecessary if you had their loyalty before this, but it is very useful to have. If you somehow gain access to a significant amount of non-sentient biomass, you can also just directly form life from that. Although, they would still be infants no matter how large you make them, so do give them some time to learn in that case."
600,Royal Birthright [FN],Duel Monsters - The Abyss,Bloodline,"Among the Icejade, there are a special two. The Royal Icejades, Queen Kosmochlor and her daughter Aegirine. Well, it was said Two, but by taking this Perk it now becomes three. Yes, you are now a Royal Icejade. To start, this comes with a floating crown made of Icejade, although you can have it sit on your head or temporarily make it disappear if you want. Furthermore, you can choose to enter any future Jumps with a full Royal Title and Benefits as a part of your background, although it will be on by default for this Jump. Additionally, as an Icejade of a higher quality, you receive a +50% bonus to all of your basic attributes. Although, if you have the Force of Nature Perk, you instead gain a +100% bonus to all of your basic attributes.

However those aren't the only benefit to this Perk. This also comes with the Birthright of the Royal Icejade. That is, rather, the Right to give Birth. See, as a Non-Biological Species that nonetheless have a lifespan, the Icejade do still need a way to reproduce. The Royal Icejade are the ones which hold that ability, able to create life from the Icejade at will, although not without a significant amount of power and effort. This could be people, like the Icejade race, creatures equivalent to various animals, or even just moving tools like normal golems. There is some ambiguity in what exactly you create each time, but you generally can determine what it is you're making. If you have the Force of Nature Perk, this extends to being able to convert other forms of life into Icejade as well. You can do this to living creatures, or even do so on the recently deceased as a form of resurrection. Their form may not remain the same though, as can be seen in the resurrected version of Swordsoul of Mo Ye shown below. Generally you would need consent for this, but if they are in a situation where they cannot give consent (like being dead), you can do so without it. For any form of life made this way, assume they all have the “Icejade Made” and “Spiritual Purification” Perks, with a few exceptional ones possessing the “Memories in Icejade” Perk as well. Their general power level, however, depends on how much power you put into them, so expect to get back what you put in."
600,Departedguy,Duel Monsters - The Heroes,Bloodline,"Looking a bit gloomy there, friend. You died... or maybe you got off on a technicality? Either way, you came back with some... rather unheroic abilities and knowledge. You can create a chemical capable of turning living beings invisible (and vice versa), though this does not affect clothing. You can become an intangible ghostly existence. Should you die, you may force your corpse to take the physical appearance of another person whom you know has died. You can turn off your sense of touch at will (including pain) and undergo adrenal overload in order to gain incredible physical strength and ignore wounds. Finally, once per jump, you may not die even if you were supposedly killed. Instead, you carefully consider the remifications of your death, and decide not to die. This will cause you to become permanently intangible, but you may use other abilities or methods to assume a physical form again."
600,Blood Empowerment,Kimetsu no Yaiba,Bloodline,"Oh boy. You really want to go this far, huh? Alright, I won't stop you.
Somehow, you've undergone the same level of treatment as Muzan, the First Demon, has; your base
power level is equivalent to his, making you a challenging fight for all the Pillars working together, with
immense durability, speed, and strength. However, that's not the only thing about Muzan that sets him
apart... namely, he's the First Demon, and not the Only Demon, for a reason, one you now share - by
feeding humans your blood, you make them demons as well, more blood making them more powerful (up
to an individual's limit; more than that, and they explode into giblets). This ""power"" can be as general or
specific as you wish, in that you can choose to simply give them an amount of strength that will manifest as
best suited for the individual, or you can grant them specific abilities you have access to; for the duration of
this jump, this can only be abilities granted by this jump. While Muzan may not be the only demon capable
of doing this, you take this to his level, allowing you to kill any demon you bestow power in this manner
when you wish. This might have triggers attached to it as well to activate when you're not immediately
aware of them. Lastly, but certainly not least, you have an additional 3 Demon Blood Arts at your disposal."
600,Divine Blood,Jotun,Bloodline,"The blood of a god flows through your veins. In addition to giving a slight boost to all of your physical capabilities, you will find that Fate favors you, and that even impossible quests will now fall within the realm of possibility. Paths that should be untraversable will have a route, if you’re only clever enough to find it; enemies that should be insurmountable can be overcome, if you but find their inevitable weakness; Puzzles that should be unanswerable will have clues to their answer, if only you hunt them down. This never outright gives you success—such a thing would be unworthy of the child of a god—but the potential is always there."
600,Cast Aside This Vessel,Sword & Sorcery,Bloodline,"How long have you reached beyond the realms of men and into forces that the ignorant prostrate
themselves before and clamor of gods. Is it not only natural that you tear away the final veil that
is your humanity? With an effort of your will, you can cast aside your mortal form in a
transformation fueled by immense arcane power. The form you take is influenced by many things.
Your nature, personal power, the essence of your soul, and much more. Regardless it is an avatar
capable of tearing apart scores of lesser men and wielding strange abilities evocative of your
magical arts. Perhaps you are a towering twelve-foot warrior demon of fire and scorched granite,
or a vast raptor made of cast fog and light whose concussive wingbeats blast the mind as well as
the body. The nature and power of this form will change and increase as your own does, and
retaking your mortal form requires several minutes to reverse the process."
600,Aplha,Primal,Bloodline,"You’re big. Whatever species you are, you’re big. As a Neanderthal, or a variation of human, you might be a large man, but now you stand almost twice as tall. As a dinosaur your size would vary by species, but by default you’d be approximately the size of a horned tyrannosaurus, or maybe an herbivore on the same scale, that is unless you purchased one of the more powerful options therein. Now, though, you’re big. As a human you’re as large as Kamua, a giant of a man easily dwarfing Spear. As a dinosaur you’re at least twice as large as you’d normally be. And this comes with a great increase in strength. You won’t be much faster, in fact your extra bulk probably means you need to move further to dodge, but your strength and toughness has increased substantially. As a human you’d be able to overpower a tyrannosaurus in a contest of strength, as a dinosaur you’d be similarly heightened beyond the norm for your species.

But this is just your default size. Your exact scale seems to change as narratively appropriate as you can grow to even more terrifying sizes in the height of battle; much like how the horned tyrannosaurus alpha’s scale compared to Spear and Fang shifted throughout the fight, or how Kamua’s size grew in his final rebellion when he held the evil queen in one hand like a true giant. At your smallest you might only be notably big, possibly smaller than your default, but at your largest a large man might not raise to your knee, or as a t-rex your foot to shank might be larger than a normal t-rex. And as your size changes so will your strength.

You may choose, at the start of each jump, which alt-forms this increase in size applies to. Perhaps you wish to be a giant as a dinosaur but normal sized as a human. If so, the option exists."
600,Acolyta of Soryandum,Hawkmoon,Bloodline,"It appears that, somehow, you have managed to harness some of the strange powers of Soryandum for yourself. At-will, you may assume a translucent, wraithlike form in which you become completely intangible, able to phase through objects as if they were air and immune to all physical, non-magical weapons. While wraithlike you may also fly at your regular walking speed without limit, and can use telekinesis strong enough to lift an adult man with ease. It should be noted, though, that magic and energy weapons, such as flame-lances, can still affect you in this form."
600,Death's Hand,Legacy of Kain,Bloodline,"Oh my, have you perhaps made a deal with Mortanius Jumper? For you are now gifted with a rather special necromantic curse only one other has received – though for you it is more of a blessing instead. For all intents and purposes you are no longer flesh and blood, but instead a soul bound to a suit of magically reinforced armor. How is that good news?

For starters you no longer age or require sustenance, sleep or any other biological necessities. You do not tire, do not feel pain and given your new lack of organs are extremely difficult to wound, much less kill. And while your form can still be destroyed the armor guarantees it would require truly great amounts of force for that to happen. In addition your strikes now seem to slide right through cursed flesh, scales or any other form of natural protection enjoyed by supernatural beings. Also, unlike the unfortunate Malek, you can still touch and feel the world around you, though some of life‘s earthly pleasures might be beyond you for now. This becomes an alt-form after this jump is over."
600,Flesh of allen Angels,Legacy of Kain,Bloodline,"How is this possible? How can there suddenly be two, where there was only one before. You see Jumper, by taking this option you have become something much more than just another vampire. Instead of being a former human you are now one of the lost ancients, kin to the legendary Janos Audron himself, with black angelic wings, blue skin and breathtaking appearance. But flight and inhumane beauty are merely the beginning.

To begin with you will now find some of your innate weaknesses reduced in potency. Water will merely hurt severely instead of melting your flesh outright, fire will find you no more affected than any human would be and sunlight is no longer an enemy of yours. Your blood thirst and sterility however remain untouched. Second, your magical capabilities have been increased to an extent, granting a measure of extra power to even the most basic of spells.

And lastly you now have the gift of prophecy – although mostly vague in their form, you shall receive occasional flashes of future events destined to happen. And though it is up to you to make sense of them, a brief glimpse of the future can certainly be of use to those able to correctly interpret them. Just remember that there is a great difference between how things will happen and what will happen – and that the latter is considerably less flexible than the former. Above all else heed these words: History abhors a paradox."
600,A Limitation Overcome,Legacy of Kain,Bloodline,"Evolution is a curious thing, one that seems to favor you above your peers it seems. Pick one of the aforementioned vampire weaknesses per purchase. You have developed a complete immunity to it, all at the cost of being obviously more monstrous in appearance – a small prize to pay I‘m sure.

Picking water might see you develop fish-like scales and webbed limbs similar to the Rahabim, or perhaps some other form of aquatic adaptation should you so desire. Alternatively, should you choose impalement (or physical damage in general) instead, you will instead grow a powerful carapace over most of your body that is incredibly resistant to damage and yet will not hamper your mobility in any way. And while none have demonstrated immunity to fire, feel free to make up your own appropriate mutation that trades weakness for physical transformation. Immunity to sun‘s harmful touch is something you could eventually develop on your own, but purchasing it here guarantees you begin with it already fully developed. Sadly there is no cure for blood thirst, as that is something you will have to
contend with for your entire time here.

If none of the above is to your liking then there is one other possibility. For just like the Melchahim you have discovered a way to graft body parts of other beings onto your own and have them working with no loss of functionality. On top of that said parts retain any unique powers of their original owners, which you can use just as well as they could so long as you retain said body parts. And though you will start looking like a patchwork abberation (design up to you, as long as it is sufficiently unsettling), with enough experimentation you might be able to make the grafts seem seamless, turn your monstrous form into one of exquisite beauty (provided you find suitable donors) and even apply what you have learned to combine together your alt-forms for similar benefits. Bear in mind that on its own this does not magically compress or compact the individual parts involved, so I hope you have a solution for that."
600,Form of the Deathless,Kung Fu Panda,Bloodline,"A Traveler has traveled to various places, and has not always come back unchanged. In this perk you have been to the spirit world and come back a spirit. Unlike most spirits in fiction KFP spirits have a physical body, able to feel pain, and enough damage may weaken your body enough to dissipate. However, your body is tireless and ageless, you might feel pain but damage only affects the cohesion of your body, it doesn't damage extremities or leave open wounds. Your attributes and your body is powered by your chi. Too little chi either by physical damage or too much chi than your form can hold will effectively kill you"
600,A Soul That Is Shining And Fierce,Triune Scriptures,Bloodline,"Great parts of the world as we know it - or rather, the multiverse as we know it - are made in the image
of things that once were, and are dreamt of being again. This goes all the way from entire worlds, the
golden worlds being the most obvious example, to specific people. Each golden world has an echo of
Hylia at its heart, after all. However, Hylia is not the only one being echoed. Fi, the Master Sword,
seeks to return her former wielder to life through the careful manipulation of the scattered remnants of
his soul and his bloodline - and you are her current scion. To have the blatant favor of a goddess is no
small thing, and even more so to have those blessings shape you in the image of a true deity. First and
foremost, your soul is an echo of Link, the Shining Saint, and your distant ancestor. Because of this,
you will find Body cultivation coming naturally to you, allowing you to learn such techniques simply from
skimming over a scroll or watching them be used. Additionally, walking the path of the wandering hero
as your ancestor did will see you stumbling across folks in need of saving and demons in need of
slaying in equal measure - and always there will be a reward for you. Lastly, you are bane and
anathema to demons and their ilk - Demonic techniques fail to harm you, Demon Realms fail to bite into
you, and even as a mere mortal with no cultivation at all you could fight on par with a Demon a stage or
two above you."
600,The Silhouette Of A Past Reality,Triune Scriptures,Bloodline,"On each golden world there is a princess, and more often than not that princess is made in the image
of the goddess Hylia. Hylia, who was the closest thing to a perfect being this Existence has ever seen,
even if she fell short in terms of raw power in the end. You are a child of that lineage, bearing faint
echoes of the mind and power of a being that tore herself apart to keep the worlds intact, and bearing
an echo of that perfection. Things simply come to you naturally, flowing quicker and easier. You are no
genius combatant, copying the techniques of masters simply from hearing them described, but neither
are you limited in what this applies to. You simply possess an affinity, a natural talent for almost
everything that could be asked of you. However, that is as you are, not as you could be. As you grow
in power, from stage to realm, closer to the perfection that is your forbearer, you will find this trait
growing as well. Or could it be that tasks that once troubled you are now fundamentally lesser?"
600,"Machine, turn back now",YOMI Hustle,Bloodline,"You're a machine. Literally. You don't even look human, really. Kinda sucks, but you can't argue with what you get from this transformation. Extendable arms and legs, internal storage for items, and the ability to turn your hand into things like a chainsaw. Comes with drink holders and built-in soda fountain. Because why not?"
800,THIS IS MY FINAL FORM (On the way to Enlightenment),Asura's Wrath,Bloodline,"You have approached the most auspicious tier of spiritual puissance. Once per month, you may borrow a fraction of the world’s fury and might. With this perk, you gain an incarnate form based on Gohma Vlitra, forged out of the land and hot magma of the world, though not to the same physical scale. Your new body is easily equated to a terrain feature such as the tallest mountains. Alternatively, if a given world would have a more appropriate avatar, you may become that instead. In either case, your transformation causes commensurate damage to anything on the surface, and will take several years (possibly centuries) to recover. Such land is pure and fertile however, when it finally does become habitable. This transformation lasts for fifteen minutes­ if you need more than that, you have bigger problems.
Impurity Level: Immeasurable"
800,Monstrous,Tekken,Bloodline,"You can enter a second stage, far more powerful than your previous one similar to the mighty Ogre. Entering this form will heal you back to full health (in case a Judo Fighter kicked your ass and the son of one of your victims wants to fight you still). You will mutate greatly which boosts your strength and durability and depending on what mutations you get this could affect your fighting style (for example one arm might gain claws while the other becomes a bundle of snakes and you can breath fire)."
800,The Devil Gene,Tekken,Bloodline,"You possess the Powers of the
Devil Gene. This power allows you to take on the form of a Devil, becoming a destructive force of
nature. In this state you will be an absolutely merciless weapon of Mass destruction, easily one of the
strongest beings in the World of Tekken. An orbital laser fired on you would only be good to piss you
of and may God have mercy on whoever invoked your Wrath.
Devil Forms can be very different from one another but common factors are Wings and some change
in the pigments of your skin, as well as a third eye of sorts, alongside gleaming eyes. Otherwise you
may feel free to design it from Feathery wings to leathery or even fiery ones.
On top of boosting your physical capabilities you gain numerous other abilities such as Flight thanks
to your wings, the ability to fire Lasers from your Third eye and telekinesis so you may choke out the
poor fool that challenged you (or blow up their motorcycle). Additionally, in this form you become a
master of Mishima style Karate. Dark powers can be absorbed by you as well.
Usually, without extensive training and self-control, you would find yourself corrupted by this Power
and run the risk of being overwhelmed and overtaken by it. However, thanks to you paying with CP
you will be in full control and without risk of being overtaken by the Devil inside you. You could still
find yourself a lot easier to anger however and find sadistic glee in beating down whoever opposes you."
800,Echidna,Darkstalkers,Bloodline,"The true terror of monsters is that we might become them. As a Monster you might not understand this trepidation, but you know how to take advantage of it­ and make it true in the most literal way possible. They will be a pale, poor reflection of your glory as the archetype of the new breed of Monster. You may select one of your Jump profiles­ including any Drawbacks which become Monster weaknesses­ and create a transmissible version of it at 1% strength­ with a mortal life time dedicated to constant training and practice they might reach the cap­ 10% strength of the original.

Tech Jumps become communicable Mad Science, Fighty Jumps into Martial Arts schools with suspiciously capable recruitment, and so on. All breeds of monsters have minor tribal tendencies when faced with other breeds of Monsters.

Monsters may Convert mortals­ defined as Not A Monster­ into their breed. Conversion to a Monster is obvious, lengthy, tiring, and somewhat exposing­ unless the target is restrained, they will likely be able to stun the Monster long enough to attempt escape. Conversely, the process is much easier on the Monster if the target is willing. Conversion need not be aggressive; it might be a Martial Artist meditating with a new student to spark their Ki."
800,Bloo-D,Duel Monsters - The Heroes,Bloodline,"You are a vampire, or at the very least, have powers oddly thematic to one. You have wicked wings and a monstrous non-dominant arm able to bite straight through unsuspecting necks, together with a draconic tail. You are able to fire blood bullets from your wings, which harmlessly enter the bodies of anyone they hit and cause the nervous system to misfire as you see fit. You are able to create a vacuum within your wings, which causes a single person of your choice to fall towards it. Should they fail to resist this, you may imprison them within your body and gain their physical attributes, such as strength and speed. Note that they are still alive, and it is possible to force you to regurgitate them."
800,Gudou,Kajiri Kamui Kagura,Bloodline,"Gudou Gods are sentient universes, who define their boundaries with their bodies. A single drop of their blood weighs more than a celestial body. Unlike Hadou Gods, whose Law is focused outward and will paint without end across the multiverse, a Gudou God’s Law is focused inward and is always all about self and self centered will. A Law like “No Harm shall come to me” is a good example of a Gudou God who can not be harmed by anything whatsoever save a God with more Taikyoku than them. Taikyoku is a metaphysical concept of which every God has a number that determines their absolute power level. With this perk you have a Taikyoku of 25. Gudou Gods can not normally increase this, but you are a Jumper so I am sure you will find a way.

Because Gudou Gods are wholly self-contained, they cannot take the Throne and rule the multiverse. They are defined by their law but their universel always compressed inward. A singularity if you will. Hadou Gods are normally much stronger than Gudou Gods due to their sheer spiritual mass and their ability to spread themselves outward on a conceptual level. Since Gudou Gods are focused inward and do not manipulate reality conceptually as Hadou Gods do, they must make physical contact to fight other Gods, not able to simple will their Law outward to fight on a conceptual level. Hybrids of Gudou and Hadou are possible but extremely rare, with Gudou Gods able attain Hadou through arcane and unusual methods.

Gudou Gods cannot devour souls like a Hadou god can. This lack of ability to devour souls also means a Gudou God can't normally increase its Taikyoku value."
1000,The Angel,Tekken,Bloodline,"Oh... this is interesting. Instead of the Devil gene a...
different power slumbers within you. Angel was a unique creature, doing Battle between Kazuyas
Devil over the young Mishimas soul at the time of Tekken 2. It is rumoured to be the good left in
Kazuya but has been disproved to be connected to his Soul in any way.
Now you are in possession of her powers. On top of all you would gain with the Devil Gene the Angel
is a pure source of good. Your mind is completely your own, not even an increase in anger will follow.
You also gain all perks gained by both purchases of the perk ‘Cleansing Bloodline’ for free, allowing
you to cleanse corrupted beings and seal away evil. Let the Light inside you clash with the Devils
and... well it would be a fight for the ages."
1000,Hadou,Kajiri Kamui Kagura,Bloodline,"Hadou Gods are the gods expand outward beyond all concepts and dualities flooding reality with their Law. This means that Hadou will encompass anything and everything regardless of scale. This includes singular universes as well and as areas outside like the Throne. Because of this, two Hadou Gods can not generally co-exist, there is no empty space between gods. Generally, when more than one Hadou Gods exist, they must confront each other due to their conflicting laws. Each one trying to repaint on top of each other until only one Law is dominant. The Hadou God with a higher Taikyoku value wins, unless they possess some esoteric Law that somehow manipulates this rule. With this perk, you are automatically able to co-exist with other Hadou Gods or multiversal entities even if you would normally be completely incompatible in the same multiverse.

Hadou Gods are walking Taikyoku who define their own boundaries with their Law and infinitely expand their desire until everything has been subjugated to their Law. With his perk you may toggle how your Law spreads if you don’t want to gobble up the multiverse. Multiverse in this context only applies to your current jump until post spark. Hadou Gods are the only one who may try to take the Throne (explained in the Throne Item). Because of the sheer spiritual mass of a Hadou God their Taikyoku values are almost always higher than that of a self contained Gudou God. With this perk you start with a taikyoku value of 50 and may increase it by devouring souls or other arcane and unusual methods you might discover as a Jumper.

Since Hadou Gods function on a conceptual level, while they might have physical forms they may fight by expanding their Law and willing it upon their enemies. They are multiversal reality warpers and fight on a scale and in ways impossible to describe. If you still want to just physically hit things, I’ll let you use this perk to turn metaphysical and hyperversal fighting into a good old fashioned brawl so others can watch. A Hadou God has transcended above time and space, and all dualism and concepts of existence. Hadou Gods are abstract beings who can control reality on a conceptual level."
1000,Tuatha dé Danann,Arawn,Bloodline,"You are no man or beast. Forget the prophecy of one of the Sons of
Siamh being equal to god - for you are one already, standing as an equal to ones such as the Morrigan,
Taranis, or Eriu. Disregard your previous backstory if you aren’t a drop-in. You’re a god now, their kin.
None may stand before your might, save perhaps another god or the Thing in the Cauldron if it’s
glutted itself on enough souls. As a deity, you are immortal and naturally have physical capabilities
beyond even the mightiest giants, and can sense the prayers of mortals and appear before them. It is
common for the gods to appear in a flash of thunder and lightning, and you too can do that. Aside from
this, you’ll find your form somewhat mutable. While you are incapable of outright shapeshifting, you
can change sizes at will, growing from the size of a mere mortal to the size of a castle, or even larger.
Perhaps two hundred feet tall.

Furthermore, you are a god of something, a concept or force in this world, as most gods are. That’s free
to pick. While you may not choose anything all-encompassing like “existence,” things like ice, thunder,
death, or war are fair game. Your control and power over this chosen force or concept is roughly the
same, no matter what concept you pick. No specific concept will broadly eclipse another in power. You
have a wide variety of divine powers revolving around this concept or force, and more besides. The
Morrigan could raise armies of the undead, while possessing some sort of sonic scream/laser beam attack
that could shatter the greatest of fortifications and even damage other godlike beings. Eriu had
command over ice and cold, able to form constructs as detailed as dragons of ice and briefly freeze the
demonic Thing in the Cauldron. Taranis could imbue his hammer with thunder to strike
earth-shattering blows, and Ciann could effortlessly teleport people across the country. You will have
your choice of powers, similar in scale to those mentioned here."
1200,Migeika,Katanagatari,Bloodline,"The Ultimate Eyes. A secret ability born into you that allows you to grow in a terrifying way. Your
eyes see through any technique, any movement and any weakness. You instantly realise a wealth of
information about any opponent you see and can effortlessly predict their every move unless they
act with genuine randomness. This isn’t what makes Migeika terrifying. When you see a technique, even if that technique is an inborn power of a person, you are able to copy it just by seeing it once. A
second observation of another person using that technique and you will instantly master your own
copied version. Anything copied can easily be combined with your other techniques or powers. However, copying abilities risks putting yourself beyond what you can naturally contain. While you
will not die, taking in too much power from your copied abilities can cause damage and agonising
pain to your body until you manage to improve yourself enough to contain it.

Taking this ability requires the taking of the Nightmare of Nanami Drawback, though you still gain the points for it, you are unable to use Migeika on any ability that Nanami has copied from you in that drawback."