CP Cost,Name,Jumpdoc,Chapter,Description
Free,Select-A-Live,Live A Live,Mystic Talent,"For the duration of this Jump, you will be present in some capacity in
each of the eight chapters. You're allowed to switch between your bodies by spending 10
minutes of quiet meditation in a safe place, and your standard 10 year stay applies to all
chapters collectively, so you can decide how much of your time you want to spend in each
chapter. Note that time only moves forward in the chapter you're currently active in, so to others,
nothing will seem amiss."
50,Shut Up!,Asura's Wrath,Mystic Talent,"You don’t have the patience for bullshit. During long­winded speeches or similar engagements that
drag on and on, you will have a sense for when and how to best expedite the proceedings. You aren’t
required to take the chance, but you will have to live with consequences if you do. This perk cannot let you
automatically kill someone, no matter how hard you can hit."
50,Aidespace,Darkstalkers,Mystic Talent,"You never know when you might get caught out with your hands full. This is a spell that allows you to
store items in your shadow­ with an equivalent space equal to a small storage unit. Unfortunately the storage is
temporary, and holding onto anything longer than twelve hours starts to hurt­ like straining a muscle. The good
news is that you can banish anything you own into your shadow in a few seconds, leaving you free to fight or
flirt to your heart‘s content."
50,Colorful Enemies,Volgarr the Viking,Mystic Talent,"This ability is to see enemies in three types of brackets, green, blue and red (with rising
threat- and power level compared to the normal of their kind/faction/order/etc). It will make it
easier to spot the badassess amongst the mooks, knowing who to watch out for or where to
seek a worthy adversary. Those who are much stronger than most of their species can
become special individually chosen colors that hint at their abilities/personality. You can
switch this vision on and off at will."
100,Mutation Infusion,A Will Eternal,Mystic Talent,"Exposing normal mundane plants to your spiritual energies will slowly mutate them over the
months and years. The next generation of that plant will have slight spiritual properties.
Constant exposure over the generations of plant life will start to produce proper spiritual
plants, like the kind that sects partake in. A plant whose family has been exposed to your
energies for hundreds of generations would be truly impressive indeed. Post jump this can
also apply for other supernatural energies you may expose to the plants."
100,The Only Thing That Doesn't Change,Grant Morrison's 18 Days,Mystic Talent,"Language and customs, morality and modality, time and tide... all these things are in constant
flux. But you? You are timeless. What this means is that, no matter where you go, or when you
go there, if you speak a version of the local language, you will understand and be understood by
the locals, even if fifteen centuries of linguistic drift should make that all but impossible.
You will find that you now have an instinctive sense for local customs, modes of dress, and
forms of address. Never again will you accidentally cause disrespect should you make even the
slightest effort to conform. Wherever you go, you will always be aware of where you are, and
what time it is. If you also have the Blessed Word, you will also have a sense of all local
spiritual / festival / holy days, when they are, and the traditions surrounding their origins."
100,The Perfect Contractor,Sekiro Shadows Die Twice,Mystic Talent,"With no history and no ties, you would make the perfect expendable asset and many of the more
cooperative factions in Ashina, as well as the folks in need, seem to take notice. In addition to
having an easier time finding people willing to give you a job, you find that after completing a
job, you seem to leave no trace unless you want to. Nothing leads back to you and nothings lead
back to your employer. Everyone can walk away with their pockets a bit heavier."
100,Gong Of Knockout,Baki The Grappler,Mystic Talent,"A warrior without a worthy opponent is no warrior at all. You have impossible accurate instincts, if not an outright sixth sense, when it comes to sensing where strong fighters or legendary battlegrounds can be found. If a battle of unprecedented proportions is soon to occur, you’ll not only know about it before it happens, you’ll know where it is going to happen, down to the exact city. If you’re physically close to these incredible people and places, you’ll be able to track it down like a shark chasing the scent of blood, and you’ll similarly be able to know when staring down people with a talent for violence, though this won’t tell you the extent of their ability"
100,"""Academy-Educated""",Nine Sols,Mystic Talent,"Suspicion of technology came to a peak in the Origin Era, but you were never one to distrust it. Instead, you worked hard and studied the sciences of Penglai, managing to attain a passable understanding of most Solarian machinery. In addition to this, you’re educated in the basic principles of telelurgy, their form of programming, and can use the tools of a craftsman well enough to make decent-quality items with them."
100,Talk to the Animals,Okami,Mystic Talent,"You can now understand what animals are saying, and they will understand you in turn."
100,No Hands,Okami,Mystic Talent,"No hands to use a weapon? No problem; now you can just float it beside you and use it as
intended - but you’re only as good with it as you are while wielding it in your hands."
100,Rune-Lenght Brain,Swords,Mystic Talent,"You are a hyper-intelligent being with technology and runecraft. This allows you to quickly learn how to inscribe magical runes to have highly reproducible and smart effects like Sharpness - IV, XXXV - Bloody Explosions, and through massive amounts of effort your very own runic-smart programs. Secondly, You can innovate on Technological ideas into better and more intuitive designs that anyone can pick up and use."
100,Stratified Smith,Swords,Mystic Talent,"You have a natural affinity for geology and forging attributes deeper into existence. This allows you to make certain attributes more tangible in their existence such as a dwarf miner to create even a temporary mineshaft as durable as a human castle, a dwarven blacksmith forge a bone sword to be as durable as titanium, and if a dwarf farmer was making a pepper, their pepper would by so spicy that it could cause the hardiest to ask for milk from a single lick."
100,A Dream of Swords,Swords,Mystic Talent,"You are a capable craftsperson with a specialty such as furniture, Peppers, Mechas, or even just a style like edginess. With the ability to make anything you can craft into a sword worthy of both war and peace. Creating something into the image of a sword even enhances its capabilities by a magnitude greater than it would have been. For instance, If you were to make both a hammer-sword and a hammer, the hammer-sword would be twice as good for hammering then the hammer and capable of use in a prolonged conflict.

Make a loaf of bread capable of parrying a sword of iron. A garlic sword, caramel sword, and more. Breadsmith, garlicsmith candysmith, and more!"
100,Safe Handling,Swords,Mystic Talent,"Safety is required in a world which has danger around every corner and silver-lined edge. You have learned from the countless fools and have the knowledge on the creation of anything you make to be safe to use on a daily basis. Your disintegration sword will only destroy your enemies, the flaming cutlass does not burn the wielder, and your healing sword does not create tumors within the growths of wounds."
100,Weld a Rarity,Ironsworn,Mystic Talent,"Magical items are few here, and hard to use. Not a problem for you. Whatever they might need, the rightful king, the worthy, a noble, the blood of a particular clan, whatever it is, you count. When you handle an enchanted Rarity, you will immediately and instinctively understand what it does and how to use it to best effect."
100,Blacksmithing,Soul Calibur,Mystic Talent,"You are a very good craftsman. Your creations are so beautiful, so awe-inspiring that
history will forever remember them, placing them in the same category as the artworks and
sculptures created by Leonardo da Vinci, Michelangelo and other Renaissance men.
But that’s not all. No matter how beautiful your creations are, you will find that they
will be just as effective as they would normally be, no matter how ridiculously impractical they look."
100,Alchemy,Soul Calibur,Mystic Talent,"A field of study developed by the ancient Greeks and practiced across many nations
and cultures; alchemy is the art of transforming matter. In this world, alchemy can allow one
to create many beautiful wonders, bypassing the natural laws of the world. For now, you
start off adept in the arts, enough to be able to create spell circles and alchemical creations.
Any further study and training in the art of alchemy will also yield better results, around five
times better than normal."
100,Scent of Evil,Darkstalkers,Mystic Talent,"Or maybe just monstrous funk­ you have a naturally attuned sense for the supernatural or similar. This
perk allows you to smell or otherwise look for supernatural traces well in advance, giving you vital minutes of
warning before an ambush, or for tracking their movements throughout the world."
100,I Hear Thunder,Furi,Mystic Talent,"You always know the optimum time to execute a plan in order to ensure
the highest likelihood of success. You may not necessarily know precisely the reason why it will
be the best time to initiate your plan, but you will have a gut feeling telling you when to act and
when to wait. This doesn’t mean you have to act on this feeling, and plans can certainly
succeed without following it, but if you want the best odds, you’ll know when to move."
100,Mode Ninja Reverse Activate,Katanagatari,Mystic Talent,".language another in talking are or mouth your in something got ve’you if even ,perfectly you
understand always can to directly talking are you people ,Indeed .fine just it understand can to
talking are you Those .speeches your to audience or viewer any for only but ,is it and ,understand to
hard horribly s’it like seem might It .reverse in talking -out stand and try to gimmick of kind particular
very a gotten ve’You .ninja annoying an What"
100,Down The Hatch It Goes,Katanagatari,Mystic Talent,"They can search your pockets and they can search your cavities. But how will they search your
stomach? You’ve got a very pliable and adaptable throat, such that you find it easy to fit long and
hard objects down it. Sharp or awkward things work just as well though. Your stomach is also very
large too, you could fit a long sword and several bags of shuriken in it, even an especially large
throwing star. As long as you’re swallowing a physical object with the intent to store it this way and
that object isn’t being used as an attack against you, you’ll be safe from any dangers of the object
such as poison or sharpness. You can instantly spit things back up too, even fast enough to attack with them."
100,Hunter,Bloody Roar,Mystic Talent,"Through dealing with Zoanthropes, humans, and combinations of the two alike, you have learned a skill set on tracking and hunting them coolly and efficiently. As well, facing Zoanthropes in particular has lead you to be able to sense an animal's actions, and be able to predict what they will do with startling accuracy."
100,Born of Rugged Hills,Conan,Mystic Talent,"Are you a Cimmerian? As much as Conan uses it to justify
his climbing ability, it seems a weak justification. While you can’t quite brachiate like an
ape, your ability to climb steep cliff-faces and walls would shame one. You move through
mountains with mountain goat-like grace, and can scale walls that a regular man would
consider impossible to climb. It’s possible for something to be too smooth and too
vertical for you to climb, but it’s not easy for it to happen."
100,Linguistics Larceny,Cradle,Mystic Talent,"By default, you'll find yourself communicating in your native
tongue and everyone else in your Jumps just understands that. This, however, takes it one step
further, now you can quickly adapt to slang terms, accent, etc, to match your environments. All it
takes is a quick conversation with someone to attune yourself to a new locale."
100,Heritage of the Ice Barrier,Duel Monsters - Duel Terminal I,Mystic Talent,"You’ve taken well to the ancient arts, haven’t you? The Ice Barriers’ greatest power stems from their sealing magic, whose practice was founded many generations ago by the Prior of the Ice Barrier, a great sage who first sealed the three Ice Dragons. Even now, his soul watches over the tribe as the Sacred Spirit of the Ice Barrier. Your learning has granted you knowledge of many sealing spells, including ones rather more esoteric yet practical than the massive beast imprisoning sorceries the tribe is known for. Spells to seal foes within pocket dimensions for a time, bind attacks within areas of warped space, even sealing doors by magically locking them. These are all possible now, and in time, you may yet graduate to banishing others to far away universes or imprisoning them into items in order to enchant them. But you’ve emulated the old master in ways deeper than simple magic. Death in the physical sense is no longer enough to end you. Should your body be “killed”, you’ll be able to simply expel your soul and manifest in a way similar to the Sacred Spirit itself, even being capable of interacting physically with the world. Still, I would watch out for exorcists and wizards. You never know what they’ll pull out when you go spookin’..."
100,Dragon Mastery,Duel Monsters - Duel Terminal I,Mystic Talent,"The secret art of the Dragunity clan. Not simply some selfish technique that costs the lives of others, or some innate power, but the true form of the bond between rider and steed. When your body and soul move as one with that of your draconic steed, both of you draw out each other’s true power, elevating you to the next level. For a dragon whelp this would mean reaching adulthood as a fully-powered dragon, while you might advance several decades in all positive aspects. For experienced pairs already at the prime of their life, this instead combines and multiplies their power, bringing a living legend to the world... if only briefly. Dragon Mastery, no matter how skilled and synchronized its users are, can only last for a few minutes at most and requires several more to become usable once again. Of course, since Dragon Mastery is a skill, teaching it to others is simply a matter of finding them a dragon. For you, however, Dragon Mastery has reached much deeper than normal. Even without actively using its transformative form, Dragon Mastery allows you to add your power to your dragon and your dragon to add their power to you, making both of you veritable juggernauts even in your inexperienced youth."
100,Rainbow Scattering,Duel Monsters - Duel Terminal II,Mystic Talent,"The greatest power a Gem-Knight can wield is their trusted comrades. As such, you’ve honed your mind and eye to make the best use of Fusion. You can accurately judge how powers and abilities will function when combined, whether done by using them together or Fusing their holders, with only a small demonstration or a reasonably accurate description. More than that, you can tell how powerful and stable a Fusion will be with little to no information, allowing you to weed out the weaker or more dangerous combinations immediately."
100,Gusto Innate,Duel Monsters - Duel Terminal II,Mystic Talent,"Though plenty become incredible warriors on their lonesome, it is through the bonds they form with their bird that a Gusto can unleash the clan’s greatest power. Using a secret technique, the Gusto can elevate their chosen avian to a new level, turning a small bird into a veritable titan of the skies. While you might not be Windaar’s equal just yet, your bond and your skills are far beyond what the average warrior Gusto can achieve, allowing you and your bird to face entire battalions on your lonesome and win. Furthermore, your new friend shall be able to go with you as a Follower, or even become a full Companion if you so wish. Should you already have a steed, you may Import them as a Gusto bird for Free, though this will override the choice of whether to make them a Follower or Companion."
100,Ghosts in the Fog,Kimetsu no Yaiba,Mystic Talent,"Sometimes, you can talk to ghosts. The exact conditions are kind of vague, but the basics are determined by you when you take this perk, as the ghosts need a certain medium to be visible. So, you get three choices of ""places ghosts might show up to talk to me,"" and these can be as vague as ""pools of water"" to as specific as ""clouds of fog rolling through tall mountains while I'm training."" If you want, you can even have multiple choices be the same thing, because in and of itself, this perk doesn't toggle; if a ghost could show up, there's a 90% chance there will be a ghost there, and some might not stop following you once they realise you can see them..."
100,Scholarly Inclination,Elric Saga,Mystic Talent,"The three necessities for successfully harnessing the power of magic
are mental energy to draw from, a powerful focus on the meaning and flow of the magic, and an
intimate knowledge of the spell you are trying to cast in the first place. Your mind is an intelligent
one, trained to traverse the mental pathways needed to manifest magical effects in the physical
world, and you’re knowledgeable in matters of spellcasting and ancient lore. Even if you aren’t of
Melnibonéan blood yourself, you understand and speak their High Speech as well as a variety of
other old and mystical languages, and already you know the means for casting a handful of minor
spells like communicating with others telepathically and binding lesser familiars like animals to your
will, though if you’re not a sorcerer by trade you won’t be able to perform them."
100,Ping,Worldless,Mystic Talent,"The closest thing most beings here have to “speech”. You are able to release a kind of
psychic pulse from your body. Some plants or structures will react in special ways to
this. For an extra 100 AP, this has evolved into a form of telepathy, allowing you to
communicate with any being possessing the intelligence to comprehend your words"
100,Guide,Worldless,Mystic Talent,"At will, you can spawn a map of a massive area around yourself from your body.
Regardless of how this manifests, you are able to perceive it clearly. It is extremely
simplified, only showing you where each major area is relative to each other. Making
significant progress towards your goals or achieving some kind of personal revelation
will cause the map to expand. If you have some kind of metaphysical connection with a
specific being, you will be able to see what “node” they’re in on the map."
100,Reject,Worldless,Mystic Talent,"When Edda and Aven transcended their natures, seemingly the entire universe turned
against them. Their respective species no longer recognized them as one of their own.
Now, you have a similar sixth sense. You can tell on-sight if an entity can be
considered an abomination in the eyes of the natural order. You won’t know how or
why they are an abomination, but you will instinctively sense the inherent wrongness
of their being, even if they look identical to one of your own kind."
100,Lance,Worldless,Mystic Talent,"You are able to assume the form of a powerful spear. Nowhere near as powerful as
the spears used by Those From Above, but stronger than most beings could hope
to get their hands on. Despite your power, your mobility in this form is extremely
limited. You can only hope to demonstrate your true power while wielded by another
being. Alternatively, if you imported or created an ally using the Companion option
below, you may grant them this ability instead. You can only purchase this once."
100,Sorcerous Learnings,Hawkmoon,Mystic Talent,"The sorcerer-scientists of Granbretan are expected to possess a great breadth of learning, and you are no different. Your knowledge of Tragic Europe’s science, both practical and theoretical, is now the equal of any respected sorcerer. This includes knowledge of how to build many of the technological marvels of the era, such as flame-lances and ornithopters, though more specialised devices like the mentality machine, black jewel, and Taragorm’s temporal displacer elude you for now."
100,The Coin is Still Turning,Legacy of Kain,Mystic Talent,"Given the multiple alterations to Nosgoth‘s timeline, further complicated by the introduction of not one but several paradoxes, one can easily lose sight of what is going on. But fret not, for there is a way of helping you navigate the treacherous reshuffling of history. Now, any time the timeline is altered or the course of past events is changed somehow, you will know of it happening instantly. But it does not stop there, for you will always remember events of both timelines and will also immediately recognize at the bare minimum the general consequences of any such actions. Should you be the one to cause them, you will also know precisely what kind of impact your actions had. Bear in mind that this is merely knowledge and as such can only do so much if you fail to act on it."
100,Incensed,Darkest Dungeon,Mystic Talent,"“Great is the weapon that cuts on its own!”

A censer; a humble weapon for someone who claims to offer aid against the forces of darkness. But the usage of incense has long been a part of ritual works, and their power holds true even outside of those undertakings. You have the knowledge required to create a variety of strange powders that, when burned, provide some utility in combat- slight as it may seem. Poisonous vapour, fumes that fortify the body, and gases that heighten agility. These powders may even have other uses; a volatile mix of gunpowder may explode when thrown to the ground, throwing off aim, and another may be applied to the body to increase resistance to a variety of ailments- at least until sweat washes it away."
100,Pratictioner of the Art,Kill 6 Billion Demons,Mystic Talent,"Deceit rolls off your tongue like water. You are a well-practiced liar with a strong poker face. These
lies especially help you when Lying to God or to tell a story. Though, in this case, it might be the same
thing. You are an experienced user of one type of Art and a beginner in every other except for Black Art."
100,Throw the Piss!,Good Hunting,Mystic Talent,"Throw piss on them! You have a wealth of knowledge on the specific strengths and
weaknesses of the supernatural creatures that currently call these lands their home. As a
result you also find yourself quite good at figuring out the same things about other creatures
you encounter in your travels and also seem to already possess unconscious knowledge of
their powers and behaviours."
100,The Holy Cross,Tunic,Mystic Talent,"The Holy Cross is more than a mere Item, it is a lever upon which you can bend the Canonical Plane, provided you can use a fulcrum that exists outside of it. This power is held sacred by those within the plane, by them beseeching you, would you be willing to intervene for their sake?

This sacred power can do many things, including opening folds in space, creating items from nothing, converting the strength of a soul into life force, or distorting the bodies of those within the plane. Each of these spells must be individually learned, which may be easier than expected. The world itself seems to provide clues to these spells, especially ones that affect the local space. Seeing these clues is another skill however.
In future jumps, you retain access to this ability, utilizing a fulcrum outside of regular space provided to do so."
150,Monstrous Technology,Volgarr the Viking,Mystic Talent,"This perk grants you the technology of one of the more advanced monster-species of this world. Can be bought twice for both tech-trees.

Myrmor - You possess the technology of the Myrmor! From creating underwater cities to laser cannons and heat seeking mines that hurl towards enemies, you have mastered their craft. You are also very skilled at outfitting large beasts/monsters with technology that makes them even more deadly, creating walking siege engines or rideable mounts of incredible might.

Sky Knights - You possess the knowledge of the Sky Knights! Your hands can design flying cities and warships, but also means of brainwashing others–allowing you to potentially enslave entire species under your rule! You are also highly talented at creating personal equipment for humanoids; everything from giving them the means of flight to creating a device that allows them to charge forward with incredible speed in short bursts!"
200,Shaping of Life,A Will Eternal,Mystic Talent,"This is the ability to graft many different plants together, in a form that still is alive and can
grow. While basic grafts already exist, this takes it to the next level. You can take the
essence, and clippings, of plants and fuse them into a singular complete whole, basically
creating new species of plants. Create a garden akin to that of a treasure trove for
apothecaries. It is important to note that this will not fuse the effects of the plant into one. It
will simply create a plant whose different parts have different properties. Graft too many
plants together and you may struggle when it comes time to harvest and separate it out
again. This skill is closely related to the Dao of Medicine."
200,Spirit Enhancing,A Will Eternal,Mystic Talent,"A special ability unique to those from the Arch-Emperor Realm. Using multi-coloured flames
or by borrowing the energy of heaven and earth, one can enhance an object to increase its
strength. Used on weapons they can become stronger, sharper. Souls become more hardy
and powerful. Pills have their effects boosted. These enhancements can be stacked as well,
each additional enhancement increasing the previous effect tenfold. A normal wooden sword
will grow many times stronger from the get go, while a Celestial level treasure will have
negligible gains until the twenty first enhancement. Each step takes more energy, or colours
of flame, and has an increased chance of failure, with failure leading to the destruction of the
spiritual energy of the object, the object itself consequently becoming useless too. Your will
power and confidence will have a marked effect on the success rate of enhancing. In fact,
the more a practitioner succeeds, the more confident they become, and therefore the more
often they succeed. But the opposite is also true. You have something of an affinity for spirit
enhancing, and as such your success rate, and progression in the art, is much better than
most cultivators, putting you in the top percentile wherever you go."
200,Dao of Medicine,A Will Eternal,Mystic Talent,"Throughout the Heavenspan continent, the dao of medicine is a respected art. After all, pills
have an uncountable number of possible ingredients, and infinitely more possible effects.
Taking this perk ensures you’ve taken your own first few steps down this path. You will gain
knowledge into the dao of medicine, and into pill creation. This comes with encyclopaedic
knowledge of different plants, their appearances, and their effects. Use this knowledge to
forge your own unique pills. There are countless different paths for the Dao of Medicine, and
no two cultivators will have the same. Let’s see where yours will take you."
200,Punishment and Enforcement Elder's Grandson,Against The Gods,Mystic Talent,"There’s something to be said about fanatics. Not that those who follow you are always fanatics, but they do share one trait. No matter what you do, how immoral or monstrous your actions may be, how obviously repugnant your nature and actions may be, it won’t affect anyone who follows you at all. Even the more moral people will harden their hearts and obey you, and dismiss all thought of it once they’re done."
200,A Tangled Web Weaved,Asura's Wrath,Mystic Talent,"You gain a true god's understanding of Mantra's fundamental nature. Strangely, it seems to resemble
a spider's web, and you are able to manipulate it into a batch of silken threads. You may spin silk in your
spider form, or from your hands. It can be anchored to air itself, and are made of glittering golden Mantra.
The strands are nigh­unbreakable save by superhuman effort.
With skill, care and practice over centuries, perhaps it can be manipulated to more complex tasks
than mere ensnarement..."
200,Clear As Concrete,Baki The Grappler,Mystic Talent,"Officiating a fight is equal parts legislative and crowd-pleasing. You want to make sure there’s an
even playing fields, but you can’t afford to be too stringent either. Whenever you find yourself in a
officiating or judicial position, you have the freedom to adjust your verdict at virtually any point
after the fact. Declare a man innocent years after you determined their guilt, change your mind on
who really won a fight, even after you openly announced the victor. You may not alter an already
accurate verdict, but if a decision could potentially be seen as unfair, or even slightly ambiguous,
you may change it with zero effort, and nobody will think to doubt the new verdict’s validity."
200,The Things I Should Crush,Baki The Grappler,Mystic Talent,"I’ve heard of beating someone numb, but this is just silly. You seem to have somehow gained the
ability to literally punch the pain out of someone. Not just in the short term either. If you find
someone living an existence where every instant is indescribable agony, you can make all that just
go away with a solid punch, kick, pinch, whatever. This doesn’t deal with the source of the pain, but
assuming you hit hard enough to overshadow the pain, and didn’t kill them, they’ll never be able to
feel pain from that source again, and it won’t even negatively affect their senses in any other way."
200,"Lips, Tongue, & Teeth",Baki: Son Of Ogre,Mystic Talent,"Choose two people you share a close bond with. When the three of you are together, an
odd chemistry forms. Your combined voices are disorientating to others, and in combat
you can act with perfect teamwork, able to strategize and capitalize on each other’s
openings without sharing a single word. Not even mind-readers could have teamwork
this perfect, it isn’t an exaggeration to call you one mind in three bodies."
200,Final Interview,Metal Gear Rising: Revengeance,Mystic Talent,"Sometimes you need a little force to make someone see your
side of things. Now when you want to recruit someone into your group you can challenge
them to a fight where should you win they’ll join your team. And best of all unlike Sam
they will be loyal to you as you have earned their respect and trust."
200,Siren's Song,Saint Seiya: The Original Series,Mystic Talent,"Legends tell of a beautiful creature that bewitches
unwary sea travelers with a voice that soothes the heart of the pure, and terrifies the hearts of
the wicked. Your ability to sing has gained an almost supernatural beauty behind it that carries a
similar property - your song can influence the minds of the weak-willed, or cause pain to those
who are wicked. Of course, you can have either effect occur to a person regardless of
disposition, if you prefer. You’ll also be a hit at concerts."
200,Your Twin Jumper,Saint Seiya: The Original Series,Mystic Talent,"A long-lost sibling who looks almost identical to you, but you never even heard of them until now? It’s more likely than you think! Just like Canon and Saga, you may declare yourself a sibling (or cousin, or uncle, or aunt, etc.) to a single person of your choosing in a jump. Despite all evidence, everyone will believe you and act as though it were true, though it won’t change their feelings towards you or anyone who previously occupied this spot in their lives. Declaring yourself someone’s parent is very unlikely to work if their parent is actually still alive, as well. This won’t actually make you physically related to them in any way...though just being part of the family could have benefits in society or status, couldn’t it?"
200,Hound's Instinct,Saint Seiya: Lost Canvas,Mystic Talent,"The hound’s loyalty toward his master is unbreakable, so to find the right master is as important. While not a mindreader like the Hound Saint, you still have a knack for that, able to truly see the light and darkness of one’s heart, both at the moment your read it and for the sum of his life, though you have neither details on what or why, nor if he regrets or embraces it. It also works on yourself, and is always objective."
200,Evolutive,Saint Seiya: Lost Canvas,Mystic Talent,"Now that is special. You can, through a complex and blurry process, permanently evolve or attune your Cloth to other supernatural energies from other jumps. These energies will be amplified if channeled while wearing your armor, like it does for Cosmo, but will also now require a minimum mastery and intensity to be boosted. 
A new energy starts with a grade equivalent to Bronze, with said process also able to upgrade the grade of your armor, with all the implied consequences. Grades are separate for each energy type you attuned to, and the process affects only one energy at a time. It is lengthy, will need rarer and rarer materials, and has a chance to fail and consume material for nothing, but the armor itself is fiat to never be damaged in that case. The successful transformations and upgrades are permanent.

This Perk is Free for those with ""Jamirian Ascendancy"""
200,Jamirian Training,Saint Seiya: Omega,Mystic Talent,"Maybe you are a disciple of the esteemed Gold Saint Kiki, you have honed your skills in the ancient art of fixing Cloth and other divine artifacts. By utilizing stardust sand, a mystical substance imbued with the essence of the stars themselves. This celestial material possesses the power to mend Cloth and other divine items with unparalleled precision and efficacy, harnessing the cosmic energies of the universe to restore their divine essence."
200,Star Reading,Saint Seiya: Omega,Mystic Talent,"Having mastered the celestial art of reading the stars, you now possesses a unique ability to discern the fates of themselves and their fellow Saints through the constellations. Beyond mere divination, this skill extends to predicting compatibility between individuals and determining the life status of Saints.
Furthermore, the user can now perceive the star representing Athena, forewarning of any impending danger befalling her. This gift also grants insight into the fates of those the user wishes to protect, offering glimpses into the paths laid out for them by the stars at birth."
200,Alchemy,Samurai Jack,Mystic Talent,The ancient science of mixing specific ingredients and then infusing them with natural energy. You know how to make a wide array of potions with both beneficial and harmful effects.
200,Flight,Samurai Jack,Mystic Talent,You’re able to float above the ground and fly fast enough to keep up with rockets and jet powered robots.
200,Enchanting,Samurai Jack,Mystic Talent,You can grant magical properties to weapons by marking them with ancient runes. Right now you only know how to give weapons elemental properties but you can learn more enchantments by studying other enchanted and magical weapons.
200,Scrying,Samurai Jack,Mystic Talent,"You can see people, places and events in the present By looking through clear surfaces like water or crystal balls."
200,Find the Wicked,Live A Live,Mystic Talent,"It can be difficult, dealing with all the yokai and other supernatural
beings running rampant, particularly in Japan-centric settings like this one. You’re always putting
yourself at risk - some spirits are mischievous, but ultimately benign, and others will kill you for
touching a sword. To deal with that kind of problem, this perk grants you a good sense of any spirit-like being’s intents and morality. Anything that has a body count will immediately be obvious, for instance."
200,Chromatimancy,Live A Live,Mystic Talent,"Straybow is not as strong as Oersted - that much is apparent. But
he’s still a damn good mage, and with this perk, you can follow in those footsteps. Your magical
aptitude is increased - if you weren’t able to cast some basic spells before, you are now. You
have also learned how to manipulate a spell’s color, changing its elemental class. A Silver
Fireball, for example, will no longer burn its targets, but inflict chilling cold instead."
200,Scanner,Tekken,Mystic Talent,"Within you is an highly advanced scanner unit. With just a glance you could make out
how strong an enemy is compared to you, find weaknesses in armour and constructs and even find
things hidden from sight. It also gives you information on people and surroundings."
200,Konohana Shuffle,Okami,Mystic Talent,"By dancing with enough fervour, you can funnel your energy into the healing and growth of living
things. Also dispels curses, which is handy if you have a possessed tree lying around."
200,Hidden in the Stars,Okami,Mystic Talent,"Lets you hide as something innocuous until someone comes along and fulfils whatever
condition you set to break your seal. And it will be broken, though not always by an ally."
200,Darkness Upon the World,Okami,Mystic Talent,"You can corrupt an area of land so thoroughly that all humans in the area are turned to stone,
and all vegetation withers and dies. Naturally, this can be reversed if you choose."
200,My Sword is My Armor,Swords,Mystic Talent,"As the old adage goes, the best offense is a good defense. And you, my friend, have delved deep into the intricate craft of armor-making. A craft that's inseparably intertwined with weaponry, like two sides of a coin that can't exist without each other. The skills of offense and defense are symbiotically linked, so much so that the more skilled you become at swordsmithing, the better you become at armorsmithing. An average swordsmith with this could make average armor without any tutelage in the art.
With any kind of extra-mundane capability, you are easily capable of allowing the armor to be summonable from the aether. Only requiring a swordsman to wield the sword linked to it"
200,Silver-Garlic Smith,Swords,Mystic Talent,"Everyone has a weakness, it just takes some effort to find it. You find that Any effort you take to create a weapon that targets a specific foe has that effort magnified.
Whether that is finding the foes' weakness to silver through textbooks, finding the perfect way to fuse all their anathemas into a weapon, and more.

Forge the sword of Werewolfsbane made of holy silver, wolfsbane, and a silver of the full moon itself."
200,Sharpened Sense,Swords,Mystic Talent,"You have the fabled trait of having one of your senses becoming as sharp as a blade. An eye capable of seeing a sword’s soul or a nose able to sniff the presence of a sword a mile away.

You may get as many sword-based sharpened senses as you have unique senses."
200,Fast Travel,Ghost of Tsushima,Mystic Talent,"This one is simple, upon reaching or discovering any significant
landmark or location you may travel to these places just by thinking of them and willing it. This
travel is not exactly instantaneous but reduces the time taken if you had otherwise physically
travelled to a fraction of the normal time."
200,Citizen of the World,Scissor Seven,Mystic Talent,"You’re omnilingual now, able to speak and understand all languages and any speech you
want to understand, this includes animals, although birds chirping for example would
generally be understood as [mating call]/(I want to procreate!). If you don’t want to hear
everything, you can selectively stop certain languages, people or animals from translating.
This doesn’t directly help with reading and writing in these languages.  "
200,Ritualist,Ironsworn,Mystic Talent,"The magic of the Ironlands isn’t flashy. You draw a circle, maybe light some candles and call upon the spirits for wisdom, for fortune both good and ill, to turn the weather and grow or wither crops. You know all these rites, and in the future any magic rituals you lead are far more effective, and spirits are inclined to be friendly towards you."
200,Observing the Wheel,Jade Empire,Mystic Talent,"You now can speak to ghosts, spirits, and other creatures of a supernatural nature, provided they are
willing to speak. In addition, you have greater knowledge of the Celestial Order"
200,Green Touch,Kenshi,Mystic Talent,"You have a knack for planting and raising crops. Any plants you tend to grow almost
twice as fast as normal, allowing for much quicker harvests. In addition, plants you tend to are hardier and
resist diseases and the environment to a greater degree."
200,Tracking,Fist Of The North Star,Mystic Talent,"With nothing but old rumors and vague guesses you can somehow track a man
across the wastelands years after his trail grows cold, whether you are just that good or fortune is on
your side is unknown, but with results like this who cares?"
200,Bandit Gang,Fist Of The North Star,Mystic Talent,"Even if you don't have company from your previous adventures with you, it
doesn't mean you are alone. There are always desperate men looking to turn their fortunes around and
they seem to flock to you if you seek them out. You can gather a small gang of thugs and lowlifes for
whatever your needs almost at will no matter your location, but they won't be very loyal if you can't
reward them somehow."
200,See Supernatural,Anima Beyond Fantasy,Mystic Talent,"There are things that go bump in the dark, powers out there that few dare to imagine. Others laugh at the idea of wizards, of warriors who can call flame to their blades, of men who can move things with their minds. Not you. You can see magic as it occurs, see the glow of psychic power, the flow of Ki. Even if you can’t manipulate those forces, you can see them."
200,Summoner,Anima Beyond Fantasy,Mystic Talent,"Mortals are not the only bearers of power. You know this well. Beyond the veil of mortality, past the blinders that the Church has cast over your eyes, there is something more. Something you can summon, control, and bind to objects. Beings that can change the world where you cannot. And if they prove to be... troublesome, you can banish them, casting them away from this world and back to their own. Of course, this is not an art to use without preparation, and you do not do so. You’ve learned true names of three beings upon whom you may call, each either a Being from Between Worlds or a Spirit, and each willing to heed your call and work beside you without too much fuss.

Note: This Perk works even without having ""The Gift""."
200,Gestureless Casting,Anima Beyond Fantasy,Mystic Talent,"For many, calling on the Flow of Souls is a difficult thing, something that requires a focus in the form of gestures. Not for you. Even bound, you can call it’s power through you, guiding it with words and will alone."
200,Wordless Casting,Anima Beyond Fantasy,Mystic Talent,"For many, calling on the Flow of Souls is a difficult thing, something that requires a focus in the form of words. Not for you. Even bound, you can call it’s power through you, guiding it with gestures and will alone."
200,Unfocused,Anima Beyond Fantasy,Mystic Talent,"Many psychics are limited. They learn but one or two disciplines, then stop there. Not you. Every discipline is within your grasp, taking no additional effort to learn."
200,Grandmaster,Anima Beyond Fantasy,Mystic Talent,"The skills of men are no small things. Though not nearly as
spectacular as the arts of combat, or the supernatural, they are never to be underestimated.
Your proficiency in a single skill is extraordinary even among those of the masters, and even
beyond the limits of mortality; your competence in that skill is such that not even the walls of
impossibility stand before you. If the skill were riding, you would be able to ride a beam of light,
while skill in climbing would permit you to walk up a wall, skill in Style would make it so that the
very world would bend so as to enhance your words as best they can, skill in occultism would
have you spitting out ancient rituals with nary a thought, and skill in hiding would let you act right
in front of the average man, in a well lit and empty room, and not be spotted."
200,Opposite Magic,Anima Beyond Fantasy,Mystic Talent,"Magic, you have found, flows smoothly through you, no matter
what kind you wield. Though for others, learning spells of flame inhibit their learning of spells of
water, for you, their natures never conflict. Even necromancy, anathema to the Flow of Souls as
it is, inflicts no difficulty upon you in further learning. As you leave this world, you will find that
this skill remains with you, no power will be barred for as small a reason as being capable of it’s opposite."
200,Wolfkrone Royalty,Soul Calibur,Mystic Talent,"The Kingdom of Wolfkrone has had a long history of rulers, both kings and queens. In
that long history, it is a rarity for the Kingdom of Wolfkrone to be ruled by a monarch lacking
in the ability to run the kingdom. You are not one of those rarities. You know how to run a
nation and keep the citizens happy and content with your rule. In fact, the longer you rule,
the more loyal your citizens become. If you had ruled your nation well for a decade, your
citizens would still follow your guide even if the entire kingdom and its land is lost to war or plague."
200,Death Metal/Moonstruck Idol,Darkstalkers,Mystic Talent,"Passion for the arts doesn’t wait for cures or ends to curses. In addition to enhancing your ability to sing
or play an instrument, this perk ensures that no matter what form you’re in, you can always perform music at
the peak of your ability."
200,Levitation,Furi,Mystic Talent,"You can float, unsupported, at about walking speed, and can keep yourself in
the air indefinitely. Your body can be positioned at any angle with this levitating ability."
200,The Great Educator,Katanagatari,Mystic Talent,"Is it not the duty of more civilised folk to educate their inferiors? If you don’t want to be stuck with a
clueless ape following you around, sometimes it really is necessary. At least you find it easy to teach
those more simple than you. The wilder and less civilised the student, the faster they learn from you. You can communicate and embed complex ideas and concepts to a man who lived his whole life
mostly alone on an island and have him pick things up before even a few days are over. Your
students don’t even need to have some core knowledge to understand what you teach them, it
seems. You can teach complicated mathematics without covering the basics, your students just pick
them up as you go along, though going too far ahead may draw out their learning time really far."
200,Post-Spying,Katanagatari,Mystic Talent,"Spying is all well and good...for those who actually need to go and do it in person. You prefer a much
more accessible, laid back way of gathering information. Simply by laying hands on an object, you
can quickly pick through its entire history. Not only are you aware of all that object has been used
for and how it was created, you are also aware of the events that have occurred around the object in
a short space, though this does take time to sort through the objects history to find what you are
looking for. It can even be used on living beings, though such an experience is apparently quite an
awkward one. This ability does take concentration to use so you have to experience the way your
food was made unless you focus on doing so for a few seconds."
200,Water Skeeter,Katanagatari,Mystic Talent,"Tired of dragging your own weight around every time you leapt across rooftops, you learnt to just
not bother with it. At any time you can lower your weight anywhere from its normal level to near
nothing, enough that you can easily walk or balance on top of the water. Even if you’re currently
carrying something or much heavier than normal for some reason, you are still able to lower your
weight to near nothing and walk on water so long as you are not carrying more than you could lift at
your best already. You’re not quite that good."
200,All Must Be Pure For The Sword To Be Pure,Blue Eye Samurai,Mystic Talent,"The metal must be pure, so now you can identify flaws in your crafting materials with ease, be it by sight, the sound it makes when struck, or however else would be appropriate. The maker must be pure, so you know how to clear your mind, to set aside your worries and concerns and put your soul at rest. The one to wield it, well, you don’t have any control of that one from this Perk, but if you so wish, if the one you made the art for is dishonest about their intentions for it, your art will dramatically break as an omen while making it, and the same will happen later if they lose their way and they attempt to use it, or if taken with ill-intent."
200,Protect The Lessers,Cradle,Mystic Talent,"You've got an instinct for how to change your appearance,
mannerisms, etc to blend in. Better still, if you're using some higher power to accomplish
something, you can pass it off as merely a magical artifact you have, and people will tend to
believe you. The otherworldly becomes ordinary. That fireball you just threw? Oh, it's just a
piece of pyrotechnic equipment. Your godly, sculpted armor that has no seams, somehow?
Don't worry about it, it's magic. You get the idea."
200,The Lonely Path,Cradle,Mystic Talent,"Oftentimes, you'll have to figure something out on your own. Be it a
new technique, an application of an old skill, or a strategy for beating a specific opponent. With
this, you can look to yourself for inspiration, taking an outward perspective of your own thoughts
and examining them from new angles to help further progress yourself and grow stronger. You
can even go so far as to ""hallucinate"" a mock opponent to try new ideas out on, though they
aren't exactly a real sparring partner."
200,Hammering It Out,Cradle,Mystic Talent,"The saying normally claims ""It goes faster if you get it right the first
time"", but for you, that's not quite the case. You'll find that even if a project you're working on
has a strict deadline, you'll be able to cram several different iterations of prototyping into that
timespan, unimpeded. It works out better for everyone. You learn more about what you're doing,
your customer gets a superior product, no one minds if there were a few explosions along the way."
200,Actualized,Cradle,Mystic Talent,"When you make a large-scale plan, the pieces will simply click into place.
Unless there is deliberate interference, you can move your pawns almost as if you were truly
playing them on a game board, without fear of things like orders going missing. Of course,
nothing stops the plan from falling, no real plan survives the enemy, after all. But it's nice to
have people actually follow through on things."
200,At One With The Sword,Duel Monsters - Duel Terminal I,Mystic Talent,"What you’ve got here is knowledge. Knowledge of the technology that makes up the backbone of the X-Saber war efforts, including communication devices, high-tech forges, and weapons such as swords made of solid light produced from a hilt’s internal reactor and Wayne’s revolverblade. But what you’ve got a real talent for is prosthetics. Making a replacement arm or leg is an afternoon’s work at best if you’ve got an actual workshop, and takes only a few days more if you’re scraping by on scraps. What’s really special is that these artificial body parts you make function just as well as the original, even if they really shouldn’t. You might make a replacement out of steel for someone who’s dozens of times tougher than that, but their new arm will be just as tough as the rest of their body."
200,Equip Mod,Duel Monsters - Duel Terminal I,Mystic Talent,"Vylons are machines to begin with, so this isn’t all too crazy for them, but the levels you’ve reached might make others uncomfortable. Through means somewhat disturbing to behold, you are capable of reforging yourself or any willing being into equipment, allowing the target to grant their powers to their users or manifest them in interesting and novel ways possible only thanks to their new form. The actual process takes several hours and requires a mix of blacksmithing equipment, modern technological tools, and a miracle or two, but can be taught to others if their artificing skills are good enough. Obviously, it is also possible to reforge them back into a person."
200,Photomirroring,Duel Monsters - Duel Terminal II,Mystic Talent,"Every Gishki wields their own Aquamirror. But these artifacts are mere replicas of the true Aquamirror, much weaker and limited than the original, even if they still function as potent foci for ritual magics. While the true Aquamirror still eludes you, you’ve become an accomplished crafter, and can easily replicate all sorts of magical artifacts in much weaker forms. I wouldn’t be surprised if a portion of the Gishki currently active are actually wielding copies made by you instead of Noellia. Still, it’s gonna take a lot more than this to improve on your copied designs, or even just make them easier to wield."
200,Forging the End,Duel Monsters - Duel Terminal II,Mystic Talent,"It is true that Constellars are mighty, but the idea of an enemy even they can not defeat is not unreasonable. Then, why not create a better Constellar? While your crafting skills are unchanged, you’ve gained an incredible natural talent for creating entities based on others. Put simply, you are able to skip the research normally required for creating inhumanly powerful servos, world-rending blasters, or other such things by using an actual entity as a direct basis, a process that is much easier to perform if said entity wants you to copy them. However, you still need to have the basic skill or knowledge needed to create tools that might theoretically match those if given sufficient advancement."
200,Elemental in the Machine,Duel Monsters - The Abyss,Mystic Talent,"One of the core abilities of the Springans is their ability to inhabit and power a variety of machinery, or even a rocket hammer in one case. However, that doesn't mean other Elementals can't also do it. If you are a Therion, your robotic body may as well be your actual body, and even the Sprights have been shown to be able to drive Therion ""King"" Regulus to a berserk state. By taking this Perk, you have the ability to take control of and self-power any machine. This also automatically grants you the full knowledge and experience in operating and doing combat in whatever you inhabit, and enhances the machinery to the point where you could pour your maximum amount of power into it without damaging anything.

When you're an Elemental, which is generally what's expected, this allows you to enter the technology, morph to fit the size of said technology and reside in some location within it, and then power it with your own energy, no matter what kind of energy that may be and what the machine normally does. The “morph to fit” part is actually rather relevant, as the Springans are generally very tiny, about the size of a human fist. And yet, a single one can fully fill a Rocket Hammer made with a giant monster skull. You can see the normal size of a Springans in one of the images below, as a little black blob with eyes on Albaz's shoulder. If you're not in an Elemental Form, you do not get access to the morphing or special methods of inhabiting the machinery, but it is still generally useful."
200,Neo-Spacian Project,Duel Monsters - The Heroes,Mystic Talent,"You’ve developed an ability somewhat unique to Neo-Spacians: Astral Projection! By meditating, you can extend your spirit out of your body, allowing you to travel to far away places without actually moving. Your projected spirit can move at your maximum speed, but can’t actually interact with anything physical due to being intangible, for better or worse. At any time, you may snap back to your body while projected, and automatically do so if your body comes into danger while your spirit is elsewhere."
200,Valkyre Tech,Sundered,Mystic Talent,"You have extensive knowledge on the design principles and details of the Valkyries technology. Given the time and resources you could single handedly design and build the entire suite of weapons, tools, and vehicles that the Valkyrie possess."
200,To Treat With Spirits,Sword & Sorcery,Mystic Talent,"Of what use is the ability to realize the veil is there if you cannot reach beyond it. You possess that
most basic of arcane tricks. You may beckon forth spirits to converse with. These beings’ natures
are as varied and unique as a man can imagine, and even more so. Still, beings such as they may
teach you of the world and places beyond. From arcane secrets to doors that open only when a
desert snake sheds its skin beneath a desert rain, to insights a human mind would never come to
on its own. The types and strength of spirits you can call forth will grow as you gain in skill and
power. But be warned sorcerer. The spirits you may summon may not all be friendly, and should
your skill, strength, and above all sense fall short you may find yourself imperiled greatly. You
would need to be mighty indeed to treat with gods without being destroyed. But even lesser
conjurers may reap the spoils of this talent. A man's place in the world can often be decided by
the company he keeps after all."
200,The Arcane Craft,Sword & Sorcery,Mystic Talent,"As much as you might look down upon brutes and barbarians who know only how to break bone
and spill blood, you and the warriors of this land have one thing in common. You require the tools
of your trade. You know all the methods and ways to bind arcane and mysterious forces into
physical vessels. Rings, staves, talismans, warded stone towers, and even more. These items allow
the channeling of such forces to work your will, capturing, bending, and shaping the worlds
invisible tides to enable works of sorcery and occult splendor. The strength of these items and
their effects rely on your skill, knowledge, and power. Of course, should you yourself be a font of
such forces from your varied lives then you would be surely capable of building the focuses and
talismans to augment and amplify your power. The world rewards men for diligent labor. It would
behoove you to refine this art to get everything you can out of it. This also includes the skill to use
such items, even those not made by your hand should you have the ability to reveal their secrets."
200,Devilish Draughts,Elric Saga,Mystic Talent,"You have an affinity for the art of potion-brewing, creating concoctions
with both ordinary and magical effects from the various herbs and other ingredients found in the
wild. You’ve memorized a vast array of plants and their uses both on their own and for creating
elixirs, meaning you can recognize them at a glance and will never have to worry about mistaking a
poisonous plant for one with healing properties. Brewing a draught to restore lost energy or take it
away is only a minor effort, and the same goes for ones that influence the drinker’s mind to inflict or
cure insanity and the loss of one’s memories. By using rarer materials and a greater amount of
time you can instead create potions to enhance a person’s vitality several times over and bring
them greater strength in battle, or heal grievous wounds that would leave a man close to death.
With time and experience, even curses and enchantments could be banished by your concoctions."
200,Aromatherapy,Generic Wuxia,Mystic Talent,"You are trained in the mystic arts of aromatherapy. You can use incense and powders to
do simple things, like make a headache recede or enhance someone’s meditative state.
Beyond that, however, you have a number of more advanced skills; you can create
incense that banishes demons, make poison gasses that force others to cough and choke,
and can even make rudimentary flash-bombs out of incense sticks."
200,Wolf Among Sheeps,Legacy of Kain,Mystic Talent,"It can be seen as strange that, despite all the eras of pogroms and targeted exterminations led by powerful figures, vampires as a species endured regardless. Perhaps the answer, or at least a part of it, lies within the following ability. In short, it provides the power to temporarily cloak yourself in an illusionary human guise, allowing you to pass unnoticed among them. Feel free to design its specific appearance, especially since each time you use it you can choose a new look.

Bear in mind that due to its illusionary nature this deception will be broken should you attempt hostilities against others, nor will it function if your base form is simply too large to fit within a human frame in the first place. Still, a chance to move about without raising suspicion is sure to come in handy. And if you think that just because you picked the more humanoid vampiric origin you will effortlessly pass through cities, then let me assure you that is not so. Nosgoth is not a place of glittering pale-faced pretty boys but one of monsters instead, both vampiric and otherwise. Should you already be skilled with disguises or impersonating others then the effect of this perk will be further strenghtened, as you will be more likely to avoid giving away anything that might implicate your true nature."
200,Power of Glyphs,Legacy of Kain,Mystic Talent,"Strange, is it not? How for most of its existence Nosgoth was a world stuck in Medieval stasis, only for the city of Meridian to develop things like subways and factories. The answer lies within the strange blend of technology and sorcery devised by the Hylden, which enable the creation technology powered by magical energies.

From light sources to bombs, the sky is the limit here. And now you too are privy to such secrets, knowing how to apply them and with enough trial and error even improve upon them. Bear in mind that the grander your designs the more complex, resource costly and time-consuming will such projects be. Still, a chance for your own industrial revolution is nothing to scoff at, assuming you can put your new knowledge to work. As a side bonus, should you develop offensive or defensive means of using glyphs, you will find their power being greatly effective on vampires and other undead creatures in general."
200,Selective Slicing,Manyuu Hikenchou,Mystic Talent,"To an aspiring hero, collateral damage is unacceptable. And yet, life
has a habit of getting in the way of your goals. Thankfully, you have the supernatural ability to
guide your attacks, letting you strike true and leave the innocent unharmed. This perk doesn’t
make you any more accurate; you’ll still need the expertise to land your shot. But so long as you
have the skill to hit your opponent, you needn’t worry about affecting anything but your target.
Why, with this perk, you’d have the ability to slice through the tentacles of an aggressive
octopus without harming the fisherwoman caught within them."
200,Geometric Magic,Tunic,Mystic Talent,"Most custodians will utilize a minor amount of nature magic to manipulate the flames
of their candles, but there are a few that possess another magic, that of the Disquiet Beings.

Among these abilities, there is a passive trick these few know, they are able to levitate
a few inches off the ground and maneuver without touching the ground. Another
mobility trick they possess is that they are also capable of teleporting short distances by spinning rapidly.

This research into the magic of the Beings has granted them one last insight, they
possess a spell that is a shallow mockery of the power of the Holy Cross. This final spell
is cast by drawing a square using Soul that converges upon its center using this magic.
This spell will unleash a burst of power once the square is complete. Perhaps a deeper
knowledge of the Holy Cross could unlock greater secrets still."
200,Power of Prayer,Tunic,Mystic Talent,"To pray is to become still and rest for a moment. In this world no holy being will ever
hear you, but this tradition allows you to venerate those who came before. This
acknowledgement of their sacrifices can awaken whatever remains within some
artifacts and activate them. Malicious or benign, the specific effect of this depends on
the tool you activate rather than who or what you venerate.
Outside of this world, objects that have a strong connection to something, you can
venerate in this way. They will receive a boost to their abilities for a short time after
activating this way, though will need time before they can be venerated again.
Weapons will become stronger, armor will become tougher, and long forgotten
machines could creak to life for a moment once more."
200,You Mortals Play Your Games Us Gods Play Ours!,Ryse: Son of Rome,Mystic Talent,"You gain the intelligence and manipulation abilities of the white haired god. To put it simply, you can orchestrate the fall of the Roman Empire and can manipulate the minds of people you touch."
300,Artifact Spirit,A Will Eternal,Mystic Talent,"Well this ability is just slightly odd. You have the ability to turn into a spiritual artifact, which
can then be used by others. While the actual ability is not too strange, as there are several
techniques that allows one to become one with an artifact, it is rare that you will find a
cultivator that develops techniques that bring no immediate benefit to themselves. The
strength of your spiritual weapon form is naturally dependant on your cultivation. A Celestial
cultivator would end up as a Celestial grade artifact. What form you take should be decided
now. An incomparably vast and sharp sword? A supremely sturdy shield?"
300,Dao of Cultivator,A Will Eternal,Mystic Talent,"You have gained insights into a specific Dao of your choice. This will give you a good head
start for developing abilities in line with your Dao, and will increase the speed of further
insight into it. Maybe you wish to copy Bai Xiaochun and gain insight into the Dao of Time, or
alternatively maybe you wish to gain insights into the Dao of extermination, or life. As a side
product, this will increase the speed of your entrance into the Archaean realm once you
become a Celestial. This will likely be a large part in deciding your future path of cultivation, so choose wisely."
300,Necromancer,A Will Eternal,Mystic Talent,"In the Wildlands, there is one skill that resides above all others. Necromancy. Using this skill,
cultivators, aptly named necromancers, are able to summon and control legions of dead
souls. These souls aren’t just limited to cannon fodder though. Necromancy makes use of
the foundations of spirit enhancement, medicine concocting, and equipment forging as its
basis. Necromancers can convert these souls into medicine to help with cultivation, or use
them as fuel to produce many-coloured flames. These flames themselves can be used either
to attack others, or used as a medium to spirit enhance things. Necromancy is a valuable yet
difficult skill to learn, as necromancers can do a little bit of everything. While it is possible to
learn this art in the jump, taking this perk also ensured that you have a talent for figuring out
the formulas for further coloured flames. It’s only a matter of time before you reach the rank
of Heavenly Necromancer, able to conjure 21-coloured flame, the stuff of myth. A 22-
coloured flame is powerful enough to severely harm Celestial cultivators."
300,The Legendary God-forging Craftsman,Against The Gods,Mystic Talent,"There are a lot of things in this world that go
beyond martial cultivation and powering up. Sound Transmission Talismans, Profound Arks, armors
and weapons, medicinal pills and teleportation formations, and so much more. And you can shake
the world in all these fields.
You are now an absolute, unbelievable genius at all such ‘support’ fields. An enchanter, smith,
alchemist and formation designer without peer, your mind miles ahead of even the greatest of your
would-be competitors, and ideas flow like water. You only need to look at any item, pill, weapon or
formation, to know it to the innermost depths, every trick involved in making it, every flaw and
potential for improvement, and how to bring them to reality.
In future worlds too, your skills translate perfectly, granting you knowledge and skills in the local
variations of these things equal to what you leave the previous world with."
300,Law Comprehension,Against The Gods,Mystic Talent,"Choose an element, you now have comprehended a fragment of the Law - or CODE, in other translations - respective to that element, as a bonus, you also take no damage from that specific element anymore, unless you want to. You have an unmatched talent in that specific Law. Time-Space counts as just one element.

Each person may only become the Spiritual God of one Law, but Laws bought with this perk do not count towards this limit.

You can teach your understanding to other people, and they are guaranteed to have the minimum amount of talent to understand and be able to use it, even if in an insignificant way."
300,Reading Ahead,Baki: Son Of Ogre,Mystic Talent,"An experienced warrior doesn’t need to wait for their opponent. You can intercept their
brainwaves directly, letting you know and start responding to an opponent’s next move
0.5 seconds before they make it. This means that opponents can’t take advantage of the
window between your thoughts and action, and for much weaker opponents, it’s like fighting a mind reader."
300,Enchanted Ammo,Darkstalkers,Mystic Talent,"You know how to make ammunition and weapons that are anathema to the classic horror icons of the
past century­ and how to improvise against the stranger things that go bump in the night. By etching holy
symbols into bullets, blades, and finding sources of holy water, you can ensure your attacks cause searing
injuries to magical beasts.
Science-­monsters unfortunately don’t suffer much from holy bullets and blades. That’s what those
thermite rounds you also know how to make are for, right?"
300,Soothsayer,Katanagatari,Mystic Talent,"Much like the legendary Kiki Shikizaki, you are a Soothsayer, specifically geared towards technology. You’re able to see into the future, even centuries in advance, though your accuracy and detail in
these general visions is not the clearest. What is clear however is attempts to see the future of
technology. You can look into the future and see exactly how new technologies come to be, understanding the processes and methods of science that is thousands of years beyond your time. So long as it would eventually be unlocked by someone other than yourself in the future of the world
you are in, you are able to instantly glean the knowledge of how that technology works and was
made. You may not be able to make it without supporting infrastructure and resources but you’re
able to find out how to make those too."
300,Soul Space,Cradle,Mystic Talent,"Typically at the cusp of Underlord, but sometimes
earlier, Sacred Artists open their ""Soul Space"", a spot in their Core that allows them to store
physical objects without fear of them ever being discovered or taken. The Soul Space can range
from only being able to hold a single bean to being about as large as an entire closet. Yours is
at that maximum size, roughly a 10 foot cube that you can store anything in. Summoning
anything from your Soul Space takes but a thought, as does storing it, and happens about as
fast as you can blink."
300,Animal Friend,Volgarr the Viking,Mystic Talent,"Your origin as a monster allows you to easily tame wild beasts and insects. When you have
tamed them you can also infuse them with your monster-magic, allowing them to grow in
size and power and appear more fearsome/fantastical. A wolf could become as big as a
horse and a spider would be comparable to a dog by its main body alone, with the legs it
would look even larger and more terrifying. These monstrous creatures are all loyal to you as
their creator and will be capable of understanding and remembering your orders (through
magic). Curiously enough they also don’t seem to require much more sustenance than they
did before. With training you can learn to grow creatures even larger than the given
examples, eventually perhaps even creating monsters the size of Fluffy or larger...
This perk also works on plants."
400,Misdirection,A Will Eternal,Mystic Talent,"You have something of a talent for misleading others. For acting and telling half-truths or lies
to get people around to your side. Consequently you are great at convincing people to do
what you wish. You could infiltrate an enemy sect with relative ease and no-one would
question a thing, as long as you have a semi competent disguise. You might even be able to
talk someone who you had just kidnapped and smacked around into letting you be their
trusted subordinate, because you totally were doing it all for their own good."
400,Soul Stamp,A Will Eternal,Mystic Talent,"Much like Archaean realm cultivators can do with Celestials, you are able to leave a mark on
a willing person’s soul. What this does is make it so that should that person die, their
damaged soul will immediately be transported to you whereupon you may either take it for
safekeeping or, if able, rebuild them a body. Due to the damage incurred by this death, their
strength will wane somewhat, and it may take years for them to get back to their previous
strength. You may do this regardless of the strength of either you or the recipient."
400,Divine Godly Deity's Beast Taming Method,Against The Gods,Mystic Talent,"This world abounds with Profound Beasts,
and not entirely because of their own power. As it happens, these beasts can be useful too.
You have incredible skill when it comes to taming these beasts, whether through bribing them with
food, subordinating their will with force, or any other means. You know just how to stimulate them,
just what they like, their habitats... and what you don’t know, you can learn very quickly.
Not just this, but you find that once tamed, your tamed beasts almost never rebel, peacefully
working your will for as long as you want them to, barring extreme mistreatment."
400,Clever Fiendish Devil's Bullshit Spinning,Against The Gods,Mystic Talent,"You’re good at lying, Jumper. Not just good, but
it’s more like you are an artist of the lie. You know just what emotions to fake and how to say things
that will convince others of your professed sincerity, and can spin almost endless bullshit while
knowing just how to keep it believable.
Also, and perhaps more importantly, this perks also makes it so any supernatural effects aimed to
detect your thoughts, emotions or morality will fail, and return generic harmless results."
400,Demigod Atelier,Asura's Wrath,Mystic Talent,"You know the secret science of Mantra technology, and can build custom devices that are powered
by prayer or emotion. Further, you can enhance or upgrade items from other jumps to use this same power
source. If you take Cyborg Hindu Godbody, you may construct Demigod cybernetics for other people. After
the jump concludes, you may also build Mantra Reactors.
Demigod Atelier allows you to create any mantra­powered or integrated device, up to and including
the vast fleets of Shinkoku Tratstrium, the heavenly vessels of the divine armies, and even the anti­Gohma
platform Brahmastra. The latter however would require millennia of effort, and was never completed even in
the scope of the original setting."
400,Stride the Impure World,Asura's Wrath,Mystic Talent,"With an hour’s concentration, you may convert a ten­meter wide plot of the world into a sanctified
land, or terrain of righteous desolation.
Impure land looks hostile, leaking red miasma and showing thin veins of hot magma. From this
incensed territory, you may summon a number of Gohma with a combined impurity level of 10,000 or less.
Pure land meanwhile looks pristine and idyllic, free of contaminants and sacrilege. If you have two or
more pure regions on the same planet, you may teleport between them with thirty seconds of concentration.
You may only have three such pure spaces at a time. In both cases, these regions last for 3­7 days.
Impurity Level: 10,000"
400,Yajnatek Mysteries,Grant Morrison's 18 Days,Mystic Talent,"In ancient fires, and with flesh screaming, a blood price can be paid to merge body with arcane
songs and hammer blows. You know the ancient rituals and mantras involved in making the very
greatest works possible, things like the Astras, Celestial Armors or Weapons, or other
miraculous crafts. From the sutras needed to get gods to bless things to the exact schematics for
the greatest and most terrible weapons, your knowledge could save the world... or cause it to
die screaming.

Nor are the Astras the limit of your power. It’s a little known secret that the Superwarriors, the
perfect Demigods that stride the world, were engineered in the Second Age, enhanced through
genetics, psionic and magical technology, blessed with divine powers and magic, and countless
other measures besides. All of these secrets lie within your knowledge now, just waiting to be
made reality.

One thing to note, oh Great One. Even the least of the things you know will take tremendous,
utterly horrific quantities of time, energy, and personal effort to make, such that even the
greatest kingdoms of this era would struggle to put together, barring surprises on your end. And
while your knowledge does mean you can make these things, it does not necessarily let you
branch out or apply the same principles to other things, being essentially only knowledge."
400,Grandmaster Inscripitonist,Tales Of Demons and Gods,Mystic Talent,"You have gained enough knowledge in Inscription Patterns to make you comparable to a Grandmaster in this art. This only covers up to the Legend Rank, but, as you reach ranks above Legend, you gain knowledge of Inscriptions up to the rank you reached."
400,Acupuncture Master,Tales Of Demons and Gods,Mystic Talent,"The meridians of the body govern the flow of energy from the soul, striking one can cause an opponent to lose their ability to move or paralyze them for a short period of time. You know all of the acupressure and meridian points of anyone simply by looking at them, and, when used, you can unlock the potential of a person's body simply with a fewsilver needles. This may or may not cause excruciating pain at the time of use, depending on the individual."
400,Grasping Desolation,Baki The Grappler,Mystic Talent,"Love can be said to be the one thing that all humans crave even more than power. For those who
desire your love, your efforts to neglect or outright abuse them will only strengthen their craving.
They will go to greater and greater lengths for your approval, reaching unprecedented heights of
ability and success at unprecedented speeds, in whatever area they believe will earn your approval.
However, this can only persist so long as you maintain the delicate balance of denying them the
love that they seek, without giving them the impression that it is completely out of their reach."
400,Where Light And Shadow Cross,Baki The Grappler,Mystic Talent,"Many resources and connections are reserved by exclusive organizations. This may deter the
average laymen, but you’ve found the procedure to gaining entry, no matter how powerful, or what
qualifications may be required, to be surprisingly simple. Just walk in the general direction of your
objective and beat everyone who tries to stop you. Once you’ve fought your way through enough
people, you’ll be welcomed in with open arms. No grudges will be held for your means of entry, and
the validity of your membership will rarely, if ever, be called into question."
400,Signed In Blood,Baki The Grappler,Mystic Talent,"When fighting’s all you got, you just have to hope that you can use it to solve most problems. You
now have the right to resolve any contest of criminal interests by means of 1-on-1 duels. You
won’t necessarily get to pick your opponent, but those you challenge will always accept, and the
dispute in question will be resolved based on the result of the fight. Whether it’s drug deals,
or simply expanding your gang’s influence, they can all be solved with your own two fists."
400,Aries's Connection,Saint Seiya: Lost Canvas,Mystic Talent,"Sacred armors, especially Cloths here, have memories and sometimes a will of their own, going as far as to be “semi-sentient”. If anyone can build an affinity with his Cloth with time, you can do more than that : you can commune with any Cloth, Surplice, Scale or equivalent in proximity, able to see and/or experience memories of their current or past users, to the point of learning techniques on the spot that way. You can control when to trigger this, but even knowing what to look for, you can’t totally control what you’ll see. Works on any intelligent or similar magic item in future jump."
400,Balron's Judgement,Saint Seiya: Lost Canvas,Mystic Talent,"Every human sins, and you know that better than anyone. Upon seeing someone (or his soul if he is dead), you instantly know any moment of his life when he sinned, according to the “local” moral or theology. Better, you can relive them in detail through the perspective of your choice, or all the same resurface it in their mind. If you’re subtle and time right, they may not even know you are doing it and mindgame them. It doesn’t intrinsically protect you from what you see, though."
400,Substitute,Saint Seiya: Omega,Mystic Talent,"Indeed, much like Mars ascending to the position of Pope and Sonia attaining the
esteemed rank of Golden Saint of Scorpio, you possess the remarkable ability to
seamlessly fill any position for which you somewhat qualify, with acceptance
granted without a second thought. Whether it be within the ranks of an enemy
faction or even within the revered constructs of divinity, such as a Gold Cloth
forged in the age of myth to protect the goddess Athena, your adaptability and
capabilities ensure your readiness for any role."
400,Anti Magical Armour,Saint Seiya: Episode G,Mystic Talent,"The only reason the humans have any hope at all is those blasted Cloths. Pale imitations of your
Soma to be sure but not without power of their own. When faced with your hands however, they
seem rather less durable. Your attacks are particularly good at destroying objects and artefacts of
supernatural power or importance. Even things meant to be indestructible or at least far tougher
than anything you should be able to scratch can be cracked and torn apart under your hands.
Tougher things will still take repeated blows for you to smash apart but even the mightiest artefact
won’t stand up for too long against you."
400,My Kin,Demon Slayer,Mystic Talent,"Just like Muzan did, you too can now change the normal into the monstrous. Specifically, when you give something your blood, you can change them into your own species with all natural powers, advantages and weaknesses. This counts for any of your alt-forms or species, but it only changes them into the species, it does not give them any extra perks or abilities that the alt-form would not have naturally by itself."
400,Teleportation,Samurai Jack,Mystic Talent,You can teleport to any location you can see. Moving between points on the same world is instantaneous and interplanetary travel can by achieved by opening a portal to your destination.
400,Illusion Creation,Samurai Jack,Mystic Talent,You’re able to make illusions that can be seen by living creatures. They can be as simple as making a fake object or as complex as making someone believe they’re fighting a fake enemy. Driving someone into insanity or death via shock with these powers would not be difficult.
400,Master of Time,Nine Sols,Mystic Talent,"The Solarian Ji was born with a truly exceptional ability; the power to
control the very age of his body, appearing as an adult, a child or an ancient sage with only a
moment’s concentration, defying age and time as a result. You now share in this strange
power. To put it plainly, you are immortal. The wear of epochs will erode your body no more
than water over diamond, and even in death you will not decay. By taking this, you may
optionally choose to have been born thousands of years ago, when the great wars of the
Turbulent Era raged, and have the life experience to show for it. Lastly, you are immune to
Tianhuo and other diseases, which will forever find you out of their grasp. Surely the
scientists of this time would be elated to discover you... if they hadn’t already."
400,Leaps and Bounds,Nine Sols,Mystic Talent,"Many of the Sols are skilled scientists in their own right, and their
duties as administrators of the island often relate to their field of specialty. You have such a
specialty as well; an expert level of knowledge in one of the following fields, and the skill to
find new applications or develop new techniques as well:

● Engineering: Like Kuafu, you are an excellent engineer, capable of creating new
devices based on advanced Solarian technology with amazing speed, such as
rhizomatic columns. You can also modify equipment, outfitting Solarian bows with
specialized ammunition or granting additional effects to Talisman strikes.

● Transmutation: Like Jiequan, you are skilled in the techniques of transmutation, able
to combine cybernetics and mutagenic technologies to forge powerful war-machines
and genoguards. You specialize in using biological or chemical factors to induce
desired genetic changes in an organism, and can use it to strengthen or heal yourself or others.

● Agriculture: Like Goumang, you are familiar with all the technologies and techniques
required to feed great numbers of people with little arable land, as well as to
develop new crops for the purpose. Botany is your primary field, followed by
knowledge of irrigation, nutrition, and ecology.

● Medicine: Like Eigong, your specialty is in medical science and the manipulation of
genetics, allowing you to synthesize cures for most diseases, identify and isolate
useful genetic sequences, or even hybridise them into new beings. You’ve even
taken steps into regenerative medicine and longevity, but that’s a slippery slope...

● Soulscapes: Like Lady Ethereal, you are an expert on the intricate neuroscience and
computing technologies of the Solarians, as well as the ways they can interact with
living minds. You are also familiar with the applications of cryotechnology, and know
how to preserve a nervous system for various purposes, such as wetware computers.

This perk may be Purchased once per specialization."
400,Sticks and Stones,Live A Live,Mystic Talent,"You have developed a rather... unique method of craftsmanship.
Here's how it works: By crudely smashing two material items into one another, you can force
them to stick together via cartoon physics. It doesn't make a whole lot of sense and it looks very
peculiar, but it does the job and it's easy to do in a pinch. Of course, you have to apply a large
amount of force for this to work as intended, so it's unsuited for precision work."
400,Strenght of the Humble,Live A Live,Mystic Talent,"Respect is a major theme in Masaru’s story, and as such,
Masaru’s respect for his opponents is a major source of his power. From now on, you gain an
intuitive understanding of the techniques of anyone you consider a worthy opponent. This
doesn’t necessarily mean you’ll be able to use the technique, but it does grant you knowledge of
the training or features you would require. Your understanding will not fade as long as you retain
your respect for the opponent in question."
400,Dr. Toei’s Transhumanist Technological Tinkering,Live A Live,Mystic Talent,"Aside from the psionic powers,
Akira’s chapter is also notable for the rather strange technological advancements humanity
seems to have made in the near future, the most notable of which is Liquified Human
technology. By liquifying a living person or animal, you can breathe life into machines, and in a
certain sense, the person or animal can stay with you forever as part of that machine. Even if
you can’t look past the obvious moral conflicts this leads to, there’s still a few cyborgs casually
running about and the antique shop has an ambiguously functional teleporter, so this perk
grants you extensive knowledge of all the interesting technology featured in the chapter,
allowing you to replicate it if you want."
400,Excellent!,Tekken,Mystic Talent,"There are situations were brain triumphs over brawn. You’re a certified Genius, on
the level of Lee Chaolan and Bosconovitch. You could invent powerful robots without much issue and
have a charisma that allows you to gain the trust of people."
400,Onmyouji's Arts,Joujuu Sejin Mushibugyo,Mystic Talent,"Onmyoujis, the magic users of the far east. Their most known skill is the craft and use of
shikigamis for various purposes, but there’s a lot more to them that meets the eye. Being
able to fly with various means, divination, scrying and more. You are a very talented
apprentice to this path, and start as more or less equal to Tenma Ichinotani, the resident
onmyouji of the group, although your abilities are more balanced than his. With some
practice and knowledge you could very well become a legend of the craft."
400,(Half-Baked) Prophet,Okami,Mystic Talent,"You are given glimpses of the future whenever you choose to look. With time and practice,
these become full-blown visions."
400,Guardian Sapling,Okami,Mystic Talent,"Not necessarily a tree, but you can designate an object as a guardian of an area. As long as it stays in place and remains whole, evil will not approach it, and anything under its aegis will be resistant to corruption."
400,Shapeshifter,Okami,Mystic Talent,"You can take the shape of any human you have personally killed, and impersonate them so
convincingly that even their closest friends will be fooled."
400,Sacred Saint,Swords,Mystic Talent,"The sacred must be worshiped by the masses, so this must be so. It is not said that the sacred must be divine or natural. Much akin to the architect of a techno-monolith, you’ve unraveled the enigma of religion, enabling the creation of entire belief systems to abnormal extremes."
400,Dungeon Master,Swords,Mystic Talent,"You are a talented architect that is capable of making vast and thematic dungeons with amazing loot, ever-regenerating monsters, and tasteful decor. Any extraordinary ability such as magic is magnified tenfold in the creation of a dungeon and within the dungeon itself."
400,Mentor of a Thousand Lesson,Swords,Mystic Talent,"Knowing how to swing a blade is quite different as to when to swing it. You know this concept well, for you are an impossible teacher that can impart hundreds of lessons with a single pithy quote. It wouldn’t even be a surprise for your students to be considered a sliver of your vast wisdom"
400,Consult the Oracle,Ironsworn,Mystic Talent,"There are four oracles who may help your
quest, but if you don’t feel like making the walk, you can now ask the
oracles one question each day, no matter where you are. Be aware their
answers may be quite vague, but are never useless."
400,Battlefield Medicine,Fights in Tight Spaces,Mystic Talent,"Sometimes, you take hits, and you don’t have the time or ability to
disengage to go find a doctor. Luckily, you have a tremendous understanding and skill at
battlefield medicine. You are skilled enough that you could use scavenged materials to perform
surgery on yourself if needed, but luckily, you have the ability to pull out some supplies so you
don’t have to rely on whatever material you can scrounge up. You can pull out an unlimited
supply of bandages and painkillers. The bandages will help to drastically speed up the healing
process of any injuries, such as cuts or broken bones, that are wrapped in them, by a couple of
orders of magnitude at least. The painkillers can help you to fight as if you aren’t injured while
taking them, as well as speeding up the healing of bruising and similar flesh wounds."
400,Item Stack x10,Kenshi,Mystic Talent,"Storing the same type of an item in a bag or container takes up no more extra space than the first item, up to a maximum of 10 items. Items that aren’t exactly the same still stack, so long as they’re roughly the same size and type. You’d be able to fit 10 assorted books into a pocket that’d normally be able to fit one."
400,Combat Medic,Kenshi,Mystic Talent,"Mercenaries rarely work alone, preferring squads of members that watch each
others backs. Any squad would be happy to have you now, as you’ve got a healing touch. You can apply first
aid at extraordinary speeds. Bandages you apply to a wound have a protective effect, preventing further
damage to that location. You’re so effective and efficient, you can patch up an ally while they’re still fighting,
darting in and out of combat."
400,Human Ingenuity,Kenshi,Mystic Talent,"You're a natural born researcher. Reading books to study forgotten technology is
easier, and reverse engineering ancient mysteries goes smoother. When it comes to connecting the dots
behind how something works, you're exemplary."
400,Hey Beautiful,Fist Of The North Star,Mystic Talent,"You are a true master of disguise. Forget using makeup or a mask, hell you
don't even need to change your clothes. With just a pink sheet you could flawlessly fool desperate
bandits into thinking you are a stunningly beautiful women, even if they are inches away looking you
in the eyes as long as you put on a falsetto you'll have them tricked even if you are a 6 foot tall bodybuilder of a man. With just a pretense of a disguise you can completely mask your features and make
others believe you are exactly what you are pretending to be."
400,Unnoticed,Anima Beyond Fantasy,Mystic Talent,"You’ve found that the best way to get through life is to make sure that
no one notices you coming. You skill at stealth is almost supernatural, and you can easily make
yourself unnoticed, disappearing into a crowd, into the shadows, or even into the background
glow of supernatural powers."
400,Power of the Abyss,Soul Calibur,Mystic Talent,"Magic is in your blood. You’ve learned ancient magic known only to a few. You are
capable of creating spheres of energy that can suck in your enemies to the void, creating
illusions that can fight on their own and even reanimate and control the dead, keeping their
memories and skills intact. You even have the ability to curse your opponents, and with
those curses, you can slow and even stop the flow of time for a moment in battle, the moment
lasting longer for each curse you’ve set upon your opponents.
And yet that is not where your true talents lie. Your true powers come from your
ability to use any spell merely after seeing it once. This talent of yours will even apply to any
system of energy you are capable of using, from psionics to ki and so many more."
400,Pitter-Patter,Furi,Mystic Talent,"You have the ability to teleport between nearby places that are out of sight.
As long as no one else can see you, and no one is looking at the place you are moving to, you
can instantly be there, regardless of physical barriers. Additionally, you are always aware of
places that meet these requirements within a hundred meter radius."
400,Traditional Forging Methods,Blue Eye Samurai,Mystic Talent,"It's hard to care about your 1000x folding when you could buy a bar of steel from the shop, use a modern
forge, and get something superior. This Perk gets around that. If you could make it with machinery from
the setting you're in, or if you know how to build such machinery, you can now achieve the same results using
the same base materials with the closest analogue in traditional methods and equipment. Effectively, you are
replacing machinery with more labor."
400,Unpredictable Barbarian,Conan,Mystic Talent,"The men of civilization time and time again fail to be
able to understand the ways that a barbarian will act and react. They are just too foreign
and too outside of their understanding. And you are more foreign and outside by far.
You are good at coming up with unusual solutions, those which are unique to yourself or
which other people just would not think of. You’re especially skilled at coming up with
means of circumventing defenses and protections.
Even more, your actions are hard to predict. Those who attempt to plan around you have
an unfortunate tendency to misguess your actions and reactions. It’s simply hard to pin
down how you will act, because your thoughts and reactions are not those of a normal
man. Magic and prophecy might be able to determine your actions, but even the greatest
planners and schemers of the Hyborian Age will find that their plans do not survive contact with you."
400,Blasphemous Tampering,Conan,Mystic Talent,"You possess the ability to cultivate and change life through the supernatural arts, in effect sorcerous genetic engineering. As this is arcane powers, it is not limited to natural beings, and can even affect occult horrors or those things with no traditionally physical body if you are able to contain them long enough to experiment on and replicate them. With time, resources, ambition, and effort you might even be able to modify the godly offspring of captured gods themselves, twisting them into demonic horrors beyond the ken of men. But the knowledge and skill this gives you to begin with is only enough to make something like Tsotha-lanti’s great serpent, if you want to match the more Yog-Sothery worthy horrors of his Halls of Horror you can expect it to require years of study and generations of subjects, but you could create horrors not made of earthly matter, intelligent plants that drained the thoughts and wills of those in their vines, terrible tentacle-horrors formed half of slime and crying and laughing in a woman’s voice from a frog’s head. If you want to go beyond all the way to tampering with the gods themselves you may need to dedicate lifetimes to this research."
400,Magics of the Mind,Conan,Mystic Talent,"Yours is a skill in the magic of the mind and mental compulsion. Your magic can stir emotions, insert ideas in the minds of others where they may even mistake them for their own, create illusions and visions in the minds of others with all the vividness of life, or even compel actions. You will begin only a neophyte in these arts, far from the Master of the Black Circle, Pelias, or Xaltotun, but each other perk which grants magical arts you purchase in this jump will increase your starting skill and with enough you may fully match Pelias himself.

The strongest magics available in this field do possess a certain weakness. Like the hypnotic eyes of eastern sorcerers they rely on the belief in their target that they can be affected. Someone steeped in superstitious fear of being controlled by a hypnotic gaze from childhood might be compelled to kill themselves just by meeting your gaze and being told that it means they are now your obedient servant, needing great skill in the same magics or a great motivation beyond mere survival such as a man’s drive to protect his love or a mother’s to protect her child to have a chance to resist, meanwhile to one who is unfamiliar with such ideas the force will be little more than mental cobwebs easily torn asunder unable to slow them much less force them to their death. Not all your magic will be so reliant, but that which is less reliant will be more fixed in its ability at manipulation - causing a specific emotion, causing immobility, etc - and more easily resisted by a strong will."
400,See The Way,Cradle,Mystic Talent,"Normally, it requires being at a very high level of advancement to start
to detect the higher end of causal magics, known as The Way. Now you can detect
disturbances in it no matter what you are. Authority, Icons, Rifts in Reality, you can tell who's got
what bullshit, and outside of this jump, this applies to any kind of Causal Abilities, or less
powerful things that you shouldn't be able to sense otherwise."
400,Soulsmith's Sight,Cradle,Mystic Talent,"Normally, Soulsmiths require a specialized tool known as a Drudge
in order to pick apart and identify the many complex aspects that make up a Remnant or Sacred
Beast and turn it into useful parts. Not you. You can identify the types of magic, what will mix
with what, how to safely extract a piece of material without damaging it, and so on, all without
special tools. And this applies to nearly anything dead or inorganic. You will simply know how to
work a piece of metal, if it needs heat to be properly forged, or if it can be shaped with only your
magical will alone, there's no second-guessing yourself any longer or needing to rely on others
to find these things out."
400,Refined Tastes,Cradle,Mystic Talent,"Much like Soulsmiths rely on experimentation and experience to
become better at their jobs, so too do Refiners require many years of testing in order to produce
quality works. All of that experience is packed down into one Perk here, you'll be able to identify
what plant parts, organs, minerals, and so forth can be turned into useful things, and more
importantly, you know HOW to turn them into useful things. All the many processes and tools,
even if you've never seen them in your life, come naturally to you."
400,Into The Way,Cradle,Mystic Talent,"Ordinarily you must be at nearly Archlord in order to begin tapping The
Way, but with this, you're now capable of the most basic ability gifted to those that use this:
Teleportation. You can create Gateways in The Way that transport you to nearly any place on
your current planet, instantly. And with practice you can develop this further to traverse entire
solar systems in the blink of an eye, though it's incredibly taxing to do so."
400,Miko,Muhsoku Tensei,Mystic Talent,"They are beings that gain unexpected powers by accidents or being born with it. Choose one of these Miko Powers: 

Telepathy - This allows you to read someone's mind when you are looking at the person or being and
telepathically communicate with people and animals within a large range. You can also see someone’s
memories when you're directly looking at their eyes. At first it's only surface memories but this also
extends to being able to see related memories to that subject, and the longer you stare into someone's
eyes, the more of that person's memories you see until you will see and experience that their entire life.

Playback - This allows you to rewind time on objects or people with the maximum limit to rewinding
being 24 hours and it can only be done once per object or person before having to wait for 24 hours
before it can be used again on the same object or person. Once per jump or every ten years should you
die you can choose between respawning 24 hours before you died or start at your birth or the current
jump allowing you to undo your changes in the settings.

For an additional 200cp undiscounted you can purchase the other Miko Powers."
400,Escape Master,Muhsoku Tensei,Mystic Talent,"Traps and prisons are common things that can kill the powerful, especially if they are not careful. Thus, spotting traps both magical and not is a breeze for you and additionally you know how to best get around or evade them, whether by disarming or dodging at the last minute. You’re also a master at escaping making it clear that no prison, bindings, seal or dimension can prevent you from escaping. This also gives you great attainments at making traps and would be especially effective if it's designed to target a specific person or race, and the traps that you make can be both physical and magical."
400,Shaman,Duel Monsters - Duel Terminal I,Mystic Talent,"There is magic in the winds, friend. The great currents as we soar high above, the soft breeze as we stand upon a cliff, the cruel buffets of a true storm... there is power to these, if one simply recognizes and respects it. You’ve become a shaman, one who deals in wind magics in more... metaphorical manners. These spells tend to deal with the cyclical nature of wind, such that all but the weakest effects require that one banish a willing ally, spiriting them away from the current location to safety. But what can be done once they are gone, and the air rushes in to fill the vacuum, can vary. Physically strengthening yourself or allies, rearranging the battlefield and those on it, crushing hostile structures and spells with overwhelming steel-rending pressure... these are all possible. You simply need to believe."
400,Rekindling,Duel Monsters - Duel Terminal I,Mystic Talent,"Fires can burn and render all down to ash, but that does not mean they can never create. It is possible for forest fires to rejunate the land after all, forcefully resetting the ecosystem and allowing life to flourish anew. Through this principle, you’ve turned the arts of flame control into a form of healing. For yourself, it simply takes a moment of thought before any wounds burst into flames, fires holding your flesh closed or forming false limbs. Though it may take a while, small flesh wounds requiring minutes and lost limbs requiring days, these flames will eventually simmer down and reveal that whatever harm fell to you is now completely gone. For others, it requires constant attention, as your patient may or may not have the ability to keep the flames stable. They won’t rampage wildly and harm instead of heal, of course, they’ll just fizzle out with only minimal amounts of regeneration. But even then, these flames can function just as well as the original limbs while they burn, meaning disarming you or your allies is a little bit more involved than your foes may expect."
400,Mage of the Ice Barrier,Duel Monsters - Duel Terminal I,Mystic Talent,"The arts of the Ice Barrier are not limited solely to sealing. Through the ages, many other
schools of magic and thought have been founded, some of which even predate the Prior’s
foundation of the Ice Barrier tribe. Cryomancy is the simplest, a school of magic based around
generating cold and manipulating frost. The Destructive Arts as they are known are a subset,
focused solely on causing damage and destruction without a care for subtler spells. Geomancy
concerns the alteration of terrain, allowing for the creation of icy structures or carving of paths
upon snowbound land. Spell Sealing is a school that requires finesse and guts, as it concerns
the countering of spells through icy matrixes at the moment of activation. The Priestly arts are
much more ascetic, allowing one to refine the soul until its cold purity can be enacted as a type
of shielding against physical and magical harm for not only the self but also allies. The
Spiritualist arts are used by mediums, who speak with those who are dead, far away, or sealed
as if they were right before them. Your purchase of this will allow you to specialize in one of
these fields, gaining great power and skill. A Cryomancer could freeze a path over a raging river,
a Geomancer could turn an arid town center into a snowy paradise, and a Spiritualist could
speak with someone kilometers away, to give you an example of what you may get. You may,
of course, continue to train at your chosen art in order to acquire even greater power. 
There is nothing in particular stopping you from learning other schools the hard way, however.
Can be purchased additional times for 200 CP each purchase."
400,Void Trap Hole,Duel Monsters - Duel Terminal I,Mystic Talent,"It is natural for one to fear death. But there are times where something more important than one’s life is at stake, and in those times, even this fear can be overcome. I hope that you’ll never find need for this. Magic often has a cost, whether in magical energy or materials. But the greatest price to pay is life. More so than simple human sacrifice, to give up one’s own life to cast a spell has great meaning... and in that meaning, lies power. You’ve developed a Sealing Technique many would find impossible to even consider. By dying, you are able to cast a spell that can seal any being, or single group of beings, into an object or location of your choice with absolute success. Of course, you do need to die. There is no way around this price. You may enhance other sealing methods you know in this way by sacrificing your life, as well."
400,Augmentation,Duel Monsters - Duel Terminal I,Mystic Talent,"The Jurrac are not stupid. Primitive, perhaps, but not mindless. You are living proof of this. Despite potentially lacking opposable thumbs, you are still capable deftly manipulating the world and constructing technology. In fact, you are a genius at a very specific field of technology. Augmentation. Constructing cybernetics tailored to specific people or races, meant to enhance their natural capabilities, is easy for you. Accelerating and enhancing a Jurrac’s flames through cannons, designing robotic limbs to bring crippled Jurrac back to the field, all such are possible."
400,Doctor,Duel Monsters - Duel Terminal I,Mystic Talent,"Being made of metal tends to make health concerns a bit more important than they are for a fleshy person. That is why you’ve taken up a very specific brand of medical science. Your body naturally contains various graspers, clamps, scalpels, blowtorches, drills, and many other such tools, and you are naturally dexterous enough to use many of these simultaneously. In addition to having general knowledge of how most machines and Genex are constructed in order to properly repair them, you have a natural instinct for understanding how other machines work, allowing you to learn how to fix them on the fly. Study their outsides for a few minutes, figure out how to safely open them. Study their innards, figure out which cables are meant to go where and how to tie them back together without accidentally breaking that seemingly important glass thing in the back. You get the idea? Still, I suppose you could also use this to actually reverse engineer your patients, instead of just fixing them. But that’s likely gonna need a bit more work than that."
400,Neutron,Duel Monsters - Duel Terminal I,Mystic Talent,"Well... I’m really not sure this is how things work, but whatever. Your body holds a very interesting mechanism. By mixing neutrons together inside a nuclear furnace, this tool has made you capable of opening wormholes. With the power generated by the nuclear furnace as a side effect, you could open a few person-sized wormholes linking locations kilometers away. Or one house- sized wormhole at the same distance, or a single person-sized wormhole a dozen kilometers away. You are capable of going past this if you try, but you’ll have to feed more energy into the system, whether gained from your nature as a Genex or something else entirely. Maintaining the wormholes takes minimal power, but you should probably close down any you’re sure you’re not gonna use anymore."
400,Aquamirror Illusion,Duel Monsters - Duel Terminal II,Mystic Talent,"I see... to think you’d be just like that woman. After many sleepless nights and lives lost, you’ve designed a special ritual not even Noellia knows yet. By placing someone in a magic circle, you can separate their soul from their body, allowing you to use both as separate “living” sacrifices for magic. You can think of it as a two lives for the price of one deal, if you’d like the humor. Regardless, your studies have also granted you knowledge of soul manipulating magics in general, letting you enslave spirits and cast the Aquamirror Cycle. Should you be willing to pay the ultimate price and give up your own life, this spell may resurrect a single person, no matter what has happened to them. Even if their body and soul had both been scoured from reality, you would be capable of returning them to life."
400,Vylon Component,Duel Monsters - Duel Terminal II,Mystic Talent,"A Vylon is never alone, always literally sharing their mind with their brethren. Though they are far too optimal to care for the comfort it may bring, such closeness is what some can only dream of, and it is now a dream you can bring into reality. Through a consecrating ritual, you are capable of forming a hivemind much like the Vylon’s by uniting the minds of any two willing beings, including yourself. Any who join such hiveminds are also capable of performing the ritual, allowing for more people to be brought into the fold. A similar ritual may also be used to separate a member from the hivemind, should the need arise."
400,Vylon Genesis,Duel Monsters - Duel Terminal II,Mystic Talent,"The Constellar may fight with supernatural power, but that does not mean neglecting one’s studies. You’ve learned the ancient arts that were originally used to create the Vylons, allowing you to forge, construct, and program divine fighting robots. Creating weak ones like the Vanguards and Ohms is easy and requires relatively little resources, but the truly impressive warriors such as Alpha and Epsilon would require much work on your part. Of course, while you have all the knowledge needed to theoretically create any known Vylon, there’s no reason not to innovate yourself."
400,Forge A Better Future,Duel Monsters - The Abyss,Mystic Talent,"Ultimately, the Tri-Brigade would not be the force they are without their technology. And, within the Tri-Brigade, the foremost expert in technology is Kitt. She is unquestionably a genius, despite her young age. And now, you can call yourself her peer. You can reverse engineer new technologies after only a single encounter with them, decipher and find out how to properly contain and utilize new energy sources during active combat, using the materials on-hand, and within a day of learning they exist, and can do prototyping and development so fast and successfully that it may as well be magic. This, naturally, also comes with an immense amount of mathematical knowledge as well as mysteries of fields like engineering, physics, chemistry, manufacturing, and so on. If there's anything technological to be done, you can do it better and faster than basically anyone else ever could. Well, except for Kitt. You two stand on the same general level, after all."
400,Memories in Icejade,Duel Monsters - The Abyss,Mystic Talent,"A rather curious trait of the Icejade, the material, is that it can channel the memories and souls of others. On one hand, this is how the Swords for the Swordsoul are forged, as had already been established. On the other hand, though, the Icejade Cenote Enion Cradle also obtains and displays memories and current visions of what is occurring from the entire world over. By taking this Perk, you too obtain this ability. Now, passively, you gather random copies of visions of what is occuring in the world and the memories of others. This all gathers in a partitioned off place in your mind that you can view at will, and/or show through any Icejade you possess. These visions and memories cannot be tracked, sabotaged, noticed, or anything else, and you or anyone watching them will suffer no negative consequences from it, even if they would normally contain things like memetics or curses from knowing about something. With that being said, sorting through them to find any given information you desire is likely to be an issue. Additionally, this Perk allows you to manifest Icejade through the hearts of others, exactly like the process done with the Swordsouls. You can use this to awaken Swordsouls in others who have a strong enough soul and/or sense of identity, which can even go as far as granting others powers or forms similar to Albaz’s “Mirrorjade the Iceblade Dragon” form, which is shown below. Of course, that specifically was due to Albaz's own ability of Dragon Alchemy, but even without that, you can still grant others enhanced abilities above the standard if you put in the power and effort to do so. And, as a reminder, what's manifested is based on what's there. If someone doesn't like what they get, then they need to look inward, not at you."
400,Visions of Justice,Duel Monsters - The Heroes,Mystic Talent,"Despite what some people might think, there’s good in the hearts of many more people than Evil Heroes and common criminals could ever imagine. But they have no power. Even the bravest person has trouble fighting back against gunmen, what could they do against someone with literally infernal power coursing through their veins? So, you’ll change the paradigm, and reset this twisted game. If one could create a machine easily the equal of any other Hero, and give them the sense of justice to match... things would change. And change they will, for you’ve uncovered the secrets of steel and circuitry. While your likely status as a vagrant means putting this to good use might be difficult, you have the knowledge needed to not only create robotic warriors of steel able to equal the average Hero in strength and durability, but give them intelligence and the human perspective needed for heroism. Figuring out how to give them more exotic abilities like that of a certain Doom Lord is up to you, however."
400,Neo-Spacian Travel,Duel Monsters - The Heroes,Mystic Talent,"The power of Neo Space suffuses you, and has granted you the ability to function and live in the vacuum of space. Not only that, but you may turn this power into a blue or golden cloak, which allows you to fly at your running speed and crash straight through objects as if you were a bullet. Should you need only speed, then you may turn this colored aura a pure rainbow, and focus all of its power into flight. This rainbow aura simply gently pushes any objects in your path away, but allows you to move at such incredible speeds that you could reach the Exosphere and dwell among the satellites there in a matter of minutes."
400,Vision Fusion,Duel Monsters - The Heroes,Mystic Talent,"When two become one... the greatest power will return to this world. This is a peculiar ability you’ve developed. You are able to fuse two other beings, though what you may target is special. You can fuse dead people, either by targetting their actual spirit (which would require a way to contact the dead) or by targetting their corpse and hoping they’ll answer the call instead of simply staying in whichever afterlife they’ve earned, both of which require their consent to actually complete the union. You may also target machines, which will only require their consent if they are actually intelligent enough to be their own person. You may also mix and match your selection, combining machines with ghosts. Unlike most fusion methods, this grants shared control of the new body to whoever is fused instead of creating a new intelligence. While this fusion will only end once the people in control decide to do so, there is no guarantee the afterlives of the worlds you might travel to won’t take exception to this."
400,Sink Into Sorrow,Brütal Legend,Mystic Talent,"The waters of this world have long been contaminated by Aetulia's tears. With tears of your own, you can spread the sadness, contaminating any water you weep into with your curse. The sickness will spread to any who touch these blackened tears, granting them power at the price of their happiness, and turns them to your side. The nature of the tainted water is apparent to all who see it, and none will drink of it without first submitting to your will. Its revolting nature will cause even a dying man’s thirst to spurn it, but its power will easily tempt the foolhardy."
400,Demon-Blood Fortification,Kimetsu no Yaiba,Mystic Talent,"A Demon of sufficient power has a degree of control over their
environment - at least, in their domains. You can channel your Blood Arts into your hideouts or other
locations you control or own; the effects of these Arts on the environment don't have to be directly
correlated, but they must share the same elemental affinity, ie a fire-related Art would allow you to control
fire and possibly cause small eruptions, while a wind Art would ensure that the wind is always at your beck
and call. Post-Jump, you will no longer be limited to just Blood Art-related abilities and can channel any
supernatural powers you have into your various domains, whatever those happen to be."
400,Dwarven Smithing,Jotun,Mystic Talent,"Your crafting skill reaches far beyond anything mortal men could hope to accomplish. The tools you craft are of higher quality, the iron you forge harder than iron could ever be, the blades you make sharper than they ought to be. All that you create is more potent than it has any right to be, reflecting the superlative craftsmanship that goes into their making. Despite the name of this perk, it applies to any sort of craftsmanship, so long it is something that you make with your hands (or at least, with tools you hold in your hands)."
400,Stealth Operation,Sundered,Mystic Talent,"One of the Valkyrie was somehow able to slip through the opponents army to attack them where it would hurt the most, in a giant mech. You are capable of navigating populated environments without notable detection, even if you are in an incredibly conspicuous vehicle that sticks out like a sore thumb."
400,Ritualist,Sundered,Mystic Talent,"You have extensive knowledge of the rituals and practices of the Eschaton. At minimum this allows you to commune with extra-dimensional beings. Given practice, and power you could even open the gate and allow them into the world you are in. In gratitude for opening the door for them, most such beings will allow you to command them, provided you keep maintaining the ritual allowing them to be there."
400,To Call Forth,Sword & Sorcery,Mystic Talent,"There are foul monsters and beasts in this world that leave mortal man plagued with terror for
generations at their merest whisper. It is only fitting such fear should be yours to command. You
know rituals and workings to either summon or create the most horrid and fiendish of creatures.
From writhing tendril covered beings that scream madness into the minds of men to engines of
muscle and sinew that scythe through steel with their jaws, to stranger still. With care and practice
the monsters you might command could be fearsome indeed. Beware that you do not call up that
which you cannot put down. Such mistakes are only made once."
400,Honor Our Agreement,Elric Saga,Mystic Talent,"Could you be the heir to some ancient bloodline of great sorcerers?
Even if that isn’t the case, your ancestors certainly got around in the landscape of the otherworldly
realms, leaving you with a myriad of old pacts with all manner of powerful beings to call from
beyond dimensional space. You of course know how to make use of these as well, owing to your
skill as an experienced summoner. Which specific beings you can summon for aid is up to you, but
a general rule is that the more powerful of a creature you have a pact with the less you can use it,
and the less pacts you will have in general. A group of lesser air elementals can easily be just one
of many groups of elementals you can summon frequently to navigate your ship and fend off your
enemies, but a lord among them or a towering soul-sucking demon would result in only having a
handful of such pacts and being able to use them about once every few months. Calling upon the
king of an element or a minor lord of Law to perform a task for you means you would only have the
ability to do so once every decade, perhaps twice if they are especially fond of you. In other jumps,
you can choose to maintain your current pacts or make new ones with local magical beings."
400,Rematch,Worldless,Mystic Talent,"A strange but convenient abstraction of reality. When you challenge an opponent to a fight within their own territory, but fail to defeat them, they will leave behind a kind of marker in the ground that only you can see. By interacting with this marker, they will be summoned for a rematch, even if they have no reason to accept such a challenge. They will immediately be restored to peak condition, and you can rematch them as many times as you please until one of you finally dies."
400,Miracle,Worldless,Mystic Talent,"THOSE FROM ABOVE found a loophole to allow for the creation of miracles beyond their own means. Now, you can replicate their methods. By creating a seemingly meaningless conflict, it will act as a crucible that can potentially birth a miracle that resolves a desire or problem that is beyond your own ability to create. The level of conflict and the time required scales with the scale of the miracle you desire. If they aren’t proportional, you’ve just spread war and suffering for absolutely no reason."
400,Dollmaker,Legacy of Kain,Mystic Talent,"Do not let the name fool you, this is a rather unique and potent pair of abilities. The first includes the ability to steal the souls of others via a relatively simple technique. All you need is to craft an effigy of your target, affix it with something that has personal importance or close connection to them (like a lock of hair) and then perform a reasonably short incantantion to suck the soul of your target into said effigy to do with as you please afterwards, leaving their body a live but soulless doll. Bear in mind that those of truly extraordinary power or otherworldly nature might resist your pull, but for most this is a guaranteed outcome.

The second ability is complementary to this, as you can animate and control both inanimate objects and soulless beings like puppets on your strings. And yes, this includes the bodies of those whose soul you yourself stole via this perk. Having a grasp on sorcery helps immensely in this regard, as you will find your talent growing to help control larger and more numerous dolls than you would normally. A word of warning however – not all those without a soul will be easy pickings. It is considerably easier to control those without a will of their own, as the more powerful such beings are the more difficult they will be to control and the more attention and effort will be required to keep them subjugated."
400,Sanctify,Darkest Dungeon,Mystic Talent,"""Gilded icons and dogmatic rituals... for some, a tonic against the bloodshed.”
The healing power of miracles and the wielding of holy radiance to smite your enemies is but one verse in the book of the Light. Just as effective are the variety of blessings one attuned to its powers can bestow, as well as the warding rituals used to sanctify churches- which may also be used to ward an area for rest should you decide to take a break while exploring, preventing the forces of darkness from intruding on your temporary sanctum for a time. One can even heal the deepest of mortal wounds which would otherwise require more in-depth healing on the operating table. These powers are yours, though they’re best utilized when at rest due to the time they take. Also; you have the ability to bless water, allowing it to cleanse profane artifacts and ward against dark magic and other crippling forces in combat."
400,Dark Dreams,Darkest Dungeon,Mystic Talent,"“Great adversity has a beauty- it is the fire that tempers.”
It is no surprise that even the realm of sleep is not a comfort in this place. Some are more tormented than others, and while a feathery pillow or a prayer of penance is enough to leave others snug in bed some nightmares were meant to be slain, not appeased. When sleeping, you may choose to transport yourself and up to three others into your mind to confront the troubles facing you, in the form of twisted, nightmarish creatures. The injuries you face here are real enough- though “dying” will merely leave you nearly dead in reality- and the burden on your own mind at playing host to such fiends will be great. But should your party defeat the apparitions you will all reap great rewards, feeling a renewed sense of purpose that lessens the burden of fighting the real monsters while also strengthening the body for a time. And littered around the bedding or fading campfire will be arcane treasures reminiscent of the nightmares you slew, lost artifacts returned to you with new and strange powers, and other suitable gifts of arms and armor that can be made of use to you or your comrades."
400,Hands of Koss,Kill 6 Billion Demons,Mystic Talent,"You have breached the limitations of science. Inherently, science operates within the realm of the
physical laws, but you go a layer higher. You can combine the Art with the scientific, allowing you to
delve in the field of ontology. Manipulating the metaphysics, creating new laws, conceptual crafting,
and inventing new form of matter or elements is now within your wheelhouse."
400,Foresight of the Ring!,Hajime no Ippo,Mystic Talent,"You now possess a unique intuitive ability, sometimes seen as magical, specifically attuned to the domain of fighting and boxing matches. Your intuition, combined with a touch of card divination, grants you the power to predict the outcome of battles and boxing matches with surprising accuracy. However, this ability has its limits and works only in situations involving combat and sports contests, and not much else."
400,Another Kind Of Logic,Triune Scriptures,Mystic Talent,"Magic. A fundamental aspect of your chosen cultivation style, and the manner through which you
express your will upon the world. Fundamentally, it is the act of giving form to your mind, of bringing
your dreams into reality, of wielding your own nightmares in battle. To that end, understanding yourself
means that you understand your spells that much better - and by that same metric, understanding
others means that you can follow the dreamlike logic and flow that their own techniques would run on.
Observing people and learning their hopes, their dreams, their fears, all the little details that define the
way they live their life - to you, this is the same thing as learning how they fight. And by extension, how
to turn their dreams into your own spells. This obviously works best at the sedate pace that most Mind
cultivations follows, but even attempting to follow the mad logic of another dreamer as they give form to
their own mind is something you can do - and once you have done that, it becomes possible to use
those things for yourself. Similar feats are possible for other cultivation styles, your ability to
understand is barely stymied by the fact you cannot use such techniques yourself - but, well, using
them for yourself becomes difficult. Not impossible though. You will simply need to dream bigger."
400,A Hand Of Mythril,Triune Scriptures,Mystic Talent,"The Mythril Hand is quite possibly the only solid and stable world in Existence. It is not subject to the
whims of the Golden Goddesses or the ebb and flow of real and not real, in no small part due to the
sheer technological cunning of its citizens. They have quite literally built a bridge into space, and
landed upon another world. And another, and another. A shining silver civilization, forged of entire
worlds. Whether you are a child of the Mythril Hand, or simply someone who sought to learn their
ways, part of their knowledge has been made available to you. For 100 cp you do not yet possess any
knowledge of construction or crafting - instead, you know how to defend your mechanisms from the
void by imbuing it with metaphysical weight or tricking the void into thinking that the machine is part of
you and thus using your own to defend it. For 200 cp, you possess what at base appears to be a trade
skill - blacksmithing, carpentry, pottery - that has been elevated to absurd heights. You may never
forge a blade to match the Master Sword, but without question it will be a thing of legend in its own
right. For 400 cp, you are a scientist without peer - your machines may interact with Karma itself or run
on the golden energy that pervades the universe. You may build a ship that sails in the space between
worlds, or harness Nothingness to force something into Existence."
400,Imitation,Good Hunting,Mystic Talent,"The greatest flattery they say, well prepare yourself to flatter wide and far! Your talent for
imitating things, objects and creatures alike, is absolutely incredible. You possess an eye for
details and a steady hand that could surely make you a great sculptor or a painter without
compare but with technology?! Mirroring even supernatural creatures’ inherent abilities might
be possible with enough skill and talent with machinery (and research), and creating
mechanical equivalents to organs out of clockwork that can allow someone to live on when
everything except for their head is metal is also possible"
400,I Am Legion,Kajiri Kamui Kagura,Mystic Talent,"The ultimate power of a Legion, led by you. Now you can share your power or make all of your
Legion equal to one another not just for close comrades, but for any enemy you defeat. They
will be brought under your control and you can siphon their power for yours, then spreading it to
the rest of your legion. Watch as for every victory your grand Legion expands. You have
absolute control over any member of your Legion if you so choose deciding for any individual if
you want to toggle their free will at any time."
400,Third Eye,Kajiri Kamui Kagura,Mystic Talent,"Like a certain Yakou Madara, you possess an extremely powerful third eye. It may manifest as
you choose and where you choose as either a physical or metaphysical eye. It allows you a
limited version of foresight, able to look into many possible futures though strains you greatly.
You can train to reduce the strain and increase the foresight. It also allows you to see people’s
souls as well as into higher dimensions. You can see entities that are in realities adjacent to
yours and in planes like the Ethereal and Astral of other Jumps. When looking at people’s souls
you can see what sins they have committed and what kind of person they are. The eye also
magnifies any magical abilities you have, allowing you to cast spells that might take hundreds of
wizards chanting for dozens of days to do in mere seconds and with four words."
400,Delusion of Power,Tunic,Mystic Talent,"At some point in the future of a Ruin Seeker, they will have gained a great amount of personal power. For this power, future generations will venerate them to receive a blessing from the past Ruin Seeker. In exchange for mementos you desire, you are able to share a false delusion of your power with someone. This power functions as well as one would expect, but it is inherently fake. Should events transpire that the recipient should be stripped of the form that the power was granted, it will be made clear that it was never theirs to begin with as it disappears. Granting this power does not diminish your own, after all it is merely allowing them to play the part not raising them to your level."
400,Guidance,Tunic,Mystic Talent,"Beyond the Canonical Plane, beyond the Far Shore, lies the place you reside. Such
perspective has granted you the ability to see far more than what those within could
possibly see. By changing perspective, you could view as yet unrealized times. For
example, a time wherein a Ruin Seeker is trapped in an endless loop and by observing
it garner information there that could affect another timeline. With these perspectives
you could see patterns that stretch beyond the Canonical Plane. Maybe even the secret
writings of another otherworldly being with a similar change in perspective.
While it is possible for a Ruin Seeker to claim their expected destiny without this
guidance, it is only with the aid of one such as yourself that they could follow a new path.
When you are less otherworldly, you could meditate to view these other timelines and
secrets. Doing it this way is significantly less efficient time wise."
400,Reality Exploiter,Tunic,Mystic Talent,"On occasion, there are small interactions that make you question how stable the world
around you is. An oddly placed grapple could phase an enemy through a door for
example. While many Owners would call these ‘glitches,’ that understates how these
interactions may have been intended in the first place by the creators themselves.
You have a knack for discovering and utilizing small quirks in reality to create
seemingly unexpected outcomes. Be aware, it is possible to harm yourself with these
exploits if you are too careless."
400,Magical Mix and Match,Tunic,Mystic Talent,"The magical effects of this world are surprisingly compatible with each other. So
much so that it is possible to mix the effects of a fireball with an ice blast to create a
freezing projectile with timing being the only complication.
The underlying mechanisms behind this are now known to you. This knowledge
enables you to do this in the future, even with magics from other places. This works
provided the stipulation that you can manage the activation timing.
There is a second option other than having their effects mixed into something similar
but different to their components. They can also be compounded. A spell that creates a
beam can be imbued with lightning magic, allowing the lightning to reach further and
the beam to possess the power of lightning. Given some forethought it is possible to
compound spells into something greater than the sum of their parts. To cast these
compounded spells one must simply prepare to cast both spells together. After
compounding they cannot be separated, only be cast together.
While spells that are the result of recombination only cost the amount of power of the
spell that more was taken from cost, compounded spells have the cost of both components."
400,Magnificent Magic,Volgarr the Viking,Mystic Talent,"With this perk you get started on the path of sorcery! At the beginning you have knowledge
of a moderately powerful offensive spell, like throwing a fireball or spectral bolt at enemies.
With further study and meditation on the nature of magic, your place in the world and how to
best use these things to create powerful explosions, you can gain abilities like summoning
minions, raising the dead, controlling the elements, transforming the environment (creating
spikes and such), grant people great power or knowledge, and more."
500,Sword Engineer,Samurai 7,Mystic Talent,"You are a mechanical genius. Easily the match of Heihachi - of the giant tree launching, battleship destroying ballista - or Masamune - who maintained and may have built Kikuchiyo’s impressive mechanical body. Besides possessing a great aptitude for mechanical engineering, repair, and maintenance, you are intimately familiar with the technology of this world from the miniature mechs used by the lowest nobuseri foot soldiers, to the technology used to place their leaders into mechanical giant mech sized bodies, building flying battleship palaces, swords that can cut through all of the above in the hands of a skilled user, and even the secret means of making the shikimoribito’s energy cells."
600,Progenitor of Cultivation,A Will Eternal,Mystic Talent,"Like Bai Xiaochun would one day be, you are a progenitor of cultivation. When you go to
worlds or universes without cultivation, you can spread it to there with ease. Simple
instructions and guidance can see people learning the arts by the thousands, who can then
pass on the teachings themselves. As the originator of these techniques, you are also able
to influence the cultivation system to a degree. Maybe, like Bai Xiaochun, you wish to limit
how easily people can advance between levels and wish to introduce Heavenly Tribulations?
Users of your cultivation system will be able to tell instinctively that you are the originator of
these techniques. They may even start to worship you for it."
600,Waterswamp Kingdom,A Will Eternal,Mystic Talent,"You have a unique connection to a powerful beast from the technique of the Waterswamp
Kingdom. By studying various creatures one would usually connect to their own summoned
creature. The number of creatures studied and their own cultivation would determine the
creature summoned, which would remain unchanging afterwards. As said though, yours is a
more unique monster. It is malleable. As you continue to study more animals, and meet
more exotic creatures, your summoned beast will mutate to match. A note of caution though,
is that if your summoned beast is too large, you may not be able to summon it fully, only
letting small parts of it through until your Kingdom can grow in size to accommodate it, as
you increase in cultivation."
600,Sentient Limbs,A Will Eternal,Mystic Talent,"By cutting off one of your arms, you are able to make a sentient clone that will follow your
will. Though to call it a clone is not quite right, since it is simply a sawn off part of your soul.
Its own power will be proportional to its weight relative to your body. At any point, the clone
has the ability to re-join with your body seamlessly. Unlike the Ghostmother however, this
clone does not have any thoughts of suppressing your soul or trying to take over. It is simply
another part of you. As it is part of your soul, should the main body die, this clones body can
take the place of the original, your soul slowly regrowing to replace what was lost. While
using this clone though, as it is not just the limb but the soul of the limb too, your limb will not regrow."
600,Philosopher Scienist,Grant Morrison's 18 Days,Mystic Talent,"In the Silver Age, the Great Sage Vishwamitra decreed that Trishanku (born Satyavrata of the
Solar Dynasty), the King of Ayodhya, was to be let into heaven with his mortal body. When
denied this by the gods, Vishwamitra crafted a new heaven for Trishanku to rule over as the new
Indra. Only the beseechments by the gods prevented this from becoming reality.
You are not quite the equal of Vishwamitra, for he was a giant among men even in the Days of
Silver. But you are among the closest that exist in this base era. Yours is the mastery of all the
sciences and arts of the world, from the biological expertise to the chemical and the magical,
needed to craft all the wonders and miracles that exist in this time and place.
With this blessing your intelligence, speed of thought, and aptitude towards any and all fields of
science and magic both are heightened to tremendous, absurd degrees. Your memory is limitless
and unalterable, and your ability to recall it instant and flawless. You can think and do any
number of things at once, possessing truly unlimited multitasking.

Combined with Yajnatek, you will be able to summon and bind gods, lay down bindings of fate in
the forms of boons and curses, craft great works of magic that make and break empires, and
more. At the same time, your scientific aptitude would let you craft gadgets and wonders like
the Vimanas, Godly weapons and armor any deity or Super warrior would be proud to wield, or
even wonders like the Rishi Computer Markandeya, or even works like the Maya Mahal, the
palace of wonders from where Yudish once ruled.

You can also combine any and all of your gifts, crafting together technology, psionics and magic
into works that can do anything either can, as well as machines to cast magic, and others that
combine the best of both worlds to achieve even greater results."
600,Words Of Power,Grant Morrison's 18 Days,Mystic Talent,"There are many paths to power, and more paths than most for a sage. You know things beyond the ken of most men now, Jumper. A being steeped in the ancient mysteries, you were there when the Thousand Names of Vishnu were spoken, and they are in your memory even now, seared into place like few things can be.

The names of a God are Names of power, secret mysteries that grant you unbelievable insight into the ways and workings of the world. In this world, simply by calling upon these names you can step ever closer to Moksha, the enlightenment that lies beyond the end of all things, and free yourself from Samsara, the primal suffering that all life is prone to. Well, this is not just the names of one God. This is the Names of All The Gods that ever were and ever will be. Their true secret and most wonderful, awful, terrible names.

In a more practical sense, your mind and soul are fortified both from and by this knowledge, this conceptual understanding of all that could be, making it so that it’s all but impossible to even rattle you, let alone compromise your mind or drive you insane. Besides that, such Name are powerful spells in their own right, allowing you to call upon powers related to them. Could you manifest the power to breath underwater by calling upon the Matsya avatar of Vishnu, or manifest claws from the Narsimha? Possibly. You’re the only one who knows. You’re the one with the Names, after all.

Of course, these are Names, words, and as such they can be shared with others, though any who did not purchase this might spend an entire lifetime in meditation to come to an understanding of the power of just one Name. And they’re not guaranteed to be unharmed by the learning. You are.

In other worlds too, you receive secret, hidden knowledge wherever it is to be had, especially if it pertains to divinity or other beings like them. You know the secret names of gods, demons and spirits, how to call upon them and the right ways to talk to them. You know the terrible mysteries lost to time, secret, heretical knowledge buried and lost for fear of its power, and you know the secret cures for terrible diseases.

You know a lot, Jumper. Don’t let it go to your head."
600,Alchemist Grandmaster,Tales Of Demons and Gods,Mystic Talent,"You receive all the alchemical knowledge up to the Legend Rank. When you reach a rank higher than Legend you receive knowledge of Alchemy up to that level. Works exactly like the Grandmaster Inscriptionist perk, but using Alchemy instead of Inscriptions."
600,Genius Seen Once In A Bazillion Years,Tales Of Demons and Gods,Mystic Talent,"You are super talented in cultivation. With a glance you will be able to understand the intricacies of the universe. Cultivation techniques can be instantly understood, regardless of how complex and profound they are. On top of this you can also teach others how to cultivate properly, making it possible to even teach those without any Soul Realm - they will find that a Soul Realm is budding inside of them. The TRUTH of cultivation unravels before you, a genius never once seen. This perk will also cover any other cultivation systems."
600,Permitted Witness,Baki The Grappler,Mystic Talent,"The world of battle is often one of ethical and legal conflicts, but so long as all parties are aware of
the risks involved, events you arrange are all but immune to such repercussions. You can rake in
entire crowds without authorities catching wind. Even if you arrange for murderers to fight to the
death in public, not a single cop will think to interrupt ongoing fights. You can go as far as drafting
endangered species or national treasures. So long as your actions don’t reach beyond those of a
bystander, neither you nor your audience are at risk of becoming collateral to events you arrange."
600,Wether Dead or Alive,Baki: Son Of Ogre,Mystic Talent,"You are in-tune with the world of spirits. You can channel spirits to speak through you.
This applies to the deceased, but also the living, who will fall unconscious while you
channel them. With the proper vessel, you can even bring these souls back into the land
of the living with a deep kiss and send them back home the same way."
600,The Dark Science,Baki: Son Of Ogre,Mystic Talent,"Cloning, the ultimate taboo of science. You’ve mastered this art through experimentation.
Whether just body parts or entire bodies of specific individuals, you can recreate living
beings from scratch. However, when attempting to clone sapient beings, they will lack
that spark of life, and will be unresponsive until the right stimulus presents itself."
600,100% Accuracy,Baki: Son Of Ogre,Mystic Talent,"A power subconsciously developed by the strongest. By looking at someone, you gain a
full understanding of their physical health and weaknesses with 100% accuracy. Any
habits, injuries, disabilities, even dormant diseases. Anything that a doctor could find out
with the best tools and tests money can buy, you can find out with just a glance."
600,"Detail-oriented, Meticulous and Fine-hearted",Fog Hill of Five Elements,Mystic Talent,"More than skilled fighters, the five envoys bear numerous responsibilities that extend beyond combat. They must coordinate to ensure the constant surveillance and organisation of warriors in their fight against demons, adding a layer of complexity to their duty.

This is where you come in, Jumper. As the current ambassador of the metal element, Xuan Yuan Shen Jun, you are a leader trained to guide those within the family of the five elements. Your role demands meticulous attention to detail and unwavering oversight of everything happening around you. Nothing should escape your notice—precision and strategy are your greatest strengths, and they must be utilised to their fullest potential.

Moreover, any skill or knowledge you possess can enhance your leadership. If you have mastered the art of surveillance, you could establish a watch system in the mountains, ensuring that every movement within the territory is known. If you are skilled in combat, you could use your expertise to organise and train an effective army. The more information and preparation you have, the stronger your strategy will be. With your meticulous approach and analytical mind, you can forge a force more powerful than ever thought possible."
600,Blood of Heroes,Saint Seiya: The Original Series,Mystic Talent,"The ancient art of forging armor that utilizes the
light of Cosmo is not as lost an art as many believe - for you have unlocked its secrets. You
know how to forge the Bronze Cloths of Athena in ‘black’ replicas that have the same basic
abilities, with none of the drawbacks or restrictions the Goddess places on her own - the subject
need only have basic sensitivity to Cosmo to use them properly. Given years upon years of
effort, you may recreate equivalents to Silver and even Gold Cloths, the armors of the other
Gods, or make entirely new armor of your own."
600,Rise Again,Saint Seiya: The Original Series,Mystic Talent,"There are many heroes on both sides of any conflict,
but death comes for all in time. Still, it’s a shame that such great talents and power cannot be
utilized again...but the God of Death disagrees. Should you have some way to communicate
with or meet the deceased, you may offer a contract of servitude to you or to perform a certain
task for you. If, and only if, they willingly agree to this without supernatural means of persuasion,
you may restore them to life as a new Specter in the prime of their original life, with their abilities
and form brought to match this prime. They will work tirelessly to perform the tasks given to
them - though note this may not necessarily make them completely loyal to you, so mind the
disposition of the revenants you resurrect. They receive a Surplice and a fraction of your own
Cosmo in addition to their previous abilities, but once their task is complete or the contract is
fulfilled, they will return to death once more."
600,Fall Into Hell,Saint Seiya: The Original Series,Mystic Talent,"All of this being said, death is the final destination -
the only ones who are exempted are the chosen warriors of Hades himself. All others must fall
in line and submit to their fate. The God of Death has shown you personal favor and allows you
to be the Judge of these Dead...when you bring an enemy or adversary to death’s door, you
may kindly help them along the way. Should you choose it, this dying foe will be banished to a
single afterlife of your choosing in a world you have visited before - whether the Underworld or
some other distant realm. If you wish to deny them the pleasure of continued existence, you
may instead wipe their mind, body, and soul from existence completely, leaving nothingness in
their place. Regardless of what you choose, once you have Judged them so, they will never
again escape or return to life - nor may you follow them to their destination, should this be an
afterlife beyond the world you reside in. Pass your sentence carefully."
600,Lion's Eyes,Saint Seiya: Lost Canvas,Mystic Talent,"Observe, understand, apply. That is how humans learn and how they survived so long. You however take the first two to the limit, able to perceive and understand even the strangest phenomenon for what it really is. This gift however truly shines in combat, able to fully understand your opponent’s techniques with but a glance, to better use that knowledge to your advantage.

Capston Boosted: Lion's Roar: Well, it seems you got the “apply” part covered too. Not only can you absorb all its understanding like a sponge, but anything you witness or understand, you can instantly use yourself or improve too so long as you aren’t inherently incapable of it, and even then can get it to work to a degree. The only genius equal to you when it comes to combat now is young Leo Regulus, the one who used a 3-Saint technique alone better than the original, or combined every move of the 12 Gold Saints’ signature moves in one… at the age of 14."
600,Every Day Miracles,Saint Seiya: Episode G,Mystic Talent,"All Saints have the potential to accomplish the impossible, Gold Saints most of all. But where the
miracles achieved by your peers are things to be marvelled at, you find it even easier to do. Not only
are you capable of achieving things normally considered impossible to happen, you also find it
significantly easier to do those things. When you are taking advantage of your Saintly nature to
achieve things that should be impossible, you’ll find those tasks are much easier for you than for
anyone else, even if that person also had the ability to do impossible things. These tasks will likely
still be extremely difficult but far easier for you to accomplish."
600,Crash the Gates,Saint Seiya: Episode G,Mystic Talent,"Never again will you allow yourself or your family to be sealed, not after what you have only just
gotten yourself released from. Whenever you come into physical contact with a seal or an object or
being that has been sealed in some way, even partially, you are able to undo that seal in an instant.
There is no cost from you to do this, just a simple exertion of will and the seal before you will crack
and shatter before fading away harmlessly. Even those seals wrought by Zeus himself would not hold
up against you, though you are not protected from any defences the seal might have or what might be behind that seal."
600,Ghostly Figures,Demon Slayer,Mystic Talent,"You have a unique ability, you can see those that have already passed on, you can see ghosts. However, these ghosts are not the normal kind, these are ones that can be solid to the point of beating the shit out of you, but don’t worry, they won’t kill you. This brings with it a number of advantages, mainly being that they can give you information, advice, and most importantly, help train you. They can spar with you, allowing you to train and even learn their techniques and skills, that is, if you can convince them to do so. Should you ever find yourself in despair or out of control, the souls of past friends can lend you a hand to overcome such trials after all the living should not feel dead. Post-jump you can see all supernatural creatures, but you will have an affinity for the afterlife to the point that the dead/undead will have a positive opinion of you from the start, and ghosts may as well already be your friends.

Blessed by the Sun God: It seems that your connection to the dead is greater than previously stated, by quite a bit to be honest. You see, you can now summon the ghosts and undead around you as physical beings to fight your enemies, and they can actually kill this time, but there are limits. They can only fight for the summoned battle and said ghosts would have to be roaming around where you are to summon them, so I hope no one faces you on an old battlefield. This also allows ghosts to possess you, should you wish, allowing them to take over your body if you fall unconscious or are sleeping in order to defend you, and you can instantly retake your body whenever you want. Not to mention that gods of death will always have a good opinion of you, being one of their favorite mortals. Finally, having such a greater connection to the dead has given you a second chance. Should you die at any point, you will be revived in a safe location, this 1-up will restore itself every new jump or every 10 years, whichever comes first."
600,Hypnotic Voice,Samurai Jack,Mystic Talent,"Your voice is able to dominate the weak willed and control people’s minds.
You can use your enchanted songs to implant subtle hypnotic commands, force people into your servitude, or even suppress someone’s memories. The effects of your songs will wear off shortly after your victim stops hearing them, and individuals who either have strong wills or simply hate music will not be affected."
600,Shapeshifting,Samurai Jack,Mystic Talent,"You possess the ability to transform into a myriad of different shapes and sized.
You can assume the form of a dark amorphous mass and change into any creature or humanoid you can imagine. While in your amorphous form you can quickly change your size and shape, alter your limbs or grow new ones, and make other alterations to your body. If you transform into an existing animal or individual you will not receive any of the supernatural powers or abilities of what you change into. Your alternate forms are clearly distinguishable from their counterparts, you’ll retain a noticeable color scheme across all your forms and you will be unable to emulate exact details unless you spend a significant amount of time designing a new form in your mind. Your smallest forms can shrink down to about the size of a mouse, but at your greatest size you can stretch wide enough to cover an entire graveyard or grow as tall as a several story tall tower."
600,Summoning,Samurai Jack,Mystic Talent,"Once per day you can summon a single creature or individual – whom you’ve personally killed – that will remain active and bound to your will until they’re defeated. You can only have one summon active at a time, but you may keep an unlimited collection of creatures and individuals to summon. If you decide to banish your current summon you may resummon it or switch it out with a different summon so long as none of your summons have been defeated in the past 24 hours. (Ex. If you summon one warrior then switch it out but have that new warrior defeated you must wait another 24 hours before you can reuse this power.) With time and continued use you can slowly lower the time it takes to reuse this power. With enough effort you can make it so that you only have to wait a few moments before you’re able to summon something again and with continued practice you’ll be able to increase limit of active summons up to the point where you can create an entire army."
600,[八柱] Eight Pillars,Nine Sols,Mystic Talent,"Grand problems require grand solutions - and not only to draw
from one discipline or area. You could lead or inspire such massive projects as New Kunlun
or the Haotian Sphere, or create world-changing movements like the Fangshi Guild, thanks
to a combination of tremendous administrative skill, a strange affinity for attracting or
finding just the right people, and a knack for noticing synergies between existing
technologies that others might miss. In the spirit of this, you’ve come to understand the
greatest achievement of Solarian technology: the Warp Drive. It would be a colossal
undertaking and megaproject, but it’d allow you to generate wormholes for FTL travel if
successful. With the right support, you could propel your world into a new era—for better, and worse.

""Science is simply a tool. Whether it's good or evil rests with the user and how they use it."""
600,[易經] I-Ching,Nine Sols,Mystic Talent,"The Tao that can be spoken is not the eternal Tao. Yet, one can still
achieve some limited comprehension. Through ancient mystic techniques, you have learned
how to read prophecies from the Tao, making use of various divinatory techniques to
glimpse truths of the future, the present or the past. You cannot always gain information
about a specific event or point, but when you can you will always be able to tell such
divinations for truth, though they may be less than entirely clear or specific. Furthermore,
by harmonising with and harnessing the limitless energies of the Tao, you can exhibit
miraculous telekinetic powers, whether moving yourself through the air, or manipulating
weapons at a distance, or perform subtler feats, such as calming the ripples of a pool with a
precise touch at just the right point, or balancing upon the thinnest branch.

""Life and death are one. When the end comes, we won't disappear. We'll just return to heaven and earth."""
600,High Tech,Okami,Mystic Talent,"The Celestials were a people of magic; the Moon Tribe, a people of science. You have the knowledge and understanding to operate and craft Moon Tribe technology ranging in size and power from the Water Tablet to the Ark of Yamato. Don't expect to build Yami's power suit."
600,A Mind for a New Age,Swords,Mystic Talent,"You are a trailblazing inventor capable of pioneering entirely new technologies and runes with extreme complexity. This revolutionary intelligence allows you to think up
Runic programs like holographic smart ai’s, microengraving technology that helps you make mass producible smartswords with thousands of micro engraved runes, hoverswords allowing you to soar across the cityscape, and your runes are considered to be cutting edge in their abilities"
600,Sworcerer,Swords,Mystic Talent,"you are a master of magic and enchantment capable of manipulating the arcane energies with extreme ease. This mastery allows you to enchant items to phenomenal depths, like making a sword of greater vacation enchanted with the ability to manipulate the environment to make even a hazardous environment seem like a pleasant beach, a knife capable of cutting open to a pocket dimension, and setting up great magical workings as wide as kingdoms"
600,Forger of Wonders,Swords,Mystic Talent,"You are a master blacksmith capable of deftly manipulating the conceptual attributes that make up existence. This allows you to manipulate, gather, and fortify attributes to forge wonders that defy logic. Such as being able to make glass with the durability of orichalcum through working on it for months on end, gathering timepieces from around the world to make a dagger capable of slicing the fabric of time itself, and if you were a dwarven farmer. You could grow a pepper in the fiery depths of a volcano, making a single seed from it result in a pain so indescribable. That many would consider it to be too dangerous for consumption"
600,Renaissance Tryhard,Swords,Mystic Talent,"You are a wunderkind of trying too hard, allowing you to take the virtues of a concept and extolling the reality that it needs a symphony to accompany it to battle. That even a sword which can only tell your gender with red or blue flames, wielded by yourself can set a town on fire in the entire visible spectrum of color or Exploiting having more than one magical sword pommels to make an unholy amalgamation of twenty different should-be incompatible magical effects"
600,The Spark of Universal Beginning,Swords,Mystic Talent,"Ever since birth, you have been gifted with endless potential in any act of creation.
Especially creation involving Swords in any manner either the tools of creation or the tool to be created. With a great teacher, you will be able to quickly fast forward your crafting proficiency to the point of surpassing your master in skill in just a few months. This aptitude for creation gets multiplied by the amount of effort placed into it and can unlock the ability to fuse creations together to the best of their worlds. Even Godswords can become combined by a demigod, if they are willing to lose their life"
600,"Jack of All Trades, Master of None",Scissor Seven,Mystic Talent,"You have the inherent trait of being able to learn all supernatural techniques... to an average level. This includes superpowers and science, if you were taught then you’d be able to attain mastery of the taught technique to your limit in about a month, which is about as strong as someone who trained that technique for 2 years. However after that it becomes practically impossible to advance it, the technique stagnates, and if you try to learn new tricks for these techniques you tend to forget old ones you barely used, as such it’s possible to specialize with it, but not possible to become all-rounder with that technique. This doesn’t apply to normal techniques, but learning from a teacher or from observing fellow students becomes all but impossible after that first month. It’s possible to learn techniques and abilities purely through observation, but mastering these to an adequate level takes much longer than being taught."
600,Sage,Sword of the Stranger,Mystic Talent,"Many disbelieve in the supernatural powers claimed by Daoist priests - and perhaps in
most cases they’re right to do so. Whether or not that is the case, you’re the exception.
You have the knowledge of a Daoist sorcerer, able to divine the weather and other large-
scale phenomena in broad terms ahead of time via astrology and other methods of
divination. Furthermore, with specific herbs, minerals, and perhaps more esoteric
ingredients like the blood of a chosen sacrifice, you can prepare pills, potions and
unguents with seemingly-supernatural properties, and you have a great deal of expertise in Daoist philosophy."
600,Building Blueprints,Kenshi,Mystic Talent,"You gain the ability to visualize mental blueprints for every type of building in
Kenshi. These mental blueprints can be placed in the real world, allowing you to plan and build with ease.
These blueprints also come with the skill and ability to do the actual building. You’ll find that building using a
blueprint is much quicker than without, as pieces of construction material seem to glide into their proper
location with barely any effort.
After this jump, you may integrate building designs of your own design into your blueprints."
600,Sneak,Kenshi,Mystic Talent,"You’re now preternaturally stealthy. When you’re in the shade, darkness seems to cling to
you, allowing you to be much stealthier. Your footsteps are completely silent when you wish it, and you have a
sense for where people are looking and how to break their sight lines. At night, you’re stealthy enough to sneak in and out of cities, right under the guards’ noses."
600,Resilience,Kenshi,Mystic Talent,"You’re much harder to kill than a normal person. When you’re shot with a crossbow bolt,
your body instinctively moves so it misses all your vital parts. When a ninja tries to stab you, they end up hitting
hard bone instead of vulnerable flesh. Your bleeding clots quickly, your skin doesn’t tear as easily, and pain
isn’t as debilitating as it should be. When you lose a fight, enemies will leave you behind a bloody mess fully
thinking you’re a corpse. After all, who could possibly survive a blade through their throat? But you won’t die,
your wounds aren’t deadly, and your body will stabilize enough for you to recover. You’re a survivor."
600,Lost Logia Researcher,Anima Beyond Fantasy,Mystic Talent,"Lost Logia. Artifacts of another age, of the age of Solomon. The Church may claim to disdain them, but you know the truth. They are power. You have begun to reverse engineer them, learning to recreated the weaker ones, and to create your own derivations. The Wissenschaft would love to have you within it’s ranks, and the powers in the shadows shift uncomfortably as you gain more and more knowledge of ancient artifacts, simply by laying your hand upon them, and hearing the songs within your blood.

Buying this Perk automatically grants the ""Ancient Blood"" Perk for Free."
600,Seeker of Names,Anima Beyond Fantasy,Mystic Talent,"You’re capable of seeing the true names of any supernatural creature you encounter, and know the names
of many that you haven’t, making it easier to summon, control, bind, or banish these beasts. You know a
summon for almost any situation, and controlling a being not of the natural world becomes easier. Finally your
mastery is such that when you invoke your pacts with greater beings such as Aeons or Great Beasts, you will
have no need to follow the terms; their power shall be yours to use without restriction."
600,Crystal Crafter,Anima Beyond Fantasy,Mystic Talent,"The world is not one made for your kind. Artifacts are forged for wizards and warriors, and few for you.
That will not stop you, however. By taking a gemstone, you can imbue it with potential, cutting and polishing
and changing it until it amplifies the psychic abilities of the one who bears it, making the powers of the
mind easier to call upon and stronger when used."
600,Explorer,Vinland Saga,Mystic Talent,"You are an expert navigator, and have a supernatural sense of where you
want to go. Any ship you are on or expedition you lead will go incredibly smoothly, anything from
first contact with the natives, to consistent pleasant weather, to few disease or food related
issues are the norm when you are at the helm."
600,Reverse Engingeering,Soul Calibur,Mystic Talent,"As you might have noticed, there is technology in this land that is quite advanced,
more advanced than what they normally would be in this period of time. Technology such
as goggles that allow for instantaneous communication across nations, swords that can split
apart into whips, pistols with seemingly infinite ammunition capable of striking harder than
a cannon shot, clockwork mansions and many more can all be found in this world.
Now, you have the chance to build those wonders for yourself. You have been gifted
an extraordinary talent for reverse engineering. Even a cursory glance from you will allow
you to derive the general methods of creation of any object and if even a fragment of such
objects are in your hands, you would be able to build lesser versions of it with only a year’s
worth of effort at the worst conditions. Only gods know what you would be able to build if
you had the whole thing."
600,The Line,Furi,Mystic Talent,"You have the ability to manipulate time in a limited fashion. Firstly, you possess
a form of minor precognition, allowing you to gaze into the future, though sufficiently alien or
out-of-context entities can confuse or interfere with it. Secondly, you can create fields of
asymmetrically frozen time, in which people and items directly in contact with them can move,
but nothing else can. This causes any projectiles they fire to freeze in the air as soon as they
leave the weapon. Thirdly, you can rewind your personal time, using it to teleport yourself to
places where you have previously been. Finally, once per Jump (or once every 10 years), upon
receiving fatal damage, your body will rewind its personal time, returning to full health. You can
also create physical barriers that reflect projectiles, though they are only durable enough to
withstand a few shots before they break. If taken with The Beat, you gain the ability to create
pillars that generate impenetrable forcefields around you, though the pillars themselves must be
outside the shield."
600,The Voice,Furi,Mystic Talent,"You are a truly genius architect, able to create the wondrous technology seen
in the Prison. This includes restraints capable of containing someone as powerful as the
Stranger, walls that endlessly regenerate themselves, teleporting gateways, levitating platforms,
gravity generators, forcefield projectors, and even independently maintained ecosystems
contained within small islands floating in orbit. You are also particularly skilled in the creation of
prisons for those with immense power, easily finding and developing defenses that can contain them."
600,Whatever The Cost,Furi,Mystic Talent,"You are an unparalleled planner, able to plot an escape from an
inescapable prison while simultaneously persuading the person sent to destroy your world to
save it. Additionally, once per Jump, you can receive a shining ray of inspiration accompanied
by a golden opportunity to execute a perfect plan to achieve an otherwise impossible goal."
600,Legendary Stratagem,Katanagatari,Mystic Talent,"You’re not called a Great Strategist for nothing. No one calls you that? More fault to them then!
When it comes to strategy, in battle or outside of it, it’d take outright precognition to match you. You’re capable of setting up plots and plans designed to take place over centuries of time, even long
after your own death, and make it so they’re extremely difficult to interrupt. Your plans are not just
masterfully fashioned, they’re outright immune to failing due to chance or accident. A concentrated
effort by someone at least partly knowledgeable of your plans existence must be made in order for
them to negatively impact it. As long as you’re properly discrete, no one can stop you. But being
discrete when you want to change the world is quite the ask."
600,Cannibalizing the Compatriots,Katanagatari,Mystic Talent,"A comrade falling in battle is a sad thing, to be sure. But with you around it need not be the end of
their fight. You’re able to seamlessly graft the body parts of other beings onto your own, provided
you have a proper space, and have those parts work just as well as if they were your own while
retaining the benefits of the original. This even goes so far as to retain any unique powers of the
original wielder, using them just as well as the original wielder. You have to retain that limb in place
of one of your own, so replacing it with another will deny you access to the power, but it will
otherwise count as part of your own body every bit as much as your original arm would have."
600,To Be An Artist Is To Do One Thing Only,Blue Eye Samurai,Mystic Talent,"An artist gives all they have to the art, the whole. Your strengths and deficiencies, your loves
and shames, you turn your other skills into more fuel to your craft, perhaps even your
relationships. You may pick one art and elevate your skills to that of a master on par with Master
Eiji, furthermore, you gain insight into how to use everything else you have to make it better, this
can be directly, like how to wield your emotions and fully express yourself through your art, or
indirectly, like using sutras to clear your heart and remove distractions.
Your weaknesses are included as well, for example a lack of sight would lead you to develop
how to tell the quality of steel and to find any impurities even better than you could have done
with your eyes before by listening to the sound it makes and feeling how it vibrates.
With such skill comes recognition, your name, signature, smith’s mark or whatever else is
recognized far and wide across Japan, and in future Jumps any amount of your reputation as an
artist can be incorporated into your Origins at your discretion."
600,Songs Greater Than a Scepter,Conan,Mystic Talent,"You are a masterful poet and musician, able to touch and stir the heart of your listeners. Should you choose to sing against a man who had slain a tyrant and been hailed as liberator from their reign of terror, you could within scant years turn the population against him and have them wailing for a return of the dead king. And yet your music could touch a man’s heart to the extent that he would not dare have you dead and destroy such a gift to the world even as you turn the people against him. Even if you came at them armed and ready to kill, they might be loath to strike you down in self-defense, though pressed hard enough and they would do so."
600,Demons Shall do my Bidding,Conan,Mystic Talent,"You are a skilled summoner, able to conjure demonic entities from beyond the mortal world. These nameless horrors come in a variety of shapes and sizes, but all of them seem to be somehow wrong, something about them unnerving and terrible, as if you were summoning horrors from a certain Mythos. You also know magic to command the creatures you summon, calling them forth to do your bidding. Depending upon the power of the creature in question, and your own sorcerous might and skill, it may take only a matter of moments and a quick spell, or it may take a prolonged ritual. The time these creatures can stay will depend upon the spell and you do have banishing spells as well. Though beware summoning a being too powerful for you to either control or banish.

It may be safer to stick to calling more mundane beasts as this same magic can call wild animals out from the depths of the jungle - and perhaps even history as extinct beasts can be called - to do your bidding and follow your commands. The more powerful the beast the harder it will be to call or control, and a wounded beast will be harder to thus charm.

You will begin something of a neophyte in these skills, similar to the witch Salome able to call forth demons though through blood rituals and mass sacrifices, or to call and compel a few animals at a time. Each other perk which grants magical arts you purchase in this jump will increase your starting skill and with enough you may fully match Pelias himself, able to casually summon a winged demon to transport himself or others without preparation or noticeable strain or effort."
600,Eyes of the Unseen World,Conan,Mystic Talent,"You are attuned to the unseen world, able to feel the actions of spirits and supernatural forces. You can feel the workings of powerful magic as if with a sixth sense, feeling it wash across you, and other supernatural forces as well. With time you can learn to identify certain spells, or types of spells, and come to recognize elements of what magic. This applies as well to other forms of supernatural energy, power, and workings.

But more than just a sixth sense for spells, this is a sense for the workings of supernatural forces. Like a serpent you are able to see the souls of others, discerning their spiritual power and information about them with a single glance. Though you can dim this sense if need be. This suite of senses also allows you to see somewhat through the veil, to view distant events, or even sometimes the past. You can even get a feeling for the fate and destiny of the world and others, and the critical points where that fate might be changed and send the flow of the world down another path. This won’t tell you the future precisely, but you can ‘see’, though this is not a visual sense and any images will be more symbolic than not, shadows of possible futures, and vaguely the forces which could drive them one way or another.

Finally this allows you to pull information from the minds of others. Surface thoughts and recent memories are easiest, but you could go further with time and effort."
600,Necromancer,Conan,Mystic Talent,"The art of magic to raise up the shades of the past and bring them to new life. You are now a student of these arts. You won’t be an equal to Pelias, who with little effort reanimated a fresh corpse to serve him for a few minutes, or Xaltotun, who intended a great act of blood magic to revive Acheron from the scattered hill dwellers who were descended from its people but you may eventually reach these heights. Still the necromancy of this world was able to revive dinosaurs from their fossils, conjure up the shades of a dead city to so that by night the city lived again in a sort of listless half-life, going through the motions of life mentally blocking out their deaths as they play acted at life in a city that was restored from ruins. Oh yes this is not wholly limited to living creatures; ruins can be restored to their past glories, and dead empires can be raised anew in the hearts of people. These feats are unlikely to be easy, and we do not see true life restored to humans, but it may be possible with sufficient magical power and sacrifice. As with other sorcerous perks, each other perk which grants magical arts you purchase in this jump will increase your starting skill with these magics."
600,Respect My Authority,Cradle,Mystic Talent,"Want to skip a few steps on the path to power? Here you go. Pick an Icon, a mystical Concept, it can range from anything to Swords to Ice to Blood to Light to the Void. You've got Causal Authority over that Concept, and can boss it around how you please, with practice. This will also allow you to activate things that are normally beyond your power, such as Lord or Herald-Class Artifacts, doors to mysterious labyrinths, etc. If someone with a stronger willpower or advancement level challenges your Authority, though, expect it to shatter like glass."
600,Magical Engineering,Muhsoku Tensei,Mystic Talent,"As a genius magical engineer, you are proficient and skilled enough to create and make magic-tools. Apart from your specialty of replicating the effects of the Three Main Categories of Magic, you can create Magic Armor that would rival the Fighting Gods Golden Armor, Automatons with human-like intellect, Magical Prosthetic for those who lose their limbs, creating artificial labyrinths and even create Magic Tools to suppress and mitigate the Curse by other people. This also includes crafting complex constructs; this can include but is not limited to, teleportation circles, monster creation, magical traps and flying castles. Should you encounter a problem, with enough time and research you can invent and innovate magical items that would solve it and even a half-hearted attempt would make the item that you made likely able to suppress or mitigate the problem. This also grants you the ability to convert scientific-technology to their magical-technology counterparts and with enough time and research you can continually improve the magical-technology or magic-tools that you have. You also have the ability to reverse-engineer any scientific-technology and magical-technology that got your hands on with enough time and even seeing a scientific-technology and magical-technology in actions would give you an idea how it works. Unless your tools are directly sabotaged or damaged by an outside force or suffers a major natural disaster dropped right on top of them, they’ll last basically operate forever as their self- repair functions and systems flawlessly recover them."
600,Politically Minded,Muhsoku Tensei,Mystic Talent,"Being a noble is not all fun and games, it's a cut-throat and backstabbing environment in which if one is not careful could lead their family to their downfall. With this you gain an incredible politically-savvy mind that allows you to make your way and thrive in the political mire of the nobles. This lets you outsmart even the most experienced nobles in politics and even trap them in your schemes without them finding out before it's too late. This also makes it that your plans are labyrinthine in complexity and more subtle than a master assassin, others only realize your plans after they’ve reached fruition and are extremely difficult and unlikely to be disrupted by outside variables as you’ve probably taken most of them into account. Your plans are self-sustaining and would keep functioning without your input. You are also skilled and experienced at managing the economy of any territory from a lowly village to a bustling city up to a country. You can make it stable and prosperous and you are capable of using all of your territory’s resources and your people’s skills and expertise to their highest efficiency without destroying your territory's environment or inciting discontent from your people."
600,Man of Science,Thunderbolt Fantasy,Mystic Talent,"Rather than using Ki, Martial Arts, or Magic to fight, you’ve instead turned to science, the sealing arts, and smithing to forge items that would let you fight on equal footing with the supernaturally enhanced warriors in this setting. You know how to make muskets, machine guns, and even twenty feet tall mecha. Your bullets tear through steel and demon hides with ease. While your mecha have the durability to tank ki empowered hits from swordsmen and supernatural strikes from demons. When your mecha hit your enemies, its with the force to turn normal men into paste. Should you slam on the ground with your mecha, the force would be so strong that you would be capable of creating earthquakes.

Your talents don’t stop there. You also know how to make mechanical limbs that are durable enough to repel ki infused sword strikes from master swordsmen. These mechanical limbs can also be transfigured into a weapon of your choice. If Ki is channeled through these limbs, then you could create powerful shockwaves strong enough to knock your enemies off their feat."
600,Grandmaster,Thunderbolt Fantasy,Mystic Talent,"You’ve reached the absolute peak in one school of sorcery of your choice:

If you were master of Necromancy, you would be able resurrect and control the dead, lay them to rest, read their minds and memories they once had while alive, and finally, order them to do basic commands like guard a location, hold someone down, or attack. You can also control a small handful of undead as if their bodies were your own limbs, allowing you to draw out the full combat potential and skill that they had while they were alive. With time and training, the number of corpses that you can control this way will exponentially increase, until eventually, you’re controlling an entire legion of undead soldiers, each fighting with the skills and speed they had while alive.

If you were a master of Soul Based magic, through complex rituals, you would be able to manipulate the souls of others to give and take away powers that you possess. You would also be capable of transferring souls between bodies and even objects. This could be used to even cheat death by transferring your own soul from your dying body to into an object. Souls infused into objects would be conscious, capable of speech, and capable of casting any spells that they possessed while in their normal body. Be warned though: you will be unable to personally transfer your soul out of an object, and you’ll need someone else to take your soul and put it into a new body. Lastly, you would be capable of astrally projecting yourself across the world or even time itself; these astral projections would be incorporeal and incapable of interacting with their surroundings. You can take other people along with you, astrally project their souls as well when you do so.

If you were master of Spatial and Time magic, then you would be capable of forging magical items that would enable time travel, teleportation, the creation of pocket dimensions, and even the sealing and unsealing of objects and people. When time traveling, you can take other people with you. As your mastery of space and time magic grows, you would eventually reach a level where you no longer needed an object to cast any of your spatial and time magic. Be warned though, time travel in this setting is a double-edged sword. So, it’s easy to create a situation where the current “you” is replaced by a new version of yourself impacted by the changes you made in the timeline. This is why Azibělpher advised Kei Gai to reject her path of mastering time magic. You can purchase this perk multiple times."
600,My Best Friend,Thunderbolt Fantasy,Mystic Talent,"The instruments you wield are more than just a simple tool, they’re a part of your very soul and so you can now grant any instrument you carry sentience. When you grant an instrument sentience, they gain a personality, a soul, eternal loyalty to you, and the ability to speak their mind. In combat, you can intertwine your soul with your instrument’s soul to create powerful attacks that are exponentially stronger than your normal attacks. With time, as your instrument’s soul grows, it will eventually become strong enough to physically manifest their own body. This body is supernatural in nature and will possess a fighting style based on the tool they once were. For example if your tool were a guitar, then when your guitar gained a physical body, they would be able to shoot musical strings from their fingertips sharp enough to cut through steel and demons."
600,Alliance of Justice: MIND,Duel Monsters - Duel Terminal I,Mystic Talent,"The next generation builds upon the previous. Every child evolves just a little bit more, and opens the way for their children to go even further beyond. But there’s no reason each lineage needs to walk their own path, is there? Just imagine what we could achieve if we all worked together. You’re a master at directing Research & Development, being able to get dozens of different teams from wildly different nations and cultures with entirely different technological backgrounds to work together like clockwork, bringing their massively unique expertise and focuses together to create one truly magnificent whole. Even if you had to work by yourself... well, vultures thrive, do they not? Whether you stole it over someone’s corpse, or have gathered it all throughout your many lives, you can combine disparate technologies together with utterly amazing efficiency. Even if they should have been mutually exclusive for one reason or another, you can figure out how to make them work together, whether it’s by developing alternative methods for the parts that don’t play well or using another system as a buffer to separate them. The future is in your hands."
600,Awakening the Ancient Deity,Duel Monsters - Duel Terminal I,Mystic Talent,"This world may be steeped in magic and advanced technology, but there used to be a greater age of myths, where deities walked amongst their followers freely. Though you may not bring that age back in full, you are still capable of calling forth the gods of old. In times of great need, when a people call out for a savior, you can speak a great prayer to invoke the divine incarnate. The hopes and dreams of the masses will reach this spark of divinity, and they shall be granted the opportunity to abandon their form and become one with this burgeoning god. Every person who joins in communion will grant their body, heart, and soul to the new god, who will take form and gain power according to those who became it, until an explosion of pure godhood will resound throughout the world as the new god’s form solidifies. Though the people who formed it and the god you made will know the part you played in their existence, how they regard you is ultimately something they only can choose."
600,Naturia: DHARMA,Duel Monsters - Duel Terminal I,Mystic Talent,"There is more to the Sacred Tree than many know. It holds a most fearsome power, its roots reaching deep into the planet’s core, allowing it to control the flow of souls and life in the entire Duel World through the divine mechanisms hidden inside it. By manipulating these energies, it empowers its guardians, and manages the cycle of reincarnation as it was commanded to long ago by a greater power. Whether you were empowered by it, or copied its nature through convoluted means, you can now innately tap into pre-existing flows of power in the world. Things some scholars might refer to as leylines, whether they hold mana or life or something even more esoteric. You can function as a conduit, doing things such as charging yourself and others or perhaps just wielding their raw undiluted might. You can shut down or redirect connections to these leylines, in order to potentially cripple enemies. You could even reshape them, altering the flow of these energies permanently, although this would be rather more involved than the previous feats. Like reshaping an entire river, as opposed to using pipes and dams in order to redirect its flow."
600,Call,Duel Monsters - Duel Terminal I,Mystic Talent,"Do they think they can run? That the inevitable lords of all would allow them to live? Pitiful. The dominance you exert over the world isn’t limited to simple destruction and reproduction. Space itself bends at your will. How much, of course, depends on how mighty you are. Something on the level of a simple human would be capable of passively skipping a few meters from a journey over a mile. But something like the Worm Zero, planetary scourges unto themselves, would be capable of jumping from continent to continent with casual ease. Perhaps even precipitating space in such a way to invade other dimensions and universes. Regardless, your base capabilities as a Worm should let you hop short distances with ease, or make a longer trek of a few miles into naught with preparation."
600,Shattering The Gates of Chaos,Duel Monsters - Duel Terminal I,Mystic Talent,"Ha, hahaha, hahahahahaha! Did they really think something as pathetic as a glorified door would stop you? You’re not some worthless demonic wretch, barely worthy of being a called a god, but a King! Well, perhaps not one in the eyes of Fabled society, but the sentiment is there. Much like those who dwell in the Realm of Gods, you are capable of opening the Gates of Chaos and escaping into the outside world... theoretically. The magic holding it shut will not simply obey you, but as you’ve uncovered, carnage and violence and all sorts of delightfully negative emotions will disrupt it. Not just that particular door, but any other such seals and portals can be broken wide open by you if you manage to concentrate enough of these things around their vicinity. Of course, should they not have such protections in the first place, opening and closing or even choosing what location they lead to if such functionality exists is simply a matter of commanding things to be so."
600,Forging the Spear of Destiny,Duel Monsters - Duel Terminal I,Mystic Talent,"To strike down evil, one must wield the appropriate weapon. It is for that cause, of aiding not only your fellows but the next generation who will live long past your own end, that you have taken the blacksmithing techniques of the Dragunity clan to a new level. Forging innately magical weapons, capable of summoning minor firestorms or striking with flensing wind, is simplicity itself for you. But where you truly shine is in the forging of power itself. Rendering a bolt of lightning into a spear, quenching shaped magical energy until it is a fine rapier, or even extracting the necrotic energies within an undead and refining it into an arrowhead, are all possible with some work. However, you are not limited to such easily visible forms of power. Should they cooperate, or prove incapable of resisting, you may forge a person’s very power into a magical item reflecting their nature and capabilities. Perhaps even pool the power of multiple persons into a single weapon even greater than them... although, it’s not an idea you’ve had the chance to test, sadly. Parting with one’s power forevermore is something not many can seriously consider."
600,Magma Blacksmith,Duel Monsters - Duel Terminal II,Mystic Talent,"Breaking the enemy in half with your bare hands and setting fire to anyone who tries to stop you works just fine for most Lavals, but that’s no excuse to slack off when it comes to making weapons. Besides learning any kind of blacksmithing twice as fast as your peers, you’re already a living legend. You can forge obsidian swords that cut straight through solid steel even when swung by a child, and your suits of stone armor would let people comfortably walk inside an erupting volcano or trek through a raging snowstorm. But you’re not letting yourself stop there. With a special quenching technique wherein you use a lava flow instead of water or oil, you can reinforce any material or equipment capable of withstanding the required temperatures, improving physical qualities like hardness or sharpness thrice over."
600,Advent of Aquamirror,Duel Monsters - Duel Terminal II,Mystic Talent,"As you know, the original Aquamirror once used to be the Mirror of the Ice Barrier, an artifact meant to control, suppress, and seal the three Dragons of the Ice Barrier. Through her own expertise, Noellia altered it into a tool for communication, hypnosis, and performing all kinds of rituals. While you might not necessarily have something worthy of your skills to use, you too have reached this level of prowess. Altering magical items to perform completely different functions is something you could do if given a mere month or two to study them. Simple tweaks, such as removing a fire scepter’s ability to create fire to augment its ability to command fire, would require seconds at most. Actually improving an item is a lot more involved, and could take years of work to see any noticeable change, but is well within your capabilities, as is reverse engineering them outright."
600,Oracle,Duel Monsters - Duel Terminal II,Mystic Talent,"While you might not be the Oracle yet, you’re certainly qualified for the job. Thanks to a life spent being the responsible one, you’ve gained wisdom one would normally only find in venerable elders, allowing you to make sound decisions with great ease and convince your more hotheaded fellows to do the same regardless of their ego and problem attitudes. More than that, this wisdom has given you great aptitude for a special kind of Gusto magic, which you’ve diligently learned. Rather than command the wind normally, the purpose of this magic is to smother the magic of others. Using your own magical power, you can cast counter- spells and anti-magic contingencies of all kinds, though they tend to have some manner of representation tied to the wind. A spell used to break a sword’s enchantment would likely take the form of a vortex rushing around said sword, for example. Still, even with these tells, enemy mages really won’t enjoy dealing with you."
600,Vylon Variant,Duel Monsters - Duel Terminal II,Mystic Talent,"The Constellar could not defeat the Evilswarm themselves, so it was only natural that they would create a machine to do so for them. By identifying an enemy’s most threatening ability and positing a means to counter it, you are able to inevitably succeed in researching a method to nullify said ability. This method will most likely be incredibly simple and straight-forward. Keeping in mind that the counter to the Evilswarm was an immunity to corruption, the counter to a Laval would likely be immunity to flames, for example."
600,The Hole Picture,Duel Monsters - The Abyss,Mystic Talent,"The Holes are, as you may expect, rather important to the story of The Abyss. However, it is more than just a force of nature on this world. No, a certain few possess the power to generate the Holes. By taking this Perk, you too gain this ability. This allows you to summon, dismiss, and manipulate Holes at will. Now, to be clear, Holes are Gateways and little else. You cannot use them to erase someone from existence, you need to send them elsewhere. Additionally, you are restricted in where you can create holes to. You cannot create Holes leading to somewhere outside of your current Jump (until you Spark), although sending them to different realms of existence within the bounds of your current Jump still works. Additionally, unless you possess some kind of scrying ability, you can only open Holes to places you are intimately aware of with any real accuracy. Otherwise, opening a Hole to the location of a city you see on a map can have massive variances in where exactly it opens up, such as showing up hundreds of feet in the air or in a massive cavern underground. The Holes also cannot directly harm matter, making things like forcing open a space with a Hole or cutting someone in half by closing a Hole on them partway through it non-viable. However, this principle does work in reverse on a lesser level as well, and links of small Holes have been successfully used as binding chains as well. They aren't unbreakable, but it would take immense power to do so. This all said, this power is one that will get you treated with immense suspicion, so be careful how and where you use it."
600,Visions of the Future,Duel Monsters - The Heroes,Mystic Talent,"Something about your abrupt arrival let you see something strange, a Vision far beyond what the human eye could see, a Vision of all the wonder that one day could be. In this Vision, you discovered a peculiar trick to mechanisms and magic, a Vision of engines becoming nothing more than a mirage. To keep things simple... you’ve uncovered the secrets behind the powers used by a group that would one day be known as the Vision Heroes... or maybe their chance at being is long past, your Visions nothing more than memories? Either way, you know how to create technology with a curious ability. Whether the command comes from their programming or an authorized user, constructs of your design are able to cease to exist as simple technology and become continuous spells. As magic, tampering with your creations must be done through similarly magical means for obvious reasons, and the technical knowledge normally required for their usage can be substituted with pure will. With another command, those spells can become physical creations once again, as well."
600,Necro Shamanism,Duel Monsters - The Heroes,Mystic Talent,"While most would assume this to be something only an Evil Hero would use, you’ve delved into the arts of Necromancy and attained many powers due to it. You are able to identify what type of ghost would have risen as a result of a death and the odds of such happening at all by analyzing the relevant corpse and its death scene. By gathering items of importance to the departed, you could communicate to them
 from the great beyond, and even summon them as ghosts into the world of the living should you attain their consent. As most dead who remain in the world are unlikely to be friendly, you’ve discovered how to cover yourself and your weapons in a shadowy mist which grants it the ability to interact with phantasmal beings as if they were physical existences. Finally, you may use the previously mentioned dear belongings and your mist to create illusions of the dead. Via the premise that dead are nothing more than phantasms, and your mist turns the dead tangible, these phantasms of yours are able to become physical and use any abilities whoever they are patterned after had in life."
600,Technological Augmentation,Sundered,Mystic Talent,"The Valkyrie thought that they could harness the Shining Trapezohedron, and possibly augment it for their own uses. You know they were right, after all, you could too. You are able to use technology to harness magical energy sources safely and augment magical items with technology. This even extends to blending magic and technology to bring them both to new heights."
600,Build a Bigger Gun,Sundered,Mystic Talent,"There are times when it seems that your weapons are just not sufficient. Your weapons might be unable to affect an eldritch enemy, your enemy somehow corrupting your weapons and turning them against you, etc. Not for long, when you encounter such situations you can go back to the drawing board and simply make a better, more powerful weapon. Eventually, given enough time, trial, and error, you could design a weapon that has enough raw power in it to simply punch through whatever eldritch resistance your target has or be so anathema to them that they cannot corrupt the weapon. An example for what this means out of jump is in a world where werewolves can only be killed by a silver bullet, you could eventually forge a powerful enough iron dagger that can kill one regardless."
600,Corruption,Sundered,Mystic Talent,"Had they had the chance, the Eschaton could have used the Valkyries tools against them. Seemingly, their rituals and magics could improve the existing weapons by twisting the weapons into more twisted forms and giving the Eschaton a better chance at fighting back. You are skilled in this particular art. By channeling supernatural energy into weapons and tools, you can twist the items form and function slightly to vastly improve their output. However, there is another way to use this skill, you can twist the flesh of another with a similar technique. When you do so their bodies will twist into powerful monstrosities. Rarely those you corrupt this way will drastically grow in addition to becoming deformed, making them much more powerful. Unfortunately, it is difficult to guide these transformations precisely, but perhaps with practice it will become easier to manipulate to achieve particular outcomes."
600,Pilfered Wonders,Sword & Sorcery,Mystic Talent,"How many magicians have labored for years to craft or obtain magical wonders only to see that
power turned against them in the hands of one they’d never consider worthy? You have an
inhuman and inexplainable knack with magical and enchanted items of all kinds. The moment you
get your hands on such a thing where it might otherwise take a master sorcerer to bring its powers
to life or even control it at all you scarcely need a minute before it is yet another tool you bring to
bear as gracefully as your own limbs. The pitfalls, curses, and malign hazards of such things are
also reduced to practically nil where you don’t inexplicably skirt them entirely. Unless an item itself
harbors some intelligence that might contest you it would seem as if any artifact you can wrap
your fingers around acts as if you were itsideal wielder, limited only by the bounds of your cunning
in directing them and whatever forces are required to fuel its functions."
600,Grandest Arcana,Sword & Sorcery,Mystic Talent,"Legends and myths are filled with fears of Sorcerers who could smite cities or devastate entire
kingdoms, or even those who with effort manage to conjure and bind things that mankind can
only call gods. You are one of them. You have an innate and intuitive brilliance that allows you to
easily understand and engineer rituals and magical workings on massive scales. Should you have
access to the right resources, from powerful artefacts, potent sacrifices, and even the churning
machinery of the cosmos itself in the proper alignment of the stars you are capable of rituals that
could throw entire lands down in defeat. The demands to successfully perform such works are as
great and dangerous as their results and will likely stretch the bounds of even your skill to their
limits, but you are one of those few whose might and arrogance might edge closer to the works
of gods than that of man. Of course, pride goes before the fall, but such is the price to touch upon true glory."
600,Grand Theocrat,Elric Saga,Mystic Talent,"Theocrat is the title given by the inhabitants of Pan-Tang to the greatest
user of magic among them, one who has mastered all its disciplines and is worthy of ruling over his
lesser colleagues. Much like the Theocrat, countless years of mastering the art of sorcery have left
you with one of the greatest grasps of most fields of magic known to man, from probing the minds
of others and transforming their bodies into beasts or solid stone to placing the whims of the
weather under your command and transporting yourself over vast distances to faraway places.
While some of these can be made useful in the spur of the moment, it is the conducting of grand
rituals where the might of your mystic excellence truly shines, especially ones that involve the
things that separate one realm from another. For example, you could with some effort perform a
ritual that weakens the barriers between this world and one where your sorcery has been
weakened by a lack of magic, bridging the magic of one world with that of another so you can
retain your normal strength, and with the same resources as the ruler of Pan-Tang you could even
replicate his feat of creating a crack in the metaphysical barrier placed around the world by the
Lords of Law to let the Dukes of Hell roam free on earth."
600,Acolyte of the Angel of Combustion,Mad Max,Mystic Talent,"Ah! A fellow devotee like Chumbucket mmm? An intuitive and creative mind when it comes to mechanical engineering. From time to time you’ll have visions sent by the angel of combustion herself, allowing unparalleled insight into one of her great works."
600,Abyssal,Worldless,Mystic Talent,"You have mastered how to navigate the impossible topography of the void, able to seemingly teleport between any locations connected to the void. You can even observe the physical world while remaining safely within the void. With time, you may learn how to carve out small pocket dimensions like Summum’s Path of Endurance. Damage to the fabric of space reverberates strongly in the void. The arrival of a being like THOSE FROM ABOVE could prove lethal to any weaker beings within the void.

Requires ""Nexus"" to Purchase"
600,War Without Limits,Hawkmoon,Mystic Talent,"It is the aim of the Dark Empire to leave nothing unconquered and, indeed, they are proceeding well with this in the present. But what of targets they cannot reach, be they possessing of impenetrable defences or hiding in different universes altogether? You have the solution. Now, no matter what prevents you from reaching, attacking, or affecting your target, you can find a way to overcome it. If a defence seems impenetrable, you may yet find a weakness unknown even to the defenders and exploit it. If your foe flees in a parallel universe, you can develop a device to bring them back to you by force. Even if your enemy exists on a dimension higher than your own, you can train your powers to affect them no matter the difference in dimensionality. Truly, nothing is beyond the reach of your wrath."
600,Angel of Death,Legacy of Kain,Mystic Talent,"Feeling up for a soul harvest? Because it seems an even darker hunger took root within you Jumper, one that replaced the need for blood with a thirst for souls. And while this might be seen as a curse, youwill find that it also has its benefits. To begin with you can devour the souls of those you kill to replenish your vitality and heal all but the most grievous of wounds. Wandering lost souls can be similarly sucked up to replenish your strength. Even those that would have the means to resist can be devoured, though you will need to either destroy their physical bodies or disperse their ethereal form first, whichever is applicable. But that is only the beginning.

Anytime you slay a particularly powerful or unique foe you can absorb a part of their essence, bestowing upon you their abilities in the process. The only condition here is that said powers cannot come from some external source but must be native to the individual in question. Unlike the more physically-oriented version perfected by the Melchahim you are not dependent upon any existing body parts to keep the benefits. What you assimilate is yours forever and nothing can take that away.

Keep in mind that this does nothing for what would pass as mooks or fairly common adversaries – you could hunt an entire vampire clan to extinction and get absolute nowhere, save make a certain god parasite pleased. But reap their ancient founder or hunt down a member with a one of a kind power and you will find your repertoire of powers growing, their strengths added to yours."
600,Lord of the Falen,Legacy of Kain,Mystic Talent,"As the Hylden‘s forced exile into hell ravaged their bodies, a new need arose for ways in which to influence the Material plane, one made possible through the forced possession and manipulation of others. This power is now yours as well. At any time you may abandon your physical form and attempt to possess the bodies of others, living or otherwise. Mere corpses, creatures of limited sentience or mindless undead will require no real effort, being empty vessels for you to fill. From there it becomes a bit more difficult, as those possessing a will of their own will first have to be mentally subdued in a battle of wills before you can take them over. As a general rule the more powerful a being is the more trouble they will give you – a normal human would have almost no chance of resisting, but something like, say, the last of the ancient vampires? Except them to fight you every step of the way and their complete domination to require extensive time and energy. Hope you have been stacking up on willpower perks! Should you prevail then you will find yourself in full control of the victim‘s body, freely able to use both all of their powers and your own at the same time. And assuming they have the capacity for such you can also freely browse through their memories and knowledge, assuming you continue to keep the host in check. If however you lose the initial mental battle then you will find the roles reversed with the supposed victim now taking you over instead. And if you are still stuck as such by the time the jump ends then it counts as an automatic failure and you will be sent home.

But this perk does not end with just possession. Once you achieve complete control of whatever vessel you desire you can also start physically transforming them, twisting flesh and bone until they suit your purposes. The fastest and most easy of transformations would be into a duplicate of your own form, but with time and experimentation you can unlock much more than that. A word of caution however – the weaker the vessel is to you the greater the strain from containing all your might will be and if you push it too far it will give out on you and die. In addition you can only ever possess one being at any given time, at least with this perk alone."
600,Martyr,Darkest Dungeon,Mystic Talent,"“Those who covet injury find it in no short supply.”
There is purity in flagellation, or so some followers of the Light say. The rending of one’s flesh can cleanse the mind as easily as prayer and meditation. And if done religiously, you may find yourself gaining unique insight into the holiness of scarification- something which you can share with your foe-men, as well as your allies. Lash your back and the drops of blood will lance your enemies likes knives, lacerating their flesh and making them bleed as you do. Take the burdens from others, gaining their cuts and poisons and even their stress so you can suffer in their place. And, when you’re on death’s door, unleash your accumulated trauma- regenerating your own wounds to keep the punishment coming, and either restoring the health of an ally or bleeding an enemy severely as well. The burden of suffering must be shared, but you will carry more than your fair amount- and if you truly believe, you’ll love every second as you fulfill your holy mission."
600,Alchemist's Brews,Darkest Dungeon,Mystic Talent,"""Finally the serum is working, and the side-ef ects are... manageable.”
Among the Ancestor’s pursuits in his quest for ultimate knowledge was the study of alchemy. The transmutation of materials and the creation of tonics to bolster mortal flesh- or melt it away like so much putrid meat- is valuable. As a fellow student your knowledge pales in comparison to what he learned before his demise, but you may still make use of it. You are capable of creating noxious liquids and gasses that melt and poison in equal measure, as well as a variety of substances that explode into bright flashes of light to stun. You also have a few recipes which can be used to aid your allies, such as an invigorating tincture that increases strength and speed for a while, and a sort of cure-all that heals cuts and poisons and restores a bit of vitality- though diseases of the mind are not so easily healed. By experimenting you may be able to create new and interesting weapons and medicines with your knowledge of alchemy; and there are doubtlessly tomes to learn from and interesting subjects you can dissect to expand your understanding of the world... perhaps with time even the creation of homunculi or monstrosities of your own will be withing your grasp."
600,Dark Communion,Darkest Dungeon,Mystic Talent,"“Let me share with you the terrible wonders I have come to know...”
An arcane ritual; a pact with something from beyond time and space. Having struck a bargain with some fickle entity of the abyss, you now have the ability to direct it in battle; summoning tendrils- an insignificant portion of the beast’s true form- from hellish portals to batter your enemies into submission, pull them from their ranks, and flatten them with the eldritch force imbued in each grasping limb. Or, if this servitude is unagreeable then you can set yourself as a master of the living dead instead. Although your necromantic powers will have yet to grow to maturity you can still cause the dead to burst forth from the ground to grasp the ankles of your enemies, pulling them out of line or simply tearing them limb from limb... with enough time to “negotiate” or further your studies, you may conjure even greater things to do your bidding- or even make them fight alongside you autonomously, rather than merely following your commandments. Lastly, you may commune with this being- or the spirits of the dead- to petition them in warding your camp, strengthening an ally, or even bringing one back from death’s door... at increasing cost to both the light of your campfire and the sanity of yourself and your fellows, as a price for their meddling in mortal affairs. So long as they don’t differ from these principals, you may choose something aside from the eldritch or the undead to command, as well- perhaps plant-life that grows and wilts with unnatural speed, or swarms of rats to gnaw your foes to death?"
600,Black Art,Kill 6 Billion Demons,Mystic Talent,"The Art of creating something from nothing. In this era, none live that still practices this type of magic for it is believed that they all died out for one reason or another. Because of this, the principles and techniques of this genre is unknown although you are proficient at the School of Fabrications. By having a clear idea of the internal consistencies and properties of whatever you are creating, you can conjure it. Raw materials such as stone, water, sand, metal, and gas are easiest, but as the thing you are conjuring becomes more complex, the more you need to understand its structure and nature otherwise any attempts to create it will fail. By mixing other Arts with Black Art, you can bind magical effects to the things you conjure. It is said that at the highest level of Black Art, one can create life and souls."
600,Song of Maybe,Kill 6 Billion Demons,Mystic Talent,"There is nothing to learn here of the Arts. Not truly. Because the Arts doesn't rely on one's wisdom or
arcane knowledge. No, it responds and thrives first and foremost from the will and want of the
practitioner, and yours is the will that breaks worlds and your want devours the pieces. Truly the limits
of your Arts are the limits of your imagination although the will of others can negate or at least weaken
your magic if they are of sufficient willpower with vice versa being true as well.
Although, that is your will alone. Paired with your chanting, you become something that even the gods fear."
600,JADIS Engine,Kill 6 Billion Demons,Mystic Talent,"Part cogitokinesis and part technokinesis. You can leverage the processing power of any machine
you mark to bolster your own or offload your own mental burden such as mathematical calculations.
This can also allow you take control of machines as well and since you share the mental burden, you
can infinitely scale your multitasking abilities. Perhaps with enough, you can solve the formula for enlightenment."
600,The Essence Of A Song,Triune Scriptures,Mystic Talent,"Allow me to grant you one of the deepest secrets of cultivating with the elements. An element is not its
essence. An element is a physical thing, its essence more spiritual. In a very real sense, essence is
the soul of the element - to cultivate, you drain it away and add it to your own. And you have found a
way to bypass the need for the physical aspect at all. Through the use of song and music, you have
learned to create the idea of an element - the pounding of drums to call forth the roar of the earth, the
shaking of beads to bring about the sound of rain, and many more besides. For brief moments, you
may create the essence of an element with the playing of a song. A simple tune may only bring forth
sparks, while a masters magnum opus may generate enough essence to clear entire realms. It all
depends on how good you are - and of course, if you can absorb that essence before it fades away."
600,New Magic,Good Hunting,Mystic Talent,"Truly there are few others who can match your understanding of automata and machinery!
The machines you create are otherworldly and alive, a new kind of magic, and that is with
the early-industrial age science you have access to, using steam-engines and clockwork to
bring your machines to life. You are a genius without comparison, except for maybe one,
here and the things you can create could pave the way for a technological utopia should
your inventions spread far enough, and be used correctly..."
600,A New World Order,Good Hunting,Mystic Talent,"As you know there are all manner of perks dealing with integrating magic and technology,
but what about the opposite? In this world, the declination of magic and the weakening of
magical beings is because of the rising golden age of technology, the supernatural fleeing
the world as it is industrialized. In future worlds you can now give rise to similar
phenomenons. Through your influence technology can bring about a world bereft of magic or
magic can become the bane of technology. With a lot of work, doing the opposite might also
be possible, creating a world of magic through technology or jumping science far ahead
through the use of magic."
600,New Gen,Real Steel,Mystic Talent,"Innovation doesn’t wait for anybody, and you agree. Taking something and developing
it into a state far beyond what’s currently awailable is as easy as breathing for you,
and you do this extremely fast. Improving Zeus to destroy its previous iteration like
it destroys its current opponents will probably take you only a few all-nighters."
600,Librarian,Tunic,Mystic Talent,"Perhaps as the most notable example of what an ordinary Custodian could achieve,
the Librarian has discovered more secrets than most have thought to question. They
dwell within the Library that floats above the Ruined Atoll, occasionally making
research expeditions to gather new material. While the corpus of their work is daunting
on its own, they also possess great magical prowess, arguably the greatest upon these shores.

It seems that they are not entirely without peer, as you could be considered their
equal in many ways. You possess similar reserves of magical prowess and skill, and a
similar intellect. If need be you could easily protect yourself from plunderers of your
knowledge. In fact, you have unusual luck in that those who challenge you have items
that could help your research a bizarrely unlikely amount.
All of this knowledge could be used to accomplish many ends, though in sharing it
new heights could become possible."
600,Ancestral Rite of Blood,Arawn,Mystic Talent,"The Amazon tribe has been destroyed by the vengeance of the
Shamans, but it’ll be a rare day when they go extinct. The reason behind this is a bloody ritual of power
passed down generation after generation of Amazon, from mother to daughter, from the tribe’s very
beginning. By slaying a foe in battle, and tearing out their still-beating hearts before drinking their hot
blood, you take their very life force as your own. However many years they would’ve lived naturally are
now yours, and you will be immune to the ravages of age and time for that duration. By enacting this, it
is possible to live to an advanced age while remaining young, beautiful, hale, and in the prime of life. As
long as there is war and battle, there will be Jumper. You may also teach this secret technique to others."
600,Fell Sorcery,Arawn,Mystic Talent,"I see. You are likely kin to Bran and Fenris, for you are as steeped in the dark
magics of their clan as they are. Blood magic, necromancy, divination, demonology, and the associated
forging of cursed artifacts... all of these paths are now open to you, a proper warlock. The undead of
this world, you see, obey one power over all - that of blood. Naturally, you may use yours to gain
complete command over any undead around you, regardless of what master they would usually serve.
This extends to any ritual, as any magics that require material components will also accept your blood.
You have the means and skill to create various enchanted artifacts, from the prophetic Bones of Fate to
the concealing Cloak of Shadows, though doing so would be a great undertaking, demanding rare
materials and a great deal of time, effort and likely a potent source of power. This skill is boosted to
further heights should you be some sort of blacksmith or metalworker, allowing you to potentially forge
weapons such as the Sun Axe or the Black Blade. Finally, once per jump, you may bind a demon to an
artifact you create, granting the object untold powers, sentience, and making it similar to the Cauldron
of Blood. It can grow even further in power through human sacrifice, but be careful lest it consume you..."
600,Wickerman,Ryse: Son of Rome,Mystic Talent,"The most memorable moment of the game was the Wickerman, a giant wooden structure made to sacrifice people by burning them alive. In the game this was a pointless action that was just cruel, but for you that is the opposite. You gain the full abilities of the people you sacrifice, but it only works on the full moon and requires a different sacrifice method if you want to do it several times. For example, the Wickerman can sacrifice several people, but to sacrifice more people on the same night it needs different sacrifice rituals. These rituals are not limited to humans or cultures, so sacrificing an animal would result in you gaining the animal’s strengths and special abilities if it had any."
600,"Legends Say Damocles Was A Great Warrior, A Revered Leader In A Vast Army",Ryse: Son of Rome,Mystic Talent,"You gain the power of Nemesis, to be exact her abilities to revive the dead and make them immortal so long as they have a goal. Those you revive gain the powers of Damocles perk. The time of death doesn’t matter but requires them to have had a goal before their death."