CP Cost,Name,Jumpdoc,Chapter,Description
Free,Multilingual,Tekken,Mundane Talent,"People from all over the World compete for the Title of King of Iron Fist. You
probably would want to actually speak with them properly right? From now on you will be able to
fluently speak and write every language of any World your currently in."
Free,Wandering Artist,Okami,Mundane Talent,"With this, you are a virtuoso of the ink brush. Your calligraphy is exquisite, and your painting even more so."
Free,Disguise,Blue Eye Samurai,Mundane Talent,"You know how to disguise your gender, ethnicity, and unusual features. You know how to use clothes, makeup, posture, altering your voice and so on to disguise them, and the results will only get better if you have more to work with. A very useful skill in this era if you don’t quite fit within cultural norms."
Free,Language Comprehension,Muhsoku Tensei,Mundane Talent,"The Six-Faced World has many languages and going from one continent to another without learning the
language there would make you unable to communicate with other people. This grants you an ability
to understand, speak and read any language that you heard people speak and seen its words in hours. When
speaking to someone with a different language that you didn’t learn, you can instinctively guess the general
meaning of their words and slowly piece them together to form words allowing you to speak the said language
down to their accent with enough time. Seeing written words of an unknown language, constant exposure or
trying would allow you to slowly piece it together allowing you to read the written words with enough
time. This also allows you to invent your language or decryption to prevent others from knowing your secrets
that you wrote in books that you don’t want others to find out about."
Free,All Speak,Ryse: Son of Rome,Mundane Talent,"Just like in the game, everyone sounds like they are speaking English. Post‑jump, you can toggle the same effect where everyone sounds like they are speaking English to you, while to others it sounds like you are speaking the language most familiar to them. It automatically deactivates in case someone is using attacks that involve languages, such as magical languages."
Free,Don't Love As We Do,Ryse: Son of Rome,Mundane Talent,"You seem to have been blessed by Venus, goddess of love, for you are supernaturally good in bed far beyond a normal mortal. This works by giving you skill in bed equal to the best mortal and gives you the supernatural ability to increase the pleasure others feel. Thankfully, this comes with protection against dialing someone’s pleasure to insanity‑inducing levels. Additional benefits include the sexual stamina to satisfy a dozen women or men."
Free,"You have transformed killing into an art form, I however express myself in different ways",Ryse: Son of Rome,Mundane Talent,"You become a master sculptor and artist equal to Basillius. Your sculpting is honestly better than your painting, as your painting is unique…"
50,Behind-the-Scenes,Baki: Son Of Ogre,Mundane Talent,"You have a knack for finding experts and talking them into 1-on-1 interviews on whatever the
topic of focus is. This even works if said topic is extremely illegal. However, should you intend to
use this to blackmail or snitch, the perk will become ineffective until the next jump."
50,Navigation,Samurai Jack,Mundane Talent,You’re an expert at analyzing and interpreting maps and you have a natural sense of direction.
50,Cooking,Samurai Jack,Mundane Talent,"Knowledge on how to safely prepare food and make it taste good. This perk will
also ensure that you always find something to eat while you’re in a large city or the vast wilderness."
50,Insight,Samurai Jack,Mundane Talent,"Increased understanding of riddles and puzzles.
Useful for raiding ancient tombs and escaping labyrinthine traps."
50,Engineering,Samurai Jack,Mundane Talent,"The science of working with machines and other electronic or mechanical devices.
You know how to build, modify, and repair a number of different modern items and vehicles such as robots, hovercars, mechs, and energy weapons."
50,Empathy,Samurai Jack,Mundane Talent,You know how to read and manipulate the emotions of others. With this perk you can easily figure out the perfect things to throw at your enemies to damage their moral or hamper their abilities.
50,Sailing,Samurai Jack,Mundane Talent,You know how to pilot small boats by yourself and you possess enough nautical knowledge to command the crew of a large ship.
50,Native Tongue,Ghost of Tsuhsima,Mundane Talent,"Normally each origin is given an average person’s level of speaking
ability and comprehension in the language native to it, meaning you either know Japanese or
“Mongolian” (Mongol Empire at this time comprised itself of numerous tribes and ethnicities,
so assume this simply means you can communicate with all of your fellow Mongolians). With
this perk you may select an additional language to proficiently fluent in. May be purchased multiple times."
50,Secure an Advantage,Ironsworn,Mundane Talent,"You know how to assess a situation, plan, prepare and leverage your best advantages in non-combat situations.
Whether haggling at a market stall or hunting, you recognize the opportune time and manner to act."
50,Gather Information,Ironsworn,Mundane Talent,"You know how to follow a trail, spot a tail, ask
questions and generally how to investigate and gather information in a city.
Though this is always quicker and easier with friends, you are unlikely to ever hit a dead end."
50,Riddles,Ironsworn,Mundane Talent,"A common amusement and challenge of the times, you’re
very good at solving riddles and puzzles. And the quick wits and knowledge
of wordplay tend to make you good at flyting, insults and put-downs."
50,Ride,Ironsworn,Mundane Talent,"You are highly skilled in the care and riding of horses, a luxury in the Ironlands, but incredibly useful."
50,Beast Rider,Primal,Mundane Talent,"You are skilled at riding bestial creatures. Whether they’re great
birds that fly through the air, massive bears, or dinosaurs, you know how to guide and
ride a beast even if it’s barebacked. This won’t help you make one accept you as a rider, that’s on you."
50,Naturalist,Primal,Mundane Talent,"You have the knowledge, experience, and education of a 19th
century British naturalist who has undertaken at least one or two scientific trips, safaris,
voyages, or expeditions."
50,Primal Hunter,Primal,Mundane Talent,"You have the skills of a hunter of this wild and dangerous world. While this won’t give you the superhuman physique needed to go toe to toe with the dinosaurs and beasts that populate this world, nor the combat skill necessary, it does mean you know how to hunt, how to identify edible plants, and the basic survival skills of a successful hunter-gatherer."
50,Sail Away,Primal,Mundane Talent,"You know how to sail a boat. You know how to work a rudder, work
sails, and even navigate at sea using the stars. You are a, perhaps surprisingly, well versed
sailor. You seem to be at your best in a crisis where you seem to be able to do the work of
2 or 3 crewmen at once. It won’t always be enough, but if you’re sailing a stolen ship alone it’ll help."
50,Mr.World(s)wide!,Volgarr the Viking,Mundane Talent,"You know the language of every world you will travel to hear, from the strange screeching of
the Sky Knights to the gurgling of the Myrmor. This allows you to better understand your
enemies tactics as they shout out orders. In future worlds you have an easier time
understanding the language of monster-like races."
100,Frugal,A Will Eternal,Mundane Talent,"There is a rather famous phrase: ‘Money makes the world go round’. How can one possibly
afford all the different cultivation materials they require if they have no money? Often, a
powerful cultivator is a wealthy one. Many times this is because they are able to sell their
valuable goods and services. Other times it’s because they are wealthy that they are
powerful. Either way, it is undeniable that power and money are somewhat linked. As such,
you’ve learned to be very skilful at maximising your profits. You’ve learned to find corners of
the market that are waiting to be filled with superior products, learned to make the most
money from the least amount of work. Some might call it unethical, you call it smart."
100,Wild Life,A Will Eternal,Mundane Talent,"Living in a cultivation world is extremely dangerous, and that’s before one starts to mess
around with other cultivators and sects. The very world they live in is one filled with an
uncountable number of natural hazards and dangerous beasts. You’re something of a nature
survival expert. You have the know-how and skill to survive out in the wilds of a natural
death world. This may not help out in an actual fight, but at least you’ll live to see that fight in the first place."
100,Shadow Demon's Secret Retaining,Against The Gods,Mundane Talent,"You are a virtually unmatched expert when it comes
to the art and science of information suppression. Be it the methods of rooting out spies, simple
disguise or concealment or whatever, if you’re trying to hide something, a person, an item or just
some news, it’s very, very difficult for it to get out."
100,Wielder of the Golden Rule,Against The Gods,Mundane Talent,"It’s surprising what all the simple power of Money can still
make people do. You know it better than most, of course. You are a profound genius when it comes
to the arts of bribery, favor trading and corruption.
You know just what someone would most likely want for something, and what they will be willing to
take. You’re used to throwing your money around and getting results."
100,Management Elder,Against The Gods,Mundane Talent,"It takes a lot of work to keep immortal kung-fu wizards in pills and
medicines and weapons, y’know. Someone has to know how to balance an account, how to trade
and setup businesses, and all the necessary infrastructural work. That’s you now.
You’re nothing short of an utter wizard at all things financial, logistical ands managerial. You know
the nuts and bolts of bargaining and negotiation. You can tell the true value of anything you look at
at first glance, and know just how to bargain the opposing party down or up to it. You understand
how to make and manage alliances with other sects, how to setup businesses and industries, go
about properly setting up a distribution schedule for the weapons your sect acquires... and
everything else required to keep such a force running."
100,The Blessed Word,Grant Morrison's 18 Days,Mundane Talent,"A complete knowledge of the holy scriptures would help anyone, regardless of caste or class,
time or place. To that end, you have been granted knowledge of every religious text ever
written, for any faith, on any world you have ever visited, including this one. It will update to
each new world you visit, and the text will never harm or overwhelm you.
This knowledge will always be that of a scholar, not a believer, and no biases will attach
themselves to you regarding this text. You will be able to understand all these texts in both the
common vernacular and the native original text of each. In addition, you now can read and write
sanskrit, pali, tibetan, chinese, persian, arabic, latin, hebrew, arameic, egyptian, old norse,
greek, mayan, aztec, incan, and english like a native of every century those languages have existed for."
100,Electrohead,Katana Zero,Mundane Talent,"You, my friend, are a very talented musician. Electronic music
comes to you like Mozart, making you a hell of a DJ both live and in a studio. Also,
you’re a damn good dancer, because I mean come on, your music’s too good.
Also you know how to smuggle small-time drugs. What can I say, sometimes you
gotta take the edge off. Just don’t take those weird blue-colored syringes you found
in some storage unit."
100,"""Psychology""",Katana Zero,Mundane Talent,"...I don’t think you actually have a degree in psychology,
but you sure as hell can fake it well enough. So well, in fact, that you can pretty
adequately handle people’s mental issues just as well as a trained professional. You
also radiate a slight aura of politeness, though someone who can pay attention can
easily see through it if you’re going to rely on it for lying. More of a supplement to it, really."
100,Kill Your TV,Katana Zero,Mundane Talent,"Sometimes you’re tied up, weapons out of reach, and you
seem to be shit out of luck. But you still got one more weapon; your tongue. And
what a weapon it is; insults fly off it like a chimp with a machine gun, and you happen
to get them to hit and set off your targets in just the right way: Getting them to leave
you alone to concoct an escape plan or kill a more valued target in a fit of rage,
divulging information just to make sure you know you’re extra fucked, that sort of
thing. They seriously grovel for their approval like this, don’t they?"
100,Recognition of Patterns,Tales Of Demons and Gods,Mundane Talent,"You are talented in discerning patterns, this allows you to quickly and accurately figure out puzzles and to decode complex patterns. Useful for figuring out what an inscription should do without activating it."
100,Dealing In Honor,Baki The Grappler,Mundane Talent,"Fighters are an undoubtedly prideful, but most notably opinionated bunch. Any diverse gathering of
combatants can seem impossible to control, but you can always manage. For times like this, you’ve
acquired the skills to thoroughly understand even the most esoteric honor codes, philosophies,
histories, culture, and underlying principles of any martial art, by observing how its practitioners
carry themselves, whether in or out of battle. You can effortlessly adjust your behavior to show the
utmost respect to all but the most mutually exclusive disciplines simultaneously."
100,Saving No Face,Baki The Grappler,Mundane Talent,"Take it from me, in this business, power will only take you halfway to the top. If you don’t want the
sponsors to drop you like a sweaty sack of bricks, you need to keep the audience coming back for
more. Keep them on their toes, even if it means plying the fool. Luckily, acting is what wrestlers do
best. Whether it’s making yourself out the be a clueless moron, a cold-blooded killer, or a pitiable
wretch, you can pull these and other characters off with a level of believability that can even fool
paranoid fighters. You’ll have to drop this act when you need to make use of your full capabilities,
and those who see your true nature firsthand will not be fooled a second time."
100,Heel's Heel,Baki The Grappler,Mundane Talent,"Is pro wrestling real? Of course not! Pro wrestling is realer than real! Pro wrestling is the reality
that the people want to see! And no reality is complete without an unsympathetic bastard to root
against. May not be as fulfilling as playing the good guy, but at the end of the day, it’s scumbags like
you that fill stadiums. Whether or not it’s sincere, once you leave the ring, any grudges held against
your fighting persona will be left there. Go for every cheap shot you can get, exploit personal
traumas, badmouth everyone your opponent knows and loves, because as long as the audience has
a reason to hate your guts, they’ll keep coming back for more."
100,Dragon Lover,Baki: Son Of Ogre,Mundane Talent,"You have an odd affinity with “eating”. You have a ravenous appetite, letting you blissfully gorge
yourself on junk food, but you also appreciate the nuances of foreign flavors or high-class
delicacies. This also acts as an affinity for gluttons, letting you hit it off almost instantly with
others with a similar love and passion for eating and biting, whatever form that may take."
100,Firestarter,Baki: Son Of Ogre,Mundane Talent,"What’s a fighter without anyone to fight. You have a talent for catching “sparks” or situations where the smallest stimulus will cause someone to resort to violence. This also lets you intuitively know the instant when it is socially acceptable to use excessive violence to solve a problem, such as when crossing paths with a murderer"
100,Perfectly Trained,Baki: Son Of Ogre,Mundane Talent,"They say someone who loves what they do will never work a day in their life. What you love is training. You love the sweat, the aching, the exhaustion. To that end, you’ve gotten good at seamlessly working your training into daily life, whether it be shadowboxing to kill time or practicing footwork when going out for a walk."
100,An Unsolved Puzzle,Baki: Son Of Ogre,Mundane Talent,"You may be seen as primitive, but human intelligence and an animal’s intuition is a frightening combo. Even through a language barrier, you can easily intuit someone’s feelings. It’s usually something vague like “this person doesn’t like me” and “This person likes me a lot”. This sense is always honest and can’t be fooled by flowery words, or deceptive body language, or anything less than godly acting."
100,Taking Care of the Dishes,Baki: Son Of Ogre,Mundane Talent,"Not all familial relationships are straightforward. Some families bare nothing resembling
fondness, or cross lines that should not be crossed. Still, with enough pig-headedness,
you can force the most twisted familial relationships into something normal-adjacent. It
may still seem distorted to an outsider viewer, but the right feelings are there."
100,Preparedness to Kill,Baki: Son Of Ogre,Mundane Talent,"A warrior should be equipped to win both battles of the body and mind. You know just
how to poke and prod to set people over the edge, and when to pull back to keep them
behind that edge. Whether it be catching an opponent off-guard, pushing them into a
blind rage, or making sure they don’t take you seriously enough to go for the kill."
100,Targeted Cuts,Metal Gear Rising: Revengeance,Mundane Talent,"Why cut your enemy 100 times when 1 cut is enough? You now
have the ability to sense and detect weakpoints in your enemies and deliver massive
amounts of damage when striking them. Just make sure to remember that just because
you find their weak spot it doesn’t mean getting to it will be easy."
100,Cybernetics Expert,Metal Gear Rising: Revengeance,Mundane Talent,"You seem to know quite a lot about cyborgs. You now
have an extensive knowledge on cybernetics and how to build and repair them.
Unfortunately, this is useless without the necessary parts and equipment."
100,Politics 101,Metal Gear Rising: Revengeance,Mundane Talent,"What kind of politician doesn’t know how to politic? Lucky for you
this perk gives you all the skills you need to be a great politician. Public speaking skills,
charisma, lying and everything else you need to make a name in politics."
100,Security,Fog Hill of Five Elements,Mundane Talent,"Like the fifth brother Shang Zi you have a calm and serene mind, most of the time you are able
to take adversity and sudden unforeseen events with calmness and serenity, and you are able to
transmit this calmness to the people around you, making them feel more secure with your presence."
100,Simplicity,Fog Hill of Five Elements,Mundane Talent,"You are pleasant, a fresh and new air that makes a good first impression as well as being quite
charismatic to the people around you, beyond simply making a good impression you can help
lighten the mood with a simple attitude, of course this does not avoid that if you go too far in
rude behaviour you will end up in a bad situation."
100,Hidden in the Shadows,Saint Seiya: Omega,Mundane Talent,"For the past 13 years, the Martians have operated covertly, clandestinely
infiltrating and renovating the Sanctuary in preparation for the grand unveiling of
their master plan. Drawing upon your innate abilities as a master of stealth, you
possess the uncanny skill to create or renovate buildings with utmost discretion
or any plan in motion, even in plain sight, without fear of discovery."
100,Charade,Saint Seiya: Omega,Mundane Talent,"You possess a remarkable talent for maintaining a charade, adept at convincingly
feigning allegiance or beliefs that diverge from your true intentions. Whether it
involves pretending to worship a god or assuming a false identity, you possess
the ability to uphold this facade with unwavering commitment until your very last breath."
100,Man of the World,Saint Seiya: Episode G,Mundane Talent,"Just because you’re serving a Greek Goddess, there’s no reason to not seek out a properly varied
education, especially when you’ll be regularly sent around the planet on your duties or even beyond.
You’re able to speak dozens of different languages from around the world, can flawlessly act as the
member of just as many varied cultures and can survive and live in most countries on earth with
ease, whether that be in civilised society or in the wilds."
100,From the UN,Saint Seiya: Episode G,Mundane Talent,"A calm heart and soothing words can often solve the problems that all the power in the world
cannot. You’re an expert negotiator, with long years of experiencing dealing with talking down all
sorts of religious fanatics, would be world conquerors and other mad men. You’re also amazing at
showing the good in people, in both those you’re talking to and showing the good that exists in
others to those you’re talking to, and getting them to open up to you. Coming to understand these
people and getting them to understand other people is what you excel at and managing to reach
that understanding can solve conflicts before they even begin."
100,Taking on the Guise,Saint Seiya: Episode G,Mundane Talent,"It may not be terribly fitting for your status as a divine being but there are times when putting up a
pretence can work to your advantage. You’ve got quite the skill with disguising yourself and your
abilities, as just anyone other than yourself or as specific people. Obviously this will be helped along
with props and costumes but you’ve got almost any kind of voice or motion imitation down pat, so
long as you can hear or observe the person you’re trying to make yourself sound or look like."
100,Normal day for Swords,Demon Slayer,Mundane Talent,"Normally people would question why someone dressed up in a mask is carrying around swords or knives, but not anymore. As long as you don’t bother them, normal people won’t care what you look like or what you have on you, though do be aware that this doesn’t allow you to take weapons into places they truly shouldn’t be. This also comes with the basic training of a sword smith."
100,Strategy,Samurai Jack,Mundane Talent,You can quickly analyze your situation and come up with a plan to overcome your current obstacle or conflict.
100,Thievery,Samurai Jack,Mundane Talent,"From pickpocketing to large scale heists, you’re an expert at both planning thefts and stealing things unnoticed."
100,Crafting,Samurai Jack,Mundane Talent,"You can take common resources and turn them into simple objects and devices. With just some rope and a bit of wood you could create a plethora of traps. Additionally you can always figure out how to improve any weapon you acquire. You could add small guns or blades to a pair of gauntlets, or create a device that would greatly improve the skills of a combat robot."
100,Polyglot,Samurai Jack,Mundane Talent,You’re able to clearly speak and read any language used by the modern or ancient human civilizations of earth.
100,Animal Handling,Samurai Jack,Mundane Talent,"Knowledge of how to ride and command domesticated creatures like horses, camels, and elephants. You can also calm and temporarily befriend wild animals with a bit of effort."
100,"Divert the Waters, Break the Rocks",Nine Sols,Mundane Talent,"It takes no small amount of work to eke out a
living from the soil, even in a place as ‘blessed’ as Peach Blossom Village, but you could do
so. You have a strong body, and all the skills of a subsistence farmer. You can tend animals
and crops, clear fields for use, build houses from wood, straw and bamboo, and more."
100,Sage,Nine Sols,Mundane Talent,"You have memorized the classical canon of Taoist texts, and are able to recite
them from memory. It may still be a struggle to truly feel them, but these liturgies can still
be a source of strength in hard times - and can contain surprising insights, if you take the
time to truly investigate them. Contemplation of the wise words of the past, might help
reveal new paths to the future."
100,Cosmic Coffeemaking,Live A Live,Mundane Talent,"You make great coffee. That’s it, that’s the whole perk! As a
matter of fact, your coffee is so good that any given workplace will welcome you with open arms
on that basis alone - during any kind of job interview, bringing a sample of your coffee is
guaranteed to get you a foot in the door, and your coworkers will likely be glad to have you around."
100,Outside the Ring,Tekken,Mundane Talent,"There is more to life than only combat. Some might also be passionate spelunkers, motorcyclists, scientists, astrologists or similar. For every time you purchase this Perk you gain mastery in one such field.

Can be Purchased Multiple times"
100,Some Kind of Ninja,Ranma 1/2,Mundane Talent,"You're really sneaky. You can find good hiding spots in any environment, including an empty room, or wide open plains, and most people will not be able to spot you until you jump out and reveal yourself. Whether you're delivering takeout, spying, or waiting in ambush, only the most observant and seasoned observers will know you're there."
100,Homemaking Skills,Ranma 1/2,Mundane Talent,"You can cook and clean with supreme skill and efficiency, in any environment. While others would need all day to get the house clean, do the laundry, and make dinner, you can have it all done perfectly in minutes with lots of time to spare for some light reading or other hobbies."
100,The Shell of a Beetle,Joujuu Senjin Mushibugyo,Mundane Talent,"Improvise. Adapt. Overcome. Because, at the end of the day, the Mushikari are still mortal
men fighting against monsters and beings far stronger than they are. Thus, the need for a
diverse amount of knowledge and survival skills to face their enemies. Things that you
picked on during your travels, as well as more mundane skills like cooking, blacksmithing
and a bit of engineering. Nothing too incredible, but proficient enough to make a living out of
them if you ever feel like changing ways, or after your goals are finished."
100,Strength of a Scholar,Joujuu Senjin Mushibugyo,Mundane Talent,"Not everyone needs to be a battle-maniac to defeat an enemy. After all, just hitting
something until it dies has no grace. You were blessed with a photographic memory and
perfect recollection. Coupled with years of study, have given you an encyclopedic knowledge
about a myriad of areas. From basic medicine and architecture to the recorded weakness of
incest and Mushis. Well, making use of this knowledge can be the real battle."
100,Tradecraft,Ghost of Tsuhsima,Mundane Talent,"You are an experienced craftsman with several years of knowledge and
skill in a trade of your choosing. Examples of such include: blacksmith, merchant/salesman,
bowyer, armorer, or scholar etc. You also have a high potential in your chosen field allowing
you to progress in skill at a much faster rate than otherwise."
100,Masked Past,Samurai of Hyuga,Mundane Talent,"Even if one’s past is steeped in bloodshed, violence and tragedy, there’s no reason for it to stain
the rest of your life. No matter how many men you’ve slain, betrayed, or failed to save, you can
carry on. You’ll be able to laugh, joke, ogle, and get annoyed just like normal, and even those
close to you will be fooled. This facade won’t remain believable forever, however."
100,Basic' Education,Scissor Seven,Mundane Talent,"You’ve got the equivalent of a Bachelor's knowledge in all natural sciences, including
material sciences. This counts as common knowledge in Stan, not knowing at least this
much would make you be seen as someone very dull in the head."
100,Delve the Depths,Ironsworn,Mundane Talent,"You’re an experienced explorer of dungeons. When traversing such a perilous space, you are wary of traps, able to proceed with surprising speed or astonishing stealth to bypass most or all of the dangers. You have a mental map that ensures you never get lost."
100,Skald,Ironsworn,Mundane Talent,"You have mastered the skills of a bard. You have a perfect memory, a lovely singing voice, skill with instruments and knowledge of local history and lore which updates in each new land and world."
100,Smith,Ironsworn,Mundane Talent,"You have learned to shape iron to your needs, to heat and pound it into shape, and thus to make, maintain and repair your own gear. Any circle would be pleased to have you."
100,Tradecraft,Fights in Tight Spaces,Mundane Talent,"Section XI might focus far more on pugilism and getting in fights than most
spy agencies, but that doesn’t mean that you are useless at other aspects of spycraft. You have
a solid grounding and talent for most areas of spying and espionage, such as tailing marks,
sabotaging equipment, both delivering and resisting interrogation, and other such skills."
100,Stock in Trade,Sword of the Stranger,Mundane Talent,"For 100 CP, you have a competent, but not exceptional, professional’s skill in some
mundane trade fitted for the era, from farming to sailing to blacksmithing to acting as an apothecary."
100,Stock in Trade (Exceptional),Sword of the Stranger,Mundane Talent,"For 200 CP, your skill is instead notably exceptional; if a blacksmith, your swords will
be renowned for their strength and durability, a farmer could bring a remarkable vitality
to even poor land, and an apothecary could formulate effective cures for poisons in
animals they have never treated before.

Requires ""Stock in Trade"" to be Purchased"
100,Manhunter,Sword of the Stranger,Mundane Talent,"You have exemplary tracking abilities, able to follow a person across vast distances and
locate them reliably, even in a setting where news travels slowly, and word of mouth is
often the best evidence of a person’s passing. Part of this skill is also the ability to
predict to some extent where a person is likely to go."
100,Wandering Road,Sword of the Stranger,Mundane Talent,"As a masterless samurai, you’ve learned how to survive the road. You can hunt and fish
for yourself, navigate reasonably well, locate shelter and otherwise deal with an existence
relying only minimally on outside civilization. Moreover, you are good at bearing long stretches of time alone."
100,"Eyes, Eyes",Hanachirasu,Mundane Talent,"You don’t need to be a master warrior, a weary businessman, or a seasoned politician to realize other’s intentions. While you aren’t any kind of expert at it, you’re now very good at reading the ‘heart’ of others. Their intentions towards you, their morality, and a glimpse of who they really are. In some cases this will be but a minor advantage, in others – the decisive factor between life and death."
100,Craftsman's Litany,Jade Empire,Mundane Talent,"You fix boats. Or maybe sail them. Or fish. Or farm. Or pour tea. Whatever it is, you are extremely skilled
at your profession, provided it isn’t combat related and you’ve been doing it for more than seven years."
100,Tho Fan,Jade Empire,Mundane Talent,"You possess fluent mastery of The Old Tongue, the Jade Empire’s official second language. Though not
many of the youth speak it, those who value tradition, as well as the elderly often find it their primary –
and possibly only means of communication"
100,Size up,Kenshi,Mundane Talent,"With just a glance, you can tell exactly what someone is carrying on their person. This
allows you to check someone for hidden weapons, or precious valuables tucked away in their bags."
100,Jack of Trades,Kenshi,Mundane Talent,"You no longer have to spend time learning the beginner aspects of a skill, as you
already know all the basics. Every task you take on for the first time you get experience/knowledge as if you
spent three days learning how to do it. This applies to crafting, languages, weapon proficiency, etc."
100,Desperate,Fist Of The North Star,Mundane Talent,"Everything is scarce in this world, mercy, shelter, food, and hope. But you don't
care about that, you can make do with whatever you can find. Those tattered scraps of leather can be
made into a nice jacket, that pan with a hole in the bottom would make a nice piece of armor, and a
handful of rice seeds could be a meal for the night. You are a master at stretching supplies beyond
reasonable limits and making things from sub-par materials, you can even perfectly repair simple
things so long as you have all the pieces. Just because your jacket got torn to shreds doesn't mean you
can't fix it up good as new in your spare time."
100,To Seek Tomorrow,Anima Beyond Fantasy,Mundane Talent,"Your eclectic skill set has left you with a number of strange
skills, all of which have been trained to at least adequate levels. You now have at least a basic
knowledge of almost every mundane medieval skill, enough to at least do easy tasks."
100,Sailor,Vinland Saga,Mundane Talent,You are now proficient in the role of your choice on a ship to the point that you would be renowned for this skill.
100,The First Lesson,Samurai 7,Mundane Talent,"If it advances your cause then lying is alright. It’s a lesson
you learned very well. You are an excellent liar. You can tell a lie without a hint of stress
or physiological reaction, and you don’t really have a tell at all. It’s as if for you telling
lies comes as naturally as telling the truth. You’re not bad at coming up with lies on the fly either."
100,Boy Beast,Katanagatari,Mundane Talent,"Growing up on a wild, abandoned island taught you your fair share of tricks and cheats. You’ve got
all the knowledge and experience you need to survive out in the wilds of the world with nothing but
your own two hands and feet, even for decades on end. You also happen to be weirdly acclimatised
to almost every climate on earth, such that you can walk around in both desert and tundra without a
shirt or pants on and be perfectly fine. You’ll make everyone looking at you feel cold though."
100,Lab Manager,Bloody Roar,Mundane Talent,"Your organizational skills, management, and multi-tasking capabilities are without equal, to the point that from a simple office cubicle, you could run ten laboratories in different nations at once, so long as you had communication."
100,Cultural Understanding,Blue Eye Samurai,Mundane Talent,"This is not a safe time to buck cultural norms unaware. The Edo period saw the Shogunate try to strangle any kind of social mobility and everything they thought of as destabilizing. The Itoh’s rule is even more restrictive on foreigners than the Tokugawa of our history ever were: Only four are allowed on the islands, out of sight, unable to travel except to pay fealty to the Shogun once a year. This Perk gives you a broad understanding of culture, religion, and customs for this period, and lets you speak and write Japanese like a native. It will adapt to future Jumps that take place in Edo period Japan or locations heavily based on it. This extends to other places in the 1600s."
100,One Must Be Acquainted With Every Art,Blue Eye Samurai,Mundane Talent,"Or so the saying goes. While not every art, you’ve learned many traditional Japanese arts. Calligraphy, painting, poetry, tea ceremony, flower arrangement and so on. Even those you didn’t practice you developed an appreciation for. Beyond making you a more rounded individual and letting you have a cultured conversation, this has given you a keen eye for all forms of art, letting you appreciate the skill of the artist with but a glance at their work, be it a single brushstroke or the smoothness of a cut."
100,Useful,Blue Eye Samurai,Mundane Talent,"You’ve learned an astounding variety of skills. You can forage, camp, cook, clean, mend clothing, sew wounds, ride and tend horses, work wood, smith tools, make simple medicines and poisons, you’ve learned religion, philosophy, poetry, and even the principles behind swordsmanship. You may not be a master at them, but you’re good enough to be considered skilled. For this and future Jumps, if there’s a craft that you could have reasonably picked up in your Origin’s free time before entering the Jump and you find yourself in need of it, you can add it to the list, retroactively fitting learning it into your Origin. You may add up to 5 per Jump."
100,Oshiroi,Blue Eye Samurai,Mundane Talent,"Dress styles, manners, makeup, this era has a rich and complex culture revolving around what should and should not be used in different social contexts and by whom, with the usual fleeting fashion trends on top of it all. This Perk gives you this knowledge, self-updating to wherever you may go, alongside the skills to apply it all, equivalent to a professional makeup artist, costumer, hairdresser and so on."
100,Commerce. Tea...,Blue Eye Samurai,Mundane Talent,"You know how to do business in this era, you know who has it, who will pay for it, and who’ll transport it, you know the value of things and how to handle money, how to manage the vast amount of people needed to make national-scale merchant operations work."
100,Mastershipman,Conan,Mundane Talent,"You are a master sailor and would make a great mastershipman.
Beyond wonderful sailing skills and truly knowing your way around the boats of this age,
you possess an excellent eye for the weather at sea, and a good knack for identifying
where your goods will be valued when you would reach the location if you choose to go
for a port and what locations would not be worth the dangers."
100,Painted in Prose,Conan,Mundane Talent,"A picture is said to be worth a thousand words, but great
writers put a lie to that statement, painting in sentences pictures as vibrant and vivid as
life itself across the canvas of the mind. And you now possess the sort of Sword and
Sorcery writing skills to make you regarded as one of the all times. You seem to be
especially good at describing scenes vividly to make the readers see them in their mind’s eyes."
100,Tongues of the Hyborean Age,Conan,Mundane Talent,"You seem to have quite the linguistic talent. You already know all common languages of the Hyborian Age, but your linguistic skills do not stop there. You learn new languages quickly and easily, and as you learn more languages your understanding of languages will only increase. This will increase the pace at which you learn new languages with each language you learn, but you could apply your linguistic skills to things like deciphering coded messages or piecing together ancient text from your knowledge of its modern descendants. You’re also good at recognizing accents."
100,A Simple Magic,Conan,Mundane Talent,"While the sorcerers Conan faces rarely need to rely on it, he’s not above noting how the Stygian priests - common true sorcerers - are fond of certain tricks to counterfeit supernatural powers, and the sorcerers of the world are not above mixing them in to increase the illusion of their power. And illusion might be the correct term here. You are highly skilled at sleight of hand and legerdemain, able to quickly and efficiently palm items, slip them from your sleeve or elsewhere, hide objects on your person, and while you don’t necessarily know the modern tricks of a stage magician, you know the art of illusion that makes them possible - how to get someone’s attention and focus to not quite be at the right place."
100,Master Artisan,Muhsoku Tensei,Mundane Talent,"From a humble hobby you manage to turn something mundane into something exceptional. This grants you the proficiency and mastery of all Arts and Craft allowing you to create and do things at master-level so long it's related to Arts and Craft. Anything that you make is always beautiful and artistic without compromising its quality and the quality of your failed or inferior products are still at the level where kings and nobles would use much of their fortune to compete and buy it. Your greatest products may even incite wars. When you are
working on a project the minor projects tend to be ten times faster when you're working on it and the major ones tend to be half as fast as your small projects, no matter how complex the project is, granted you have all of the materials needed to create the said projects."
100,Wilderness Survivalist,Muhsoku Tensei,Mundane Talent,"Being transported to the wilderness without proper equipment would only spell death for others but not you.
With this you gained the skills and proficiency needed to survive in the wilderness without proper equipment
from recognizing which plants or water is safe to eat or drink, to preparing or locating a safe rest place to sleep
for the night up, to hunting animals for their meat. This also gives you the ability to navigate from one place to
another making it so that you will never be lost and unable to find your destination regardless of where you are
and know the normal signs and landscapes to locate a city. Thus, even if by some miracle you are lost, you can
survive and eventually find your way home."
100,Charlatan,Thunderbolt Fantasy,Mundane Talent,"You are extremely charismatic, cunning, and an excellent liar, as a result,
you can easily assume a false persona that would leave most people fooled. Because
for you, personalities are simply a mask that can be put on and discarded at will."
100,Courtly Presence,Thunderbolt Fantasy,Mundane Talent,"You're an utter prodigy with an instrument of your choice. You
possess an unfathomable talent with it and so you possess the talent to entertain kings,
queens, and emperors. Lines of people numbering in the hundreds would travel miles on foot to hear you play."
100,Master of Seclusion,Duel Monsters - The Heroes,Mundane Talent,"Being a dimensional traveler with no documentation and no social security net makes living day to day difficult for obvious reasons. But that’s no reason to stay outside with the elements. You’ve got an innate affinity for urban locations, meaning you’ll always manage to find somewhere relatively safe to use as a house in city environments. That doesn’t mean comfortable, but figuring out how to easily sneak inside a clock tower no one ever goes to and crashing there still beats living in the streets."
100,Hero Mask,Duel Monsters - The Heroes,Mundane Talent,"Everyone knows a Hero doesn’t just walk around in casual wear. The costume, the mask! They’re not there just to conceal their secret identity. Seeing some guy in a hoodie shoot flame out of his hands at criminals is terrifying, seeing a guy in colorful armor and spandex do the same is inspiring! If you can’t carry the flashy costumes, then you’re no Hero, so you’ve figured out how to make it all work. This also comes with the dexterity needed to put it all on in the heat of the moment, the sewing skill needed to make your own costumes, and just a little bit of luck to stop it all from falling apart once inevitably damaged during combat."
100,Boiling Rage,Brütal Legend,Mundane Talent,"Endless years of anger have trained your body, mind, and wit. You possess immense skill in channeling your rage... into insults. Very hurtful ones that can provoke nearly anyone to blind rage unless they are either very calm, or very smart."
100,Feudal Living,Kimetsu no Yaiba,Mundane Talent,"Whether it's a life on the road or high in the mountains, you have to be able to take care of yourself and find ways to make use of your time; luckily for you, actually learning those things won't be something you have to worry about. You come into this jump with all the basic skills you need to live on your own - hunting game, gathering medicinal and edible plants, cooking safe and tasty meals, basic first aid, shelter-making...all the things that make roughing it alone possible. Of course, we're not gonna stop there; in addition, you have substantial experience in a trade skill, whether it be a craft like carpentry or smithing, or an extension of the above, like long-distance tracking or more in-depth medical training."
100,Gargletongue Translator,Sundered,Mundane Talent,"You are able to perfectly spell words using any system of characters, and speak in any language you understand. Regardless of the required dimensionality to write or speak it properly. Additionally, you understand the language of the Shining Trapezohedron."
100,A Great Asset,Sundered,Mundane Talent,"In such a small group, everyone needs to be able to pull their own weight. When you are part of a group for extended periods of time, you are quick to pick up skills related to a sorely lacking role. Even with nowhere to pick up the skills, you can intuit the basics, but to progress beyond the mere basics you will need something beyond your tuition."
100,Scientific Mind,Sundered,Mundane Talent,"You are skilled at research and engineering in general, and have a PhD level of knowledge in your choice of a particular subject. Even in situations that you aren’t well versed in, you are at least able to follow other’s scientific discussions and correlate it with what you know to expand your own knowledge."
100,Military Strategies,Sundered,Mundane Talent,"When it comes to wartime, you are quite skilled at training soldiers, devising strategies, and getting others to follow orders. In particular however, you are skilled at managing an entire outpost with minimal resources, quite useful here."
100,Cultist,Sundered,Mundane Talent,"You are quick to pick up the ins and outs of various beliefs when you encounter them, and are fully familiar with the teachings of the Eschaton."
100,The Trade of Thieves,Sword & Sorcery,Mundane Talent,"You learned the tricks of your trade very early. You mastered them not long after. You’ve the quick
and nimble fingers to filch gold from the purses of wealthy men, the quiet stride to slip through
shadows unseen and unheard, and the keen senses to pick out the best opportunities. Left to the
life of a simple street thief you’d be the best, but I do hope you have the ambition to prove yourself
more than just another cutpurse."
100,Veins of Gold,Elric Saga,Mundane Talent,"While it’s true that there are nobles who live luxurious lives of decadence
because of the fortune of their ancestors alone, there are still those men and women who manage
to follow in the steps of those diligent ancestors and continue to enrich themselves through nothing
more than their own acumen for matters of gold. You are of the latter sort, since you seem to have
a nose for riches and opportunities to acquire them. In any situation you can determine whatever
course of action will profit you most, and you’re naturally proficient when it comes to the art of
bartering and gaining the greatest possible amount of wealth out of a financial agreement. In fact,
you might feel that people you strike such bargains with are willing to give you more than they
originally intended."
100,Organic Mechanic,Mad Max,Mundane Talent,"Or as they would say before the fall, a doctor. The sewing of sinew, the art
mending of flesh and bone. Perhaps you are the one Jeet has been seeking? The skills of a world
renowned doctor and surgeon are now yours. You can make do with improper tools and homemade
medicines as though they were proper pre-war grade. You also know how to concoct your own remedies
out of the surviving plantlife and household chemicals."
100,Valuable,Mad Max,Mundane Talent,"Whatever skills you have make it much less likely that you’ll be
outright murdered, the less violent folks will likely even provide you hospitality in exchange for your
services, perhaps even paying you if skilled enough at a valuable one such as mechanics."
100,Into Eternity,Primal,Mundane Talent,"You are a good parent. You have good instincts as a parent, and a good sense of how to raise a child well, teaching them what they need to know to live a healthy and successful life, how to care for them so they have the chance to grow into that life, and how to keep them safe in the interim. This won’t magically protect your child from all harm, or give you the time or academic knowledge needed to teach them everything that might advantage them, but you are a good parent."
100,Unspoken,Primal,Mundane Talent,"Language is a barrier between man and man and man and beast both. But it seems to be a lesser one for you. You’re good at making yourself understood through actions and gestures, as well as grunts, roars, or other non-lingual vocalizations. And you’re good at understanding others when they attempt non-verbal communications; you’d be a master at charades, but it should also help you show your good intentions towards a t-rex or recognize that mammoths might want their kin’s tusk back. This seems to be at its best when it comes to coordinating with allies in a crisis. With just a few glances, maybe a gesture or two, your allies seem to be able to intuit your plans with ease. They won’t know anything too detailed, but if you wanted to use a dead snake to catch the rock overhanging a waterfall and break your falls, just by grabbing one end they’d be able to figure out their part to grab the other."
100,Taunts,For Honor,Mundane Talent,"You excel in coming up with taunts on the fly, small actions like hip thrusting and dabbing, but more important than the taunt is its effect. These are guaranteed to infuriate and enrage your opponent should you sprinkle them over a bout. An angry opponent is more likely to make costly mistakes."
100,Commoner Sense,Hawkmoon,Mundane Talent,"You’ve managed to pick up all the basic skills any feudal peasant should be expected to have, such as farming and animal husbandry. In addition to this, you’re also an experienced practitioner of a single trade of your choice: For example, blacksmithing, woodcarving, or cobbling. As long as it’s a trade you could find in your average Medieval town, you can choose it for this perk."
100,Deceiver,Legacy of Kain,Mundane Talent,"One thing that you might be quick to discover is that most characters that matter are either pawns or players (and some happen to unwittingly be both) in the long game for the future of Nosgoth. And if by chance you want to be counted among those pulling the strings you will need this. You gain a remarkable talent for misdirection and deception, easily able to tell convincing half truths or outright lies and make them sound believable unless the other party already has hard evidence to prove otherwise. Not only that but you are also a model actor, easily feigning ignorance or weakness when in truth you are in full control all along. Perhaps after this is over you might consider a career in theater?"
100,Veil of Secrecy,Legacy of Kain,Mundane Talent,"There are times where you have to play the long game and what better way to do it than assuming the identity of someone else? With this you now have a considerable talent for deception, especially prominent for impersonating others. The more you know about your mark the better and more accurately you can present yourself, but even with second- hand knowledge you can be pretty convincing, especially if those that would know the difference are no longer around to call you out.

With enough insight into your target you may effectively play their part indefinitely with only direct supernatural means capable of revealing your true nature – or unless you deliberately end the charade yourself of course. And to make sure you can stay ahead of the game you are also remarkably good at covering your tracks, hiding any signs of your hidden hand in events and letting others suffer the consequences while you laugh in the background."
100,Golden Eye,Kill 6 Billion Demons,Mundane Talent,"There are thousands of banks in Throne and each one minting a different coin with inherently different
values that's impossible to keep track. Good thing you can tell the value of anything in respect to the
local market with a single glance."
100,Appraising Eye!,Hajime no Ippo,Mundane Talent,"Having spent years in the sport, you’ve developed an instinct for recognizing potential in others. With this Perk, you can assess a person’s aptitude for fighting at a glance, identifying their strengths and pinpointing the areas they need to develop as athletes."
100,Kamogawa Magic!,Hajime no Ippo,Mundane Talent,"Drawing on the wisdom of a master coach, you possess the unique ability to create highly effective training programs tailored to each individual fighter. Your expertise enables you to push your students to their limits without risking burnout, transforming raw talent into championship contenders in record time."
100,Radical Self Love,Kajiri Kamui Kagura,Mundane Talent,"I this world where there is no love beyond that for oneself, no morality save that which helps one
get ahead, there is a special kind of person who can take this even further. Being unshackled by
positive feelings for others or morality, great plans and plots can be strung together and carried
out. You have the ability to plan deep plots without being emotionally affected by the
participants or victims of your plan. Any morality you wish to ignore can easily be tossed out.
This is not just relying on logic, this only affects positive emotions so feel free to come up with
the most sadistic and cruel plans that involve betraying the very ones you love just to meet your
goals. This only works for plans that directly benefit you in some way. Post jump this can be toggled."
100,Expert Painter,Manyuu Hikenchou,Mundane Talent,"With so much beauty in the world, there is a great demand for those who
can immortalize it in art. You have become an expert artist in one style of your choice, from the
physical mediums like painting and sculpting, to the intangible arts like song and poetry.
Additionally, this perk makes it easier for you to convince others to participate in your art. You’ll
never want for models, actors, or other accompaniment ever again!"
100,Mystique,Manyuu Hikenchou,Mundane Talent,"Whether you’re a rogue like the Tit Thief or just a stacked countrywoman
looking to avoid the Manyuu Clan’s scrutiny, there are plenty of reasons to hide your
appearance. Thankfully, you’re a master of disguise. Wield your wardrobe to downplay your own
attractiveness, present yourself as another gender, or even maintain a complete secret identity.
Your features are yours alone to reveal."
100,Skill Fix It,Real Steel,Mundane Talent,"You're an apt hand with mechanical tools of all kinds and have Ph.D.-level knowledge
in mechanical engineering and robotics with a focus on fixing things up quickly and
doing so well."
100,Researcher,Tunic,Mundane Talent,"The wise custodians are dedicated to their own goals. In modern times, it is to be a
caretaker usually, though there are some who dedicate their time to delving secrets of
the world and magic. One of their number believed they had discovered the true shape
of the universe. Given the drive and inclination such heights are achievable, though
arbitraging that knowledge into power is a separate task."
100,Blacksmith,Arawn,Mundane Talent,"Bran was a blacksmith, and his creation passed those skills down to his son,
Arawn. So it is with you. Years of experience with a wide variety of metals have made you into quite the
smith, able to melt, cast, mold, and hammer them into whatever tool you’d like. You could make quite
the profit if you plied your trade wisely in these coming times..."
100,Dark Watcher,Arawn,Mundane Talent,"The druid Fenris stalked Siamh for many moons, watching in the distance as he sent wolfmen to kill her and take back what was his. It was only when he revealed himself that she became aware of his presence. As long as you observe someone from afar and avoid interacting with them, they will not notice you. You may aid or act against them if you wish, but this must be done through those who will act in your place instead of personally."
100,Rat Bastard,YOMI Hustle,Mundane Talent,"When you run away, you'll instinctively make it harder to keep up with you. This may be by setting up a wall of fire as a barricade, or by just throwing projectiles. You can, however, turn this off if you'd like to be a decent human being."
150,You Gonna show,Baki The Grappler,Mundane Talent,"You won’t find this helpful in a fight, but you won’t be lacking employment. You have the skills of a legendary beautician. You can transform even the most unattractive, uncanny, or outright deformed visages overnight, into the types of beauties you only find in modelling magazines. You can even use your understanding of the human body to create small structural changes, akin to plastic surgery, but with no incisions or recuperation period necessary. Once someone has undergone your treatment, while their makeup will wash off in time, they’ll find their body’s appearance and overall health to be drastically improved in the long-run."
200,Mediator,A Will Eternal,Mundane Talent,"The world of cultivation is one filled with traps and pitfalls, and not just the physical kind. It is
all too easy to accidentally disrespect some pampered young master, or offend a sect for a
small conflict with one of their members. Hence the ability to talk down the sides of a conflict
can of great use. You are quite talented at this in fact, at stopping conflict and bringing sides
together. Being an important figure for each side of the conflict will do wonders to help too."
200,"Unabashed, Unmatched Sex Fiend",Against The Gods,Mundane Talent,"You’re one. Really, you are. When it comes to wooing others, you have the kind of skills that the very best casanovas in the world would come together to declare you the One True Sex Fiend.
You know just how to talk the right way, how to behave in the short and long term, how to touch
them just right, so as to inflame the passions of even the most frigid, hard-to-crack people in the
world. You can make them fall in love with you or in bed with you, or both. And yes, you have the
skills and endurance to thoroughly satisfy any number of people you may have brought to your bed.
Furthermore, you also have the skills to ensure that your existing partners have no problem with
you fucking, or marrying or entering into relationships with any number of other partners. Indeed,
your partners tend to grow close by themselves, even getting romantically involved if their
personalities fit right. This works on any member of your preferred sex you set your mind at, be
they people, spirits, gods or anything in between."
200,Financial Backing,Katana Zero,Mundane Talent,"Business is pretty important above and below ground. Money makes the world go round, after all, and you’re one step ahead in that regard, being a skilled businessman who can perfectly balance budgets for maximum efficiency and satisfaction, predicting where your market will go, planning and scouting new business ventures, all that good stuff. If you’re gonna make some high-tier combat drug shit, you’ll make sure you can get the materials and ties for it."
200,Deciphering Languages,Tales Of Demons and Gods,Mundane Talent,"It is nearly impossible to do research on inscription patterns without a grasp on the languages most of the ancient texts are written in. Even the most fundamental works, such as the Books of Divine Fire Lightning, are written in lost languages. However, you have a talent for deciphering dead languages, given time to study you can learn pretty much any written language you come across."
200,Alchemist's Eye,Tales Of Demons and Gods,Mundane Talent,"Many things in this world have medicinal and alchemical uses which have been lost or simply forgotten. Fortunately for you, however, you have a sixth sense for what can be used to bring out the best effects in a potion or pill. Simply by studying an herb or a plant you can discern its medicinal uses and the best ways to use it. To add to that, you can easily discern the cause of any nonmagical ailments someone may be affected by."
200,Knowledge Of Good And Evil,Baki The Grappler,Mundane Talent,"It’s easy for the lines dividing “friend” and “foe” to get muddled with those who pride themselves on their capacity for violence. As long as you show them a modicum of respect, and earn at least a modicum of theirs, and assuming neither of you has a good reason to continue your hostilities, nearly any enemy has the potential to seamlessly shift into a personal friend, at leastin name. They’ll still pursue their own goals, and retaliate when you severely obstruct them. This doesn’t require any degree of equality between the two parties. Whether it’s a loyal enemy spy, or a one-man army, you’ll have the chance to befriend them through even an unsuccessful but serious attempt to oppose them. It should be noted that personal chemistry is still required for these friendships to actually last. The selfish and sociopathic are especially vulnerable to this, for better or worse."
200,No Scripts Necessary,Baki The Grappler,Mundane Talent,"In the professional world, a fight is won before it’s even begun, but the world of underground fighting
isn’t much different. You know just how to fix a fight to make for the best show. You can talk all but
the most sincere and prideful fighters into taking a dive for you, or let you take one for them, under
the right terms. Even if your deception comes to light, nearly the entirety of the public backlash will
be felt by your co-conspirators, while your reputation will come out almost entirely untarnished. If
that fails, there isn’t a fighter alive who can resist your provocation forever. When dealing with
fighters who insist on keeping their distance, or who refuse to fight with you period, you always
know the most effective way to taunt someone to steal away their composure. Even if they know
that you’re full of it, they won’t be able to resist the urge to smash your face in. To facilitate all this,
you’ve gained supreme acting and improvisation ability, and the foresight to set up even the most
elaborate provocations on short notice. This naturally make you almost impossible to fool by
fighters who try to provoke or feign weakness against you."
200,Sleep by Sundown,Baki The Grappler,Mundane Talent,"This is not the tool of any self-respecting warrior. It is a killing art, nothing more. You are a natural
when it comes to mixing poisons. You can create impossibly lethal and almost incurable poisons
with nothing more than relatively common herbs and insects. You can not only make these poisons,
you’ve built up such an obscene resistance to poisons of all kinds that you can soak your hands in
these poisons without being harmed in the slightest, such that your opponent’s can be infected
through skin-on-skin strikes. You can instantly blind a man with a punch, or potentially kill
monsters like the Hanmas with a few well placed blows. Do note that continuing to use this practice
may cause you to develop into raptor-like talons."
200,Come Back After You've Eaten,Baki: Son Of Ogre,Mundane Talent,"Turnabout is fair play, and that is where you excel. Turning a power dynamic around is
effortless for you. You could have someone piss on you to show dominance, only to make
them aware of how pathetic they are for stooping that low. If you have the skill to back it
up, you could convince a group of men with automatic weapons that they are now your
hostage. In both cases they’ll find it immensely difficult to write it off as a bluff."
200,You're a Bullet,Baki: Son Of Ogre,Mundane Talent,"When someone decides to move, there is a 0.5 second gap of unconsciousness before
their body can follow through. You have a knack for spotting that window and reacting
fast enough to let lose at least one good hit in. Even monstrously strong opponents will
be unable to perceive your attack, let alone defend, within that window. However, this is
mainly useful for sneak attacks, and is significantly less effective on those who know to expect it."
200,"A ""Champion"" of Sorts",Baki: Son Of Ogre,Mundane Talent,"“World champion” isn’t as high a rank as you might expect here, hence the price. You are
a respected and globally recognized champion in a non-combat sport of your choosing. It
could be running, climbing, gymnastics, etc. With the physical abilities to match. This
alone won’t let you take on top-tier fighters, not even close, but it’ll help."
200,Why Just Look From the Outside?,Baki: Son Of Ogre,Mundane Talent,"One can’t be stingy when uncovering nature’s secrets. Being able to split a sample in half
lets you uncover more secrets with your eyes alone than a whole team could with high-
spec equipment. It’s not a 100% guarantee every split sample will be a revolutionary
discovery, but it’s never 0%. This is far riskier if your sample is one-of-a-kind."
200,Can He Beat Him?,Baki: Son Of Ogre,Mundane Talent,"Intel is just as valuable to duels as they are in wars. You have the intuition to accurately
determine an opponent’s relative strength. You can instantly devise the outcome of any
hypothetical battle with astounding accuracy. You’ll need data on both opponents, but
even second-hand information will suffice, if you have enough of it."
200,Bare-Handed Soldiers,Baki: Son Of Ogre,Mundane Talent,"One champion and army does not make. You can create hellish training regimensto sculpt
trainees into superhuman soldiers that have nothing to fear from firearms. You can make
them masters of martial arts, infiltration, guerrilla tactics, etc. with inhuman physical
abilities, but you can’t teach anything you aren’t capable of yourself."
200,Former Member of the Five Clans,Fog Hill of Five Elements,Mundane Talent,"How someone like you ended up here is a mystery, like Ze Qi you left your clan by choice or they got rid of you, whatever the reason the reality is that you no longer belong to the five clans, with this you lost much of the prestige of being part of the five great clans and surely you will not be very welcome by most, In spite of this, you can't take away your training in combat, survival or even a superficial knowledge of your clan's trades. Finally, it would be fair to say that having grown up in the family of the five elements has also given you a wider knowledge of the world.

In the future worlds, this will give you a general knowledge of the world, as well as a certain fame as a former student or relative of an important institute or family."
200,Craft of the Villager,Fog Hill of Five Elements,Mundane Talent,"The name says it, you know or are skilled in a small craft that can help the village as a potter,
blacksmith, doctor or liquor maker you will not be any prodigious master, but you will surely be
above average, I want to make it clear that this is quite important, having how to secure your
future and knowing your trade is important and being quite impressive will make you be taken
into account, in future worlds you will not be able to change your trade, but the knowledge and
experience will be updated to bring you up to date, although depending on the world the trade is
true that it may look different, but the origin will be the same."
200,Tailor Made,Demon Slayer,Mundane Talent,"When you look at someone you can instantly tell what weapon would suit them best, as if sizing them up with your eyes. Everything is taken into account, from measurements to potential and you will even know if a unique style of weapon, such as a katana whip, is more suitable for them, though this does not guarantee that they will accept your judgment."
200,Computer Hacking,Samurai Jack,Mundane Talent,"Top-tier knowledge of computer systems. You can break past security programs, steal digitized information, and take over automated machines with ease."
200,"Listen, Follow, Believe",Nine Sols,Mundane Talent,"What may seem to one person as meek submission, may be to
another the necessary performance needed to keep people together. You know how to
walk this fine line, and would be capable of acting as a leader to keep a community together
in hard times or bewildering circumstances, whether inspiring them to work together, or
weaving or believing what lies might be necessary to keep - no matter the cost."
200,Teacher's Legacy,Live A Live,Mundane Talent,"The old Xin Shan Quan master passed on the same techniques to
all of his students, yet each of them ended up with different abilities - how could this be? The
answer is that each of the students developed their own style based on their master’s teachings.
With this perk, you can develop the same kind of legacy for your abilities. Not only do you gain
better teaching skills, you also develop an intuitive understanding of who could put their own
spin on which of your skillsets - after all, any field can benefit from some new blood!"
200,Master of Rigging,Live A Live,Mundane Talent,"Be it regular rigging or jury-rigging, you really know your stuff. You
are an expert at setting up traps and ambushes, and your ability to find creative uses for
common household objects rivals the likes of MacGyver. With your knowledge, you could stop a
large gang of armed criminals using nothing but the sparse belongings of a small town and the
good will of its inhabitants. The Old West is unpredictable, and now, so are you."
200,Power Jacking,Live A Live,Mundane Talent,"You have gained the ability to hack your way into devices via their
power source. Any device that relies on a public power supply is pretty easy to put under your
control, and even with private power supplies, it’s only a matter of connecting to that power
supply yourself. Battery-powered devices might be trouble, though. This also allows you to hack
devices that should by all means be too simple to hack. Light switches, for example. You’re also
granted some decent hacking skills, if you didn’t possess them already."
200,Poisonous Personality,Tekken,Mundane Talent,"Subtlety is an Assassins friend and very few can be so subtle like poison.
You gain a knowledge of every poison in the World, how to make antidotes and even know a way to
literally spit poison out of your mouth into the eyes of your opponent, blinding them for a few seconds."
200,Construction Master,Ranma 1/2,Mundane Talent,"Fast, Cheap, Quality – normally when talking about repairing damaged buildings, or building new ones you can only pick one, or if you're lucky two. Considering the number of buildings and public structures around Nerima that are damaged or destroyed on a near daily basis, the fact that you've mastered all three means your services will probably be in high demand around this place. Otherwise it wouldn't take long before Nerima was just one big pile of rubble"
200,Gambling Acumen,Ranma 1/2,Mundane Talent,"You know how to set the odds on anything people are willing to bet on, especially fights, so that not only will people be willing to bet, but you're pretty much guaranteed to come out ahead. You'll be able to make a good bit of cash working betting pools around the many fights and challenges that are constantly popping up around here."
200,Craftsman,Okami,Mundane Talent,"Pick a craft available in ancient Japan. Whether it be brewing sake, pottery, crafting bamboo, or
cooking, you are now a master.
Can be taken multiple times."
200,The Amazing Pyrotechnician,Okami,Mundane Talent,"You have an instinctive knowledge of fireworks and of explosives in general. The proportions of
ingredients, the correct length of a fuse, how to make a clear image in the final explosion... all
these are now in your grasp. The gods can step over, because you’re putting new constellations in the skies."
200,Sticky Fingers,Okami,Mundane Talent,"You are an amazingly skilled pickpocket. So amazing, in fact, that you can steal a mask off
someone’s face and they won’t even notice until they get home."
200,Jumper-Sensei,Okami,Mundane Talent,"Even gods need teachers, and you’re good enough at it to hammer knowledge into the most
determined of blockheads."
200,Clan Heritage,Swords,Mundane Talent,"You were born to a clan of dwarves that revolve around a specific material or object. Gold Dwarves to gold,
bronze dwarves to bronze, bone dwarves to bone, potato dwarves to
potatoes, etc. Progress on Learning about your clan's object is
boosted twice the amount and takes half the resources it normally would."
200,Particular Set of Skills,Ghost of Tsuhsima,Mundane Talent,"Toolmaking is now your specialty; you can make all sorts
of things ranging from highly accurate and aerodynamic kunai to an incredibly user-friendly
grappling hook--whatever you may need for your exploits you can create and craft to your
liking. Though this skill is still largely dependent on whatever knowledge and experience you
possess, you can make tools for just about any situation or endeavor. You may not be a
journeyman blacksmith or bowyer but you also have sufficient skill to make repairs and minor
improvements to weapons."
200,"Silver Tongue, Sharp like Steel",Samurai of Hyuga,Mundane Talent,"Words, outside of Shugenja’s talisman, might not kill anyone but they sure can intimidate or
insult, engross or distract. You’re an expert at using your mouth for a combat advantage,
whether it’s by enraging them and making them predictable or disturbing them and putting them
off balance. You even know when a stoic silence would hit harder."
200,Weaselly Charm,Samurai of Hyuga,Mundane Talent,"Even if you’ll never become a noble, it doesn’t hurt one’s chances in Hyuga to butter them up.
You’re quite the expert at acting as a sycophant, worming your way into the good graces of
those in a station higher than yours, and your skill at placating the capricious and occasionally
bloodthirsty nature of them and their escorts means you’ll stay in said good graces for a good while too."
200,Poet who Conceals,Samurai of Hyuga,Mundane Talent,"Literacy and an education in the fine arts are rare amongst the rabble of Hyuga. Yet you have
achieved a deep understanding of the written word and other forms of creative pursuits, in more
ways than one. Your aptitude in such pursuits would allow you to make a living as a teacher of
such things and in other ways. Deciphering messages hidden in poems, as well as hiding them
in the first place, are routine for you. This skill of yours would make you quite adroit at intrigue."
200,Heal,Ironsworn,Mundane Talent,"You know how to staunch bleeding, bind wounds, make and
apply salves and tonics. Healing in the Ironlands isn’t magical so much as
operating on a compressed timeframe. The most grievous of illness and
injuries you can treat in a few days. Minor wounds in minutes."
200,Sailor,Ironsworn,Mundane Talent,"You are a master sailor, able to circle the world guided only
by the sun and stars, to pull a longship through the most tumultuous
storms, and generally sail anywhere with admirable speed and skill."
200,Traps,Ironsworn,Mundane Talent,"You are a master of traps and ambushes, both the setting
and avoiding of them, as well as improvised fortification. With some hours
to work, a few or one can stand against many."
200,Mind Games,Fights in Tight Spaces,Mundane Talent,"You are no slouch as a fighter, but some of your greatest weapons are
words and cunning. You have an amazing talent to get into the heads of your foes with taunts
and misdirection, as well as using careful positioning of yourself and manipulating your foes'
positions, to trick your enemies into attacking each other. And somehow, your enemies never
seem to get more cautious about falling for your provocations."
200,Like a Fox,Sword of the Stranger,Mundane Talent,"You’re a natural trickster, able to lie easily with a straight face and perform all kinds of
other cons and deceptions. You could set up distractions to lure someone away for a few
moments while you steal from their house, or convince someone the treasure you’re
offering them in payment is far more valuable than it actually is, with little fear of discovery."
200,Feel Like Flying,Sword of the Stranger,Mundane Talent,"You are an exemplary horserider, able to stay in the saddle no matter your speed or the
tricks you do, leap from it without harm should your steed be hurt, and spur a horse to
incredible lengths to do what you want. Beyond this, you’re also well-skilled in tending
to horses, able to tell good animals from bad, tame them with relative ease, and take care of them."
200,Weapon Maker,Hanachirasu,Mundane Talent,"Just how the guns fell out of place in Tokyo and the blades reclaimed their
previous popularity among warriors, so the bladesmiths of old came back to life.
Sadly, some of the knowledge of ancient smithing was lost for good. However, it
stands to reason that both the basics and certain techniques would be passed
down, and that those with talent in creating swords would appear as well. You
are one of those, gaining knowledge and technique to create swords, perhaps not
outright masterpieces yet, but in average vastly superior to the common blade,
even by Tokyo’s standards. With time and research, you might be able to create
blades that rival the past legends."
200,Political Intrigue,Jade Empire,Mundane Talent,"The intricacies of the Jade Empire, including its odd traditions, cultural taboos, and legal system, are no
mystery to you. You know when to send spoiled turtle eggs and what acts would attract the watchful
eyes of the Lotus Assassins, or any other authority"
200,Roboticist Expert,Kenshi,Mundane Talent,"You’re a natural roboticist. You’re much quicker at picking up how robotics work
in general, and you’re more than capable of repairing your own body. With some study and research, you’ll
even be able to upgrade your parts, increasing your efficiency. Eventually, with enough time and hard work you
may even unlock the secret behind how skeletons are created..."
200,Knowledge of the Past,Fist Of The North Star,Mundane Talent,"You can remember the world as it once was, peaceful and
prosperous, and you have knowledge that can be used to begin restoring it to that state. Maybe you
know how to farm and can pass on methods that will ensure even the scarce seeds villagers have can
become bountiful fields in time, or you have architectural and engineering knowledge that will allow
men to make more than ramshackle huts and slap-dash walls from their scavenged resources. Perhaps
instead you possess insight into law and justice, manufacturing, or some other set of skills that can
improve this world. With each purchase of this perk pick one broad set of skills and knowledge that
could be directly used to help rebuild society for you to know and be able to teach to others."
200,Storyteller,Vinland Saga,Mundane Talent,"You are able to perfectly regale tales of your adventures in entertaining
and interesting ways, with most people fully believing your story so long as the story you are
telling is actually the truth."
200,Magistrate,Samurai 7,Mundane Talent,"You are a skilled civic administrator and governor. You could keep
a large city, or maybe even an empire, alive and thriving. Or you could line your pockets
and get rich. This won’t give you some great understanding of your people, or anything
more than mundane skill in administration, but you could make a good ruler, if you don’t
choose to be a greedy one."
200,Castle Building,Samurai 7,Mundane Talent,"You are an expert in defensive fortifications, and preparations. You could look at a farming village and determine immediately how it would need to be modified to be defensible against an attack, what fortifications need to be built, where, and what choke points you could create. Imagine what you could do with the proper resources to build a proper fortress?

But defending a castle isn’t just about designing its walls. You are an expert at drilling
and training soldiers. You won’t be turning peasants into samurai able to leap several
times the height of a person, or cut through mechs, but you could teach them to be an
effective fighting force and soldiers with mere days, and instill in them a sense of military discipline."
200,Charming and Successful Businessman,Soul Calibur,Mundane Talent,"You would make an excellent con artist. You are quite capable of pulling the wool
over people’s eyes, making them believe your sob stories and scamming them with
ease. You’re even able to use your talents in combat, though to a less effective degree when
compared to merely talking it out.
Of course, to complement your con artistry, you know the ins and outs of running a
criminal empire. From contraband dealing to human trafficking to slavery, you know what
you need to do to keep it running successfully along with keeping it hidden from the
authorities and the public eye. As a bonus, you’ll never feel guilty over the deeds you do if you don’t want to."
200,We're in the Same Boat Now,Furi,Mundane Talent,"You are very skilled at persuading others to work with you
(or for you), even when they normally wouldn’t. Additionally, you know how to manipulate former
enemies turned temporary allies into becoming your allies permanently. This can be done by
planting seeds of doubt and altering their views of themselves and their causes, either with your
words or by the actions you lead them to take."
200,Technically Trained,Bloody Roar,Mundane Talent,"Your years of working with varying levels of lab equipment and powerful technology has left you capable of figuring out the basics of any piece of machinery or tech you come across.
The amount of time it takes to properly master it is proportional to the complexity of the task it completes. As well, alter mastering it in that time, you can immediately figure out any... 'unorthodox' uses as well. Like a blender for a safe-cracker."
200,Naturally Stealthy,Blue Eye Samurai,Mundane Talent,"Like Ringo, you have an uncanny ability to be unnoticed and move silently even if your size would suggest otherwise, and your foes have a bad tendency to dismiss you as a threat until you act, happily eating the drugged food you gave them and ignoring the knife in your hand. Maybe someone should put a bell on you."
200,"...Flesh, Opium, Guns",Blue Eye Samurai,Mundane Talent,"But why stop at legal products? There’s so much money to be
made if you bend or break the law and you know how to get
away with it. Bribery, smuggling, extortion, blackmail, gaining
and maintaining all those shady contacts to make it all happen,
and of course, keep everyone’s mouths shut.
And you know how to sell the deal, how to conduct yourself at
the negotiation table, and straddle the line between charming, professional, and intimidating. In
this era where merchants are the lowest class, you have the skill to become powerful enough to
have the Shogun himself eating from your palm."
200,An Actress,Conan,Mundane Talent,"You could definitely be one, though most probably wouldn’t be as
good at playing a role when their life was on the line. You possess a natural talent for
impersonation and playing roles, and more than a little skill to go with it. You are
especially good at hiding your emotions, and sticking to the role even in dire situations.
You could be trembling with mortal terror inside, and play the role of a serene and tranquil goddess.
It doesn’t quite give you the necessary skills to hide an accent on its own though. Maybe
if you were more linguistically talented."
200,Thief Among Thieves,Conan,Mundane Talent,"Like Taurus of Nemedia the Prince of Thieves you are a
highly skilled thief. You are silent and stealthy in your movements, enough to rival even
the best of Pict warriors. You are skilled at leaping, climbing, and general physical acts of
coordination, ingress, and egress. You may not climb as adroitly as Conan, nor match him
in agility, but your suppleness and dexterity seem completely unhindered by your own
bulk at least as long as it remains within normal human ranges and out of extreme
obesity. And in all the skills of a thief you rival him at the height of his career as one.
You may even surpass him in some fields, especially when it comes to things like lifting
objects. Simply put your skills are at the pinnacle of thieves of the Hyborian Age in all
the arts of a thief. This also makes you adept at finding signs of secret compartments and passageways."
200,Poisons and Powders,Conan,Mundane Talent,"Much of the arts of sorcerers of this world are ultimately
little more than tricks of poisons and powders. Some of these do border into the truly
magical, but others are mundane. You know how to create these sorts of alchemical
powders and tools. From the more mundane poisons to kill a man unnoticed, and drugs to
induce sleep or mad frenzy, to powders that create flames, mists, and more. While this
won’t give you any true magical powers on its own, coupled with other perks here you
can use these powders and creations for easier or more potent magical feats than you
would otherwise be capable of. You may be able to create new concoctions of your own."
200,Points Sage,Cradle,Mundane Talent,"No, this doesn't actually make you a Sage of the Icon of ""Points"". What
it does, however, is make you very, very good at planning out how to make the most of the
resources you have to acquire further resources. If there's, say, a Herald that has turned the
hunting of Monsters and Rival Faction members into a game, you can work out the most
efficient plan to take the grand prize, and as long as your body and Madra and Allies can keep
up with that plan, it will almost always work out. Might also give you a tendency to hoard
everything with a scrap of power in it, but you already had that, didn't you Jumper."
200,Different Mask,Muhsoku Tensei,Mundane Talent,"The nobles tend to wear masks that make them different when surrounded by people to hide their intentions and to prevent others from exploiting their weaknesses. This grants you a great talent at acting and the ability to construct a persona with an assigned role that you want to play and while in this persona, you will never give away or hint at anything that the role you are playing at couldn’t reasonably know or do. Turning back to who you were is as easy as removing a mask and no matter how many persona’s that you created you would never lose sight of your original self. When you are playing a role it's really hard for others to really see what’s underneath it thus preventing others from really guessing your intentions or how your mind really works."
200,Master of Disguise,Thunderbolt Fantasy,Mundane Talent,"You are an utter master of disguise and infiltration. You're capable
of perfectly impersonating a target of your choice, taking on their appearance, their
voice, their mannerisms, and their personality with ease. Your skill and competence with
these disguises are so great that you could arrogantly walk into your enemy's base of
operations, disguised as one of their most loyal advisors, with them none the wiser until it’s too late..."
200,Strawberry Special,Duel Monsters - Duel Terminal I,Mundane Talent,"“Today’s really special, since Jumper’ll be guiding everyone around!” That’s what people will be saying, won’t it? You’re a fantastic tour guide, being able to accurately recall facts about locations and navigate reliably even if you only have a landmark or two to work with, and you can get people to actually listen. Even if they’re the self-absorbed kind of person who’d eat the strange fruit or touch the scary thing just because you told them not to, they’ll actually obey for once and not mess everything up for everyone."
200,Dux,Duel Monsters - Duel Terminal I,Mundane Talent,"Taking care of and educating a regular child’s already tough work. But a dragon? That’d just be nightmarish to most people. Thankfully, you aren’t most people. Calming down the littles ones when their rider isn’t around, putting complicated things in ways they can understand, getting them and their partner to stop bullying the weaker whelps, it all comes naturally. Making sure even the most exotic kids turn out emotional healthy, happy, and competent is really no trouble to you. Still, I reckon you could probably use these skills to teach adults just as well. It’s not like there aren’t some who might as well be children, eh?"
200,Entertainment☆Hero,Duel Monsters - The Heroes,Mundane Talent,"Some might call it childish, and ome might just be insulted by the idea of it, but the people in this and other worlds just need to smile more. You’ve taken this to heart, becoming a master at theatrics and comedy, to the point you could turn any battle into a skit if you had enough control over the situation. The reason for this is because, well... you’re gonna figure out soon enough people actually do need to smile more. Unless someone’s actively hiding their emotions, you can tell what someone’s feeling just by taking a look at them. This isn’t the most amazing and unique of skills, but you’d be surprised at how many people can’t do the same. As an aside, your dexterity has developed to the point you could do all sorts of card tricks and shuffles, the type you’d see in a high-class casino."
200,Wicked Prodigy,Duel Monsters - The Heroes,Mundane Talent,"If you want to be the greatest Evil Hero around, then you’ll need to be a cut above the rest. You’ll need to have the endurance to run around all day, so you can chase an Elemental Hero on the run. You’ll need to be sneaky, the type of infiltrator that can get into the Neo-Spacian headquarters to steal all of their alien shinies without getting caught. You need to be subtle and underhanded, making plans so good they trip your enemies up like a banana peel in a cartoon. Good thing you’ve taken all of your lessons in trickery, and fit all of that to a T."
200,What's An Engineer?,Brütal Legend,Mundane Talent,"A guy who builds stuff, and now, so do you. Set up and tear down infrastructure in half the time, leaving you with time to rehearse your set, or whatever you'll do with that free time."
200,Rapid Entrenchment,Sundered,Mundane Talent,"When you push forward into enemy territory, you can entrench your troops incredibly quickly. Even building multiple buildings with full utilities with remarkably little time is possible. Your abilities when it comes to constructing buildings outside of war are similarly boosted."
200,Prince of Steeds,Elric Saga,Mundane Talent,"It would not do to be one of distinguished blood and yet be forced to walk
oneself from place to place with one’s own two legs, and it’s only expected of any self-respecting
noble to have a steed of some sort to carry them both in travel and on the battlefield. But it would
also be terribly embarrassing to be lacking in a skill that the upper echelons of many cultures place
such great importance on; an embarrassment you will luckily never have to suffer. When you ride,
you and whatever manner of beast that carries you will become as one, your steed becoming like
an extension of your own body as easily controlled as the fingers on your hand. This applies to any
creature designated as a steed, from an ordinary horse to the fearsome battle-tigers of Pan-Tang
or the dragons of Melniboné, but it will need to acknowledge you as its rider before the effects of
this perk apply."
200,Demon Jester,Elric Saga,Mundane Talent,"The mightiest of Law and Chaos style themselves as Lords, and so they
maintain their own courts with all manner of courtly servants as well. Perhaps you are or were once
the jester of one of these courts, or you are just particularly quick-witted even for an otherworldly
being, since jesting is indeed something you are very good at. Not a wordsmith nor a schemer, but
nonetheless capable of making observations and thinking up little tricks that could amuse,
befuddle, and generally surprise powerful entities like Lords of the Higher Worlds themselves. This
won't give you much of an advantage in a fight or contest of schemes, but if you happen to be
skilled at either already and find a creative way to implement your fondness of jokes, you may be
able to use it to your advantage and momentarily gain the upper hand over your cosmic betters."
200,Seeker of the Planes,Mad Max,Mundane Talent,"To find peace within oneself is the key to many things, stranger. Griffa
sees the potential within you, it just needs to be made manifest. Skilled you are in helping others make
peace with the past, allowing them to move on and embrace the humanity they shrugged off."
200,Driver of Otherwordly Skills,Mad Max,Mundane Talent,"Much like the mad one, you are very skilled at driving and using your vehicle itself as a weapon. In your hands vehicles respond faster, go faster and can take much more damage."
200,Tool Maker,Primal,Mundane Talent,"You excel at making tools from natural or improvised materials. Both just know how to do it really well, and are really good at realizing when something you find would be useful for making a tool. Bugs have hard shells that cut your hands when you grab them, well their underbellies don’t and they could make some excellent brass knuckles.

In general, you will find that improvised tools you make, or those you make from simple, or natural materials (if you have to forge it it doesn’t count as natural) are not only easier to make, but seem to hold up better under stress and hard use as well as be more effective at their designed task."
200,The Trapmaker's Art,Darkest Dungeon,Mundane Talent,"“Curious is the trapmaker’s art... his efficacy unwitnessed by his own eyes.”
Traps lie in every corridor of this place, and many of the curios one can find in the halls are host to their own unsettling secrets. It may very well bring a tear to the eye of someone like you, well-versed in the art of trap-making as you are. From impaling spikes to carefully cultivated poisonous mushrooms to trapped chests that spray poison on would-be looters, your designs are as insidiously hard to spot as they are deadly in design. Although larger machinations would be hard to set up, booby traps may well hinder your enemies in the dungeons."
200,Courtesan,Darkest Dungeon,Mundane Talent,"“There will be no sleep tonight- the wild shouts and frantic drumming will see to that""
Have you ever wondered how merely spending a night in the company of a stranger and indulging the most base of appetites can nearly reverse the traumas brought upon by a solid weeks worth of crawling through bodies and mud, battling monsters, brushing with death and insanity? The answer is simpler than it may seem- a backwater tavern it may be, but the prostitutes it employs are simply that good at leaving their client’s heads filled with blissful nothingness when the good deed is done. Now you share their abilities as a people pleaser, your skills such that a few nights spent in your arms would leave even the most mentally shattered whole once more. It would be foolhardy in the extreme, but you could even offer your services on an expedition- though the hard cobbles in place of pillows will likely make it less restful than it would otherwise be than if you were both in a curtained room back in town. Although anything that relieves stress around the campfire may be a lifesaver on long expeditions; even... well, you know."
200,Center of the Universe is Me,Kill 6 Billion Demons,Mundane Talent,"Choose a non-martial art form, be it cooking, painting, dancing, sculpting, literature, etc. You are the
greatest artist in all the universes, so much so if that you choose to extricate yourself from the major
plot-relevant conflicts, you can live decadently off your talents alone."
200,Let Them Fight!,Hajime no Ippo,Mundane Talent,"Your mastery of the boxing political landscape allows you to navigate the complexities of arranging fights with ease. You possess the persuasive skills necessary to secure favorable terms and agreements swiftly, ensuring your fighters face the opponents they need to advance their careers."
200,What Are You Chasing?,Hajime no Ippo,Mundane Talent,"As a coach with a lifetime of experience in the sport, you can easily recognize when someone is losing their spirit and straying from their path. This wealth of experience allows you to advise your students effectively, helping them identify what's holding them back and guiding them back to the ring with renewed determination."
200,Ringside Chronicle!,Hajime no Ippo,Mundane Talent,"Your talent for capturing the essence of boxing through the written word is unparalleled. As a sports journalist, your articles transcend mere reporting, transporting readers into the heart of the action with vivid descriptions and compelling narratives. Your insight and passion for the sport shine through in every word, immersing readers in the electrifying world of boxing and leaving them hungry for more."
200,Long Days And Longer Tomes,Triune Scriptures,Mundane Talent,"As one might expect, the more knowledgeable you are, the better off you are when it comes to Mind
cultivation. Not only when it comes time to express your power, but the more intelligent and wise you
are, the faster you can cultivate. Because of this, and more than a few afternoons wasted in old
libraries looking for manuals of power, you have become something of a linguist. You can read and
speak fluently in over a dozen different languages, can learn additional ones with ease, and with a
modicum of effort could likely craft an entirely new one if you so desired. Let nothing stand between
you and your attempts to gather more knowledge, to learn more spells - except perhaps for violence.
That’s not exactly a speciality of yours after all."
200,The Peak Of Death Mountain,Triune Scriptures,Mundane Talent,"In order to make use of an elemental essence, there is an unfortunate need to get up close and
personal with an element. Rumors exist of one fire cultivator who quite literally lives inside of a star on
account of the effectively infinite access to fire essence that it grants - you’d probably burn to ashes if
you tried, but when “go jump in a lake” is a perfectly valid technique to meditate on the nature of water,
such things tend to happen. Similarly, you’re going to end up going all sorts of places in search of the
materials and essences that you will need for your cultivation. Luckily for you an old woman from your
hometown gave you lessons on traveling and as such you know all the does and don’ts of various
climates, and can construct a decently sturdy structure to take shelter in from almost anything and
scavenging for a filling meal is trivially easy."
200,A Hunger To Swallow The World,Triune Scriptures,Mundane Talent,"Demons exist to destroy. To rape and pillage and see entire worlds to consigned back to the void from
whence they came. Most of them aren’t even aware of this fact, but it comes to them as naturally as
breathing nonetheless. And you? You seem to have an endless well of skills at petty cruelty. You
know the best ways to string someone up and cook them alive, the exact amount of salt to use to utterly
ruin a field for generations, and how to set things on fire that most people would consider to be
fireproof. Spite is a hell of a motivator, and nothing in existence is more spiteful than a Demon. They
may not have invented the emotion, but I assure you that they have mastered it."
200,The Great Game,Kajiri Kamui Kagura,Mundane Talent,"In such a cutthroat world ruled by amoral aristocratic families, it pays to
play politics. You are considered very adept at the game and are able to run circles around your
average noble. Plot the demise of your enemies, arrange for your favored friends or servants to
be given positions of power, and maybe even influence someone like the Emperor himself if you
can get his ear. Let others swing their swords around, you will show them the might of cunning words."
200,Female Body Inspector,Manyuu Hikenchou,Mundane Talent,"The administrators of the Manyuu Clan have a discerning eye,
letting them spot potential talent and threats to their authority. More specifically, they monitor the
women of this land, deciding whose busts make them worthy of marrying into the clan and
whose must be cut down to prevent a challenge to their dominance. With this perk, you not only
have an incredible knowledge of human anatomy, but also an uncanny ability to predict how a
body will develop. With a brief analysis, you’d know exactly what a person would be capable of
and to what degree their body could change. The Manyuu will pay dearly for the knowledge of
who is a late bloomer and who will not grow naturally."
200,Cunning With Coin,Manyuu Hikenchou,Mundane Talent,"The Manyuu Clan may tout their bloodline, but many clever women
with the right breasts have accrued plenty of power for themselves. Whether you’re a merchant
trading goods or a business owner producing them, you know how to turn a little capital into a
whole lot of profit. You can spot opportunities a mile away, and can market your wares to
anyone who might possibly need them. If you sell the right goods and make the right allies, you
might wind up rivaling the Shogun in influence."
200,Jury Rigging,Real Steel,Mundane Talent,"Using trash and broken things to fix and even improve anything is your bread and
butter. You fix and modify things quite a bit faster than before, to the point you
could make a few different complex upgrades in a single night."
200,Animal Rearing,Tunic,Mundane Talent,"Amongst all of the various species here, the Frogs alone have taken to raising animals for a specific purpose. Slorm, for example, are creatures useful for their explosive properties. While they usually live above ground, they have been kept in pens deep within the Frog’s Domain, taken care of by the Frogs. You possess similar skills, you can rear animals in locations that they can survive in while keeping them healthy.
Additionally, you are adept at identifying useful components of creatures, if harvesting them will harm the creature, and how to refine such materials."
200,Notetaker,Tunic,Mundane Talent,"The role of an Owner is that of an Observer, and what Observer would be of value if
they couldn’t remember all of the important clues.
While this does give you better skills at note taking, there is a secondary effect as
well. Pieces of information that are of vital importance seem to have a slight golden
aura around them to you. The more important it is, the stronger the aura. Unfortunately,
this aura doesn’t give any context as to why something is important."
200,"Technology, Old and New",Tunic,Mundane Talent,"Those who dare to enter the Scavenger’s domain are quick to notice the difference in
technology they possess compared to the rest of the world. Scavengers have developed
firearms based on magical devices and made them more wield-able for their own use.
That is not all though, when their boss discovered a powerful shield, they quickly
discovered many of its functions and integrated it into their combat style.
Artificery it seems, is part of how the Scavengers work, and so too do you. When you
find an artifact with strange capabilities, if you cannot replicate basic functions and
repurpose them into something new, you can at least learn to use it as is with notable intuition."
200,Me and This Army,Luther Strode,Mundane Talent,"Bringing backup is almost always the smart thing to do. Not only do you possess the simple charm
and knowledge to assemble a motley crew of thugs and lackeys, you also have a knack for
ordering them around to the best of their ability. And disposing of them when convenient."
200,Damn Traps,Ryse: Son of Rome,Mundane Talent,"You can make traps that have an effect where often the only way to spot them is to react fast enough to destroy them. In other words, someone needs to react fast enough to survive those damn traps as they are hard to spot."
300,Tomb Raider,A Will Eternal,Mundane Talent,"The history of cultivation is long. A thousand years can go buy in the blink of an eye. Sects
will rise and fall all the time. The truly powerful one may last a while, but they too will
ultimately fall eventually too. But one thing that never changes is the need for resources.
Sects will constantly try to attain resources, and they often will squirrel them away from
creeping hands and shadowy thieves. Locating these hidden vaults can be considered
something of an art form, one in which you have studied in depth. You and Bai Xiaochun
might be able to have a great time discussing the various ways you can shake down a sect
and find all their valuables. You’re like a metal detector for treasures."
300,Artisan of the Supreme Holy Heavens,Against The Gods,Mundane Talent,"While a huge part of everything, cultivation is not all there is to life. There are things to enjoy too, such as arts and beauty. This perk gives you exemplary, extreme talent for arts of all kind. Anything you do, you can do unbelievably beautifully and artistically.
And those words really do mean just that. A casual scribble from your fingers would have people
paying absurd sums in auctions for it, singing a couple notes could inflame a whole new musical
movement worldwide, and something you put actual effort into could drive people into rapturous
adoration simply by encountering it. This works in every field of art, from writing to drawing to
singing and dancing, and you can even train it to further improve things."
300,Weapons Expert,Metal Gear Rising: Revengeance,Mundane Talent,"What good is a cyborg ninja without a reliable weapon at his
side? Lucky for him you happen to be quite skilled in the art of making weapons. From
guns to swords to missile launchers if you got the resources there is almost nothing you can’t make."
300,Graf Dumas,Soul Calibur,Mundane Talent,"Politics is the bane of many people, nobles especially. Nobles could lose everything,
even their lives, from a single simple mistake when dealing in the dangerous art of
politics. It’s a good thing then that politics is your bread and butter. You know to weave
yourself into the inner courts of those above you with such skill that even starting from
peasantry, you could plant yourself as one of a king’s most trusted advisors. You know what
to do to get your plans approved by courts and if for some reason you can’t get your plans
going normally, you are skilled in the arts of blackmail and assassination through poisoning."
400,Devilish Patient Web Slinging,Against The Gods,Mundane Talent,"At the uppermost levels of this world, among the great
Clans and Sects and Empires, there is quite a lot more to things than just Cultivation. The games
played here are lethal, long, complicated, and more often than not extraordinarily filthy in their immorality.
You now have the same ability at such plans as the best there are in this world. You can account for
hundreds of factors, gather information and extrapolate more, and set up extraordinarily intricate
and robust plans, to bring about whatever events you desire.
You have an extraordinary grasp of the human psyche, of how people act and react to things. You
know just what to say, what to do, what strings to pull to achieve the exact thing you desire."
400,Supreme Saint of Medicine,Against The Gods,Mundane Talent,"You are a peerless expert without equal, when it comes to
the arts of healing. Not only can you tell everything wrong with a person with a single glance at
them, you also possess an unerring instinct that guides you as to the best possible treatment for said ailment.
For this world, your medical knowledge and skills completely equal the great Medical Saint Yun Gu,
unquestionably the best healer on the planet. Just like him, you know long lost techniques to both
heal and improve the body, and have an immense knowledge of peripheral skills like refining herbs and animal parts. While you don’t start on quite the same level in future jumps, you’re very close, and can catch up rapidly.
Also, you have a vast, encompassing knowledge of acupuncture and related techniques, such as
opening profound entrances and all others. This gives you the Heavenly God’s Spiritual Veins for
free, and you can obviously grant them to anyone you want, at will. Can’t take it back, though."
400,The Rules of Kingship,Grant Morrison's 18 Days,Mundane Talent,"The art of ruling is as old as the very idea of kings and rulers. To find the best men for a job so
you can have wise ministers and brave warriors, to deal out justice and manage economies to
bring prosperity, the needs of a people are many, and it takes an immensely clever and capable
mind to deal with them all.

One such as yours. Things that would end other kingdoms would be momentary concerns for a
kingdom with you at the helm. No matter how bad its state or what troubles befall it, any
kingdom that you steward inviolably enjoys untold prosperity and glory, such is your skill and
deftness at rulership.

Not only are you extraordinarily talented and skilled in all the ways of kings, from economics,
statecraft, justice, diplomacy and all others, you also know the various types of king there can
be. There is the ideal king who tries to solve all of his people’s troubles, and the uncaring
tyrants who know only to take.

You know when to be which, and how to walk the right paths to find balance not just among the
needs of your people, but also between your duties and your pleasures. You know the basic truth
of them all, that the needs and demands of the common people know no end, and thus must
only be indulged sparingly. You could indulge the worst of your vices without having them harm
your kingdom, and deal with the most complex of matters without having to compromise your
personal time and amusements."
400,Secutiry Consultant,Katana Zero,Mundane Talent,"Does a club really need automated turrets and lethal
laser systems? Considering how well-armed criminals are these days, absolutely. So
good thing then, that you know your way around them, being a skilled mechanic and
engineer that can cook up the aforementioned turrets and lasers, as well as
unmanned drones with machine guns."
400,Prodigal Child,Katana Zero,Mundane Talent,"Not a whole lot of people with your talents left, especially
not in New Mecca. You’re a genius of a pharmacologist, highly sought after if your
talents were known, and for good reason; the skills you have at your disposal allow
you to make chemicals with a similar punch to Chronos. Hell, you can even make the
time-altering serum yourself if you so wished. Doesn’t matter if it’s a dinky ‘lab’ in
some ratty slum or a high-end scientific setup, your drugs are the highest-grade you
can find any day of the week."
400,Monster Manufacturer,Baki The Grappler,Mundane Talent,"Why wait for evolution to better the human race when you can just do it with your own two hands?
You’re a pharmaceutical genius like few others. You have the skills to construct drugs that enhance
even the weakest humans into true superhumans. A man at death’s door could acquire a body that
surpasses world-record holders. Not simply steroids, your drugs function in the long term, though
the mental strain is not to be underestimated. Like any other drug, overdosing is a very real danger."
400,"""Connector""",Baki: Son Of Ogre,Mundane Talent,"Doctors in this world are miracle workers, and now so are you. You could either be a talented all-around surgeon or choose to specialize in one area to a logic-defying degree. If you specialized in reattaching limbs, you could stitch someone’s severed hand on and have it fully functioning in a week, or even transplant limbs from entirely different bodies. Or maybe something like acupuncture, in which you could revive the recently departed with a little prick at their hearts, or something of that nature."
400,Nature Running Its Course,Metal Gear Rising: Revengeance,Mundane Talent,"Why break your enemies bones when you can
break their spirit? You always seem to know what to say to break someone’s will and
take away their ability to fight. This is even more effective if you actually have
knowledge about the person. Just make sure that they don’t have a super powered dark side."
400,Worthy Successor,Metal Gear Rising: Revengeance,Mundane Talent,"Despite his methods and his madness Armstrong truly
believed that people should be free to fight and die for what THEY believe in not what
the government wants. To the point that he planned to use war as a business to end war as
a business. And now it seems that he has found another successor to his ideals. Whatever
cause you disagree with and fight against you can now exploit that same cause to destroy
it from the inside out. Fight and die for what you believe in Jumper."
400,Craft Leader,Fog Hill of Five Elements,Mundane Talent,"You are skilled in one of the positions in the village, whether you handle the accounts as the
seventh brother Hua Liu or take care of the medicines as the third brother Bai Yi people can feel
safe with you in your position, you are one of the people who manage the village, to clarify
things a little, this will not make you more excellent in your craft, what this does is that it will
improve your leadership and organization, You will certainly be able to manage several groups
of people towards the improvement of your craft, you alone will not be able to make better
swords, but you will be able to guide several people to improve little by little, a blacksmith will
be able to improve the purity and refinement of the metal through a joint effort, and this is just
the beginning of you as a leader of your position."
400,Field Medicine,Fog Hill of Five Elements,Mundane Talent,"You're a great doctor, but not in the sense of treating wounds or emergencies. You're better at
making pills, oils and concoctions that improve health and other effects. You can make
concoctions that help to regain stamina, heal a cold or even treat the most deceptive and
dangerous diseases you'll come across. Or if you want more energy at night, you can make some.
Surprise your partner. You know what to prepare, but you won't be able to show off your talent if
you don't have the right ingredients. You can do wonders with the herbs and flowers you find,
but if you can get your hands on some rare ingredients, you can create something even better.
Who knows what you could achieve if you only had a scale from a fantastical creature."
400,Clan Craft,Fog Hill of Five Elements,Mundane Talent,"There is one thing you must not forget Jumper, beyond being a warrior or your clan's trade, you
are a guardian, although the demons would prefer to call you a jailer and although less eloquent
it does not change that you are quite right as far as the family of the five elements are concerned,
Your duty is to make sure that the demons do not leave the mountain so you must be watching
them and be very aware of them and of course, if one tries to escape you must show a precedent
by killing him, this gives you a capacity for patience and attention to be months and years in the
same place watching and taking care that no one is out of your vigilance.
Of course, you were also trained in the trades characteristic of your family branch, such as
medicine with the wood clan or metallurgy and forging characteristic of the metal clan, better
than anything else, so if you don't want to fight, you can always help your people by working on other things."
400,Altar's Guidance,Saint Seiya: Lost Canvas,Mundane Talent,"To better oneself is a perfectly valid goal, but yours lies in the accomplishment of others. You are a great mentor figure and teacher, always able to bring someone closer to their unexplored potential and to give them a lesson they might need. Hope isn’t in victory, but in the tales those victors and survivors will tell so that their mistakes never happen again."
400,Mephistopheles' Plotting,Saint Seiya: Lost Canvas,Mundane Talent,"Patience, planification, psychology… you have a mind able to plot and arrange the unfolding of the whole Holy War in detail to your liking, even with time travelers or reality warper Gods thrown into the equation, so harmoniously it is a theater script to you. Knowing and planning is however all this perk helps you to, and for a reference, the above example required 20 years of careful manipulation of both factions for it to happen, neither was the plan ready in a day."
400,Nurturing the King,Saint Seiya: Omega,Mundane Talent,"Understanding the pivotal role of mentoring and training in shaping the future,
you prioritize the development of individuals whom you deem crucial for
upcoming endeavors, much like Eden, destined to be the new king of Mars.
While the typical process of training and mentoring can be time-consuming, you
possess a remarkable gift for accelerating the growth of your students.
Under your guidance, individuals progress rapidly, achieving combat readiness
akin to that of Silver Saints within just a month—a feat that would typically require
years of training. Moreover, your expertise extends beyond combat skills, as your
students absorb other subjects with remarkable speed and efficiency. This
ensures that they are well-equipped to handle any situation that their future
position may entail, laying a solid foundation for their success and contributing to
the realization of their potential."
400,Medical Genius,Ranma 1/2,Mundane Talent,"You know lots of medical and healing techniques, from being qualified as a doctor of modern medicine and surgery to ancient shiatsu and acupuncture healing methods. Whatever weird ailment affects someone, if you can't fix it yourself, you'll be able to figure out what needs to be done to correct the problem. Since there seem to be a lot more injuries in the area lately, maybe Doctor Tofu would be willing to hire you as an assistant?"
400,Worldly Traveler,Ghost of Tsuhsima,Mundane Talent,"You are now much more experienced in your field of trade
becoming an expert at what you do. Your charisma and salesmanship have likewise been
improved. In addition, you have managed to pick up some combat skills (with any traditional
cold weapon of your choosing) in your myriad travels, not anything particularly impressive but
certainly enough to handle common bandits and lower tiered enemies."
400,City Hunter,Samurai of Hyuga,Mundane Talent,"In spite of being the smallest parts of Hyuga cities are where the money flows, thus where the
lucrative jobs are. You’ve adapted quite well to these crowded locales. Finding a good dive to
get drunk in is second nature for you. Besides knowing how to have fun in a city, you also know
how to survive in one. Getting the lay of the land is simple for you and knowing which noble
families you should bow your head to, which ones you can cut down for a job, the
laxness/strictness of guard patrols, which back-alleys are dead ends, and which ones aren’t is
too. Another thing you’ve learnt is how a skilled display of your sword will send thugs packing
just as well as a brawl while causing less trouble."
400,Eager Student,Samurai of Hyuga,Mundane Talent,"The commoners of Hyuga know little beyond their lot in life. Yet, this is not always a
disadvantage. After all, an empty bowl can take more than one half-full. Your ability to learn new
skills and knowledge is staggering and your drive to do so is so great that it spreads to those
who learn alongside you, encouraging slackers to take their lessons seriously too. The most
impressive effect of your infective enthusiasm is how it affects your teacher, making even the
most coldhearted ronin want to teach and nurture you."
400,Above and Below,Sword of the Stranger,Mundane Talent,"A good retainer should win the loyalty of those below him, and curry favour with those
above. You’re skilled in both, able to clearly recognize opportunities to do so in both
cases, and how to present things to ensure that you’re the one the higher-ups will look to
for promotions, and who those below will see as their most direct benefactor."
400,Modern King,Hanachirasu,Mundane Talent,"Fighting, with fists, swords, staffs, guns. Isn’t all the same at the end? Someone
dies in the end. Such lack of elegance, of purpose, what a waste of resources.
Wouldn’t then, be the most moral for you to take over? If people won’t treasure
their lives, they might as well give them for your cause. You’re trained and
naturally inclined to business ventures of today’s standards. Quite enough to be a
high-ranked member of the Ichikawa Corporation or single-handily finance the
operation of a terrorist organization."
400,Merchant,Vinland Saga,Mundane Talent,"You know how to sell goods, maintain trading networks, nodes, and
caravans, strike deals, haggle and other essential mercantile skills at a level most would
struggle to keep up with."
400,Merhant of Death,Soul Calibur,Mundane Talent,"Much like the famed Italian weapons merchant Vercci, you have history as a
merchant. History as a very good merchant. You know the ins and outs of running a
mercantile business, one capable of turning a substantial profit no matter the circumstances,
but that’s not all. Your true expertise lies in collecting rare artifacts, no matter the kind. It
may take blood, sweat and tears but, given time and effort, you will always be able to find
what you’re looking for within a decade, so long as it has a physical form. Perhaps someday,
you will be able to create your own Money Pit."
400,I Know Them,Furi,Mundane Talent,"You have a talent for developing strategies to defeat your allies. This is
perfect for devising methods of covering their weaknesses...or priming someone to defeat them
if you intend to change sides."
400,Swordfather,Blue Eye Samurai,Mundane Talent,"You’ve learned and experienced much to become an artist, and this has made you a great mentor figure, with
an unending well of patience and the life advice your charge needs, even if it takes them a while to get it.
You can effortlessly theme this life advice after your craft, use religion, philosophy, allegories, poems, or
even speak it all in haiku without hindering your student’s understanding of it.
You also know how to teach your craft, or any other skill you’re sufficiently good at, and blend the above life
advice within your lessons seamlessly."
400,A Complete Education,Blue Eye Samurai,Mundane Talent,"You were taught far more than usual for someone of your station, taking advantage of the
burgeoning printing industry to become very widely read, from confucian texts to bawdry tomes.
Of course it didn’t stop there, you are very skilled with multiple musical instruments, flawlessly
perform every social ceremony, and played every board game that has made it to Japan’s shores.
This Perk enhances Remember To Lilt Your Voice and The Floating World
significantly by giving you more tools to work with."
400,To While Away The Hours,Blue Eye Samurai,Mundane Talent,"In his time in his gilded cage, Fowler sought just about everything to fill his time. He mastered multiple arts, pursued every pleasure, learned gun design, and he even became a master swordsman just to have something to do. You have all these skills and his talent for learning, without the accompanying frustration. Like him, you’re also capable of putting up a calm facade of civility, all to better intimidate your foes when you let the mask slip."
400,The Plot Cannot Fail,Conan,Mundane Talent,"You are a master of the great art of civilization. Not the art
of creating civilization, but the art that its masters practice. In simple terms you are a
master plotter, able to easily come up with schemes and plots. You know how to bring
together a triumvirate, make backroom political deals, find those who can stir the masses,
and set in motions to kill a king. Your plans are still limited by your information, and
resources, but you can scheme with the best of the Hyborian Age."
400,Grand Mentor,Muhsoku Tensei,Mundane Talent,"You are an excellent teacher who can teach even the most unwilling and hard headed people and any student that you teach will always have your lessons be perfectly engraved in their mind, body and soul. They also comprehend, understand and retain any kind subjects, skills, knowledge, discipline and etc... that you teach them no matter how complex and mind-blowing it is in the current era. The students that you teach learn and show results that would normally take even genius people decades to achieve in just months under your tutelage, though their proficiency and mastery can only reach your level proficiency and mastery on whatever you teach them. Your students will always acknowledge you as their master and even your most ungrateful pupil would shed tears on your death."
400,Scholarly Erudite,Muhsoku Tensei,Mundane Talent,"Wanting to help advance a primitive society would be great and fancy, but pointless if you don’t have the necessary knowledge and ability to do it. With this you gain knowledge equivalent to a PhD in Hard Science and all of its branches and an increase in your ability to absorb knowledge like a sponge, where mere months of learning any subjects Hard Science would allow you to reach PhD-level. When you're doing research and development on a subject so long it's halfway related to Hard Science this increases the speed of the advancement and constantly gives you inspiration to finish it. By default you have the knowledge and blueprints of 21st Century Earth allowing you to build them should you have the skills and ability needed to build Earth Technology and even you could still draw inspiration from the knowledge and blueprints to make Magic Tools in this world."
400,Team Dynamics,Muhsoku Tensei,Mundane Talent,"When a party or team members have no coordination with each other they can be easily defeated by an enemy who’s weaker but can work together. With this, any party or team that you form,join or lead, so long they stayed together for sometime or experienced a few battles together would form teamwork and trust with each other. As the teamwork and coordination forms, each member would instinctively know the strengths and weaknesses of each other and this allows the entire team to cover each one's weaknesses. This also makes each member know where to position themselves where there would be no blindspot in the team formation allowing them to intercept attacks that would kill a teammate or terrain that would break the formation."
400,Team Tactics,Muhsoku Tensei,Mundane Talent,"Mages are meant to fight and lead behind companions and be protected when casting their Magic-Spells. With
this, you are granted the ability to lead a small group of companions or team and skilled enough to use all of
your abilities in this case Magic-Spells to support them from behind. This also allows you to predict the flow of
battle allowing you to guide and command to their right positions and lead them to victory and counter your
opponents moves to stalemate them. This also gives you the instinctive timing ability to know when and where
your companions or team needed your support like attacking an opponent that if not stopped would deliver a
fatal blow to one of your companions or team, or timing a healing spell so that by the moment your teammate
gets hit you’re already healing them."
400,Adaptive,Sundered,Mundane Talent,"Sometimes you encounter tools that others find unwieldy or difficult to use, you however find adding these tools to your repertoire surprisingly easy. When you pick up a new tool and learn its purpose, it is easy to integrate into your pre-existing skills. Almost as if you had a lot of practice with using it in conjunction with all of your other tools."
400,Undaunted,Sundered,Mundane Talent,"There are some truly colossal creatures here, deformed monstrosities that hide their only vulnerable points far out of reach. Well, out of reach for others. You are skilled at climbing, and dodging attacks from creatures much larger than you. Those that would try to break you with their size will find you quite troublesome to deal with."
400,Efficiency,Sundered,Mundane Talent,"Despite how hard pressed the Valkyrie are supposed to be for energy and any resources, they seem to have more than enough to build armies of flying mechs and turrets. You now know the secrets to how they accomplish this. Provided you use every scrap of a resource you have you find you need up to 10% less than what you would otherwise need to complete a project. Similarly, you can be astonishingly efficient with fuel, enough to have a single car battery run an entire mech for a week straight without issue."
400,The Gift of Tongues,Sword & Sorcery,Mundane Talent,"Few things have seeded more strife and conflict than the ancient curse of babel that forever
brought disunity to the tongues of men. More the wonder that you can thwart it so easily. You
have a preternatural gift for languages and communication. Even when dealing with those of
completely alien cultures and languages you might as well be a native speaker such is your ability
to communicate your intentions and meaning and understand them in turn. Past that you’d begin
picking up the beginnings of the language within a day, and within less than a week you’d be able
to speak with nothing more than an almost imperceptible accent to show you aren’t a native-born
speaker. This same skill grants you a masterful ability to read non-verbal social cues and body
language, so that even after learning the language you’d be able to understand other’s intentions
and thoughts with what seems like a form of magic in and of itself. Many have been made king or
emperor on the merits of less."
400,Ape Man,Primal,Mundane Talent,"There’s something almost inhuman about the way you can move about. You move about fast. This doesn’t necessarily improve your reaction time directly, but you can run and leap quickly, and you are very good at gauging jumps in a heartbeat and sticking your landings. Your leaps are also prodigious, bounding to the top of single story buildings, the limbs of trees, or the backs of tyrannosaurs or mammoths with ease. You could kill a flying beast, leap from its back as it begins to plummet, and land on another in its flock to maintain your height. Well assuming you’re able to kill them; this perk won’t help with that.

Your climbing abilities are similarly impressive. You can climb bare trees, bare cliffs, and walls, almost like a monkey even if you’re a multi-hundred pound mass of dense muscle. The easier ones you can climb almost as fast as you can run, and you could (as a human) run fast enough to keep pace with a tyrannosaurus for a time though as a human you’d fall behind eventually. Those with fewer hand and foot holds may slow you down, but it’d take something perfectly smooth to do so.

This all comes with absurdly good balance, and a lack of motion sickness. You can keep your balance, and hang on even as a creature tries to buck you, clinging to them so that you could ‘ride’ a bestial opponent even as you both fight."
400,Medicine Woman,Primal,Mundane Talent,"You have been taught the arts of healing. You might not know modern medicine or surgical techniques, but you know how to set bones, make casts from mud, and perform primitive surgery. You know what herbs are good to treat what ailment, and how to recognize a patient’s issues to pick the right ones – or the right way to live to remedy it. It may not be up to modern standards for medicine, but it’s a lot better when you don’t have modern tools or equipment, and surprisingly effective. In fact it seems somewhat more effective than it should be, at least when you’re the one performing it.

Also comes with a knowledge of how to mix up some basic medicines, including anesthetic powders to knock out patients safely."
400,Dominion of Fear,Primal,Mundane Talent,"Is it better, as a ruler, to be loved or feared? Your answer would seem to be feared. At least you excel at ruling through fear. You are an expert at breaking people as slaves, putting the fear of you into them to the extent that they will not even consider rebellion. You can break all but the bravest and strongest willed individuals, and once you have you can push them far. You could hold hundreds of giants with the reach to punch further than a normal man could swing a sword, and strength enough to reduce a man to bloody pulp with a single blow, as slaves with a force only a few times their number, as once you have instilled fear into an individual they become extremely servile and submissive. This doesn’t apply only to people. Overpower a wild beast and wrap a rope around its throat and it will soon stop fighting you and accept that it now exists as your beast, and serve faithfully as a mount. With those you can’t break with fear of your power, you know how to use hostages to compel obedience from; your threats always seem a worse risk to take."
400,Kaamrg Shall not Falter,Hawkmoon,Mundane Talent,"War is perhaps the only constant of life in Tragic Europe, so it is certainly a good thing you are one of the greatest generals of your time. You are a true master of strategy and tactics, the kind born once in a century and an equal of the likes of Count Brass and Baron Meliadus. Whether it be capturing a heavily-fortified city of elite warriors or defending your homeland against an army ten times the size of your own, you can devise and pull off a plan to accomplish it."
400,Antiques and Relics,Darkest Dungeon,Mundane Talent,"""Idol, amulet, or lucky charm- the simplest object can be a talisman against evil.”
The best support one can provide, aside from keeping your allies on their feet, is monetary in nature. As someone with an eye for curios and relics- as well as the skill at packing needed to stuff even more of the boundless treasures you will encounter in these darkened halls into your sacks and satchels- you would be a welcome addition to any team. Not only do you often find valuable artifacts and gold in the mud and ruins, but also powerful trinkets- masterfully crafted or supernatural equipment that can give your allies benefits when worn, used, or kept. Though, a large amount are double-edged swords; sometimes because of their unsettling nature, other times because of their construction or nature. Although the Trinkets purchased here don’t have this restriction, a person can also only use two at a time even if they are seemingly mundane."
400,Medical Warden,Darkest Dungeon,Mundane Talent,"“The preponderance of rare and exotic injuries make this place perfect for the study of suffering.”
Ah, science. As a learned scholar in the fields of medicine, surgery, and rehabilitation, your skills are best put to use in town where you can operate with frightening speed in the right circumstances, curing both debilitating mental illnesses and crippling disease in around a week’s time- though soothing stresses and other therapeutic methods are, ironically, not your strong point. But should you take to the dungeon you’ll find yourself still capable of putting your skills to use, at least if you can take the time to enact them- the usage of leeches to suck out bad humors is a delicate one, after all, not something one can do in the midst of combat. To say nothing of how your knowledge of vital organs, muscles, and veins allows you to bleed enemies like a stuck pig with only a simple dagger, or how your knowledge can let you quickly patch up the mildly injured even in a fight."
400,Tamed and Trained,Darkest Dungeon,Mundane Talent,"“The bigger the beast, the greater the glory.”
There have ever been those who have used animals for warfare, ever since the days when man first tamed wolves or domesticated horses for riding and labor. The choice to bring such creatures here, to the Hamlet, with all manner of predators that make prey of man and beast alike is an interesting one to say the least- but under the tutelage of a master animal trainer they can make for surprisingly effective soldiers in their own right. You are one such person, capable of taking nearly any animal and raising it into a weapon of war, as well as a faithful companion. Although you may not have as much success in taming the truly feral or monstrous, even that may be possible. Once your bond has grown it will almost feel like they are an extension of yourself; the commands coming quick and followed just as easily. Such is your bond that taking a moment to pet your loyal friend can even restore both of your bodies, not to mention the effects that having it around will have on moral- or the utility a keen sense of smell and an extra pair of eyes might bring."
400,Legacy is Power,Kill 6 Billion Demons,Mundane Talent,"Perhaps at one point, you felt you had no need to pass on anything, but I hope this Perk will convince you to reconsider. You are not only a master of the martial arts, but you are a master of teaching. In the span of six months, you can pass on the entirety of a single martial arts school you know. In doing so, you learn from your students as well, furthering your own skill, knowledge, and wisdom in the martial ways. Taking your student from apprentice to master will allow you to become a twice master of the school."
400,Super Mafia,Kill 6 Billion Demons,Mundane Talent,"You have the chops and chutzpa to run a multiversal criminal empire. A true mafia don khan. The
whole package really. Intimidation is your forte. Anyone subordinate to you can’t imagine themselves
betraying you. Not willingly at least. You innately sense opportunities to make money as well as how
big the consequences are if you follow through. They can be filtered by morals if you’re into that. You
also have a good head for economic tactics and strategies especially when it comes to forming a
monopoly and crushing the competition."
400,Primary Second!,Hajime no Ippo,Mundane Talent,"In boxing, a cornerman (or second) plays a crucial role in assisting a fighter during a bout. With this Perk, you’ve honed the skills necessary to excel as a second, knowing the best techniques to quickly stop bleeding, manage hair that obstructs vision, and position the stool for maximum comfort."
400,Ingenuity of the Fallen,Kung Fu Panda,Mundane Talent,"Knowledge is power and you truly understand the phrases meaning. You posses the ability to construct complex devices and weapons far in advance of China's crude wooden technology. You can build overlarge robot arms out of wood and stone (make sure to oil them), turn a martial art training course into a battle suit controlled with levers, or create a flying bamboo umbrella. You can see the murderous potential in anything no matter how benign, and your ingenuity can turn it to dark ends"
400,A Leader of Men,Good Hunting,Mundane Talent,"You possess the political and social acumen needed to rule a city, or a kingdom even.
Acquiring influence wherever you go is second nature to you, so much so that you would
have to consciously hold yourself back from manipulating your way to greatness in some cases"
400,Folk Healer,Manyuu Hikenchou,Mundane Talent,"Without access to expensive or advanced treatments, most villages have
worked wonders with traditional medicine. By combining herbalism, acupuncture, and massage
therapy, you can treat fevers, sore joints, and countless other common ailments. Serious injuries
will still require more developed treatments, but your techniques can accomplish things that
would impress even modern physicians, such as stimulating milk production or even enhancing
one’s romantic life. Of course, between your knowledge of the body and your prowess as a
masseuse, you wouldn’t need ancient secrets to impress any partner lucky enough to share your company."
400,He Was Great,Real Steel,Mundane Talent,"You are a professional coach, trainer, and teacher in one, knowing all there is to know
about those fields. Any student you train in anything picks up things several times
faster as well as gaining more insight into whatever it is that you're teaching. You
can even train things and beings that cannot improve by themselves, like robots, to
surpass their limits."
400,His Taking Direct Control,Real Steel,Mundane Talent,"You are one of the best robot pilots around, being able to secure victories with trash
bots against the strongest opponents, with incredible reaction time and an almost
precognitive sense of what your enemies might do."
400,Personal Protection Development,Tunic,Mundane Talent,"As the Quarry was dug deeper, a number of purple crystals were unearthed. The first
miners to discover them were reduced to a shell of themselves as their will to live was
sucked out of them by the crystal's miasma. Undeterred, the Scavengers simply found a
way to protect themselves from the effect and carried on. To make this feat properly
understood, they created gas masks that protected them from distortions in local space
that drained the will to live from those nearby.
Such development is possible for you now. Given exposure to an eldritch effect, with
some time, research, and experimentation you can develop equipment that neutralizes
the effect. Not all situations will be able to be overcome with just a specialized gas
mask, but it is now at least a possibility."
400,Progenitor of Kings,Arawn,Mundane Talent,"For all her faults, Siamh was quite the parent. While she certainly
didn’t raise well-adjusted children, it’s hard to argue with her results. Each and every one of her sons
grew to become a powerful, larger-than-life figure destined for greatness, warrior kings to a man. And
she did it as a survivor of rape and a single mother. Doubly impressive. Now, all your descendants and
children will be destined for such as well, through a combination of good genes and your mentorship.
Any lineal child of yours inherits the best traits of both you and the other parent, and if you personally
invest significant time in raising them, they learn much faster and will have the potential to change the world."
400,Art of Murder,Luther Strode,Mundane Talent,"Those who follow Cain often revel in their bloodshed. To practice and perfect themselves, they get
creative. Students can craft brutal landscapes of broken meat, mosaics of bone and sinew, pen
letters that horrify generations, their artwork is an extension of Cain. Even their mere presence
becomes a living nightmare for opponents, weaker wills breaking ranks and becoming so much
fodder to greater and bloodier frescoes."
500,Mad German Scientist,Metal Gear Rising: Revengeance,Mundane Talent,"You don’t just know about cybernetics you probably wrote the book on them. Your skill and knowledge on cybernetics is vast, you could not only repair destroyed cybernetics like it was nothing but you can improve on them. Any creation, repairing, and improvement of cybernetics will require less resources and time for you.

Capstone Boosted: It seems cybernetics are not the only thing you wrote the book on. Pick 5 subjects and your skills and knowledge in them become equal to that of cybernetics. Weapons would let you craft powerful tools of destruction, medicine would have you cure most diseases in a few days and cooking would make master chefs want to learn from you. The possibilities are limitless."
600,Reputable Violence,Baki The Grappler,Mundane Talent,"You possess an unmatched ability to set up fights. You can convince almost any fighter, whether
criminals, martial artists, wild animals, or freaks of nature, to participate in any bouts that aren’t
insurmountably stacked against them. If they would have gone on a violent rampage regardless,
your rules can serve to minimize the damage they cause. Your battles are often considered an
unparalleled honor, even without rewards, drawing in combatants from around the world. Anyone
who has fought for you once can be effortlessly contacted to fight again."
600,Medical Wizardry,Baki The Grappler,Mundane Talent,"How arrogant martial artist are, to assume that they are the masters of bodily destruction. You
stand as a true testament to both masterful destruction and restoration. You have a mastery of
medicine matched only by the likes of Kureha Shinogi, able to preform several-hour surgeries in
30 minutes, or have something as minor as the lack of a medical license overlooked by hospitals
and authorities. Your medical knowledge really does border on magic, such as grabbing someone’s
heart or ribs without breaking the skin, reviving the recently deceased with barely any tools,
administering general anesthesia with a single pressure point, or repairing a severed nerve in
minutes, with your bare hands, among others. Your medical expertise makes you not only better at
healing, but at damaging the human body as well. You can apply your knowledge to destructive acts
as well, such as forcing your own blood to prioritize certain muscles or attacking an opponent from
the inside out using the water in their own body. Still, your precision is far from impossible to
overcome with creativity, or just pure toughness, something martial artists have in ample amounts."
600,Griffin's Pawns,Saint Seiya: Lost Canvas,Mundane Talent,"The Three Judges of the Underworld are generals of the 108 Specters for a good reason, and now you’d have one too. You are neither a one man army nor a twisted front figure, but an actual general. You have what it takes to handle an expeditionary force from top to bottom, calculating match-ups, loss, acceptable risks and whatever you need to crush the enemy, able to make the best of what you have thanks to your many centuries of experience in many Wars.

Capstone Boosted: Watch them Scream: Rather than an aspirant, you could now confidently say to equal Minos in warfare, even sharing his talent and favorite : psychological warfare.  You have a knack for demoralization tactics, torture, pressing a group’s buttons, all it takes to make them vulnerable or careless… or just for the fun of watching humans suffer if it’s your thing."
600,Worthy Creation,Demon Slayer,Mundane Talent,"You are not just a swordsmith, you are a master swordsmith! You have obtained the skills to create extraordinary weapons, one’s sharp enough to cut the demon king, durable enough to take hits from upper moons, and resilient enough to last through time itself, never losing their edge even after centuries of neglect. When you make a weapon, you can bring it to the peak of what a mortal can create.

Blessed by the Sun God: You are no ordinary smith, you are someone that creates legendary weapons. You are no longer limited to merely making swords, your talents spread out into any type of weapon, even more modern ones. You could even make moving puppets that can match skilled warriors such as Hashira should you have time to study fighting styles and have the right materials, all the while doing it in a tiny fraction of the amount of time it would take other supposed “Master smiths”. And should you dedicate yourself to making a weapon for a single purpose, to be used for one specific goal and nothing else, the resulting weapon would far exceed what you should even be capable of making. The narrower the goal, the greater the result, such as a sword meant to kill only demons vs a sword meant to kill one specific demon, the former would be better in general, but the latter would far outclass the other against the specific demon. One day you may even be able to give your weapons the abilities of your perks."
600,Doctor,Samurai of Hyuga,Mundane Talent,"You hold power over life and death in your hands. Well, that might be a bit dramatic, but your
knowledge of medicine and healing can not be denied. You know how to disinfect and clean
wounds, administer anesthesia without overdosing, set broken bones properly, treat common
and exotic poisons, and your bedside manner is wonderful. Of course there’s no reason not to
advance your medical practice even further, your methodical and analytical mind making the
development of new techniques and drugs simple. Making those drugs and cultivating their
ingredients is simple too; you could make more than enough for a clinic. Though do be careful,
the same poppies that can help heal someone can poison a city ... or even a country."
600,Divine Doctor,Scissor Seven,Mundane Talent,"You’ve learned the medical arts, be it pills, potions or acupuncture, you know them all.
While you’re not yet at the level of being able to cure all diseases, you’ve mostly got a
hunch or two when looking at patients, even if it might take some incredibly rare plants,
you’ll at least be able to create medicine that alleviates the illness. Curing normal diseases
and medical problems is pretty easy for you though, you’re even able to help in the
cosmetic department. For rare illnesses and ones that aren’t normally seen such as
magical sicknesses or qi deviations you’ll need to actually examine the patient and do
your research, it will likely take you a while, but you should be able to finish the cure in
time to save your patients from dying. At least as long as you have all the ingredients to
make the cure, for some diseases you’ll need quite rare plants after all."
600,The Emperor's Reach,Jade Empire,Mundane Talent,"Traitors and thieves are everywhere, and it takes some effort to find them. Well, not for you. For you,
following a trail of rumors and gossip is as easy as breathing, and your unfortunate quarry will find you
knocking on their door before they even realize someone was looking"
600,External Perspective,Jade Empire,Mundane Talent,"Must the ignorance of these savages reach no end! Using silver instead of gold? Having airplanes but no
guns? Putting so much faith in their bizarre philosophies and fancy fighting? Absurd! Pointing out flaws
comes naturally to you, and you can easily identify areas of improvement in a culture or group ...
provided that group isn’t yours"
600,Armour King,Kenshi,Mundane Talent,"The art of high-quality smithing is mostly lost to this world. There are only a handful of
smiths that could truly call themselves Master smiths. Now you can include yourself among them. You gain the
ability and skill to craft [Specialist] quality armour and [Model # Edge Type] weapons. With a couple of years
of practice, you’ll be able to craft [Masterwork] armour and [Meitou] class weapons. You’ll be able to craft
perfectly balanced swords that are impossibly sharp, as well as nigh-impenetrable armour. You’ll still need to
spend the time and resources to make your creations and hone your craft."
600,Freelancer's Talents,Anima Beyond Fantasy,Mundane Talent,"Your skill range is so eclectic, that you’ve found picking up
more is simplicity itself. You learn skills in a fraction of the time it’d take someone else, and can
quickly raise yourself to the level of an average professional with only a small amount of effort.
After that point, your growth will return to normal, but with as many skills as you can learn, you’ll
find that combining them can get you far."
600,Conniving Bastard,Vinland Saga,Mundane Talent,"You have a knack for plotting on par with Askeladd himself,
capable of maneuvering and strategizing to the point you could become a king's retainer based
solely on manipulation. Additionally, you have a proficiency with leading men and in medieval
warfare tactics."
600,The Prince,Samurai 7,Mundane Talent,"You have the makings of one. You find it easy to recognize means with which to gain, consolidate, and/or keep political power and authority. In fact you seem to be a master in the field, with a talent and insight which would make many so-called great men of history proud or envious of you. You have an eye for public relationships and ensuring you get good press, as well as a talent for saying what will sway the masses to your side even as behind closed doors you ensure that they are oppressed to a level where revolution would be impossible. Just realize that this perk’s insight cares not for your moral limits, and many of the means with which to obtain power it will help guide you to are those completely lacking in moral compunctions. Also this is about political and pr steps you may take; it won’t help you govern effectively or grant you battlefield tactical insight even if those things would help you gain power."
600,Village Elder,Samurai 7,Mundane Talent,"You have a deep understanding of human nature and behavior.
This understanding helps you to be able to recognize a person’s qualities quickly, and
with time to grow to really know them you can develop quite a sophisticated idea and
understanding of how an individual thinks. This will help you to understand how they
will act and react in a great variety of situations, as well as what they need, and how to
guide them without overt commands. It’s not absolutely foolproof, but your grasp of the
psychology of those around you is excellent."
600,The Floating World,Blue Eye Samurai,Mundane Talent,"That's what they call the pleasure quarters, where one must travel to reach heaven. Any woman
can study woodcuts and master the 12 and 20 positions, your skills go significantly beyond that,
and not just in sex either. Like Madame Kaji, you've got what it takes to go from zero to running,
and more importantly keeping your own brothel despite having to pay half your profits and more
for protection. Finances, management, training, dealing with all sorts of customers, and of
course, the practiced eye to identify just what your client desires, even if they won't speak of it,
or even acknowledge it to themselves."
600,"Steady Hands, Steady Mind",Cradle,Mundane Talent,"Never again worry for your fingers slipping on a delicate
project, or forgetting a crucial ingredient in your brew. You execute your ideas flawlessly, though
this doesn't stop those ideas from being flawed in concept. It does, however, stop anything from
being a true waste. Every time you fail, you learn. Normally this might take repeated attempts to
figure something out, but with this, you'll pick apart what exactly went wrong in time to solve
those flaws on the next attempt. Through experimentation, progress!"
600,Dungeoneering,Muhsoku Tensei,Mundane Talent,"There are many wonders in this world and one of these is the dungeons or labyrinths that are scattered
throughout the world. This grants you an encyclopedic knowledge of the mechanics on how the dungeons or
labyrinths are made and operate, and you can also recognize the difficulty of any dungeons or labyrinths just by seeing the entrance or reading and hearing the description made of people who when there. When exploring the dungeons or labyrinths you can instinctively detect the traps, recognize a hidden door, solve puzzles and know which teleportation circle is the correct one to use. This also grants you the skill necessary to make and draw maps of the dungeons or labyrinths that you cleared and this maps are so detailed and easy to understand unless they are purposely ignoring it everyone should be able to understand it, and this map making can also be applied in making world maps though you need to survey personally or see it through things like a telescope of All-Seeing Eye."
600,Phantom Thief,Thunderbolt Fantasy,Mundane Talent,"What's best in life to steal? You've learned that it's not wealth or a
material possession but rather your opponent's pride, their hopes, their dreams, and
their very will to live. That, in your eyes, is the greatest thing to steal, and so you've
gained a keen insight into the wants, desires, flaws, and insecurities of your chosen
target. With time, preparation, and a little luck, you can put into motion a plan that will
mentally break your target's willpower, sending them into mental rumination as they're
forced to watch their ambitions, and their dreams fade to ashes from your plans. Be
careful though, if you underestimate your opponent or misunderstand their dreams, then your plan will fail."
600,The Apex,Thunderbolt Fantasy,Mundane Talent,"Everything you try comes to you easily, regardless of what it is, you will find
that you have a natural talent for it, and that with a little training, you could quickly
become one of the peak experts in that field. Your talent is so great that you easily
become a master of swordplay, theft, acting, and magic in a decade."
600,Six and One Other,Elric Saga,Mundane Talent,"Court intrigue is just another fact of life in places where those with
power congregate, indulged in much like the luxuries that their wealth bring by petty count and
mighty emperor alike. But the plots your mind produces are of the highest level, fit for the halls of
Melniboné and Quarzhasaat where grand conspiracies reign. Often your cunning is a weapon
more dangerous than any sword or magical spell, and manipulating those with greater personal
power than you is something you are particularly good at. Even if their weapon drains souls from
men and gods alike or if they can conjure the greatest of demons to do their bidding, you can pull
the strings to make every man in a slew of kingdoms their enemy or place them in situations they
would be unlikely to survive. Alternatively, you could arrange a meeting in such a way that they
would gain a good impression of you when they otherwise wouldn’t, and with some time you could
gain their full trust. If you were to delve into bargains with the Lords of the Higher Worlds, you could
perhaps hold your own against even their endless and many-layered schemes, much like a certain
member of the Melnibonéan royal bloodline."
600,Illustraded Glory!,Hajime no Ippo,Mundane Talent,"Not everyone's talent can be fighting, interestingly enough the boxing world seems to be filled with an oddly high number of people that can draw well much like yourself. Whether you were a boxer before or not, you possess an intuitive understanding of the manga medium. You grasp the power of visual storytelling, utilizing panel layouts, perspectives, and composition to heighten the impact of your storytelling. Each page becomes a symphony of imagery, seamlessly guiding readers through the story and evoking powerful emotions."
600,Millennia of Planning,Kajiri Kamui Kagura,Mundane Talent,"Yato’s plan has taken 8000 years to come to fruition. He has never lost sight of his goal or
wavered in its execution. Manipulating empires, countless people, and cause and effect itself he
has come closer and closer to finishing his plan to defeat Hajun. He does this knowing it will
require the ultimate sacrifice to accomplish. You now have planning skills on par with him and
the will to carry it out. You can easily plan complicated xanatos gambits that take millenia to
accomplish and find that unless you change your plan or decide you do not want to do it
anymore, your will in completing it will never waver no matter the cost."
600,Shorten the Distance,Real Steel,Mundane Talent,"You have advanced knowledge of biology and human augmentation as well as an
uncanny ability to adapt any technology into bio-augmentations. Kinetic energy
absorption panels could be turned into a new form of fat that can do the same
thing, piston arms turned into a series of muscles, ligaments, unique bone structure,
advanced shadow module will be adapted into eyes and brain modification, and so on
and so forth."
600,Right Shoulder,Real Steel,Mundane Talent,"With keen eyes and your insane attention to details, figuring structural weaknesses,
weak spots in someone's fighting style, and critical design flaws is as easy as
breathing for you, almost glowing to your eyes with how blaringly obvious they are."
600,Greater Logistics,Tunic,Mundane Talent,"Whatever reduced the civilization of this world to ruin left the various people scattered and disorganized. The Rudelings, without their souls, cannot recover; the Frogs, while a cohesive group, don’t have much desire to expand or rebuild; the Custodians are lost in their research and guarding their vault. The Scavengers, instead have maintained their task, such organization and dedication is more of a rarity than would be expected.

Like the Boss of the Scavengers, you are capable of gathering other’s into your leadership and organizing large groups into large scale projects. Sometimes, in a harsh world, it is might that makes one a leader, and although that is not the primary boon from this perk, you are also granted a slightly greater level of physical strength than you would otherwise have. Beyond the physical abilities, you also have incredible luck when it comes to discovering information as to where artifacts are buried."
600,Chaining Cain,Luther Strode,Mundane Talent,"When Cain went into his bindings willingly, he taught his followers the forgework. Binders have
refined these disciplines over the long centuries, the gulf in strength between themselves and
Cain's true students overcome by these tactics and techniques. You have become truly adept in
capturing and imprisoning your opponents, both in mind and body. No mere mortal could escape
your restraints and in time you may build jails worthy of Cain himself. For more exotic targets, it
is no guarantee of success but time and resourcefulness will prove allies here."
800,Pope's Mind,Saint Seiya: Lost Canvas,Mundane Talent,"Either as his student or once as a prolonged replacement, you have the qualities required to be the Pope of Sanctuary. Managing allies and threats on micro and macro scales, or recognizing one’s potential and ideal role, are all qualities of yours. Such trust and proximity to the Pope also comes with benefits, such as access to otherwise forbidden places, forgotten lore or secret technique like the dreaded “Demon Emperor Fist”. You gain a similar role and sum of knowledge in future jumps.

Capstone Boosted: Wisdom From Age: Saints are known to have longer lifespan, especially the strong ones, but you are breaking records here. You're so old you could very well have been around in the previous Holy War 260 years or so ago, like Hakurei and Sage. It didn’t diminish you at all, as you gained so much in knowledge, experience, wisdom, mastery and respect from your peers, the few old bones you are starting to get barely hinders you. In future jumps you likewise gain a literal lifetime worth of knowledge and experience related to the jump and perk you gained there, either actually lived or as memories retroactively gained that doesn’t affect your age, at your discretion. Show those kids how it’s done."