CP Cost,Name,Jumpdoc,Chapter,Description
Free,Basic Cultivation Scroll,A Will Eternal,Artifacts,"A very basic scroll detailing some introductory methods of cultivation, and use of spiritual and vital energy. While not specific in its teachings, meaning that you will not progress terribly far with it, it is also a clean slate, meaning that those that follow it will not have their future cultivation influenced in any specific direction. This is a good method for providing the foundation for future cultivation while encouraging the cultivator to think of their own future path.
Subsequent purchases cost 50CP."
Free,Bag of Holding,A Will Eternal,Artifacts,"This may not be a player inventory, but it’s a good enough alternative. The Bag of Holding is an extremely useful item used for transporting whatever you want around, without the muss and fuss of taking up space or weighing down transport. Taking the form of a small bag, or alternatively as an inconspicuous silver ring, you can suck anything you want into it. Mind that living things have the ability to resist and break free. You have enough space to store a large warehouse worth of stuff inside this bag. One of those items that is both valuable, yet not too uncommon.
Subsequent purchases cost 50CP."
Free,A Hundred Bundles Of Purple Smoke Herb,Tales Of Demons and Gods,Artifacts,"You receive 100 bundles of the Purple Smoke Herb. If used with the correct formula, it can become a pill able to boost cultivation speed. 
Can be bought only one time."
Free,Interspatial Ring,Tales Of Demons and Gods,Artifacts,"An interspatial ring, it can open an interdimensional storage if injected with your soul force - or the soul force of whoever you grant permission. This storage cannot be accessed without the ring, everything inside it is safe from the outside. Cannot put living things inside one. The ring is indestructible. Time moves slowly inside one, this version has a scale of 1 second to 1 year, meaning one year outside is a second inside. Cannot store living things. You can transfer the ownership of the ring. The space inside is exactly equal to a 50 cubic meters cube.
Can be bought only one time."
Free,Lantern,Tunic,Artifacts,"No self respecting adventurer would go too long without a lantern of their own. This
lantern is of a simple box design and can be hung from the waist to keep it out of the
way. For whatever reason it seemingly never needs fuel. It does glow blue, like the
soul-powered magic others use. If it is running off of that, it is extremely efficient."
25,Dragon Whisker,Ranma 1/2,Artifacts,"A real whisker, from a real dragon. It can be used to make a soup that will cure baldness in men. If a man who still has hair eats the soup however, they will be cursed with super fast growing hair, which will grow out a lifetime's worth of hair, and then fall out, leaving you totally bald. The only way to stop this curse, is to wear another Dragon Whisker as a hair tie for a year and a day, which will stop the growth until the curse wears off. The curse does not affect women, who will simply find it to be a slightly hair-tasting soup."
25,Collection of Magic Incenses,Ranma 1/2,Artifacts,"A variety pack of magical incenses, which will have an effect on everyone who breathes them in.
If one of these is used up, it will reappear in your warehouse a week later. Includes:

Peaceful Rest (unbreakable unconsciousness for a full restful night's sleep),

Spring Sleep (asleep like the Peaceful Rest, but able to sleep-fight. If not attacked, will sleep-walk looking for fights),

Spicy (wake up anyone, including those put to sleep by the other incenses), 

Incense for the Coming Summer (repels mosquitoes),

True Love Incense (makes users hallucinate that the other users of the incense are wearing the clothes of their true love, and thus might be them despite otherwise not looking like them, maybe?)

Embrace of Passionate Love Incense (makes the user hug and proclaim their love for anyone who says the “trigger” word that was set while breathing the incense. Does not cause actual feelings of love.)"
25,False-Friendship Electric Shock Ring,Ranma 1/2,Artifacts,"Magic ring that delivers a painful electric shock to whoever the wearer touches with it. Enough to stun, but not actually harm the target. An old Amazon self-defense weapon for the weak and helpless"
25,Lens of Invincibility,Ranma 1/2,Artifacts,"A set of fancy opera-glass style lenses on a stick that, when worn, will cause attackers to bow down and beg forgiveness for attacking you. If used backwards by accident, will cause the wearer to bow down and beg their attacker for forgiveness instead. An old Amazon self-defense weapon for the weak and helples"
25,Jellyfish Swimsuit,Ranma 1/2,Artifacts,"Comes in male or female versions, a magic swimsuit made of jellyfish, which grants the
wearer the ability to swim well. Must be kept wet, or it will dry up and disintegrate. If lost or destroyed, will appear in a bowl of water in the warehouse the next day."
50,Mantra Transmitter,Asura's Wrath,Artifacts,"This device is a large statue, looking like some form of religious icon about fifteen feet tall.It allows mortals to direct prayer to you, waiving range/awareness limits. It can direct the Mantra of anyone within one mile, to a maximum of 10,000 mortals each, so you’ll need several such transmitters (and a bunch of praying people) to get the most out of them. You get one such transmitter for 50cp, and the schematics instructing you how to make more. If destroyed a new transmitter appears in your Warehouse after a week."
50,Impurity/Divinity Sensor,Asura's Wrath,Artifacts,"You have a handheld device that can detect either the concentrations of impurity representing
Gohma or other angry spirits of the world, or the unique theotechno­signature of the Demigods or other
prayer­powered entities. It’s range is 10 miles, and will give you a directional bearing in 3­dimensional
space. You also know how to construct more."
50,Invigorating Tonic Gourd,One Finger Death Punch,Artifacts,"This pear-shaped flask is always full of a refreshing potion. Drinking this nutritious elixir makes you
overall a bit faster, relaxed, perky and drunk. Perhaps for pre-fight sips. No substitute for real sleep."
50,Magic Mirror,Baki: Son Of Ogre,Artifacts,"A seemingly normal smartphone that behaves as normal. Although it’s anyone’s guess who’s paying for your plan. Oddly, when taken into more fantastical worlds, it’s design and inner mechanisms shift into something unambiguously magical, fueled by magic instead of electricity. Though the basic functions are unchanged, you can’t access the internet if there is no internet to access, and you must charge it as normal."
50,Repair Nanopaste,Metal Gear Rising: Revengeance,Artifacts,"These tiny packs of nanomachine infused gel are used to heal and repair damage that cyborgs have sustained in battle. Each one can completely restore health and if the owner is struck by a fatal attack the paste will be used automatically.
Can be Purchased Multiple Times."
50,Electrolyte Pack,Metal Gear Rising: Revengeance,Artifacts,"Unlike the Repair Nanopaste that recovers the health of cyborgs these packs fully restore the energy of the cyborgs allowing them to use their abilities again. Can be used to recover other types of energy like magic, chakra, ki, etc.
Can be Purchased Multiple Times."
50,Fan of Divine Wind,Ranma 1/2,Artifacts,"An old amazon treasure in the form of a small hand-fan that looks like it's made of peacock feathers, which can generate winds strong enough to blow a person off their feet. Can only be used a few times without resting, or it may break."
50,Bandanna of Infinite Bandannas,Ranma 1/2,Artifacts,"You can pull these things off your head over and over without running out, and use them for anything a bandanna is good for, like tying things up, wrapping things, tying together into a rope, or throwing them at people like buzz-saws. While you can fully remove it yourself, anyone trying to steal it off
of your head will just get another normal bandanna. Comes in your choice of colors and pattern."
50,Scales,Cradle,Artifacts,"A big bag of 1000 Truegold-Class Scales. Orbs of Pure Forged Madra that are used as both Advancement Materials and Currency. You can absorb them into yourself for a boost in power during Cultivation, use them as fuel for some Constructs, or actually buy things with them.
Can be Purchased Multiple Times,"
50,Thousand-Mile Cloud,Cradle,Artifacts,"A construct of Forged Cloud and Wind Madra that can be used as a method of transportation for up to four people, though the more weight you put on it, the slower it goes, and it requires your own Madra to generate the power of flight beyond just floating in place. Can easily be packed up into a tube for storage as needed."
50,Badge Set,Cradle,Artifacts,"In Ancient times on Cradle, it was tradition to wear a badge denoting your Advancement Rank, and the Icon you were attempting to attain. If you'd like, instead of an Icon, you can have a personal symbol of yours imprinted on these eight Badges. On top of just being fashionable, these pendants are better than that which they're based on, and can hold a large amount of Madra within them as a backup, or other magical energy once you leave this jump.
The badges, in order, are: Copper, Iron, Jade, Gold, Halfsilver, Goldsteel, Wintersteel, and Soulmetal"
50,Parasite Ring,Cradle,Artifacts,"Unlike the name implies, this ring doesn’t actually carry any negative effects. It’s comparable to a spiritual set of weights, making cycling become twice as difficult, but making it twice as rewarding when worn. It’s one of the most reliable ways to train a Pure Madra
Core, but it’s useful for any Sacred Artist."
50,Duel Disk,Duel Monsters - Duel Terminal I,Artifacts,"...Eh? Do people really play with these things when wars are going on? I guess everyone needs some entertainment every once in a while. This little contraption you have here allows you to play card games on a whole different level, using technology, mind-altering biological agents, and/or magic (depending on what tribe you’re from) to create phantasms of what you and your opponent are doing. Kinda useless for anything else, though. If you want to kill someone by beating them at a children’s card game you’re gonna need to provide the means yourself."
50,Destiny Deck,Duel Monsters - Duel Terminal I,Artifacts,"You’re pranking me with these purchases, aren’t you? What you have here is a deck for this Duel World’s most famous card game... which has seen a slight dip in popularity thanks to all the fighting and killing going on. Constructed to your specifications, you’ve got 40 cards for the Main Deck, and 15 cards each for the Extra and Side Decks, as well as 20 spares to do whatever with. Odd thing is, one of these cards, your favorite card in fact... has a spirit inside! Having a personality appropriate to what it represents that you’d find amicable, it’ll be a staunch friend for whenever you get your game on! ...It doesn’t have any cool spirit powers, though."
50,Atlach-Nacha's Grip,Sundered,Artifacts,"Upgraded for 50 CP, this will remove the requirement to continue moving along a wall. Optionally comes with gloves so you can spider crawl if desired.

Requires ""Gravitational Boots"" to Purchase"
50,Zhong Yi,Generic Wuxia,Artifacts,"You have a number of valuable medicines. They can help restore those who are injured and sick, and even aid in some spiritual ailments such as ki misalignment."
50,Dajoule's Insulating Cloak,Legacy of Kain,Artifacts,"This dark gray hooded cloak might not look like much, but it is not without its own blessing. So long as you wear it you will find your powers safely regulated to levels where it will be impossible to accidentally harm others or even yourself. And should the need arise this property can be temporarily empowered, preventing your energies from leaking out at all and allowing you to pose as an ordinary traveler."
50,Anti-Toxin ,Legacy of Kain,Artifacts,"No matter what race you are in this place, chances are that you might get poisoned at some point, no matter if it is from an assassin‘s blade or from drinking something you really should not partake in. This small bottle will help with that, instantly cleansing your body of any poisons, infections and similar afflictions that might plague you. It has enough for three doses which replenish daily."
50,Enchanted Sheath,Volgarr the Viking,Artifacts,"This item can change itself to fit any handheld weapon. Weapons attuned to it, something
easily done by touching the sheath and saying a few magical words, can be called back to
the sheath at any time. This works for pairs of weapons as well, if small enough (such as a pair of daggers)."
50,Rainbow Brooch,Volgarr the Viking,Artifacts,"A small brooch, able to be fitted to most clothes or simply kept in your pocket. If the brooch
is on your person when you fall asleep or meditate, you are able to wander the lands as an
immaterial and intangible spirit. This can allow you to scout ahead should you want to. You
can’t interact with others and they can’t sense or interact with you, unless they have a strong
supernatural connection to dreams. If your rest is disturbed you are instantly called back to your body."
100,Black Incense,A Will Eternal,Artifacts,"A small black stick of incense. After gifting this incense to others, if they were to light it would let you instantly know that they are in need of your help, and will tell you the exact location of the incense for as long as it is lit no matter how far away. You get a box containing a dozen of these incense sticks, the sticks being replaced within a week of being used up."
100,Formation Golem,A Will Eternal,Artifacts,"This is a trio of three large golem formation treasures that can be controlled by either a group of weaker cultivators or a single strong one. Each formation golem is the size of a giant, 300 meters in height, and can match up to a Core stage cultivator. At full strength this is a fully corporeal giant. If the formation is lacking in power, this is more illusionary in appearance and unable to unleash its full strength. It is not unusual to see these types of golems on the battlefields of lower level sects, due to their ability to let weak cultivators stand up to stronger cultivators."
100,Soulhoarding Pagoda,A Will Eternal,Artifacts,"You can’t really call yourself a Necromancer without one of these! Normal bags of holding are capable of holding souls within them, however they will slowly degrade and spoil with time, like food. What is special about the soulhoarding pagoda, and what makes it a much sought after item by necromancers, is their ability to keep the souls trapped within perfectly preserved and fresh. Degraded souls will lead to inferior products produced, and will often prevent a necromancer from producing a higher level product due to the instability. That is why this is so valuable for any necromancer. This five story pagoda can hold up to a million souls at any one time."
100,Immortal Alcohol,A Will Eternal,Artifacts,"A rather special brew of strong alcohol. It contains spiritual energy that can be used to help replenish a cultivators reserves very quickly, but its real strength lies elsewhere. It can get Immortal Cultivators drunk. You’d be surprised by how valuable this can be in the world of cultivation. Bring out in parties for a little fun, or maybe use in battle to regain your strength."
100,Jade Tablets (100),Against The Gods,Artifacts,"These are jade tablets, holding the complete details of exactly one Profound Art of the highest quality. Profound Arts are typically classified into Movement skills, Concealment skills and Profound Skills, which are basically attacking techniques. There are also special cultivation measures, illusion techniques, armed or unarmed techniques... and so many other options. For 100 CP these tablets can be any canonical Profound art not connected to the divine realm, but some of the absolute best stuff possible within this constraint, easily a peer with the finest arts practiced by the geniuses of the greatest sects and Sacred Grounds. If not a canonical art, you can design one for yourself, within these constraints.

The first purchase of the 100 tier tablets is free. In addition, those who have a
True Gods's Bloodline receive the related Profound Art Jade Tablet for free."
100,Purple Spatial Ring,Against The Gods,Artifacts,"A spatial ring of the highest quality. Made by the finest experts, this
ring holds a pocket dimension exactly 1000 cubic meters in size inside it. You can put anything you
can lift into the dimension at will, at retrieve it just as easily. Also, you can have a full list of
everything in the ring with a thought."
100,Sound Transmission Jade,Against The Gods,Artifacts,"A phone by any other name. You have a jade of the highest
quality, so high that you don’t even need imprints to call people. Simply through their name, you can
call anyone on the same planet who has a Transmission jade of their own, or any other long distance
communication device."
100,Mantra Capacitors,Asura's Wrath,Artifacts,"These devices allow you to contain Mantra either by meditating and directing it yourself, or by
tapping into a Mantra Transmitter. In either case, a single capacitor can hold 1000 mantra charges, which
equates to 5 minutes of Mantral Level 3 feats, or 12 hours of sustained use of Mantra level 1­ and 2
equipment. It takes 12 hours to recharge a capacitor to full."
100,Spirit Denying Sutra,Asura's Wrath,Artifacts,"Anointed prayer strips inscribed with banishment verse allow the wielder to ward a location against
Gohma or similar native spirits and impure beings. They are compelled to stay 10 yards away from a
properly warded location. You begin with enough prayer strips to defend a large building like a temple or
school, and can make more as fast as you can write."
100,Bones of Your Father,Grant Morrison's 18 Days,Artifacts,"Well, dice made of them anyway. This is a set of dice, bone-white in color, that always show
the numbers you want whenever thrown. They’re not loaded, and no magic in any world will
ever identify them as anything but perfectly normal dice. But come hell or high water, they will
show whatever result you want them to when thrown.

You get two, shaped like cuboids for the Indian game of Chaupar, a proto-Ludo sort of game. But
in future jumps you may get them for whatever games you’d like, in unlimited numbers.
Might not actually be made out of your father’s bones."
100,Interspatial Ring (100),Tales Of Demons and Gods,Artifacts,"For 100 CP you can get a ring with the same properties as the FREE version, but its storage is upgraded to a 1 cubic kilometer cube. Time inside will be flexible, with you being able to adjust it from complete time freeze to a 1:1 scale with the space outside the ring.
Can be Purchased Multiple Times"
100,Divine Seed,Sekiro Shadows Die Twice,Artifacts,"This seed behaves strangely when planted. It seems to make the ground incredibly nutritious,
which allows any sort of thing to be planted if the weather is compatible. The divine seed itself
will grow into golden grass that will always regrow as long as you don’t pluck them out. You
can even cut the blades and replant them to further spread it. It takes a week for a handful of
grass to grow and if you consume it, it will heal all wounds and cures you of any illness,
although it takes quite a while to chew through unless you have some way of liquifying it for easier consumption."
100,Gift Wrapped,Baki: Son Of Ogre,Artifacts,"A fine bottle of alcohol and seemingly mundane bandages with an unexpected use. Use the alcohol to wrap these around your waist (or wherever else you want to keep your insides inside) and you’ll be un-disembowel-able. You can still get cut, but your insides will stay in the right spot as if your skin was still intact, and your blood around this area clots abnormally fast. Even master swordsmen will struggle to cut the bandages themselves."
100,Map of Fog Hill,Fog Hill of Five Elements,Artifacts,"You have been given a map of the Fog hill, useful for locating yourself and knowing the locations you should avoid and which ones could help you in times of emergency. You will instinctively know where you are on the map, an indispensable tool for any traveler because you know which places to avoid. You may not know the reason but at least you will not enter a possible death trap such as the violet forest."
100,Soul Rosary,Saint Seiya: Lost Canvas,Artifacts,"A 108 bead rosary, made of an unknown material. Other than slightly boosting your cosmo when used as a focus, it has the special property of trapping the soul of people as they die. At the beginning of each jump, you choose either if it affects those you personally kill, or any member of a specific group or organization. The more numerous or powerfull the soul inside, the shorter their captivity will be."
100,Flower Bracelets,Saint Seiya: Lost Canvas,Artifacts,"3 bracelets of tressed flowers, as well as the knowledge on to make more. You see, these are special : all those that are emotionally close and wearing one will always know the others’ general state  and in which direction or dimension they are. With enough effort, it may even allow one to share or channel one power to them for a limited time, though it will be very watered down in the process."
100,Stardusk Sand,Saint Seiya: Omega,Artifacts,"You now have a steady supply of stardust in your warehouse. This material not
only fixes armor made from the gods' gifts but also can repair any magic items,
except those that are completely destroyed. You just need the knowledge to use it."
100,Crystal Ball,Saint Seiya: Omega,Artifacts,"You now possess a crystal ball endowed with the power of foresight, granting you
the ability to peer into any location across the world, provided you can detect the
unique cosmo signature of your target."
100,Helm of Obscurity,Saint Seiya: Episode G,Artifacts,"While most of the Saints do not cover their faces in or out of combat, you’ve taken to be an
exception to this. This special helm entirely obscures your face and even identity when you wear it,
even when your face should actually be visible or when outside of the helmet, you are still very
recognisable as your normal self. The design of the helmet is up to you, even if you have it open over
your face it will still work as intended. You may import a helm into this option."
100,Wisteria Seeds,Demon Slayer,Artifacts,"You now have a small pouch filled to the brim with small seeds, and these are no ordinary seeds, these will grow Wisteria trees, the very same that is poisonous to demons. When planted, these seeds will become fully grown trees within two months, and the bag will always refill itself after being emptied. Post-jump it works with the same effectiveness on any demon."
100,Hyotokko Mask,Demon Slayer,Artifacts,"It is dangerous for you to go out without hiding your face, so take this. This mask, which usually has a unique design, can fully hide your identity should you wish it to, when wearing this even your best friends would not be able to recognize you. You may choose its design."
100,Palanquin,Nine Sols,Artifacts,"Solarian technology has developed quite some creature comforts. For
those who don’t want to walk everywhere, we offer a large, floating cushion outfitted with
anti-gravity repulsors. It’s not fast, and levitates at a walking pace. While incapable of flight
at high altitudes, it can still get high enough to get to a building’s second floor. It’s a cross
between a pillow and a couch. It floats. Not much else to say. Makes for a very comfy chair."
100,Fusang Amulet,Nine Sols,Artifacts,"An amulet made from the fallen wood of the Fusang, said to have
protective powers. That’s just superstition, of course, but... Well, it is pretty tough, and it
does seem to have an odd tendency to be just in the right place to block attacks. That’s
probably just confirmation bias, though - and it’s not like it’s indestructible. But still, it might
be useful to keep around. For luck."
100,Medicine PIpe,Nine Sols,Artifacts,"A truly marvellous device, the medicine pipe uses medicinal
herbs as a catalyst to transform rhizomatic energy into vital qi. A single puff on the pipe is
enough to heal serious wounds instantly - though it is useless against disease or poison. By
default, the pipe only has enough power for two drags before being expended, and will only
heal relatively minor wounds."
100,Medicine Pipe (200),Nine Sols,Artifacts,"For 200 CP, it can be used four times, with half again as much healing power.
Require ""Medicine Pipe"" to Purchase"
100,Table with Great Feng Shui,Live A Live,Artifacts,"Say what you want about Odi Wang Lee, but he has
great taste in furniture. This is the large table his bodyguards sit at. It has a nice convenience
feature, too: If you place nameplates on it, it will rearrange them on its own to create a
reasonably good seating plan, taking into consideration both interpersonal relationships and the
logistics of food placement to minimize items passed around."
100,Cloak of Invisibility,Live A Live,Artifacts,"One of the Enma-clan’s most prized possessions: A cloak that,
when worn, renders you both invisible and intangible. You can’t move without dispelling its
effects, but since enemies will pass right through you, this is still a great way to throw people off your trail."
100,Captain Square,Live A Live,Artifacts,"An arcade cabinet featuring the famous 2099 video game, Captain
Square. In Captain Square, you take on the role of the titular Captain, who fights evil across the
solar system in the name of justice. Of course, there’s more to this game than meets the eye:
Captain Square spits in the face of thermodynamics and creates electricity from nothing.
Specifically, the better you do at the actual game, the more energy it produces. That’s right, you
can now create a society that depends on pro gamers as a power source."
100,Flask of Water of Life,Ranma 1/2,Artifacts,"A flask of water from the Orochi's lake in the mystic valley of Ryugenzawa. For humans, it's a very powerful cure-all, capable of curing most illnesses, healing injuries, and even making the cooking of a Kitchen Destroyer survivable if it's used as an ingredient. (It cures the poison in the food.) When drunk regularly by animals, it causes them to steadily grow until they reach giant size. Refills once a day, contains about 16oz. The Water of Life soon looses it's potency when away from Ryugenzawa, or not in the flask"
100,Packet of Instant Jusenkyo Water,Ranma 1/2,Artifacts,"A small packet of powder, which when mixed into a cold bath will give
whoever bathes in it a temporary Jusenkyo curse, which lasts until they are next splashed with hot water. Can be used to (temporarily) cure a real Jusenkyo curse once (after which each type will have no effect). If lost, stolen, or used, will reappear fresh in your warehouse after a week has passed."
100,Flute of the Monarch,Joujuu Senjin Mushibugyo,Artifacts,"This small flute is more powerful than one would think at first glance. Crafted from a powerful
mushi, the tune it produces lets the user control weaker mushis to act as minions, ready to
dance to your will. In other worlds, it will let you control minor monsters. It could be used in
small insects or animals to use as spies or you can just make a bunch of Mushis as your
attack force to make up in case of number difference with your foes."
100,Map of the Colony,Joujuu Senjin Mushibugyo,Artifacts,"For the people of Japan, making accurate maps of the country because impossible after the
mushis invaded the lands, but such a thing is not a bother for Mushibitos, who can get a very
accurate map without problems. This is that map, a very detailed topographical depiction of
the country. It will update itself every week or after some major change in the land. It will also
update to whatever country you’re in at the time, so it’s still vaguely useful for travellers."
100,Water Tablet,Okami,Artifacts,Seemingly a blue stone tablet that allows the bearer to run across water like it were solid ground.
100,Thief's Glove,Okami,Artifacts,"When wearing this, any attempt to take a physical item from an enemy will succeed. But don’t
expect to go unnoticed, especially if you’re going for something they’re holding or wearing."
100,Disguise Kit,Samurai of Hyuga,Artifacts,"Sometimes it takes more than just a change of clothes to fool someone; that’s where this item
comes in. More than just a mere makeup kit, your skin colour can be perfectly changed to
another hue entirely, and the other physical discrepancies between the target you're
impersonating and you just seem to be passed over or ignored."
100,Good Night Melody,Scissor Seven,Artifacts,"Everyone needs some good sleep. You’ve got an app that generates a new song every
morning and night, listening to it will make you either get rid of drowsiness and motivate
you or let you fall asleep immediately after the song finishes. All played songs will be
saved and can be replayed whenever you please and the app can also make songs for
different moods and music genres although those will be only average in quality."
100,Gaiba Egg,Scissor Seven,Artifacts,"These eggs allow the user to transform into anything they can imagine by breaking the
egg when thinking of what to turn into. You get one Gaiba Egg weekly."
100,Get Out of Jail Card,Scissor Seven,Artifacts,"Being a Bodyguard can be hard, thus you’ve made sure to have a backup card for when
you get in trouble during a job. This Monopoly Get out of Jail card that a friend of yours
gave you, works wonders. While in jail, if you give this to one of the guards and they read
what’s on the back of it, which they’ll be forced to do once they get sight of it, they’ll let
you out within the hour. If it wasn’t a very serious crime they’ll leave you in peace, but if
it was something more serious like murder you’ll only have a few hours to make your
escape until your escape is noted. Replenishes yearly."
100,Qi Pills,Scissor Seven,Artifacts,"You have three Qi Pills of adequate quality with no side-effects that replenish monthly.
You may decide what kind of pills these are, whether they’re energy pills, replenishing
your Qi, Mana or whatever other energy sources you have, a health pill, healing your
wounds, an aphrodisiac pill or a stamina pill, giving you enough energy to not require
sleep for the night. Whatever they are, they’ll be middling in potency (you’d require all
three of them as health pills for example to heal a major wound), yet always somewhat helpful."
100,DX Enhancer,Scissor Seven,Artifacts,"A drug administered by needle that temporarily boosts the user's strength, speed, and
agility, it’s the normal way to use Transformation, but also has side-effects which makes
blood vessels burst. By trying to replicate the effects without the drug you’ll be able to
learn Transformation after months of training. Replenishes weekly until you learn
Transformation. Can also be used by non-Animal people."
100,Ship,Ironsworn,Artifacts,"Your own longship, weatherly as any vessel might hope to be,
with a ghostly crew that appears when needed yet never seem to need to be fed or clothed."
100,Flyer,Jade Empire,Artifacts,"You possess a flyer, but unless you’re a Lotus Assassin or a Noble, don’t expect your airborne escapades
to be legal. Or safe"
100,Explorer's Map,Kenshi,Artifacts,"A high quality map that automatically updates to show you your position, as well as
any cities or major landmarks you’ve explored or marked. This map will update in future jumps to show the
continent you’re currently on."
100,Trader's Wooden Backpack,Kenshi,Artifacts,"This wooden backpack has a built-in sun shade, a luxury when
travelling under the sun. Although it looks quite mundane, this backpack is special; not only can it hold five
times the normal amount for its size, it also has a flat weight of 3kg, no matter its contents. It’s also surprisingly
comfortable to wear, even for long durations."
100,Weathered Cloak,Fist of the North Star,Artifacts,"A tattered and weather beaten cloak in your choice of colors that will
keep you almost comfortable in any weather. It can always be found near at hand when you need it and
it will vanish like magic when you don't. If you get in a fight while wearing it, the cloak will even fall
off before it gets in your way."
100,Canteen,Fist of the North Star,Artifacts,"A small container of water. It is never quite full, but never quite empty either. The
amount of water in this canteen changes as is dramatically appropriate. If you are far away from other
people and water sources it will probably be almost full all the time, but if you pass near a river where
someone is being attacked or a town that is being raided expect to find it with just a bare drop of water
that will fall mournfully on your tongue and urge you to find a water source"
100,Medicine,Fist of the North Star,Artifacts,"This is a small, unlabeled bottle of pre-apocalypse pills. It has a curious property
in that every time you shake it the type of pills inside change. It can hold any modern medicine inside
and even less than helpful things like cyanide pills"
100,Displacer,Anima Beyond Fantasy,Artifacts,"Forged by the Empire of Yehudah, these devices
reduce the effects of gravity and inertia on whatever they touch to 1/10. Objects or people of
great power find that the magic of the device fails upon them, however."
100,Soul Shard,Anima Beyond Fantasy,Artifacts,"A small indigo stone, these crystals are notable for
their affinity to unnatural beings. Peering through this shard reveals the souls of any being,
including making spirits visible, though the stone’s opacity makes it somewhat difficult. Their
best function, however, is in the hands of a summoner; While summoners can bind spirits into
whatever they wish, a soul shard is a natural vessel, holding almost any summoned creature
without any issue. You will find another each week."
100,Ryushushoku,Anima Beyond Fantasy,Artifacts,"Candles made from the essence of a dragon,
when burned, they make it easier to learn how to use Ki. You get another set of 20 each week."
100,Fire Gems,Anima Beyond Fantasy,Artifacts,"A pile of strange black stones with red veins, they
swallow flames, slowly turning bright orange as they do. As they grow orange, they become
more and more unstable, until the slightest impact or a smidgen more heat is enough to set
them off into immense explosions, unleashing all the heat they’ve swallowed. You get 10, and
your stock will restore to that level each month."
100,Banquet,Vinland Saga,Artifacts,"A large banquet table on which you may make enough food for a dozen
men appear with just a wave of your hands. Can be used daily. Defaults to cuisine of the viking
age, but may be changed for any type you desire each day."
100,Engraved Dagger,Vinland Saga,Artifacts,"This dagger’s most useful property is strangely not related to
killing, but rather its ability to give you a massive boost in willpower and remind you of where you started."
100,Berserker Mushrooms,Vinland Saga,Artifacts,"These hallucinogenic mushrooms have the strange ability to
increase your strength three times over, no matter how strong you initially were. Additionally,
they give you insane combat endurance, able to fight well beyond what your physical limit
should be. The unfortunate side effect is that you lose all cognitive abilities until the effect wears off."
100,Crown,Vinland Saga,Artifacts,"Heavy is the head that wears the crown. While this may be true, at least with
outward appearances you will look like the perfect ruler. Anyone who sees you wear this crown
will instinctually acknowledge you as a ruler of good quality."
100,Family Scroll,Samurai 7,Artifacts,"This scroll you stole ‘found’ demonstrates that you are, in fact,
a samurai, born from a long and distinguished line of samurai. And unlike that of a
certain farmer turned mechanical samurai, yours doesn’t say you’re a tween girl.
In future jumps this scroll will update to be a local form of identification. It will always
be good enough to pass legal inspection, and claim that you are part of a tier of society
above the common people. This ID will not present you as high nobility, or the highest
rungs of the upper classes, but it will put you in a privileged class if there is one below
such lofty peaks and even if there is not it will identify you as coming from a ‘good family’."
100,Macha Making Robot,Samurai 7,Artifacts,"This is a small wheeled robot designed for the purpose
of making and serving green tea. It makes excellent green tea in proper tea ceremony
fashion - at least as much as a tower shaped wheeled robot can - and comes with a
replenishing stock of supplies with which to make it, as well as several tea cups and the
ability to clean them. It could be programmed to make other hot beverages with
machine-like precision and care for excellence, but would not possess automatically
replenishing supplies to make these drinks."
100,Firefly Gruel,Samurai 7,Artifacts,"While rice prepares the body, this grue prepares a warrior’s soul
for battle. You don’t get much of it, only a single bowl of the gruel once per week, and
it’s not exactly delicious or filling; it’s not something you could live on eating as your
primary meal over and over again. However when you eat this bad tasting, thin gruel the
eve before battle you will find that your heart is strengthened for battle. You are braver,
your nerves a little more firm, your senses a little sharper, your sword hand a little
quicker, and your skills a little more true. It is not some massive empowering, but it’s a
good meal before going into a potential life or death battle."
100,Spirit Scale,Soul Calibur,Artifacts,"Created by a man with a single golden eye, this set of scales are quite unique. With
the scales, you can judge a man in regards to two opposing qualities. By default, the scales
judge where a man lies between the spectrum of good and evil, but you can easily switch out
the qualities it judges people for. I wonder what you’ll use it for."
100,Universal Tactics,Soul Calibur,Artifacts,"This book is a collection of ancient manuscripts detailing the art of combat. The book
itself updates itself based on previous and future jumps, collecting ancient manuscripts of
combat and yet it never seems to grow any thicker. When used in training, you learn twice
as fast as you normally would, no matter the subject.
You have a box of these books that never seem to run out and whenever you give
someone one of these books, they start learning the art of combat twice as they normally
would and sometimes, they even gain the free perks from your previous adventures. Of
course, you can prevent that last thing from happening if you wish and training with you
would guarantee the acquisition of such abilities."
100,Purge Goggles,Soul Calibur,Artifacts,"This box contains around eight one-eyed visors along with a book detailing their
creation. When worn, these visors allow one to communicate with others across nations.
Your version of the Purge Goggles is quite different, allowing you to communicate with
others bearing the goggles no matter where you are. The book details on how to create both
the regular version and your special version of the goggles."
100,Ninja Garb,Soul Calibur,Artifacts,"At first glance, these two items are nothing special. It is only when one puts them are
their effects realized. The first item, an open-mouthed mask in the shape of an oni’s mouth,
allows one to breathe in any environment, no matter how toxic. The second item, a red suit
so tight that it accentuates every curve of one’s body, provides a protection against demons
of any kind, weakening their attacks, no matter the method, by a small but noticeable
amount, enough to mean the difference between life and death."
100,Talismans,Soul Calibur,Artifacts,"Charms inscribed with characters and symbols used in ancient Chinese magical arts.
Talismans are quite useful for a variety of purposes, ranging from divining the future, healing
illnesses, driving away evil to many others. Talismans can be made from almost any material,
but nowadays it is almost exclusively used with paper.
This box contains a variety of talismans, enough for one to use in battle and be left
with enough to spare for at least a few more battles. Nestled underneath the talismans is a
book detailing the creation of such tools and instructions on how to create specialized
talismans based on other systems of magic or supernatural energy."
100,Rabbit Mask,Furi,Artifacts,"A purple outfit with a half cape and a large rabbit mask. The mask will
always perfectly conceal your identity, even from electronic scans like the drones of The Burst
item. At the same time, it will never impede your vision while wearing it."
100,Training Dummy,Katanagatari,Artifacts,"It gets pretty damn rough in training at times, especially when you and your partner aren’t the types
to go easy on each other. Once you get fast and strong enough, all that pounding really leaves a
mark. It won’t make up for any combat sparring but if you just want someone to practice techniques
on, this simple scarecrow person dummy is everything you could ask for. It won’t ever break, no
matter how hard you hit it or how long you work it over, leaving you to train yourself to the limits in
peace. Probably not quiet though."
100,Letter of Challenge,Katanagatari,Artifacts,"It’s time go on old school with this shit. There’s someone you have a problem with and whom you
want to solve it nice and simply. But you can’t even get close enough to talk to them, much less get
them to accept a duel to the death. This letter, ornately crafted and gracefully written, is a letter of
challenge. Describing the terms of the duel you wish, it’ll always find itself to your target, no matter
where they are or what might normally stop them from receiving your letter. They’re not
guaranteed to accept the challenge though the least you can be certain of is if they refuse, they’ll
feel a constant sense of low shame for doing so for a while after."
100,Zoanthrope Gene Samples,Bloody Roar,Artifacts,"Five glass tubes with an isolated Zoanthrope gene in each of them, each tube has the exact chemical and protein makeup of the gene printed on the side."
100,Rebel's Shroud,Bloody Roar,Artifacts,"A pair of tattered jeans, a grey hoodie, and a red bandana tied into a mask. When worn, these three items make you a literal blur - security cameras see you as a pixelated blob, guard dogs are friendly to you, and if you make no effort to interact with people they will completely ignore your presence Bumping into somebody breaks your shroud though, as does committing any sort of violent or destructive act."
100,Zona Wave Transmitter,Bloody Roar,Artifacts,"With a customizable range of broadcast, this wavelength is the same one Tylon Corporation had been researching. The wavelength awakens the Zoanthrope gene within a person, invoking a spontaneous transformation in which the individual's mind is briefly overtaken by their animal's instincts, as their body acclimates to the ability to shift between their base form and their Zoanthrope form."
100,Armor-Shift Manufacture,Bloody Roar,Artifacts,"A small machine - big enough to hold a massive pauldron or two - that gives any pieces of armor or clothing placed inside a specitic quality: When their wearer changes form, the armor and clothing changes form with them."
100,Anime Training Weights,Blue Eye Samurai,Artifacts,"Improvised training weights to speed up your physical conditioning, one set for each limb. Like they usually do in fiction, these won’t cripple your growth, risk injuries, cause undue strain or even chafe. To you, their weight adjusts to your strength while worn, but they don’t actually make you any heavier, so no worries about falling through floors just because you’re as strong as The Hulk.
If you have a Master Eiji Sword, these are no longer improvised. They gain the same properties as that item, and they’re slimmer, better balanced, they can now be easily camouflaged by your clothing, removed swiftly, and they can be assembled into a staff. If your Master Eiji Sword is of a suitable weapon type, the staff can be screwed into the hilt of the weapon to make a polearm. This can all be done fast enough to be usable in combat."
100,Lotus Juice,Conan,Artifacts,"This is a small supply of juice from the black lotus which induces a
state of deep, and peaceful slumber filled with vivid and detailed dreams which seem as
real and vivid as reality. This isn’t an instant effect, and you’ve got to get the dosage
right, but it is a pleasant one. At least to those who partake it regularly. This sleep is a
death-like trance, one in which nearly all functions of life are suspended, and where it is
impossible for an ordinary person unaided by tools or surgical testing to discern any signs
of life. In case it needs to be said this sleep is hard to waken from.
Unlike real world sleep drugs, or the canon lotus juice, yours is no more addictive than
alcohol, which is good given you only get a single dose refilled each week.
Each additional purchase of this item will double the number of doses you get."
100,Linked Crystals,Conan,Artifacts,"These two small crystal globes are linked through some
mysterious means. By holding one and concentrating you may stir this connection to life,
casting the images which fall upon the surface of one globe to appear within its opposite
number and vice versa. This works for sound as well making the twin crystals effectively
a video phone. Only it is a video phone which can instantly communicate from across
dimensions or any distance without any radio waves to be blocked or jammed."
100,Soulsmith's Kit,Cradle,Artifacts,"A set of halfsilver and goldsteel tools for extracting materials from
Remnants and Sacred Beasts, as well as all the other things required in the Soulsmithing process."
100,Refiner's Kit,Cradle,Artifacts,"Everything a budding Refiner needs to create elixirs, pills, etc, including
a small collection of valuable seeds with which to grow powerful plants."
100,Adventurer Guild Registration Card,Mushoku Tensei,Artifacts,"This card is the proof of your membership with the Adventurers Guild. Through this card you can skip the
process of registering on the Guild as with this you are counted as a legal member even if they do a background check and this Card grants you an F-Rank in the Guilds Ranking. Post-Jump this can be used as an
identification card to prove your identity and the higher you’re ranking the more restricted areas you can enter.
In the modern world showing this card represents your membership of the highest respective organization
known like the United Nations."
100,Canmping Gear,Mushoku Tensei,Artifacts,"Going on an adventure or traveling to a different place without basic equipment would only lead to problems.
This gives you a backpack that contains a tent and basic utensils along with a preserved food. The backpack is a
magic tool that can contain more things that it looks and the space inside the bag is as large as ten cubic meters, while the tent is also a magical tool that while small on the outside the inside is as large as ten square meter space and the tent also has a protective barrier that prevents monsters from attacking it. The last is the preserved food is plenty enough to feed ten people and it restocks every three hours and gives different types of food every restock preventing you from getting bored from eating the same food every-time."
100,Resistant Materials,Mushoku Tensei,Artifacts,"You gained a resistant material that can be used in many things along with the recipe to mass-produce it. This
material is resistant to physical and magical attacks and strong enough to shrug off Saint-Rank Magic-Spells or
Physical Attacks and with the recipe you can make variations of it other than a brick like steel or anything you
want. The Material can be used as a main component for things like buildings to armors allowing them to
acquire the resistance to physical and magical effects. The amount that you gain monthly is enough to make a
decent size castle or fortress and with time and research you can improve the material with seemingly no limit
on how much resistance it can get."
100,Spellbook of Knowledge,Mushoku Tensei,Artifacts,This large tome contains the Incantations and Magic Circles to all known and unknown spells in this world. The spells recorded ranges from Beginner-Rank Spells to God-Rank Spells of the three main types of magic. The instructions contained in it are detailed and easy to understand that it’s nearly impossible not to understand the meaning and descriptions of each spell. This tome also records the magic-spells or something equivalent that you know or invented. Post-Jump this tome automatically updates to include the Magic System or Other Systems equivalent to it along with all possible magic’s and similar things available in the future worlds that you are in and the tome has effectively infinite pages and opening to the desired page or spells with just a thought.
100,Mercourier,Duel Monsters - The Abyss,Artifacts,"This is Mercourier, a mix between an item and a follower. It is a basic Artificial Intelligence that inhabits a drone body powered by the Tri-Brigade's Azure Energy, and is primarily used for scouting. As an item, it receives all the usual item protections, but it is also capable of self-operation and can wirelessly transmit what it observes to you or give messages to others. Additionally, transmissions to and from Mercourier are unable to be traced, coopted, or tapped by any outside party, so you don't need to worry about information being leaked. Lastly, it's a cute little robot bird. Who doesn't love cute little robot birds?"
100,Pile of Icejade,Duel Monsters - The Abyss,Artifacts,"This is exactly as what's described on the Tin. It's a large pile of the mystical mineral Icejade, which has been described many times already in this Jump. It will refill over time when used, and can be shaped to your desired form with a bit of time and focus. If you're an Icejade yourself, you can make some yourself, but this will save you the time and effort in doing so. If you aren't an Icejade, though, this is likely your only way to get consistent access to the material after this."
100,A Humble Mask,Kimetsu no Yaiba,Artifacts,"No one cared who you were, but then you put on this mask, and it's like you're
a completely different person. This mask/helmet/whatever headgear you want (or, if you're so inclined, want
to import from another setting), has the inexplicable property that, even with everything else being the
same, those you don't want to inform of your presence just can't see how the person behind the mask could
be Jumper. This does mean, of course, that they now think this Masked Figure is some other entity they
have to deal with, so it might not make you less of a target...but it could make you, sans Mask, less of a priority."
100,Sacred Flower,Jotun,Artifacts,"A bright blue flower, it blooms only in the presence of a person, otherwise remaining tight in its bulb. When bloomed, it provides a bubble of breathable air, ensuring survival even when exposed to toxic inhalants or if stuck underwater. Though the plant is normally quite large, this particular flower is small enough that you could carry it on your person."
100,Gravitational Boots,Sundered,Artifacts,"These boots grant you a specialized gravity field that, so long as you are moving allows you to run up walls as easily if they were flat ground"
100,Azathoth's Breath,Sundered,Artifacts,"Upgraded for 100 CP, this will allow for multiple uses before needing to recharge, along with granting you much better control over the direction of the propulsion.

Requires ""Propulsion Engine"" to Purchase"
100,Z'Toggua's Wings,Sundered,Artifacts,"Upgraded for 100 CP, they become capable of granting the ability to hover and glide to greatly enhance control of one's descent.

Requires ""Leaping Device"" to Purchase"
100,Eldritch Pull,Sundered,Artifacts,"Upgraded for 100 CP, this will in addition to absorbing damage, reflect some of the damage back onto your enemies.

Requires ""Grappling Hook"" to Purchase"
100,Salves and Tinctures,Sword & Sorcery,Artifacts,"The reality of war is that even the smallest wound from another’s blade may very well be the end
of a warrior’s career if not his very life. This small collection of potions, tinctures, salves, and pastes
are all preternaturally effective at treating the various wounds you might find afflicted on you. A
sword’s cut might be easily glued shut and heal swiftly without risk of scar or infection, horrid
agony sapped of its strength that a man might move or rest unhindered, and while it will do little
to heal broken bones should they be set properly a quaffed elixir might see it healed fully within
half the time it would otherwise take even a hale man. You have a limitless supply of these among
your possessions that you will find whenever you think to look for them. Death may take you at
the end of a sword, but it will be by violence and not something as pitiful as infection."
100,A Thief's Satchel,Sword & Sorcery,Artifacts,"A small satchel easily either slung over one’s shoulder with a strap or hung upon your waist. It can
store the equivalent of a small rooms worth of items at any one time, producing whatever it is that
you reach for within it into your grasp instantly. Items inside will never be harmed by the outside
conditions such as sun or rain, stored safe and untouched. Whatever strange magic seems to grant
it these abilities seems to have a strange and fickle sense of humor. You'll occasionally find small
trinkets evocative of your adventures while carrying this appearing out of nowhere inside. Perhaps
your satchel is merely fond of nostalgia. It shall always find its way back to you upon the tides of
fate, and its contents will similarly be protected from being pilfered by those who just so happen to find it."
100,Thief's Tools,Sword & Sorcery,Artifacts,"As men have grown clever so too has the locks and mechanisms that they use to try and thwart
those who would take what is theirs. You have a small but preternaturally well-crafted set of picks,
probes, and other small tools that prove invaluable for bypassing locks and disarming traps. They
never seem set in stone either. The leather carrying case they come in seems to have whatever
small tools are most appropriate to whatever mechanisms stymy you at the moment, ensuring
you always have the perfect tools on hand. In future worlds while this won’t help you with more
advanced technologies anything based on purely mechanical construction will be just as
vulnerable to disarmament or sabotage."
100,An Occult Tome,Sword & Sorcery,Artifacts,"Or perhaps a scroll or some other written record. The form isn’t important. This tome contains the
knowledge of the fundamentals of the occult arts and practices, giving you all you need to expand
your arcane expertise without simply flying blind. Strangely the writing inside seems to shift as
time goes on. Refining and expanding upon itself as your skills and knowledge in the mystic arts
increase. As a safe and ever accurate repository of your occult knowledge this would be the ideal
tool for the training of apprentices should you ever find yourself with the desire to pass on your skills."
100,False Life,Elric Saga,Artifacts,"In your possession is a large quantity of elixirs, glass bottles containing a drink of magical make which seemingly has only positive effects on the one who drinks it. Their mind will be clearer, their energy will be restored and they will feel full of life even if they were at death’s door not too long ago. But the thing is that this initial effect is only a ruse, an effect of the elixir feeding the very substance of the user back to them. Instead it is a tool for a slow and painful death, eating the one who falls prey to it from the inside until nothing is left, but the most insidious part of it is that those who drink it will want more regardless. It is addictive enough that a bottle is enough to enslave their mind and their senses, and they will crave more even though they know it will kill them, to the point that withholding it for too long will result in their death as well. To make matters worse, the antidote used to cure this addiction is extremely rare, so it is incredibly easy to bring others under your influence with it. You have several crates of this poison and its antidote, and your stores replenish every week."
100,Ruby Throne,Elric Saga,Artifacts,"Perhaps not a ruby, but it is certainly a throne worthy of comparison to the seat of the Melnibonéan emperors. Carved from a single, gigantic gem of your choice, it is no surprise that such a large and magnificent throne would be the seat of choice for a people obsessed with grandiose displays of decadence and power. Its impressive appearance aside, sitting on this throne has the additional effect of making you look much more regal and imposing, like a true world-dominating tyrant of old ought to."
100,Performance Enhancers,Elric Saga,Artifacts,"A large amount of sorcerous drugs and other concoctions for the
benefit of you and yours, stored in labeled glass vials by default. They mostly have mundane uses,
like refreshing one’s body to stave off sleep or hunger, but there are a handful more powerful
potions to enhance the sharpness of your mind or the strength of your muscles too. You specifically
have five of the more powerful variety and two dozen lesser potions, each replenishing a week after use."
100,Lordly Robes,Elric Saga,Artifacts,"A set of loose robes, fitting you perfectly regardless of your size or other
quirks of anatomy, and so pristine and bright that it seems to shimmer in the sun. These robes
never dirty and impart some of that inherent cleanliness to its wearer, making them appear more
trustworthy and giving an impression of selfless benevolence. This effect is quickly seen through by
those who use magic or beings possessing a supernatural nature, but it's likely to fool many a
mortal into believing your words unless you speak utter falsities."
100,Canteen,Mad Max,Artifacts,"A two quart water container that refills every two hours with fresh pure H20. Will also
purify, detoxify and sanctify any water placed inside instantly."
100,Repair Tools,Mad Max,Artifacts,"Blessed toolbag containing a variety of useful implements to keep machines in
order. Seems to repair quicker then physically possible."
100,Jerry Can,Mad Max,Artifacts,"Guzzoline, high octane fuel for the sacred engine! This container of pressed steel
can carry 20 liters and refills every 12 hours. And if destroyed or lost, will reappear in your warehouse or
your vehicle’s storage area if that isn't available. Truly a miracle from the Angel!"
100,The Twelve,Mad Max,Artifacts,"A legend known to all and waiting to be tamed! Twelve beautiful cylinders laying
down wondrous speed for all to see! She drinks the guzz, tho' and the thin skin makes poor armor."
100,Black-On-Black,Mad Max,Artifacts,"Max's coveted vehicle. A heavily altered ""Interceptor"" Pursuit Special. It was equipped with a supercharged V8 engine, modified for use in the unforgiving Wasteland and fitted with two large tanks for extra fuel. Also known as the Black-on-Black it contained all Max needed to cross the ""Plains of Silence"". When Max reached the Outer Graves, the Black on Black was taken by Scrotus' War Boys and was gutted for parts."
100,Anacrothe's Alchemical Scales,Legacy of Kain,Artifacts,"Have you by chance met Van Hohenheim yet Jumper? Or perhaps Cagliostro? This would make a good conversation piece when you do. For these scales are invaluable not just for precise measurements of substances. Any and all alchemy that you can do will find itself boosted in potency, yielding greater results even in sub-par working conditions. The only thing they cannot do is make you incapable of error, so if your experiment backfires the failure will be all the greater."
100,Nupraptor's Head,Legacy of Kain,Artifacts,"Could not happen to a nicer fellow. This now shrunken head with its eyes and mouth sewn shut provides a relatively straightforward boon. Any curses or effects of similar nature performed by you will be not only somewhat strengthened in power but will become perpetual in nature, lingering even millennia after your departure. Do not pity its former owner, the disgusting degenerate played a major role in sending Nosgoth down its death spiral."
100,Vorador's Signet Ring,Legacy of Kain,Artifacts,"The power of this ring is fairly straightforward but effective. Simply put it allows you to summon one person to your side instantly, as long as they themselves willingly agreed to such a thing beforehand. The ring is keyed to only one person at a time and will have to be attuned to a new target if you want to change who you call upon.

And yes, assuming you are on friendly terms with him you can summon the big man himself. This can carry even into future worlds if you parted on good terms, though unless imported as a companion it will only summon a temporary duplicate for a few hours, after which it will require a full week to recharge. This item can be purchased multiple times if you want to retain both Vorador and the ability to summon someone else, but you can only have one ring bound to the vampire patriarch. Just try not to look too closely what the ring is made from will you?"
100,Energy Bank,Legacy of Kain,Artifacts,"Ever had that moment when just a bit more magical energy could mean the difference between life and death? Well with this you might find to easier to deal with that at least. What it does is fairly simple, it grants you a reservoir of unlimited magical energy at your disposal...for about five seconds. Then it stops and instead will immediately absorb up any magical energy you might still have in you, leaving you drained and tired. This will never kill you or permanently hamper your ability to use magic unless you end up overusing it left and right."
100,Sun Ring,Darkest Dungeon,Artifacts,"A memento of the Light; this ring, inset with a golden gem, increases the strength and accuracy of one’s sword arm in the light- making it an ideal accessory for the religious."
100,Unholy Slayer's Ring,Darkest Dungeon,Artifacts,"Although disturbing in appearance, this metal ring greatly increases the damage one does against the unholy, making it a potent weapon against darkness."
100,Solar Crown,Darkest Dungeon,Artifacts,"A crown that depicts an image of the sun on its front. When worn, it helps ward against stress and insanity so long as there is adequate light nearby."
100,Stone of Patience,Darkest Dungeon,Artifacts,A curiously carved idol; despite its strange appearance carrying it on one’s person slows the accumulation of stress and reminds you of your manifest virtues.
100,Moon Ring,Darkest Dungeon,Artifacts,"A counterpart to the Sun Ring studded with gems, it enhances the wearer’s strength and accuracy to a slightly greater extent at the cost of requiring near-darkness to do so."
100,Eldritch Slayer's Ring,Darkest Dungeon,Artifacts,"A ring set with a pink ruby, it enhances the damage one deals against eldritch and alien targets greatly."
100,Dark Crown,Darkest Dungeon,Artifacts,"A crown that even now drips blood from its rim, in low-light conditions the disturbing head-wear somehow soothes the mind and hardens the resolve of its wearer."
100,Recovery Charm,Darkest Dungeon,Artifacts,"A strange, circular blue stone resembling the shell of a deep sea creature. Holding it greatly increases the amount of healing done to you from any source."
100,Sniper's Ring,Darkest Dungeon,Artifacts,"An old ring depicting the bullseye of a practice target; when the wearer is in the back of their party, it boosts their accuracy and chances of scoring a lethal strike."
100,Man Slayer's Ring,Darkest Dungeon,Artifacts,"An intricately designed ring depicting a miniature sword, the band studded with tiny skulls; when worn the wearer does much more damage against human foes."
100,Martyr's Seal,Darkest Dungeon,Artifacts,"An award for near-suicidal bravery; pinning this to your chest increases your health moderately. But when on the cusp of death, it also greatly invigorates the body- increasing one’s strength massively and even helping to stave off death."
100,Toy Soldier,Darkest Dungeon,Artifacts,"A carved toy, perhaps carried as a token of luck. That seems to be the case as it not only offers protection from blows, but also increases the chance of scoring a critical hit."
100,Heaven's Hairpin,Darkest Dungeon,Artifacts,"A beautiful hairpin depicting an angelic being; when worn it helps ward against stress and steadies aim, so long as there is light present."
100,Hell's Hairpin,Darkest Dungeon,Artifacts,A hairpin depicting a goat- or perhaps a devil. When worn in the dark it boost accuracy and grants a substantial increase to the odds of doing a critical attack.
100,Beast Slayer's Ring,Darkest Dungeon,Artifacts,A golden ring with rubies inlaid into a wolf’s head; when worn the wearer does increased damage to beasts of all types.
100,Dancer's Footwraps,Darkest Dungeon,Artifacts,"A pair of footwraps meant to pad the feet when dancing among the dunes; they increase speed, and make it much harder to move the wearer."
100,Reaper Shroud,Darkest Dungeon,Artifacts,"A disturbing mask paired with a dark mantle and necklace of bones; enhances damage and offers a slight increase in the odds of a critical strike, and boosts accuracy greatly against opponents that are a little more than half dead."
100,Shard Dust,Darkest Dungeon,Artifacts,"Ground up shards from the cosmos; can be imbibed to tap into otherworldly power, increasing damage and speed and resetting timed abilities, but has increasingly worse side-effects if overused including insanity. You get one vial a week."
100,Mirror of Fables & Lies,Kill 6 Billion Demons,Artifacts,"A full-length mirror that displays imagery of various basic Art spells. You can easily learn the spells shown as it imprints the image in your head giving you solid picture when casting. Occasionally, the mirror may play a narrated story that can inspire new spells or help further along a spell you’re researching."
100,Pig of Interest,Kill 6 Billion Demons,Artifacts,"This pig made of stone looks like a... well, pig-sized piggy bank. You can store your money in this pig
and it has infinite space for it. Whenever you want it to cough up your dough, just pay it on the head
while thinking of the amount you want and it will... cough up your dough. At the end of every Jump, or
every ten years whichever comes first, the stored money will grow by 10%.
Other than that, have you ever considered truffle hunting? You should. If you search where truffles
tend to be such as moist soil or at the base of trees, you will find at least one golden truffle. Feed this
to your pig and its interest rate will increase by 1%."
100,Hermit's Crawling Wood,Kill 6 Billion Demons,Artifacts,"A staff of living wood that writhes at your command. It’s a decent blunt weapon. Very durable and very
flexible at your command, but its main function is to replace any of your limbs in the event that you
lose them. If it does, it will be functionally identically aside from the differing appearance and texture.
Can be Purchased Multiple Times"
100,Tortoise Shell Restraint,Kung Fu Panda,Artifacts,"A powerful restraint device that uses acupuncture to
mostly immobilize thier targets. A subject would be unable to use any powers or
abilities while being immobilized, but doesn't necessary stop all limb movement, so be
sure to secure a prisoner fully, even their tails"
100,A Vial of Possibility,Triune Scriptures,Artifacts,"A fairly common trick for beginner cultivators is the use of special medicines to augment themselves in
various ways. The form of a small pill is most common, and they may contain anything from distilled
knowledge of a type of spell or technique, to the essence of an entire forest that was burnt down to
make the pill. Such things are wasteful and occasionally harmful to one's foundation, but they are easy.
And to some, that is enough to justify them. You however, have come into the possession of a small
box of potions, each one containing such things as health, ki, magic, and even elemental essences in
liquid form. There are no drawbacks to their use, and there are enough to push a person most of the
way through the first stage of any given style in terms of power requirements, but actually knowing what
to do with that power is up to you. Additionally, the box will refill once every ten years, or each jump."
100,Nice Staff,Triune Scriptures,Artifacts,"Mystical rods and staves, while not nearly as famous as the various legendary blades, do exist and
tend to exist in an even greater quantity than any other kind of weapon. Rods of fire and ice, of sand
and water, even rods that have spells to control the mind woven into them. Sadly, this is not one of the
kinds of rod that would be appropriate for a wizened archmage or a great sage of knowledge. No, this
is the kind of mystic artifact that a rank amateur would use - which is appropriate, because that is likely
what you are. Still, the staff does have the useful trait of tugging slightly upon your magic whenever
you hold it. Not enough to drain you of it, but... well, to someone who has never cast a spell, the
sensation of your magic wanting to go into the staff would likely be the key to manipulating it into going
to other places as well. For now, you will find that the staff wants to channel your magic, and that it will
provide a small boost to spells cast using it as a focus. Nothing major, but noticeable."
100,"Step. Shake, Twist, Strike",Triune Scriptures,Artifacts,"Cultivating through the use of the elements is a slow and arduous task - not as slow as cultivation
styles focused on the mind, but heavily reliant upon an outside source of elemental essences in order
to enhance yourself. Eventually one will begin to generate them, but to reach that point you first need
to consume several large forests or lakes worth of essence. To ease the task of finding those
essences, I suggest taking up music and offer you an instrument of your choice. Playing a song upon it
will cause slight vibrations in nearby essence, which helps you find otherwise unnoticeable and
miniscule pockets of essence. And, as something of a bonus, your instrument may also serve as a
weapon in times of emergency - perhaps you possess a flute that may be used as a blowpipe, or a lute
that is just solid enough to smash upon someone's head. In any case, while I wouldn’t use it on
anything above the Mortal Threshold, you won’t be entirely defenseless."
100,Picture Book of Terrors,Good Hunting,Artifacts,"This book contains drawings of the different supernatural creatures that can be found in this
world (and future ones when you travel there). It contains both the signature look of the
creatures, with small notes pointing out things such as eye colour or claws, and also shows
them in their different forms and in the process of changing forms if they have them"
100,A Capricious Cane,Good Hunting,Artifacts,"A masterfully and tastefully crafted walking cane. It will shift somewhat to accommodate your
current mood. Should you be full of anger it will become more durable and any strikes made
with it will be more powerful and should you be tired from a long day its grip will change to be
more comfortable and it will somehow support more of your weight than it should."
100,Backpack of Holding,Manyuu Hikenchou,Artifacts,"Whether you are a skilled laborer or just a simple traveler, this
backpack will help lighten your load. Constructed of sturdy, simple materials, this unassuming
backpack is capable of carrying far more than even its appreciable size would suggest.
Whereas a normal backpack of this size might contain a week’s worth of supplies for a pair of
wandering samurai, this rucksack could hold months of efficiently packed goods."
100,Color-Changing Curtains,Tunic,Artifacts,"This set of red and gold curtains have a rather strange ability. By walking behind
them and coming out the other side they will change the color of something you are
wearing or a part of you. This effect is consistent for each curtain, so no worries about it
changing your appearance randomly. You can reverse the color changing effect if you
liked a previous color by walking behind it in the opposite direction. As a final feature
they each have a bell attached that you can ring to return to your normal colors."
100,Magic Potion,Tunic,Artifacts,"It seems strange that such a useful item would be so rare, but they are indeed few and far between. These glass vials with hearts on their side are considered the lifeblood of a hero. Each vial contains a single dose of a pink potion that restores your will to go on, allowing you to continue to fight and go for longer. More usefully, they also possess the mysterious ability to refill overnight while you rest. In the future, they restore your health as well, if that is not the same as your will.
There are a few ways you can improve them, by adding additional Arcane Ash or adding Inverted Ash. Arcane Ash permanently increases the potency of the potion whereas Inverted Ash will make it instead restore the power of your soul, allowing you to cast more spells.

Purchasing this item an additional time you receive two upgrades, that can be from the following
list: Additional Vial, additional Arcane Ash, or Inverted Ash. Each purchase of an
additional Potion or Arcane Ash will take an additional upgrade from the last time, and
you can gain no more than a total of nine Vials. Arcane Ash will be able to affect all of
the Vials, while Inverted Ash will affect one at a time."
100,Anklet and Perfume,Tunic,Artifacts,"The Frogs are well known for running around quite a bit in combat. It seems that they
may be using a few tools to help accomplish this.
The first is a simple anklet adorned by wings. While being a fairly basic piece of
jewelry, it does also improve the movement speed of the wearer slightly.
A second item is a vial with a perfume made from a pressed medicinal ivy. A few
breaths of the vapors from the vial can improve and restore someone’s stamina quite a bit."
100,Research Material,Tunic,Artifacts,"The custodians are well known for their research into the arcane. While not of any
particular depth, these books cover a broad number of subjects. With enough study
one could learn most of the basic magical abilities of this world, along with having a
good idea of where more in depth works could be found.
In future jumps, you will receive a similar set of materials, their subject will be appropriate for the world."
100,Tunic Controller,Tunic,Artifacts,"While this appears to be a fairly normal video game controller, it possesses a number
of special functions. First it will never run out of battery, and it can wirelessly connect to
any game console. Secondly, while the face buttons are written in Trunic, they will
always map in some intuitive way once connected. Cosmetically, it is green with
joysticks and buttons that are orange, white, pink, red, and blue. The d-pad is made of
actual gold, for whatever reason.
While those functions are all good for fun and games, it has an additional ability.
When you are observing another dimensional plane from the one you are on, and wish
to communicate with someone on the other plane, you can use this controller to connect
to them. This doesn’t give you control over them, and instead allows you to give
guidance in the form of feelings that correspond to the intended effect of the buttons
you pressed. To them these feelings will register to them as if from some unknown
external force, though it is possible they will associate the feeling with you if they know you well enough."
100,Binder's Shackles,Luther Strode,Artifacts,"A set of metal buckles and straps, perfectly weighted and centered, and almost unbreakable when locked and secured. They are not indestructible, they work by turning the captive’s strength against them. Captives will need outside assistance to escape. You may repair or manufacture more as necessary."
100,Magic Map,Volgarr the Viking,Artifacts,"An ever changing map that will always show you the path you need to take to get to your
current target, shows your location as a dot."
100,Divine Clothes,Ryse: Son of Rome,Artifacts,"You gain robes of your choice that have normal durability but repair themselves by the time a normal human would make their next strike. They also have a special effect that makes you appear as though you are made from an element or material of your choosing, without gaining that material’s durability. For example, you could appear to be made of light when wearing the robes, or seem like cold wind without actually being cold wind."
150,Bane's Antler Headdress,Legacy of Kain,Artifacts,"How appropriate for the guardian of nature to wear a deer skull on his head. Yet despite its grisly appearance the wearer will find mundane animals of all kinds acting friendly and towards them. If it is within their capabilities they will aid you and unless compelled by supernatural means will never attack you either. You may also communicate with them without issue, though do not expect them to be great conversation partners. And should you call upon them then they will even come to your aid in battle, assuming they can get to you in time. Probably the closest you can get to being a Disney princess in Nosgoth."
150,The Cure,Darkest Dungeon,Artifacts,"A vial of unknown liquid of presumably holy origin; when imbibed, it will cure the Crimson Curse- or any form of vampirism, post-Jump. You get one vial a week."
200,Mystery Pills,A Will Eternal,Artifacts,"The Dao of Medicine has countless paths, and as such also has countless different pills.
You’ve come into possession of a box marked with a small turtle, which contained a good
dozen different unmarked pills. These are mysterious pills made by the infamous Little
Turtle, whose pills are respected and feared by many. To be specific, these are some of his
pills that he made while experimenting in pill concoction that not even he is sure of the
effects. Some may mutate nearby animals, some may produce poisonous or hallucinogenic
gases, one or two may even grant wandering souls back their intelligence. You could even
find the odd aphrodisiac and fantasy pill mixed in. Whatever the case, these could be quite
useful. Either for studying to progress your own dao of medicine, and maybe replicate their
effects, or for your own use as the case may be."
200,Earth Dao Foundation,A Will Eternal,Artifacts,"Your foundation is one of the most important pillars of cultivation. Within this world, not
reaching a certain baseline of strength each step of the way will hinder your from
progression. You receive multiple Earthstring crystals, enough for two dozen cultivators to
advance to the Earthstring Foundation at a moderate to high strength, or enough for two or
three cultivators to cultivate to the peak of Earthstring Foundation. This is of note, as almost
no-one that didn’t reach this level was ever able to form their core. You also receive a set of
15 beast souls, each set of 5 of which can be used to form a Dao of Earth Nascent Soul.
You will receive a new set of these, and the crystals each year.
 For an undiscounted extra 200 CP, you can add a single Heavenstring Thread, and Deva
soul to this with each restock, opening the way for a cultivator to progress with the strongest foundation."
200,Shield Tags,A Will Eternal,Artifacts,"A good stack of one hundred shield talismans, each of which can take multiple hits from a
Foundation level expert. Simply place on your body to form a shield of energy protecting that
area. These talismans can be layered on top of each other to provide extra protection. Hand
them out to provide extra defense to a whole group of cultivators, or slap them all on one
very fearful cultivator. Layer enough of them on one person and they would be a large
walking ball of protective energy. But who would be so fearful, not to mention shameless, to
do that? Each month you receive a new stack of shield tags."
200,Acquisition Imprint,Against The Gods,Artifacts,"There is a lot of stuff to be had in this world, it sure would suck if
you had to leave it behind or have it stop working. Well, there’s no more danger of that for you. This
small imprint, upon being placed on an item, grants them complete fiat-backing, letting you have
them perfectly functional in future worlds."
200,Sky Overlord's Profound Ark,Against The Gods,Artifacts,"An airship by any other name. This is a Profound
Ark of the highest quality and finest make, something crafted not by mortals but by Divine Way
practitioners in a bygone age. It has a vast inner space, easily in multiple square miles, give or take,
and moves extremely fast, covering thousands of miles an hour.
While it doesn’t exactly require any fuel, it goes faster the more energy you pour in, and will accept
any form of power or power generation you can provide. Being a creation of the Ancient times, it
can even go into space, the inside magically taking care of any atmospheric requirements."
200,Divine Ride,Asura's Wrath,Artifacts,"This vehicle takes the form of a motorcycle or similar two­person transport device. It’s construction is
sublime and it is incredibly maneuverable. It requires ambient Level 2 Mantra to run, and Level 3 Mantra to
travel into space or orbit from the planet’s surface."
200,Game of the Mind,Grant Morrison's 18 Days,Artifacts,"A huge collection of spheres, the ultimate game of strategy and power, designed to teach princes
statecraft and built in the First Age. A challenge for the sternest, keenest minds. Guaranteed
never to get dull and to always adapt to match the skill of the players, it can accomodate a
theoretically unlimited number of them and is effectively virtual reality for the soul. It is also
guaranteed not to be addictive."
200,Eternity of Torture,Katana Zero,Artifacts,"Ahahaha, you tried your hand at remaking Chronos but couldn’t get it quite right, so this just skips right
to the horrible withdrawal shit with one shot. Perfect for torturing someone though!"
200,Ungo's Sugar,Sekiro Shadows Die Twice,Artifacts,"A blue candy produced by the Senpo monks provided to you in packs of 10 once a week. When
taken, your stamina and durability are increased for 10 minutes. Attacks that would normally
leave deep gashes would instead only leave behind small cuts. When sprinting for 1 km would
leave you winded instead running 3 km would only just begin to tire you."
200,Snap Seed,Sekiro Shadows Die Twice,Artifacts,"Fumewort seeds that, when crushed, produces a loud snapping sound that pierces mental
interference. Any who hear this sound will be able to dispel any illusion they’re placed under.
You will receive a pouch that replenishes at the end of the day."
200,Divine Confetti,Sekiro Shadows Die Twice,Artifacts,"A box filled with glowing purple confetti. It refills once a day. When spreading these confetti
over you or someone else, they gain a divine glow that repels apparitions for the entire day. It
will even bless their strikes, allowing them to inflict massive damage against the undead. The
box has enough confetti for three uses."
200,Bell Demon,Sekiro Shadows Die Twice,Artifacts,"A handheld bell that houses a malevolent spirit. When you ring the bell, those hostile to you
around you will go into a berserker-like frenzy, although, whatever spoils, loot, or whatever
other gains you would receive from them will increase in amount; roughly 20% rounded down."
200,Bag Of Bloody Tricks,Baki The Grappler,Artifacts,"A small bag filled with potent medical supplies, and a variety of larger medical equipment installed into your warehouse, or a property of your choosing. The tools at your disposal are perfect for the fighters of
this world, and works just as efficiently on people from other worlds. Seemingly magical tools, such
as glue that can heal nerve damage, or scalpels that can cut even the densest muscles."
200,"Jar of ""Courage""",Baki: Son Of Ogre,Artifacts,"A small jar containing the wind from a hurricane of legendary scale. Opening the jar and letting the trapped wind hit you will fill you full of life, multiplying your willpower and filling you full of life and energy, even if you were already beaten and exhausted from a drawn-out fight. It’s not like this will suddenly heal your injuries, but you’ll have even more mental and physical stamina than when you started."
200,Yanzi Stones,Fog Hill of Five Elements,Artifacts,"The Yianzi stones can only be found in the forbidden lands of the fire clan now you possess equal stones either of the fire element or of some other element in case you belong to another Clan, these stones have the ability to increase the strength and power of the element you handle useful for training and will surely help you at other times to enhance the handling and strength of the element that people handle you can use them for yourself or give them to other people so that their power grows and strengthens."
200,Gravedigger's Box,Fog Hill of Five Elements,Artifacts,"Despite what some humans might think, demons truly need human flesh to survive it is not so much a choice of whether they want it or not but a necessity just as humans need to eat and drink duties they need human flesh not that it is an ethical problem for them as they do not see humans as equal to them, but it is still something that is difficult for them because of the elemental ambassadors and the family of the five elements something that for now you have a solution this box contains a few fresh carcasses that will be kept preserved for you to eat when you want and when you need it will serve to feed your less ethical tastes when needed."
200,Book of the Dead,Saint Seiya: The Original Series,Artifacts,"All who pass from this world are written into the
Judgement of the Underworld. You receive a full book containing the names of every individual
in a world who has died and remained dead, with names, dates, and cause of death, along with
a short summary of their lives to that point. Due to the size of said book likely being ridiculous, it
will be rested on a pedestal as a Warehouse attachment, for you to peruse at your leisure."
200,Flying Ship,Saint Seiya: Lost Canvas,Artifacts,"Of hope or despair, it is yours to choose what it will spread. This is a sturdy wooden ship about as large as a galleon. What makes it special is that it is capable of flying and toughens through the cosmo of its pilot or owner, you in the latter case. It has no weapon on its own, but is large enough for the 70-80 persons (and their equipment) it can fit to fulfill that role."
200,Mysterious Helmet,Saint Seiya: Lost Canvas,Artifacts,"As mysterious as what is under it. Either part of your armor (see further down) or a separate item, this helmet and its optional face mask always perfectly hide your identity, even against supernatural means, and block scrying against you specifically while you wear it even if they know who you are, though they can still find you indirectly if they are smart."
200,Athena Statue,Saint Seiya: Omega,Artifacts,"You've been given a life-size statue of Athena, and when you set it up in an area,
a barrier of divine properties will envelop it, protecting anything inside as if it were
within the sanctuary itself. This ensures that whatever is placed within the vicinity
of the statue is safeguarded by the protective aura of the goddess."
200,Intelligent Papers,Saint Seiya: Omega,Artifacts,"These documents hold comprehensive information on every saint or member of a
selected faction from the inception of the jump. Within these papers, you'll find
details such as their address, powers, rank, and individual strengths and
weaknesses. Armed with this knowledge, recruiting or persuading them to join
your cause becomes significantly more manageable, particularly if your
ideologies align."
200,Comfy Chair,Saint Seiya: Omega,Artifacts,"This chair isn't just incredibly comfortable; it exudes an aura of superiority to
whoever sits upon it. Like a king on a throne, you'll command an air of authority
while issuing orders, making your subordinates less inclined to question them."
200,Ring of Teleportation,Saint Seiya: Omega,Artifacts,"For some reason, Pallasites possess the ability to easily escape from unwinnable
situations, even against the most powerful Gold Saints. And it's all thanks to this
ring. At will, in any situation, this ring will activate and teleport you away from the
battlefield. Additionally, it masks your cosmo and other detectable signs, making
you undetectable to your enemies for a while."
200,Doll of Pallas,Saint Seiya: Omega,Artifacts,"You now own a doll of your beloved goddess Pallas. This doll will inform you of
the current health, mood, and growth of your goddess. It's a convenient way to
ensure she is fine and healthy. Additionally, in the future, you will receive another
doll of a person you have served loyally in each world, providing similar updates
on their well-being."
200,Strand of Ariadne,Saint Seiya: Episode G,Artifacts,"A magical reel of woven string, woven by Ariadne herself. Enchanted so that anyone holding it will
be led out of any maze without fail along the shortest and safest route. The string will get past even
powerful magical obstructions against finding your way out of any maze or maze like area and even
the strangest of geometry or layouts or outright spatial warping will not prevent the Strand from
guiding you out of the maze."
200,The Manual,Demon Slayer,Artifacts,"This is a rather special book that you have in your possession. This is a training manual, but it seems to have a never ending amount of pages, with only a few being filled in at the beginning. This book can copy any systems of magic or fighting styles that you demonstrate in front of it allowing other people to learn them should they read from this book. It does not work for specific abilities, only the systems or style that is most compatible, though talent and potential will determine training speed and how far they can take it. This automatically comes with one or two low-level breathing styles."
200,Robot Database,Samurai Jack,Artifacts,"Where in the world did you get this! The blueprints for every robotic minion in Aku’s army is stored on this device, from the simple Beetle Drone to the advanced and extremely dangerous Ultrabot. It seems like you wouldn’t have much trouble building these things on any sufficiently industrialized world, but certain unique upgrades (Specifically the A.I chip used on X9 and the essence of Aku infused into the Ultrabots.) are not mentioned anywhere on the device."
200,Invisibility Suit,Samurai Jack,Artifacts,"A skintight outfit that can allow you to become completely invisible. Note, the suit does not mask any sounds you make, and it can only keep you hidden for a few minutes before running out of power."
200,Jade System,Nine Sols,Artifacts,"A wonder of medical-martial technology, the Jade System allows unprecedented versatility of style, combining advanced computing and ancient martial forms into something greater than the sum of its parts. In short, you have a cybernetic implant which, when loaded with the appropriate jade chips, can modify your qi, allowing you to swap out and alter your techniques. Each chip takes a certain amount of computing power. By default, the Jade System has two Units available. Choose a number of Jades to install whose collective Computation Units (CU) equal that your system has available.

All Jades are made available to you and, with the appropriate technological knowledge, you could develop more Jades, to interact with other techniques you may know or learn. For 200 CP your Jade System can hold the maximum complement of 10 Units."
200,Medicine Pipe (400),Nine Sols,Artifacts,"For 400 CP, eight times and with twice its base strength.
Requires ""Medicine Pipe (200)"" to Purchase"
200,Tianhuo Serum,Nine Sols,Artifacts,"Tianhuo seems incurable, but that’s not for lack of effort. This serum
was developed during the early outbreak. While it doesn’t cure the disease, it can prevent
the infected from dying from it with regular injections... at the cost of mutating them into
mindless, feral monsters. You receive a replenishing supply of it, which will work on any
disease in future jumps. Is it worth it, living in body but dying in identity?"
200,Tao Fruit,Nine Sols,Artifacts,"The Fusang Roots are said to remember all that they take into themselves.
Perhaps this is proof that Tianhuo does the same. This strange fruit, grown from the fungal
flowers of the Tianhuo (though thankfully not a vector in itself) has peculiar properties of
its own. If eaten, it creates new connections within the brain, allowing for rapid insights and
development of skills - though only for a short period. If planted within a corpse and left for
some time, a new Tao Fruit will be formed, which will impart some of the skills of the dead if
eaten. A new Tao Fruit can be grown each week."
200,Fusang Horn,Nine Sols,Artifacts,"A gift from a mysterious figure in the Limitless Realm, this jade horn is
carved with the patterns of Fusang. When sounded, it gives a mournful note which calls to
the Primordial Roots, drawing them up to absorb you and allow you to emerge elsewhere at
another point they touch, and you have made contact with them before. This typically
requires a Root Node, but effectively allows teleportation between these points. In future
jumps, the Fusang Horn can also call other natural networks and allow you to commune with
them, according to the network in question - merging into ley lines, or gaining visions from Weirwood trees."
200,King's Fang,Live A Live,Artifacts,"This fang once belonged to an elusive beast known as King Mammoth.
Its ownership marks you as the king of all animals - a highly inaccurate title, seeing as it isn’t
hereditary at all. Nevertheless, while it is on your person, all wild animals will understand you to
be above them in the food chain, and as such, they will stay out of your way as much as possible."
200,Medicine Box,Live A Live,Artifacts,"A small box with compartments for keeping pills and other medical
supplies. Any pharmaceuticals you keep in this box will slowly lose their side effects over time,
and when opening the box with a specific person in mind, you’ll find that any compartments
containing medicine that could alleviate that person’s health problems will have taken on a different color."
200,Matango,Live A Live,Artifacts,"Matango is the drink Matsu overdosed on in order to control Buriki Daioh.
It’s dangerous in large quantities, but as long as you only drink a maximum of one bottle a day, it
will boost your psychic powers without posing any serious danger to your health. This
twelve-pack of bottles refills once every week."
200,Mobile Invisibility Device,Tekken,Artifacts,"This handheld device allows for you to
turn invisible on the press of a button. Scanners could see past this however and if you get injured or
hit the invisibility will fade."
200,Throne,Tekken,Artifacts,"Every man of Power is deserving of respect and fear. This Throne will
give you just that. Modelled after the very same Throne sitting in the Mishima Zaibatsu Throne
Room, it is yours to use just like Jin did after Tekken 5. While sitting on this Throne you will have an
Aura of fear. The weak willed will cower in your presence and the brave and strong will know that
you’re not to be messed with so easily. The effect is at its strongest while sitting on the Throne and
will keep going when you leave it for 24 Hours. Once this effect is gone you will need to sit on the
Throne for a full hour to recharge. It is comfortable though."
200,Barrel of Jusenkyo Water,Ranma 1/2,Artifacts,"A whole barrel of water from the cursed springs. You can choose which spring it's from, and when used on someone, it will give them a Jusenkyo curse appropriate to the type of water you chose. If you take that person as a companion (or they already are one), then just like with you, at the end of whatever jump they were in, the curse part goes away, and their other form becomes an at-will transformation. Enough water to curse four people. Refills once per jump."
200,Mushroom of Time Spores,Ranma 1/2,Artifacts,"The mushrooms grown from these spores will change a person's age to match the height of the mushroom in cm. (ie: a 5cm mushroom will make you 5 years old.) Contains enough spores to make a very large batch, as well as instructions for proper growth, and how to harvest new spores from the mushrooms."
200,Imprinting Egg,Ranma 1/2,Artifacts,"A tool of the Phoenix People, when these hens-egg sized eggs are violently broken open (ie: by throwing them at someone) will unleash entangling threads that envelop the target and cocoon them within a giant, human-sized egg in seconds. When this giant egg is hatched or cracked open, the person inside will imprint on the first person they see as their master, and they will obey that person's every command. This will override any previous mental dominance. Eggs which contain someone can be stored indefinitely if kept cold without harm to the person inside. Used or lost eggs will reappear in your warehouse at the start of the next jump."
200,Golden Lucky Cat,Okami,Artifacts,"A golden, or at least gilded, maneki-neko figurine. Carry this, or have
it in your house, and money and valuable items will seemingly fall into your hands."
200,8 Purification Sake,Okami,Artifacts,"A jar of excellent sake which can pull double duty as holy water. Get a creature of darkness to
drink this and they will get drunk far more quickly than they would with normal booze. It's also
golden and sparkly, and refills over a week once emptied."
200,Prayer Slips,Okami,Artifacts,"One hundred and eight slips of paper that banish, or at least severely discourage, ghosts,
demons and other malevolent spiritual entities. You also gain the knowledge of how to make
more when you run out."
200,Straw Mat,Okami,Artifacts,"A thin tatami mat. Go to sleep on this and watch your injuries fade away. Be careful, though -
while minor wounds will be gone in minutes, anything serious could take
days or even weeks of sleep to heal."
200,Concealing Jingasa,Samurai of Hyuga,Artifacts,"This comically large round hat might seem more conspicuous than anything, and it might stink
of soy sauce, but you’ll want to keep it around when you need to keep a low profile and remain
out of the sight from the law. Whenever you wear this hat your identity becomes obfuscated,
and those pursuing you will assume that you merely bear a resemblance to their quarry. This
protection won’t work against those that are truly wily."
200,Family Heilroom,Samurai of Hyuga,Artifacts,"Whether it’s a sword, medallion, or something stranger like a shogi piece, this object possesses
the markings of your noble family. Beyond its high quality craftsmanship, it has an inspiring
effect on those both of and loyal to your family, motivating them and breaking depression or
long streaks of apathy. Even those not of your family will be forced to acknowledge the
legitimacy this item grants you."
200,Giutar to the Heart,Scissor Seven,Artifacts,"You have a guitar that can play the smoothest and nicest of melodies, all on its own.
Impress whoever you want with sick guitar solos and extremely difficult songs, not to
mention how it gives a +3 to your Charm and your chances of impressing potential
romantic partners. More effective if your intentions are honest."
200,Mask of Anonimity,Scissor Seven,Artifacts,"You possess a mask or face accessory that makes it impossible for others to connect your
civilian identity with the one wearing the mask, even if it’s only a domino mask, glasses
or a nose ring. While someone seeing you taking it off or putting it on would still be able
to connect the dots, all others will be incapable of making that connection, even if clues
towards that conclusion exist. They might still think that your civilian identity knows or is
connected to the one wearing the mask, but they’ll never realize that it’s the same person."
200,Sticker of Infinite Clothing,Scissor Seven,Artifacts,"You have a badge with a look you can customize, that when slapped onto a piece of
clothing, will instantly repair, clean and perfume it, turning it into something both
pleasant to wear, look at and smell. It will turn even the dirtiest of wash rags back into its
prime condition. This primarily works with clothing, but also works with other pieces
made out of cloth. The badge is indestructible and passively works on the clothing it’s
attached to, it can easily be removed and you’ll find it by your bedside if it’s ever lost."
200,DX Enhancer II,Scissor Seven,Artifacts,"An experimental drug that can only be used while Transformed or under the effects of the
DX Enhancer. Can only be used by those with strong bodies as those with weak bodies
will die on injection, after use it will leave them heavily fatigued. It multiplies all already
enhanced attributes by x2, with training this form can be used without the drug.
Furthermore the multiplier can also be trained, the more often it is used and fought with,
the higher the multiplier becomes, however the strain on the body rises proportionally.
Replenishes monthly.

Requires ""DX Enhancer"" or ""Transformation"" to Purchase"
200,Ming Drugs,Sword of the Stranger,Artifacts,"These small, round pills don’t look like much, but they have a miraculous quality: For
about a day after taking one, a person becomes immune to pain. They can still feel
damage to their body, but the pain won’t in any way impair their functioning,
concentration or actions - though the actual damage might. Normally the withdrawal
from these is pretty brutal, but these pills don’t seem to have the same issue. There’s
about ten pills in this small bamboo tube, which re-fills weekly."
200,ID Card,Hanachirasu,Artifacts,"One forgotten mistake by a previous manager that ended up in your hands as a
payment for a weird job. It allows you to enter the buildings, secrets rooms and
even laboratories of many corporations and groups, including certain corporation
and terrorist group. It also serves as a false ID and a credit card in many places."
200,Dust Goggles,Kenshi,Artifacts,"These goggles not only protect your eyes from the elements, but they also let you
see through any weather as well. See clearly in a dust storm, rain, or in the blinding light of the sun. They also
have a flippable set of lenses that enhance your eyesight so you can use them like binoculars."
200,Bag of Seeds,Fist of the North Star,Artifacts,"Pick any mundane plant from modern Earth to fill this bag. These genetically
engineered seeds will grow in any soil with almost no watering or care needed. The seeds themselves
are marginally edible but don't taste very good or have much nutritional value, but they'll keep you
from starving in an emergency. The bag holds about five pounds of seeds that always grow and once
the seeds are planted or eaten a new bag will appear in your warehouse next month."
200,"Ego, Book of Inner Self",Anima Beyond Fantasy,Artifacts,"This enchanted book serves as a
diary of sorts for whomever carries it. It contains within its pages the entire life story of its bearer
up until the current point in time... including things the bearer does not know. It will also narrate
useful things like, “Although I did not know it, an assassin was sneaking up behind me while I
read my diary.” You may choose who is allowed to read it, to those you have not allowed it is
nothing but untranslatable gibberish."
200,Ring of Erebus,Anima Beyond Fantasy,Artifacts,"An item common to the Magus Order, these rings enhance the magic of the bearer, increasing their magic accumulation as well as the range of their spells."
200,Compass of Uriel,Anima Beyond Fantasy,Artifacts,"This compass might claim attunement to
the spirit of liberty, but no one can know for sure if she is the one who made it. It does not point
north, but rather in the direction that the bearer must go to acquire freedom, and adds its
 strength to his when he attempts to resist any attempt to control his actions, no matter what the source of the control."
200,Flag,Samurai 7,Artifacts,"This nobori, or Japanese style banner, bears a design indicative of you
and your allied forces. When you go into battle under this banner, you will find that
differences within your allied forces - whether cultural, social, physiological, or
otherwise - seem to be smoothed over in a way to allow you for at least the time of the
battle to work together with your capabilities harmonizing with each other and supporting
each other, instead of allowing your differences to cause unrest or a loss of battlefield cohesion."
200,Life Support System,Samurai 7,Artifacts,"This is a large, wheeled, machine which rises up in the
center as a (thick) glass cylinder filled with bubbling green fluid. If a macroscopic living
organism is placed into the cylinder tubes within it will immediately attach themselves to
the creature and keep it alive. This life support could indefinitely maintain the life of even
a disembodied brain, or brainless material as long as it was alive when placed within it.
However if the fluid is drained - such as by shattering the glass - or the power supply of
the machine is disconnected it will no longer function. Its power supply is built in and
because you’re paying CP for it, as long as it’s only used to power this machine it will
never run out, but someone could open it up and turn it off. So maybe don’t let people
who want to kill whatever is inside mess around with the machinery.

It also possesses speakers allowing the individual inside to speak to the outside world - or
perhaps think at them as it doesn’t seem to require them to be able to move their mouth or
even have one - and audio receptors to feed them audio information."
200,Encyclopedia,Soul Calibur,Artifacts,"What do you call someone who travels without knowledge? A fool. You are no fool
and that is why you have this. This book carries all your knowledge in one package, the
information within presented as if written by a historian of the 21st century. It’ll be in your
warehouse and should it ever be lost or destroyed; you can summon a new one on the following day.

Of course, it doesn’t only present you with knowledge you already have. Whenever
you meet someone, you will find a new page in your book about a “profile” of theirs. This
“profile” details some information about them, from their height, weight, their basic history,
their fighting styles and maybe even a few secrets."
200,Dvapara-Yuga & Kali-Yuga,Soul Calibur,Artifacts,"Two of the three Sacred Treasures, this pair of tools complement each other quite
well. The first item, Dvapara-Yuga, is a blue mirror capable of cleansing any evil with even
fragments of it proving to be useful tools against evil. The second item is a vermillion rod
known as Kali-Yuga. The staff is able to absorb any kind of energy, with seemingly no limit.
Unfortunately, it doesn’t seem to have a way to be able to unleash that energy. Nevertheless,
the staff is quite useful in a fight. Being nigh-unbreakable has its benefits.
Should you be able to find the third item, there is no doubt that they will be the perfect
tools against evil."
200,Techniques of the Ancients,Soul Calibur,Artifacts,"A simple book that instructs the reader on how to make sure that their creations
would stand the test of time. Examples of such creations include weapons built by people
whose names and histories have long since been forgotten from the world. The information
here would no doubt be useful to many.
Beyond those instructions, there are parts of the book that are heavily encrypted.
From what one can see; the encrypted sections seem to involve a grand labyrinth of some sort."
200,Monster-Fighting-Monster Tonic,Darkstalkers,Artifacts,"If you’re willing to compromise your morals (and let’s face it, this isn’t really a compromise), you can
imbibe this mixture of demon blood, cursed ichor or strong mortal essence to temporarily take on a monstrous
form. This form lasts for 20 minutes per does, and you will be sore in the morning.
When you first purchase this item, you gain three vials of the same formula, covering a single
monster­type like Vampire, Werewolf, Demon, etc. You know how to mix more of a given formula, and with
sufficient effort and time (decades), you can develop new ones."
200,Possessed Gear,Darkstalkers,Artifacts,"An item you own now has an inhabiting spirit­ if a regular person had picked it up, they would have been
transformed into some incarnate spirit, bent on some nefarious or mischievous intent. Instead, you now have
an extra voice yammering in your ear or mind­ They might not start out friendly, but with sufficient effort, you
can turn them to your side.
As for the benefits­ possessed gear has a knowledgeable intelligence inside, and grants permanence to
the object they inhabit­ it will repair itself back to full given enough time, even if completely destroyed. With
appropriate spirit­influencing techniques you could even transfer the possession."
200,Crown of Makai,Darkstalkers,Artifacts,"While not necessarily a crown, this icon of noble lineage proves that you are a Lord of Hell, and have
authority over lesser beings. Blooded beings closer to your nature (Vampires to Vampires, demons to demons),
are more different to you as long as you wear this icon. It is not perfect, and a higher ranking being or someone
in a direct chain of command can supercede your requests.
The further away in nature you are from a given being, the less authority you wield as well."
200,Microphone,Furi,Artifacts,"A staff that resembles a microphone stand. While it’s not much use as a
weapon, speaking into this microphone will ensure that your words are always heard clearly by
the person you wish to reach. Additionally, people who hear you speaking into the microphone
will find your arguments more compelling and persuasive."
200,Travel Pass,Blue Eye Samurai,Artifacts,"Travel is restricted at this time, whether to enter a city or move provinces, you’ll either need constant bribes or an official travel pass like this one. Now, normally a pass would only cover some places, but yours is an all around pass letting you go anywhere in Japan and beyond, changing shape to whatever token or documentation you need to travel unimpeded alongside any traveling Companions, filling in all the required paperwork in the right places."
200,Jewelry Set,Blue Eye Samurai,Artifacts,"A jewelry box that opens to whatever accessories would go well with your current outfit, letting you nail whichever look you’re aiming to accomplish. The box is what’s special, the accessories themselves are mundane, so feel free to use them as tokens of your appreciation or as payment in an emergency."
200,Burning Skull,Conan,Artifacts,"This is a skull—human yet appallingly misshapen—from which
spectral light seems to emanate. It can be worn like a helmet, and it causes fear and
unease in those who see it. This is no natural fear, but a strangely mesmeric thing capable
of freezing a man with terror which slowly eats away at the sanity. Unfortunately this fear
will only take hold of the weak willed, and it is most effective when you are facing them
directly which coupled with the feeling of safety in numbers makes it most effective
against isolated targets, though prolonged exposure would be dangerous to the minds of
those of stronger wills. Those who know the secrets of how to make it function will be
immune to its fear and sanity corroding effects, and when not worn by one who knows its
secrets its fear inducing power will be loss - though it will still slowly corrode sanity."
200,Treasure Box,Conan,Artifacts,"This is a treasure box of a size for a man to carry while traveling
alone. Forged in unholy fires among the flaming mountains of Khrosha, this treasure box
is of a metal no chisel can cut, no hammer can break, and no flames can scorch. At least
not such as those available to men of this age without delving into the arts of sorcery. The
box is in effect indestructible, at least to the means available in this world, and it will be
resistant against magical tampering of this world and others.
The box itself is ornately decorated, but the decorations have a purpose. By pressing the
decorations in the correct order it will open. There is however, a small barb coated in
poison that will be painfully lethal to a human within moments which comes out in this
process. So make sure not to open it with your bare hands. Wear gloves."
200,Ore Load,Cradle,Artifacts,"Halfsilver, Goldsteel, Wintersteel, and more, you've got a replenishing
supply of all the exotic metals on Cradle, though those three are the most prominent. There's
about 10 pounds of each material, refreshing each week."
200,Dead Matter,Cradle,Artifacts,"A random assortment of Dead Matter, Bindings, and other Soulsmithing
Raw Stock. There’s roughly 20 pounds of material, and it refreshes once a week. You can set
aside some materials for later use, and they won’t vanish with the next refresh. The quality of
the materials will scale with your Advancement Level. There will always be at least one piece of
Hunger Madra either in the form of Dead Matter or a Binding available."
200,Diamond Veins,Cradle,Artifacts,"An artifact that takes the appearance of a gemstone. When absorbed
into your Core and spread throughout your Madra Channels, it reinforces them, allowing you to
handle much greater power at once without straining yourself. For you, this also applies to any
other magical power you have that would normally tax you physically or mentally."
200,Madra Engine,Cradle,Artifacts,"Ordinarily made from the Remnants -spirits- of Human Children, and
coming at the cost of your own life-force, Madra Engines rapidly replenish the Madra within your
Core, essentially acting as a regeneration-booster that allows you to fight longer and harder
than you would otherwise. This version is even better, as it regenerates Madra for you for free,
instead of taking it from your Lifeline and Blood Aura. Also comes without the guilt of knowing it
was made from dead babies, because this one wasn’t."
200,Future Diary,Mushoku Tensei,Artifacts,"Sometimes it’s nice if you are given with advice when you are in doubt. With this you gained a diary of a
veteran jumper that jumped into an identical world you are in. The diary gives you accurate advice towards your survival along with complementing your goals even goes far as giving hints to solve the problem you are
stumped with. This also gives you clues on finding the world-breaking secrets of your current world if there
should be one while the diary gives you advice, hints and clues you still have to do the legwork to achieve it.
The diary auto-updates taking account of the actions you took so that the diary won’t become obsolete that
easily and the diary can only give advice and hints up to ten years in the future."
200,Illusionary Ring,Mushoku Tensei,Artifacts,"Sometimes you want a day off but you are too recognizable for clothes even if you wear plain clothes. With this
magic tool it would allow the user to take the shape of another person. This magic tool took the form of two
rings: a green ring, and a red ring and the person wearing the green ring would become identical in facial
features and hair color to the person wearing the red ring. Unlike the original this changes the users height,
build, voice, and the eyes colors making them indistinguishable to others without detailed probing or analysis."
200,Communication Tool,Mushoku Tensei,Artifacts,"A Magical tool shaped in a stone that would allow long range communication, anything written on the main
stone will appear on the sub-stones. While it allows long range communication it's still limited and the version
bought here is in the shape and function similar to a modern day smartphone which allows you to text and talk
to people that have the Communication Tool even taking pictures, storing them and sending it to another
Communication Tool is also possible. The range of the Communication Tool covers the entire Six-Faced World
and you also have the blueprint/recipe for it to make more should you have the materials."
200,Illusionary Pipe,Thunderbolt Fantasy,Artifacts,"You possess an innocuous pipe capable of conjuring illusions through smoke.
The victims who inhale your smoke are ensnared in an illusion capable of fooling their sight, smell, and hearing."
200,Soul Ehco Flute,Thunderbolt Fantasy,Artifacts,"You possess an enchanted flute that when played will guide you towards a safe path, free of danger. This is achieved through an echo effect. If you follow the echoes this flute produces, then you will find a path free of enemies."
200,Medallion,Duel Monsters - Duel Terminal I,Artifacts,"A magical medallion used by high-ranking Ice Barrier tribesmen. By speaking to it, you can send a message to any of your friends and allies that will be played to them in a few minutes, no matter how far away they actually are. So long as they’re in the same general plane of existence as you, anyway. You can be specific with who gets any given message, to the point of pinpointing a specific group and a single person as the receivers, for example."
200,Real Fusion Reactor,Duel Monsters - Duel Terminal I,Artifacts,"You need power... more power, not enough power! Luckily for you, the Ally of Justice researchers obliged. A Real Fusion Reactor, an experiment type of energy source, was installed in your body. Or you just have it somewhere, if you don’t like the sound of that. Regardless, this reactor provides enough power to keep a small town running indefinitely. However, due to its design, this power can be easily supplied to any abnormal abilities you may have, supplementing or outright replacing their original sources. Even by itself, the reactor can expel the energy in the form of energy blasts and waves. Not very efficient, but hey, if it works it works."
200,Quill Pen of Gulldos,Duel Monsters - Duel Terminal II,Artifacts,"Mightier than any sword, this artifact gives you the ability to write away any of hope of your enemies winning! Kinda. Through sympathetic wind magics, this quill can be used to manipulate the battlefield. You could return two dying or incapacitated allies to your home camp in order to send a powerful enemy back too, or teleport an ally just a little too far away to your side in order to bring a pair of enemies closer right where you can cut them down, to give you an idea. You could also write down things. Because it’s a pen."
200,Vylon Element,Duel Monsters - Duel Terminal II,Artifacts,"For all their power, Vylons rarely work alone. You’ve been assigned three gates to ensure you can always have help when you need it. Each gate may call in up to two weak Vylons to obey and aid you, each one able to defeat an armed group of humans. However, they are able to fuse with other entities, allowing them to empower others at your command. Even a weakling could become a notable force among the locals, despite these Vylons being nothing special. The gates also hold a special property, allowing them to resonate whenever Vylon technology is destroyed in their presence and temporarily call in another Vylon to deal with the threat. Lastly, more and more Vylon reinforcements will be authorized as the size of your forces grow, ensuring you always have enough Vylons to make a difference no matter how many followers you gather."
200,Madolche Nights,Duel Monsters - The Heroes,Artifacts,"Ah, while it might seem strange... sometimes all you need to keep your mind healthy is to reconnect with your inner child. Regardless of what you may think of that, these sweets-themed dolls are very relaxing to simply have around as decoration, to the point of literally healing your mind. I’m sure you’ll enjoy yourself if you just play with them. But... there is one strange property to these. Anyone who goes to sleep near them while holding (or desiring) fondness and innocence in their heart will find themselves in another world, where the dolls are alive and the inhabitants of a magical land. While attaining tangible benefits from these dreams being impossible makes it seem as if none of it is real, the fact that you may meet other dreamers as visitors to the Queen’s chateau and remember each other after waking up tells a different story."
200,Hero Signal,Duel Monsters - The Heroes,Artifacts,"This searchlight has been modified to project your emblem, whatever it may be, onto the skies of whichever city you’re making a dwelling in. While it doesn’t work particularly well during the day, the symbol projected by it can be seen clearly during the night by anyone in the same city, and will somehow be visible to you even if you’re indoors or deep underground. Besides allowing whoever you’ve entrusted with this to call you at any time, this symbol will also instill uncertainty and fear in the hearts of any evil-doers who see it."
200,Drakkar,Jotun,Artifacts,"A Norse longship, the prow shaped into an ornate carving of a dragon. It has thirty rowing benches, with a crew of mindless spirits that are only capable of upkeeping the ship and performing what is needed to allow you to sail it. Due to them, you are able to single-handedly pilot this vessel, and thanks to godly magic it will always appear in a nearby body of water when you need a boat. If it ever sinks, you will find it in the next large body of water you come across after at least a day has passed."
200,Gleipnir,Jotun,Artifacts,"A mighty and unbreakable chain, it was forged to restrain the mighty son of Loki, Fenrir. Despite being as thin as a silk ribbon, it is far mightier than any thick chain of iron could be; Fenrir will rage for ages in his chains, but will never be able to escape them until the time of Ragnarok. You gain a copy of this chain, which is nigh-unbreakable and can extend for hundreds of feet, or retract at will to a small loop."
200,Propulsion Engine,Sundered,Artifacts,"This small device allows you to, with short time to recharge between uses, create brief bursts of speed, even in the air."
200,Leaping Device,Sundered,Artifacts,"These miniaturized jump jets can exert enough oomph in a shot to grant someone using them a secondary jump while they are still midair, though it will take a bit to recharge for another boost."
200,Grappling Hook,Sundered,Artifacts,"This hip mounted grappling hook is capable of targeting suitably stable points and attaching itself to them and retract with enough force to launch an adult with some speed flinging them past the attachment point. Great for getting around fast, if a little jarring."
200,Modules,Sundered,Artifacts,"Throughout these ruined lands there are small objects that can be found that permit one to gain a benefit by trading away a second trait. A few examples are Berzerk, which boosts the damage you deal, at the cost of reducing your resistance to damage, or Rebirth, which will allow you survive an otherwise fatal blow, at the cost of reducing the experience you gain. These come in multiple ranks, ranging from 1 to 4, with, generally, increasing benefits at increased costs. A few exceptions do exist for these rules. Although you can switch these out fairly quickly, under most circumstances you can only have 3 in use at a time. Modules that would grant 1-ups can only be triggered once every 10 years. For 200 CP, you get 3 of these modules at rank 1.

For an additional 50 CP per module you can increase the rank of a module by one. Every ninth upgrade you purchase this way is free, making the cost of 3 rank 4 modules 600 CP.
Can Be Purchased Multiple Times"
200,A Simple Compass,Sword & Sorcery,Artifacts,"You’ll find many places in your adventures, it is only fitting that you possess a tool to find them
once again. This simple if rugged compass will unfailingly point towards any location that you know
of, having either seen or been there before. Even should it be some lost tower in the middle of a
featureless and twisting wasteland, or an ancient door hidden beneath an old stone somewhere
in the vast expanse of jungle that coats an entire continent you could find your way back
unerringly. You’ll find you can always simply reach into a pocket or bag and retrieve this simple if
useful tool, pristine and unharmed."
200,An Arcane Tool,Sword & Sorcery,Artifacts,"Is it a staff of twining iron serpents, a ruby ring that burns red like fire and blood, or perhaps a dark amulet that seethes with whispers from voices long lost from the world? Something more than a trinket is in your grasp. Something a great many strange figures would kill for. It possesses some small unique ability that is either evocative of some prior mystical nature of yours, or something new from this land. Perhaps a staff that calls writhing serpents from the ground, a ring that incites blood lust and feeds on the emotions and violence that result to power your magick, an amulet that releases a fog that eats away at the minds of men like acid with mad voices, or something else. In addition, it is a perfect if basic focus for your arts, meaning that you will never be without some way to channel your power. This may be purchased up to three times to receive multiple different artifacts."
200,Strange Materials,Sword & Sorcery,Artifacts,"With skill and knowledge even the most basic of materials can be turned towards arcane uses,
indeed for most arcanists it is all they will ever have. But there are truly exotic things that can take
the art even further. Husks of desert insects that quiver with the memories of the dead they
feasted on, gems that when polished show snippets of times long gone and futures yet to pass
swirling in their facets, and even stranger still. You have a small supply of such strange things that
will restock monthly. What you get is mostly random except when you wish for things it has given
you before, and that what you get will be useful for whatever sorceries you are working with at
the time. While there will never be anything truly powerful on it’s own merits, with skill and time
there is no doubt they could prove incredible boons to your workings."
200,Dark Ship,Elric Saga,Artifacts,"Quite the mysterious black-sailed ship, with quite the mysterious crew as well.
Wherever this ship goes a blanket of thick fog follows, and the sun seems to turn a deep red in its
wake, giving the entire thing an ominous appearance. The blind captain is a friendly fellow, despite
being as incapable of giving a straight answer as he is of sight, and a little cryptic in general. What’s
important is that he can effectively utilize the strangest part of this ship’s existence, that being its
ability to sail not only the seas, but also across time and between realities. While the ship is
engulfed in the mist it passes from one dimension to another, oftentimes embarking on a long
voyage that would be expected to a faraway place, but able to bring you so much further than any
ordinary vessel. The captain is not omniscient, but happy to sail you to any location in this world or
in the local multiverse that he happens to know of, and he’s rather more knowledgeable than he lets
on. Being such a strange thing, the ship will be able to be called upon again a month after its
destruction, no matter the damage it had previously sustained."
200,Evil Skin,Elric Saga,Artifacts,"This is the pelt of a wolf, one much too large to have once belonged to any natural
animal, and not too natural in its function either. Anyone who wears the pelt around their body will
be transformed by its power, turning them into a monstrous wolf as large as the size of the pelt
would imply. In this state, they will be supernaturally strong and swift even for their size, and any
wounds inflicted on them that do not prove immediately fatal are quickly healed by the pelt’s magical
powers. Any who first use the power of this skin will find it hard to resist the animalistic impulses of
their transformed state, but with time and a strong will you can overpower these impulses and
eventually retain all of your reason in this form."
200,God-Statue,Elric Saga,Artifacts,"Nothing more than a small tribute to your magnificent grandiloquence. “Small” in the metaphorical sense, because this statue of solid gold carved into the likeness of your favorite mortal guise is taller than most buildings. Not exactly the kind of thing you can place on the mantelpiece as decoration, but very useful for awing primitives and other small-minded individuals. This of course includes humans who exist outside the bounds of civilization or are considered to occupy its lower classes, but other, more inhuman tribes of brutes will also find themselves tempted to congregate around the statue and leave offerings for the one it represents. Should you deign to actually appear before these crude worshippers, they will often be easily swayed into doing minor tasks for you."
200,Nihrain Chariot,Elric Saga,Artifacts,"A large chariot adorned with precious metals and gleaming gemstones of
every kind, drawn by two large horses. At first glance there is nothing unusual about this chariot
besides its magnificent appearance, but upon closer inspection a keen eye will notice that the
hooves of the horses which draw it do not touch the ground at all. These Nihrain steeds were bred
by the people of the same name, a folk so old that they precede even the Bright Empire of
Melnibone. Their hooves do not touch the ground because they do not gallop on the plane of Earth
at all, instead moving forward in their own dimension which overlaps only slightly with our own. This
means they can move over any terrain with ease, running ground and sea and even the sky, moving
swiftly and unerringly upon the earth of their own world. The same goes for the rest of the chariot as
long as it's attached to the horses, which can also be ridden individually if desired. Should the
chariot or the horses suffer any damage, they will be restored to their original state in a day."
200,Magnum Opus,Mad Max,Artifacts,"My greatest creation! As foretold unto me by the angel of combustion herself
Comes with an extra 400 CP for Customization only. See the Jump for more."
200,Holy Orders,Darkest Dungeon,Artifacts,"A scroll bearing the commandments of a holy leader. Merely bearing it grants unflinching mental resolve even in the face of death, and in fact makes deathblows less likely."
200,Salacious Diary,Darkest Dungeon,Artifacts,"A well-kept and possibly heretical book of carnal fantasies belonging to a certain Vestal. Although sharing it may be ill-advised, simply carrying it makes your healing moderately more affective and grants a contagiously good mood when at rest."
200,Fasting Seal,Darkest Dungeon,Artifacts,"A talisman depicting the agonized face and skeletal body of one who succumbed to starvation, this item completely eliminates hunger and starvation in the bearer and makes it a bit easier to dodge- as if their frame was thinner."
200,Fleet Florin,Darkest Dungeon,Artifacts,"A lucky copper coin that, in addition to making it easier to debilitate one’s enemies, also makes those who keep it substantially and noticeably faster in combat."
200,Materia Pestis,Darkest Dungeon,Artifacts,"A vase of rare and poisonous flowers. Holding a bloom will not only make it easier to poison your foes, but it also makes poisons last longer than they would normally."
200,Subject #40 Notes,Darkest Dungeon,Artifacts,"A book of notes detailing a victim of the plague, written by a skilled and possibly demented doctor. Merely holding onto it substantially increases the vitality of its bearer, and grants a huge boost to the humors that makes it much easier to fend off disease."
200,Tempting Goblet,Darkest Dungeon,Artifacts,"A goblet full of foul, yet fragrant red... wine? Carrying it invigorates and quickens the body, making you faster, more able to dodge, and fortifying health; but the substance strains the mind, deepening the stress and fears of its cup-bearer- or anyone who has the misfortune to have it splashed against their skin, let alone the tongue."
200,Crime Lord's Molars,Darkest Dungeon,Artifacts,"A bag of molars taken from various crime lords. A symbol of brutality, carrying these trophies makes the wielder do enhanced damage against foes that are bleeding, stunned, or singled-out for attack- dealing increased damage with each condition."
200,Lioness Warpaint,Darkest Dungeon,Artifacts,"Blue warpaint made from crushed flowers found in the north; when used, it grants increasing bonuses to damage as the wearer takes on more and more wounds."
200,Absinthe,Darkest Dungeon,Artifacts,"A jug of rotgut; carrying it around will increase resistance to blight and disease substantially, while at the same time greatly increasing the odds of poisoning an enemy."
200,Head of John,Kill 6 Billion Demons,Artifacts,"Normally, you would require at least a few years of preparation before stabbing these three studs into
your skull followed by three weeks of training, fasting, and meditation. For now, you can skip all that
and gain the benefits right away. These three studs are planted in three specific meridians that block
the pathway of Atum. This causes your head to be almost impervious to harm and capable of exerting
tremendous forces. Additionally, so long as your head survives, someone else can sew your head to
a headless body and it will revive both the body and yourself. You can hide the studs if you want."
200,Casting Instrument,Kill 6 Billion Demons,Artifacts,"Choose a musical instrument. It’s attuned to the resonance of the Wheel and if you have an image of a spell you want to cast, you will intuitively play a resonating song that bolsters that spell, acting as a spell focus while also substituting any chants with the melody. Any spell you cast like this is both half again faster and stronger. Any good lie is always accompanied by good music."
200,Radiant Ley-Stone,Kill 6 Billion Demons,Artifacts,"Might be confused with a Key in the event of stupidity despite being the same sort of device. This is a
tuning fork that resonates with the melodies of the Wheel but lack an attunement to any god’s name.
This device is inserted into your forehead, appearing like a gem bindi. Unlike the regular ley-stones,
this one is especially strong even it pales in comparison to the Key of Kings. One’s proficiency with
magic and soul-based powers are greatly amplified. You can choose to hide it."
200,Punch Book!,Hajime no Ippo,Artifacts,You might not have an outstanding punch or technique but those aren't the only thing that matter in boxing. Studying one's opponent is also as important and this notebook just makes it all the easier. This small notebook that automatically takes notes on fighters that you see now capable of mapping strengths and weaknesses to take advantage when you're in a bout with them.
200,Special Entry,Hajime no Ippo,Artifacts,"These coveted tickets grant you and a guest exclusive access to a wide range of sporting events, including thrilling boxing matches and other prestigious competitions held around the world. Whether it's ringside seats at a championship bout or VIP access to a major sporting event, you'll never miss out on the excitement and adrenaline of live sports. With two tickets at your disposal, you can share the experience with a friend or fellow boxing enthusiast"
200,Shift Stone,Kung Fu Panda,Artifacts,"Stones that weave an illusion around a subject to make them
appear and sound like someone else. The appearance is only an illusion and can be used
to make one look like a specific person, provided they have seen and heard the target"
200,Mind Control Formula,Kung Fu Panda,Artifacts,"A mysterious formula that has the capacity to control
the minds of people injected with it. In the case of a venomous animal the formula can
be imbued and then administered through your natural weapons, although nonvenomous characters can administrate it through syringes. Ingesting the formula will
imbue your venom with the formula for about a month until you need to digest more, less for heavy use"
200,Secret formula of Living Clay,Kung Fu Panda,Artifacts,"Once upon a time in China a crocodile warlord
held the secret to making clay warriors that could be imbued with an aspect of life.
These warriors were hard and strong as stone despite their origins and he grew in
power and wealth. Fortunately the formula was lost before he could create a truly
enormous force, but now the formula has ended up in your hands. Bear in mind it takes
time and skill to make a clay warrior, but the end result is a loyal warrior"
200,Anatomy Book,Good Hunting,Artifacts,"This book will reveal the secrets of any creature whose blood is placed in it. Already has all
the anatomy of the mundane creatures of earth, even those extinct. It possesses a
changeable index and can skip instantly to any page you require"
200,Shikigami,Kajiri Kamui Kagura,Artifacts,"Some Onmyodo can create Shikigami, doll-like lifeforms of many shapes and sizes that can
even be granted a rudimentary will. You now possess a veritable store full worth of pseudo-life.
Birds to carry messages, oxes to pull a carriage, even a bear-cat-fox thing to carry a cute little
friend of yours. You can decide what they all do and new shikigami will appear if any are
destroyed or lost. They will followed your commands without error but are not telepathic."
200,Paper Talismans,Kajiri Kamui Kagura,Artifacts,"A set of premade Onmyodo talismans that allow anyone to use their magics. This large chest is
filled with hundreds of boundary seals, power sealers, explosive tags, really just about any type
of Paper Talisman is in here. The chest refills once a month."
200,Spirited Sake,Manyuu Hikenchou,Artifacts,"Sometimes, all that’s needed to smooth the social graces is a little liquid
courage. This delicious, potent alcohol works remarkably well at lowering inhibitions and
encouraging revelry. Share it with friends or strangers and you’ll find them much more willing to
open up to you. However, be warned that trying to use this drink for nefarious purposes will
cause it to sour, and drinking excessively will lead to an enjoyable but blush-inducing night with your friends."
200,Boob Reports,Manyuu Hikenchou,Artifacts,"Perfect for administering the Manyuu Clan’s hooter hierarchy, this
document contains precise monthly measurements of the women of Japan. A Manyuu aristocrat
could employ this information well to find suitable marriage prospects, while a more nefarious
agent would find this report to be an excellent list of targets. In future worlds, you may select
one attribute, be it something mundane like height or something exotic like a certain
supernatural power. Each month you will receive an accurate and highly detailed report on all
those who possess this attribute. Fight smarter, not harder!"
200,Storage Box,Real Steel,Artifacts,"Wooden box about four meters tall, wide, and deep that is bigger on the inside that
can store an infinite number of robots inside of it. You just need to open and close it
to change what robot is currently stored in it or if it's empty."
200,Control Interface,Real Steel,Artifacts,"This battle station is one of the best bot controllers around, providing near
instantaneous response time as well as complete information on any damages the
robot it's controlling has suffered. You have the blueprints to make more."
200,Book of Holy Spells,Tunic,Artifacts,"There are four kinds of magic in these lands, the blue magic that takes power from the user’s soul, the purple magic of the Disquiet Beings, the orange lightning that channels the power of nature, and the power of the Holy Cross. The secrets of the Holy Cross are not meant for the people of this world, but you are permitted to behold and own this golden tome.

Within the pages of this book are a number of spells that take the form of what appears to be a constellation within a square. By casting these spells with the power of the Holy Cross you are able to perform a number of things. First is a spell to summon motes of light that  guide you towards dimensional disturbances. There are also a number of spells that can be used to grant someone various minor items, though each is limited to once per person per few months. Beyond those are a number of spells that are capable of reaching across dimensional barriers to open specialized seals, though there is a single strange page.

The final page has a large golden grid of five squares by five squares, each square also contains a number. A line starts from the bottom and enters the bottom of the middle square in the bottom. This is the sole spell that is not written in this book, perhaps there is another book it could be found in to complete this one?"
200,Preachers Plinth,Luther Strode,Artifacts,"Not all great men and women in history wrote their names in blood. Some were great orators and
dealmakers. This round stone pillow prepares an area for oration, the lighting and acoustics
become perfect to relay their lectures and speeches. Such peaceful surroundings may give even
berserkers pause and quell their rage, your sermons passing through their ears to their hearts."
200,Wind Boots,Volgarr the Viking,Artifacts,"These comfortable and stylish boots double your movement speed, allowing you to run or
walk twice as fast, and also allows you to run for five seconds on thin air, though standing
still in mid-air won’t work for more than a second or two though."
200,King's Crown,Volgarr the Viking,Artifacts,"This golden crown provides good protection for your head, whether it be a golden face-mask
or just a regular crown sitting on top. It possesses the curious ability to heal any wounds
dealt to you by an enemy when they die, allowing you to come back from death’s door even
as long as your quarry expires in a timely manner, though this can’t resurrect you. During the
Gauntlet you are also a prince/princess of your chosen species, which might be reflected in
your future legend."
200,Grappling Hook,YOMI Hustle,Artifacts,"It's like a lasso, but better! This grappling hook is always attached to you, and you can throw it to attach it to absolutely anything. It doesn't need to wrap around. You can choose to detach it, or pull yourself towards it at any time."
200,big magnet,YOMI Hustle,Artifacts,"big maggnet..... Integrates with your body if you take ""Machine, turn back now"" Draws in your enemies so they can't get too far."
200,Black Book,Ryse: Son of Rome,Artifacts,If you want to gain control of the empire—whether to save it or destroy it—you need leverage over those in power. This black book reveals any possible blackmail material on someone simply by thinking of them and turning its pages.
250,Azimuth's Eye,Legacy of Kain,Artifacts,"Now this is an interesting one. This powerful item, appearing like a demonic red eye surrounded by a bit of leathery skin and set in a small metal rhombus, allows one to peer into other planes of existence and communicate with their inhabitants. Invaluable to summoners and scholars of alien realms alike. Be aware that the more powerful entities of such realms might also be capable of looking back, so exercise caution if you value your continued existence. Say, did that eye just blink at you? I hope not."
300,Archaean Skill Scroll,A Will Eternal,Artifacts,"A cultivation technique suitable for a Celestial realm cultivator to use. The power of this skill
will slowly be unleashed as the user advances in cultivation. Originally created by an
Archaean, this skill will only start to become less effective once one progresses to the
Archaean realm and begins to pursue their own specific Dao. Before this though, it will
greatly help in your road to cultivation, surpassing the vast majority of techniques. Whether
this is a body cultivation, soul cultivation, or spiritual cultivation manual is up to you."
300,Fifty Shades of Flame,A Will Eternal,Artifacts,"You can’t really call yourself a proper necromancer, or spirit enhancer, if you don’t have
some multi-coloured flames stored away for later use. This is a small bag of holding
containing a selection of many coloured flames, from one-coloured all the way up to fifteen-
coloured flames. There are only two tongues of each type of flame so use them responsibly,
you’ll only be getting a resupply once a year. While these flames are extremely valuable in
spirit enhancing, they can also be used as quite effective weapons."
300,Disguising Pearl,A Will Eternal,Artifacts,"A silvery pearl covered in a golden design that, upon merging it with your forehead, lets the
wearer disguise themselves as other people, including apparent cultivation level and soul
fluctuations. This is a near perfect disguise that can’t be seen through even by Celestial level
cultivators. Make sure your acting skills are somewhat competent though. You don’t want to
squander this precious treasure by immediately giving the game away with your actions.
A lesser form that can derived from this is a Flesh Mask, a blank skin coloured mask that
functions similarly but can be seen through by those of Demigod level, which is useful to give
to subordinates."
300,Jade Tablets (300),Against The Gods,Artifacts,"These are jade tablets, holding the complete details of exactly one
Profound Art of the highest quality. Profound Arts are typically classified into Movement skills,
Concealment skills and Profound Skills, which are basically attacking techniques. There are also
special cultivation measures, illusion techniques, armed or unarmed techniques... and so many other options.

For 300 CP, the art can be any and all that exist in this setting, from the arts of the highest King
Realms to the Legendary Beast arts like the Word Ode of the Phoenix or the Golden Crow’s Record
of the Burning World. Again, you may design your own if you want, so long as the power levels correspond."
300,Purification Vessel,Asura's Wrath,Artifacts,"This is a medium class ship in the fleets of Shikoku Trastrium, and you are it’s captain. It does not
require a crew, but works better when fully staffed. It is armed with purification beams and a Mantra
collection halo. It requires Mantra Level 3 to fly and 4 to engage in combat operations. Mantra can be
directed to it by Transmitters or someone with the Mantra Foci Perk."
300,Sakura Droplet,Sekiro Shadows Die Twice,Artifacts,"A small pink crystal that forms when the connection between a Divine Heir and an Oathbound is
severed. If you have the Dragon’s Heritage, you can use this to increase the amount of
resurrective you can hold at once so you can resurrect one more time. You can also instead use
this on someone who was bestowed the blood to do the same.

Can be Purchased Multiple Times."
300,Gem of Unyelding Strenght,Jade Empire,Artifacts,"""This gem makes its wielder capable of great physical feats that are normally only possible with years of
training. The sudden improvement to the user's physical abilities disrupts inner balance, however, and
so the gem also siphons essence from its wielder's spiritual and mental capabilities, weakening those
aspects to fuel the wearer's unyielding body."""
300,Gem of Inner Genius,Jade Empire,Artifacts,"""This gem imparts great wisdom and mental abilities to its wearer, but it teaches a lesson of its own:
that great and sudden power is only available at a great price. The wielder's mental capacity is greatly
strengthened, but at the cost of his or her physical and spiritual abilities."""
300,Gem of Infinite Spirit,Jade Empire,Artifacts,"""A powerful spirit usually takes decades to attain, but this gem offers ambitious seekers a short cut to
that lofty goal. The gem empowers its wearer's spiritual energy by imbalancing the user's physical and
mental abilities."""
300,Scholars Gem of Forethought,Jade Empire,Artifacts,"""The concepts of mental focus and of distraction are mutually exclusive. Many believe that one cannot
succeed in a mental capacity by always relying on the subtle whims of fate to fuel one's success. This
gem enhances the wearer's inherent mental abilities while weaning the warrior from reliance on fate's
fickle favor."""
300,Monks Gem of Forethought,Jade Empire,Artifacts,"""To some, being prepared for any situation is the very essence of wisdom. While the world rewards
those who excel, many warriors find that relying upon these rewards can lead to laziness and
recklessness in battle. Only by bolstering one's natural spirit can one truly master the art of shaping
one's Chi. This gem strengthens its wielder's spiritual reserves, but it removes the temptation to rely on
the untrustworthy whims of fate."""
300,Warriors Gem of Forethought,Jade Empire,Artifacts,"""A battlefield is chaotic enough without leaving one's successes to chance. Some warriors prefer to rely
upon solid and predictable strengths rather than the random chance of respite during battle. This gem
strengthens the wearer's inherent physical abilities, taking away the warrior's reliance on fate to provide assistance."""
300,The Bronze Tongue,Jade Empire,Artifacts,"""Often used by magicians and charlatans, this gem gives the wielder persuasive skills that could make a
man sell the shirt off his back for a pittance. Speaking with ease in any role, the wielder finds the hearts
of others malleable and easily swayed, but particularly skilled individuals can see past its magic."""
300,Good Fortune,Jade Empire,Artifacts,"""Master Gambler Wu Pin was the scourge of betting houses across the Empire. Rumor has it that one
would never know he was present until it was too late, because he would always lose every single game
until the very end, when he would reach into his pocket and finger his lucky gem, which would bolster
his intuition and bring him victory in the final, and most expensive gamble."""
300,Iron Skin Gem,Jade Empire,Artifacts,"""The power of this gem toughens the skin until it as strong as iron. Traps and other undirected attacks
will have no effect at all upon the wielded. Calculated, cunning strikes from an intelligent opponent will
still harm the user, but the strengthened skin will help absorb damage."""
300,Lucky Hand,Jade Empire,Artifacts,"""When properly prepared, this gem plucks the silken strands of fate, gently placing small amounts of
local currency in the pockets of the people within a certain distance of the wielder. Used in more
innocent times to subtly bolster the wealth of the poor, these gems have fallen into misuse, and
pickpockets now use it to pad the pouches of those from whom they steal."""
300,Cloud-Stepping Shoes,Generic Wuxia,Artifacts,"These Ǒusībùyúnlǚ grant you great acrobatic mastery. You can run on air, so long as you wear them, and can jump great distances with ease. No fall will ever harm you, so long as you can contrive to land on your feet."
300,Mortanius's Death Orb,Legacy of Kain,Artifacts,"Despite its ominous appearance, this trinket is rather benevolent in its effects. For starters it provides a boost to resistance against corruption and madness effects as long as it remains on your person. Vampires owning this trinket will find their hunger for blood lessened, allowing them to go on longer without feeding. And finally, as per its name, it empowers any necromancy spells or powers used by its owner."
300,Ancestor's Candle,Darkest Dungeon,Artifacts,"A relic belonging to the Ancestor. Much like the ring and cloak of the sun from earlier, it grants benefits in the light- so long as the light is half-full or more, it will grant increased speed, dexterity, and strength to an even greater extent than those two trinkets."
300,Sharpening Stone,Darkest Dungeon,Artifacts,"A stone that is exceptionally suited towards the sharpening of weapons. Although maintenance is important, merely carrying it will cause your blows to slice deeper, bleeding your enemies and increasing the chance that you’ll do critical damage."
300,Non-Euclidean Hilt,Darkest Dungeon,Artifacts,"A sword hilt overgrown with Crystal Shards. It has several unusual properties; increasing the vitality of its wielder, imbuing their attracks with a mild poison, and increasing the chance for stunning effects to work; it also has a small chance of hitting a random foe instead of its intended target, for better or for worse."
300,Petrified Skull,Darkest Dungeon,Artifacts,"The top part of a human skull, cracked open like a nut and brimming with glimmering, alien crystals. Grants superb protection against eldritch and alien foes, weakening their blows, as well as increased vitality in general."
300,Clasp of the Beast,Darkest Dungeon,Artifacts,"An artfully rendered beast’s head made of metal, used to hold one’s chains together. Grants a decent boost to vitality and sturdiness when worn, and stresses out opponents when fighting in close quarters through some curse laid on the metal."
300,Ashen Distillation,Darkest Dungeon,Artifacts,"A strange draught, derived from the crystals found at the Farmstead. The noxious fumes it gives off strengthens poisons used by the wielder, and enhances healing done to them when mixed with certain herbs; it also tremendously increases their dodging ability."
300,Ancestor's Portrait,Darkest Dungeon,Artifacts,"A portrait that probably isn’t meant to depict the Ancestor. Easily carried in one’s cloak, jacket, or bag, the portrait has the strange effect of increasing the “experience” one earns by half-again; letting one learn more from their time in battle or exploration."
300,Ancestor's Map,Darkest Dungeon,Artifacts,"A map of the Ancestor’s estates and the surrounding acres; although the labyrinthine corridors and wilderness has changed over the years, holding this map nonetheless allows you to spot traps much more easily- and occasionally, it reveals the path ahead."
300,Vvulf's Tassel,Darkest Dungeon,Artifacts,"A trophy taken from a notorious bandit leader that still lurks in the area. This tassel increases the damage and accuracy of blows made against marked targets, and increases the chance of an especially damaging blow against large enemies."
300,Iron Sights,Darkest Dungeon,Artifacts,"An iron sight meant to be used with a musket; it has the unusual property of increasing both the accuracy and damage of an aimed shot, especially against a marked target where the blow may be even more lethal- even bypassing the protectors of a guarded enemy."
300,Ancestor's Lantern,Darkest Dungeon,Artifacts,"A relic belonging to the Ancestor. The strange light it gives off somehow simultaneously conceals your party and makes it far easier to spot enemy ambushes, ensuring that the advantage in combat is yours more often than not."
300,Miller's Pipe,Darkest Dungeon,Artifacts,"A pipe made of fragmented, floating wood stuffed with crystal snuff; when the bearer kills an opponent, they heal a small amount of stress and have a good chance of blighting the entire enemy party."
400,Beastbirth Seed,A Will Eternal,Artifacts,"This is a legendary plant sought after by any cultivator. It is giant steamed bun shaped plant
that emits special pheromones that attracts beasts to it. Beasts will enter into the 18 meter
tall flower and be put into a wonderful realm of illusions. While in this happy state the flower
will absorb the quintessence, the life essence ancestral blood, of the magical beasts, before
ejecting them. For a month this plant will remain open, absorbing the essence of every beast
that enters into it. After this period is finished it will give birth to a creature with the bloodline
of every beast that it absorbed the blood of. The more creatures it samples, and the more
powerful their bloodlines are, the more powerful the creature that is born will be."
400,Pill Furnaces,A Will Eternal,Artifacts,"That’s right, plural. And a lot of them at that. These are the containers that cultivators use in
pill creation and you’ve just obtained a full complement of fifty pill normal sized furnaces, all
rated for level 6 pills or below, as well as five massive furnaces that are supposedly
indestructible for pill forging. Why do you need so many? So you can make plenty of pills at
once of course. Also so that if twenty happen to explode while you’re creating pills, you still
have plenty to spare. Heaven help you if one of the big ones somehow manage to explode.
Any destroyed pill furnaces restock a month later. Please don’t use these as make-shift
bombs. That is not their intended use."
400,Celestial Grade Galleon,A Will Eternal,Artifacts,"While the battles of cultivators can grow to be ridiculous in scale, the world it takes place in
is equally large to account for this fact. As such, many places of note will be incredibly far
apart. So far that weaker cultivators would not be able to manage the trip in good time
frames, let alone brace the wildernesses for such long stretches. As such, these were made.
The cultivator galleons. Great sturdy ships able to sail on both sea and sky. Equal to a
Celestial in both speed and sturdiness, these are able to transverse the cultivation world in
hours. This galleon comes with a basic spirit automaton, a spiritual AI."
400,Sect Protector,A Will Eternal,Artifacts,"Fertile land isn’t too hard to find if you’re looking. The problem is taking and holding that land
once you come across it. Those sects that park themselves in such places have a deterrent.
A deterrent force that makes other sects reconsider taking that land from them, lest they
suffer great losses. This is your deterrent. This is the ace that you pull to defend your sect
from attacks. The strength of this guardian is dependent on the people that empower it,
usually the sect elders. The stronger your sect is, the stronger the protector. Your guardian
could take the form of a massive tree, whose branches and roots fend off all attackers.
Alternatively it could be a giant autonomous warrior, strong enough to wrestle with several of
those of a higher cultivation."
400,Immortal Moonvine,A Will Eternal,Artifacts,"You will receive a plant seed from beyond the stars of the Eternal Flower. This sentient plant was called the Immortal Moonvine in the immortal worlds and was considered a legendarily rare plant even in those countless worlds. Bai Xiaochun simply calls it the Moonflower. This plant grows by absorbing frigid qi, which has a natural consequence of raising the local temperature. As long as there is qi and earth present for it to absorb, this plant has no limits to the size it will reach. In the absence of those, it can subsist on pills without any negative effects. It can control its vines as it they were limbs and, potentially even better, it can shrink back to a single flower again on command in seconds, and grow back to its original size too. If a new-born moonflower were to be left in a continent spanning arctic, within a few months the entire landmass would have melted into a lush land filled with the moonflower’s vines. If the plant were to be ripped to shreds, those fragments could quickly start to regrow and recombine, coming back in greater volume than before. A plant with endless potential, should you care for it properly. Bonding with this plant will greatly help with any frigid techniques you may have."
400,Ancient Emperor's Replication Treasure,Against The Gods,Artifacts,"Okay, this is a pretty fascinating thing you’ve got here! If anyone knew... anyway, what this does is that simply by placing an item inside it, you can make unlimited copies of it.
Now hold your horses, there are a few details. This treasure has a limited amount of power, and it
takes time to replenish it. Depending on how powerful an item is, the treasure takes proportionately
long to copy it. Something utterly rare or priceless, like, say, a drop of blood from a True God, might
take several days, whereas you could probably copy ordinary pills and stuff continuously."
400,Power Concealing Talisman,Against The Gods,Artifacts,"A small, intricate amulet, this is a powerful magical device
that you can use to pretend to be weaker than you are. Using this amulet you can set your
cultivation level to any level lower than your actual one, and that is what you have, for all intents
and purposes.
You can regain all your power simply by taking it off, and in future worlds you can choose any
number or quantity of your powers to suppress, partially or completely. Multiple purchases of this
item lets you create multiple ‘layers’ of your powers, which may be unveiled sequentially. Other
people can not use this item on you against your will."
400,Mantra Reactor,Asura's Wrath,Artifacts,"The most advanced personal mantra device is installed in your cyborg body, further amplifying your
ability to wield Mantra. Assuming you can arrange for it, you are capable of wielding an more than a
civilization's worth of focused Mantra without hurting yourself.
You gain a new Mantra Form: Mantra [Your Name]. Increases your Maximum Mantra Level by 3.

Requires ""Cyborg Hindu Godbody"" to Purchase"
400,Prayer Necklace,Sekiro Shadows Die Twice,Artifacts,"A bandolier of blue crystal-like prayer beads. When worn, you feel healthier, and even sturdier.
Even if someone were to toss a bull at you, you would somehow be able to catch it and remain
standing even if you don’t actually have the strength to carry it. Additionally, while wearing the
necklace, you will be immune to illnesses and your stamina is increased by two folds."
400,Memories of Ashina,Sekiro Shadows Die Twice,Artifacts,"While not a physical item, you instead carry memetic replications of the combat data of
Genichiro, Isshin and... curiously enough, a one Lady Tomoe. When sleeping, you can lucidly
dream of fighting any one of these three individuals ranging easiest to hardest to fight
respectively in order to sharpen your swordsmanship skills as well as the lightning redirection
technique. For the sake of training, you will be stripped to only your Body Mod, but you’re
guaranteed to improve greatly after each session.
But, if that is not to your liking, you can also take this in the form of text scrolls of each
character, detailing their philosophies, combat styles, and tactics."
400,Gachiin's Sugar,Sekiro Shadows Die Twice,Artifacts,"A jade candy that’s muted color makes it easy to overlook and it has a very soft flavor. After
taking this candy, your presence and any noise you make will be severely reduced for next hour.
You will receive a box of this candy in packs of six every day."
400,Memories of Shadows,Sekiro Shadows Die Twice,Artifacts,"Memories that contain the combat data of Lady Butterfly, the Owl, and the Young Wolf. Much
like the Memory of Ashina, these are memetic recreations ranging from easiest to hardest that
you can access in your sleep. These memories specifically train your versatility, adaptiveness,
stealth, resourcefulness, and mastery of all your techniques and tools. These training memories
will strips you to only your Body Mod, but you’re guaranteed to improve greatly after each session.
But, if that is not to your liking, you can also take this in the form of text scrolls of each
character, detailing their philosophies, combat styles, and tactics."
400,Dragon's Blood Droplet,Sekiro Shadows Die Twice,Artifacts,"A shimmering pearly crystal tear. If you have the Dragon’s Heritage or you were given the blood
of someone who does, so long as this droplet is on your person, you will instantly heal upon
being dealt a fatal blow. Once this happens, the crystal will turn grey and you’re unable to
benefit from its effect. The color will return to it in an hour. You can also use it to heal someone
of the dragonrot. Healing dragonrot will not turn the crystal grey."
400,Yashariku's Sugar,Sekiro Shadows Die Twice,Artifacts,"A crimson red candy that reminds you of blood from its color to its faint metallic taste. After
taking this candy, you will be more prone to injury, but your strength will increase dramatically,
up to five times. You receive a box of this candy in packs of six every day."
400,Ju Xian Pills,Fog Hill of Five Elements,Artifacts,"There are bound to be a number of people who will ask questions and a number of others who will ""ask"" in a not so friendly way if they know you have this in your possession. 

A small canvas bag with about 30 pills that regenerate every month, each pill is the ""real"" version of the Ju Xian pills, each made from the scales of the small Qilin useful for both healing and enhancing both the strength and dexterity of whoever ingests them, these medicines are addictive to anyone other than you if ingested in small quantities in a very short time, and no wonder, they are powerful and if you take too many, you will notice how little by little the body ends up changing into a more powerful and monstrous form acquiring scales and greater strength similar to what happened to Chi Ji and some of his brothers, it is your decision on who you want to give these pills to, but their side effects are potent so I suggest giving a few in case you want to cure someone and several in case you want ""stronger"" effects."
400,Elemental Followers,Fog Hill of Five Elements,Artifacts,"Following you and accompanying you now are some constructs made by your clan to obey you whether made by you or given to you by your clan for whatever reason these little followers whether statues or crafts of the same kind as the stone animals of Gong Yi will serve you in small tasks whether they go to the village to bring you things or to guard prisoners. Are strong or sturdy enough to at least hold the fort for a few moments before you arrive, they serve more as little servants than helpers when it comes to fighting they can, but don't expect them to be very successful at it unless they are supporting you rather than on the front line."
400,Athenian Statue,Saint Seiya: The Original Series,Artifacts,"The Goddess of War is ever watchful of mankind
and planet Earth, even in worlds and times beyond this one...at least, now she is. This statue
will chime softly and alert you to any world-ending or apocalyptic disasters that are about to
happen, along with an idea of who is responsible and where the problem is originating from.
Now, you may protect the world or even the universe with the guidance of Athena beyond this jump."
400,Orphean Harp,Saint Seiya: The Original Series,Artifacts,"The song of Orpheus, a Knight of Athena, was said
to have been beautiful enough to bring a tear to the eyes of the hard-hearted Hades, that he
freely granted Orpheus a chance to leave the Underworld with his beloved - and likely would
have made good on his word, if not for the work of his disciples. You’ve acquired a harp with a
similar ability - a song played upon it can touch the hearts of even the wicked and the inhuman,
perhaps inspiring compassion and mercy for those who normally have none. This can result in
diplomacy where there would perhaps be none...assuming you get the chance to play this song.
Note that this inspiration will not necessarily change someone’s opinion of you, or make them
react in an exact way you expect..."
400,Martian Sands,Saint Seiya: Omega,Artifacts,"Martian Sand is a substance found on the planet Mars. You have a huge
stockpile of it in your warehouses. This sand possesses unique properties that
enhance any armor, giving it the abilities of those who wear it. This includes
increased strength, durability, and other supernatural powers. Martian Sand is
typically used to create armor, known as Galaxy Armour, worn by Mars' followers.
The specific abilities and attributes granted by Martian Sand may vary depending
on the individual wearing it and their level of mastery over its power."
400,Anti-Limit,Saint Seiya: Omega,Artifacts,"You possess a sinister red hourglass with a unique ability. By breaking it, you can
merge permanently with a chosen target who possesses a similar level of power
and items as you. A red mist emanates from the hourglass, enveloping both you
and your target in a fusion that absorbs their cosmo, skills, equipment, and
memories into yourself. Unlike typical fusions, this process does not induce
insanity, and the other person becomes permanently integrated into your being.
This item can be used again at the beginning of each new jump."
400,Fox Mask,Demon Slayer,Artifacts,"This is a warding mask that was handcrafted in order for the wearers to be protected by harm, as there is a protective spell built into it. Unlike the originals that did not work as intended, this one will be sure to take some of the damage for you, even if it is not to your face. This mask will soak up a quarter of your damage, and will fully break should you be dealt a fatal strike to leave you on death's door, but alive. Should it fully break, it will return to you in one week."
400,Armilliary Sphere,Nine Sols,Artifacts,"An intricately-wrought sphere of golden rings within rings,
surrounding a strange void at its heart. The sphere can change in size, shrinking until it can
fit in a cupped palm, or growing to the size of a large man’s torso, and can grow a staff from
its base. It serves as a potent aid to divination, the strange stars within providing insight
into the subtle flows of the Tao for those who can read past or future in such things - or can
be put to more prosaic uses. Objects can be stored within the void and called out at will, or
the void itself can be used, expanding into a vacuum that drags in howling winds and hapless victims."
400,Root Nodes,Nine Sols,Artifacts,"Even separated from their
homeworld, the Primordial Roots of Fusang prosper. They’ve spread all throughout the
island, and control the flow of Rhizomatic Energy to this day. While the true workings of the
roots are unknown, they can be used for a variety of purposes. While connected to a Root
Node, one may restore their health and heal injuries, and freely swap jades (and other
cybernetics, or items such as Charms in Hollow Knight).
This Item is Discounted of those with ""The Root of All Things"",
moreover, they will serve as the site of your resurrections for the Perk."
400,Basic Rock,Live A Live,Artifacts,"This fang once belonged to an elusive beast known as King Mammoth.
Its ownership marks you as the king of all animals - a highly inaccurate title, seeing as it isn’t
hereditary at all. Nevertheless, while it is on your person, all wild animals will understand you to
be above them in the food chain, and as such, they will stay out of your way as much as possible."
400,7th Cavalry Saddle,Live A Live,Artifacts,"This comfy military saddle turns anything on it completely
weightless, and any equine wearing it gains considerable speed and stamina. While there’s a
conscious rider in the saddle, the steed in question also becomes invulnerable."
400,Cold Sleep Capsule,Live A Live,Artifacts,"A person-sized glass capsule with a bed nestled into its base.
Provided it has a reliable source of electricity, it is capable of inducing a cryogenic sleep in
anyone inside, halting all their biological activity until further notice. This can last for a pretty
long time, but waking someone from cryosleep before its scheduled end is a simple matter of
opening the capsule. Even breaking it doesn’t have any adverse consequences, so the risk is pretty limited."
400,Odious Effigy,Live A Live,Artifacts,"A stone statue with magical properties of unholy origins. Any who
gaze upon it see a depiction of their worst enemy, and if you can figure out who or what it is
they’re seeing, you may summon a facsimile of that enemy under your control. Only one
facsimile can be maintained at a time, but you can dismiss it whenever."
400,Power Draining Bindings,Tekken,Artifacts,"These Chains are unique, somehow
invented by Heihachi Mishima. They are nigh unbreakable and have the ability to block the Devil
Gene inside whoever is bound by them. For these Chains this effect extends to any Powers the bound
may have but works best with ‘darker’ Powers."
400,Nanban Mirror,Ranma 1/2,Artifacts,"An old Amazon treasure. When the user sheds a single tear on the mirror, it will take them into the far past or future. Time spent in the past will be spent in the present though, so if you spend a day in the far past, when you return to the present, a day will have gone by. If the mirror is broken, it will not reappear in your
warehouse until the start of the next jump, so take care!"
400,The Syringe,Joujuu Senjin Mushibugyo,Artifacts,"This little object is not a weapon, not by a long shot. It’s only a normal syringe with a special
ability. The power to transfer bloodline powers by taking the blood of the subject and
injecting it on another. While the syringe is guaranteed to pass a copy of a power, which one
is up to the recipient themselves, being a bit of a gamble. One could, for example, take the
blood of a Mushibito and inject it in a normal human, but it wouldn’t be certain if he would
inherit their special power or just their natural toughness. It only works once per person."
400,Crystal Ball,Okami,Artifacts,"A crystal ball roughly the size of a human. Gaze into it and focus, and it will show you whatever
you ask. Speak while focusing on a person, and they will hear you as clearly as if you were
standing beside them. It also throws up a holy barrier while being used, so you don't need to
worry about being ambushed. Not much, anyway."
400,Lucky Malllet,Okami,Artifacts,"Upon being smacked with this mallet, you can become small enough to fit through the eye of a
needle, grow back to your normal size, or any point in between."
400,Fire Tablet,Okami,Artifacts,"Like a red version of the Water Tablet. While carrying it, you are immune to fire, to the point of
allowing you to swim in lava with no ill effects. Also gives you a nifty halo."
400,Golden Ink Pot,Okami,Artifacts,"Refills your source of ink for the Celestial Brush twice as fast, and the
penalty for overuse is reduced by a third."
400,Enemies to Allies,Scissor Seven,Artifacts,"You have a check that when given to enemies you’ve beaten, and whose problems with
you aren’t personal, will turn into your friends. They won’t be close friends, but will tend
to help out when you or your allies are in need, they will have a friendly disposition
towards you. This check becomes usable again after a time period ranging from a week to
a year depending on the strength of the enemy you last gave it to. "
400,Blueprint of the Day,Scissor Seven,Artifacts,"A blueprint of a scientifically based invention that you came up with in a day. Or rather
that a hypothetical version of you who worked on it all day came up with. It depends on
your capabilities and desire, what it actually is. If you only got a basic education as is
typical of the citizens of Stan, it might just be a very efficient toaster, but if you’re a true
scientist, it might just be the exact weapon you need right now. Although... it is a
blueprint, you still need to actually build it. Has a cooldown of two days after each use."
400,Astral Clock,Sword of the Stranger,Artifacts,"This strange and miraculous timepiece, about a metre high and covered in Chinese
characters, seems like an over-complex clock at first. And it is, to an extent - but what
this device tracks isn’t simply the times of day, but celestial alignments and occult
convergences. Through the use of this timepiece, you will be able to divine the best
times for all manner of rituals and magic precisely and, with some extra work, even
triangulate the best location to do so. It is also an excellent prop to use when convincing others."
400,Mask of Gnose,Anima Beyond Fantasy,Artifacts,"A powerful and ancient artifact of undetermined origin, the Mask of Gnose looks to be a carnival mask at first glance. However, if worn when bearing a treasured possession of another being, it merges the wearer’s appearance with theirs. Not only that, but it permits the wearer to copy about half of that being’s skills as related to the object (so a sword would add half their combat abilities to your own, while a paintbrush would steal their art skills), though only to the limit of matching the original. Removing it requires that the wearer hold that object while removing the mask, or that the original owner of that object touch it once more."
400,Soul Mirror,Anima Beyond Fantasy,Artifacts,"Although at first glance, it appears to be a simple
ring, Soul Mirror is much more, possessing three major abilities to protect its bearer from the
ravages of magic. First, it increases their chances of resisting magical effects. Second, if they
manage to do so, it returns the same effect back on the one who cast it. Finally, it grants control
over that effect to its bearer, who treats it as a spell they cast."
400,Explorer's Ship,Vinland Saga,Artifacts,"This ship is capable of amazing things. It updates to be the most
advanced exploratory vessel in the setting, and has a supernatural ability to take you to fantastic
new places, even if the setting seems fully explored. For example, in the 1920s, it could become
an arctic exploration vessel to map out the arctic, or a starship to find new worlds in Star Trek."
400,Energy Cells,Samurai 7,Artifacts,"The shikimoribito maintain their independence due to their
monopoly on the creation of these massive electrical energy cells. While they might not
be as useful or necessary to you, as any vehicles you purchase here already possess a
recharging power source, they can still be used to trade, power cities, or other machines.
You receive an abundance of these energy cells, enough to power the Imperial Capital for
a year. And you will receive a similar amount every 4 months. You are also given
instructions and blueprints on how to build more, modify machines to receive energy
directly from them, and 10 of the protective suits the shikimoribito wear to handle them
and their deadly energies."
400,Evil Seed,Soul Calibur,Artifacts,"This is a sphere of energy, energy that resonates with the cursed sword. Should you
break it, the energy will surge forth, releasing a pillar of light reaching towards the heavens
and visible across an entire city. The sinister energy will then rain down all across the world,
pouring into every region. Those unfortunate enough to be consumed by the evil energy will
become malfested, vile beings filled with hatred and a lust for bloodshed and death.
And yet, you can tell that this is not the limit. You have a few notes regarding
something called the Ultimate Seed, a powered-up Evil Seed that will bring forth the “next
level” of human evolution to those who are worthy, whatever that is. You don’t have any of
the full plans for it, but these notes should suffice as the foundation for the creation of the Ultimate Seed."
400,Notes of Fygul Cestemus,Soul Calibur,Artifacts,"Despite the heretical nature of the cult, Fygul Cestemus is a treasure trove of useful
information collected throughout their ages long history. Now, you have an opportunity to
put that information to more useful pursuits. Within this box lies the accumulated history of
Fygul Cestemus and many of their secrets in regard to their creations. The notes hold
information regarding the creation of Golems, Lizardmen and many more of their inhumane
experiments. There is no doubt that a scholar could spend years of their life with this
information and still not even be scratching the surface."
400,A Way In,Blue Eye Samurai,Artifacts,"A small map that whenever you open it, it shows a hidden entrance to a location of your choice. If there’s no such entrance, this map will create such a vulnerability: a ventilation shaft, a sewer entrance, an underground river, a piece of the wall that’s climbable and so on. This entrance may not be entirely free of traps or surveillance, but it’s possible for you to get in undetected, and the map will detail how."
400,Every Stop A Surprise and A Delight,Blue Eye Samurai,Artifacts,"Why merely travel to your destination when you can do so in style? With this you’ll travel in the
lap of luxury, with pleasures you and your traveling Companions would enjoy waiting for you at
every stop. It takes care of all the usual drudgery of arranging travel too, just indicate where you
want to go and how much time you’re willing to waste on the way, and this purchase will take
care of everything.
You won’t be delayed either outside major events or direct enemy action, you’ll get there just in
time, without weather or chance ruining your time table."
400,Wine of Xuthal,Conan,Artifacts,"This golden wine heals wounds, prolongs life, and invigorates the
most sated debauchee. A jar of this wine is enough to fully revitalize someone from the
verge of death via wandering in the desert until passing out in delirium from heatstroke
and dehydration leaving them fresh and renewed as if they had just spent a day in rest, or
to bring a man covered in wounds and poisoned into delirium and the brink of death back
to where they can stand and fight, even if some of that is a false strength from its effects;
the wounds would not immediately all close, but it would greatly speed their healing. You
get 10 jars and one will refill each month."
400,Crystal of Viewing,Conan,Artifacts,"This glimmering orb, a crystal ball, is able to allow one who
has some knowledge of the secrets of sorcery, or you even if you’d not otherwise have
such knowledge, to view distant events, places, and individuals. These images are not
exactly what is happening, though, at least not like you would view it from a spying
satellite. Instead it seems to function somewhat off of importance, showing you what is
happening mixed with symbolic representations of why and how. Viewing a city in
turmoil might not only show you the looting and rioting, but the triumphant face of the
one who set it all in motion and is now enjoying the success of his plans.

Should you possess Eyes of the Unseen World or another similar power to view through
the veil of space and time, this crystal may be used as a focus to show your visions to
others or to sharpen your vision, making it some combination of easier, clearer, or even further reaching."
400,Juice of the Golden Lotus,Conan,Artifacts,"In this small phial there is a potion made from the rare
and valuable juice of the golden lotus. This specially prepared potion is capable of curing
afflictions of the mind. It will instantly sober the imbiber, freeing their mind of artificial
states of madness whether induced by chemicals, advanced science, or magic, and will
even protect the mind from further such affliction for a period as the juice remains in
their system. It can also work to restore sanity to those who have gone mad from more
natural causes, though this will not guarantee that they will not relapse once the
sanity-restoring potion has run its course.

This phial will refill itself every month."
400,Advancement Materials,Cradle,Artifacts,"Elixirs, Pills, Spirit Fruit, and so on. This is a treasure trove of
materials that will take a Copper up to Truegold within a matter of months, though it's uses fall
off after that point. The good news is that it restocks every month, and giving these materials to
someone outside of this Jump will allow them to start developing a Core of their own."
400,The Three Wells,Cradle,Artifacts,"Miniature versions of the 3 Wells of Ghostwater. The Dream Well
sharpens the mind and staves off the need for rest, compared to ""A full night's sleep in a bottle""
The Spirit Well nourishes the soul, making Advancement smoother, easier, and quicker. It can
also help to restore some of the damage inflicted to Madra Channels, though it's not the most
potent thing for this. Lastly, the Life Well restores Youth and strengthens the Lifeline, providing
physical boosts. You have a three-gallon drum of each of these fluids, and they refill once a month."
400,Scale Factory,Cradle,Artifacts,"A device the size of an oven that processes the Vital Aura in your
surroundings to produce Scales. At least that's what it should be doing, instead it produces one
Archlord-Grade Pure Scale every single day, regardless of external conditions, and if you help it
along by putting it in a place that actually does have enough Vital Aura, it can produce up to 5 in one day."
400,Void Key,Cradle,Artifacts,"Hey, wait, don't you already have something like this? The Void Key is a
key that opens a portal of any size from a fist to a wagon into a pocket space just by willing it,
and this one is roughly a 100-foot cube in all directions, currently an empty black box, but you
can fill it with whatever you like."
400,Cosmic Gateway,Duel Monsters - Duel Terminal I,Artifacts,"The Cosmic Gateway... originally, it was a failed project meant to open the path to a new world. Literally. The Cosmic Gateway’s finished design was supposed to open portals to other dimensions and parallel realities, allowing for resource gathering as well as the disposal of troublesome elements. Normally, the energy costs would have caused the project to fall apart, but it seems someone decided to revive it using you as a basis. Its functionality hasn’t changed a bit, however. There’s a sunken circle somewhere on your body, which is where the actual portal of the Cosmic Gateway is opened. Since it’s part of you, you can control when it opens and where it leads with but a thought, although the scientists never quite managed to implement a way of mapping the Multiverse that didn’t involve just changing the “channel” until you have a good idea of where things are. Since technical knowledge is required to reliably run it, you are well aware of how the entire thing works, meaning you could even build more Cosmic Gateways... maybe even ones that don’t have to be installed on an Ally of Justice to work?"
400,Mirror,Duel Monsters - Duel Terminal I,Artifacts,"The tribe’s greatest treasure, the mirror once used by the Prior to seal the Ice Dragons. Or, at least, a replica of it. The mirror can function as a general purpose focus for magical powers and spells, but is best suited for sealing techniques, making their casting much easier and precise. However, the mirror itself can also be used as a seal, turning the world within its reflection into a prison able to hold up to a single congruous group of entities. Whatever is trapped inside the mirror can also be tapped into as a power source, either allowing for spells replicating their abilities to be cast or draining them of energy. Trapped entities will follow you from Jump to Jump, but they’ll immediately return to their home setting should they ever manage to leave their prison."
400,Seed of the Sacred Tree,Duel Monsters - Duel Terminal I,Artifacts,"This is, obviously, a seed of the Sacred Tree. As you know, the Sacred Tree controls the cycle of reincarnation in the planet. By planting this seed, a new Sacred Tree will sprout, draining ambient life energy and magic to grow. You will, of course, be made Administrator, and become able to set others as Moderators with lesser authority and manually control the tree’s powers. The tree is easily capable of accurately and precisely marshalling the souls and life energy of a small city, but you can set it to drain the souls it controls of power in order to increase its size and influence, perhaps even having it cannibalize them entirely. Other notable capabilities include being able to overflow its territory with stored life in order to heal others, expending energy to create appropriate physical bodies for its souls, and empowering those within its reach using the powers it may have acquired. Unfortunately, as it lacks the touch of the Power of Creation and the Power of Destruction, it is incapable of doing things such as fundamentally altering the nature of the souls within its grasp, so a human will always reincarnate as a human, and creating truly new life or directly breaking a living being down into energy are both out of question. At the end of each Jump, you may either acquire a new seed and leave your old tree behind, or take it along with you. Mind that the souls will be left behind."
400,Unlimiter,Duel Monsters - Duel Terminal I,Artifacts,"A small little drone, dark and glowing with deep blue light, with a single needle sticking out of its center. This little fella is an Unlimiter-class Ally of Justice, although a very special one. Like all Unlimiters, it can inject exotic particles into machines and technological life forms in order to overclock them. Rather than just release safety limits, the particles actively increase the theoretical self-destructive potential power of what it affects, allowing for ridiculous potency for a few minutes... before the awful, awful, burn out. Unlike most Unlimiters, it can produce the particles itself using an experimental reactor, allowing it to not only constantly boost units but also directly inject additional energy into their chassis. Then, by injecting a machine as it enters burn out, it can use the exotic particles to “heal” them and prevent the normal side effects."
400,Contact with the Aquamirror,Duel Monsters - Duel Terminal II,Artifacts,"Not simply an inferior replica, you’ve been granted an actual Aquamirror. Though it’s not useful for combative magics, this artifact can greatly enhance the power and lower the difficulty of casting spells for hypnotism and communication, as well as rituals in general. More than that, this particular model already has several spells carved within the magical glass, allowing it to independently read the brief future or the surface thoughts of enemies, as well as simply perform any of the functions it is intended for without your direct input. With little work, you may add spells you know to its repertoire, and you will also find newer spells you’re unaware of rising from its infinite reflection should you learn to cast those already within by yourself."
400,Vylon Matter,Duel Monsters - Duel Terminal II,Artifacts,"A strange tool has fallen into your hands. This control system allows you to freely generate and shape Vylon metals, allowing you to make use of their anti-corruptive properties in other constructions, and holds a store of schematics for Vylon armaments and equipment which can be produced with a press of a button. Among these, you can find shields that render one immune to personal supernatural powers, filaments that remove an opponent’s ability to cast magic while in close quarters with the wielder, or even spears that strengthen one’s combat ability far more than the acquisition of a simple weapon should. If you knew the secrets of Vylon production, you might even be able to program this tool to create them outright."
400,Dogmatika Nexus,Duel Monsters - The Abyss,Artifacts,"This is the Dogmatika Nexus. This is the artifact used to place Stigmata on people. By taking this Item, you receive a copy of it. Through using it, you can grant the “Branded in Gold” Perk to others. The strength, location, and results of which are dependent on the person. You can also choose to change the design of the Stigmata if you want. Of course, this does possess the abilities of the actual Dogmatika Nexus as well, so if you want to use the “Inverse Verse” Perk to cause Evil with this, or change it into a monster, well nothing is stopping you. It didn't turn out so well for Maximus though."
400,Destiny Signal,Duel Monsters - The Heroes,Artifacts,"This searchlight has been modified to project your emblem, whatever it may be, onto the skies of whichever city you’re making a dwell- hey, hey, this isn’t just a needlessly expensive version of that other searchlight. In addition to the properties the Hero Signal has, this one does some strange things to the movement of time when it’s involved. That is, to whoever lights it up, it’ll seem like you’ve arrived immediately. But to you, the searchlight will signal for your aid however long it’d take for you to arrive before whoever you’ve entrusted with this actually calls for your help."
400,Blue Spider Lily Serum,Kimetsu no Yaiba,Artifacts,"This is the final portion of Muzan's treatment. If given to a demon, this
will return their mind to them without robbing them of their abilities; it won't erase their memories of being a
demon, or the atrocities they committed, but it will remove their inhuman appearance, dependency on
human flesh and avoiding sunlight, and help them cope with what they've done. Administering it can be a
bit tricky - you only have one dose (which refills at the end of a year), and the entirety of it has to be applied
directly to the bloodstream - but the effects are miraculous and almost instantaneous. Unfortunately, the vial
it comes in is just as important as the liquid itself, so simply mass-producing the serum won't be enough to
cure every demon effortlessly...but mass-producing the vials and liquid, now there's an idea..."
400,Ran's Net,Jotun,Artifacts,"A duplicate of the net used by the cruel sea goddess Ran to drown people. When used above water, it is “merely” an unbreakable net that will, at your command, open or fold itself up. Beneath the water, however, anything you catch with this net will begin to drown immediately. Lungs lose the air they hold, and even fish lose the ability to breathe water while thus captured. Death comes swiftly afterwards. In case of an accident, rest assured that you are immune to the effects of the net."
400,Elder Shard,Sundered,Artifacts,"A shard of a failed ritual that possesses many uses. By infusing it into an item, you can corrupt it, enhancing its abilities, at the cost of twisting it with malevolent forces. Alternatively, by having a living being absorb it it will shatter into three pieces that will float near them. Each piece has a golden lance that pierces its host. The host cannot die until the three pieces are broken. When all of the pieces are broken this way and the host killed it will reform into the whole shard, ready to be used again."
400,Holy Stone,Sundered,Artifacts,"Eshe’s primary weapon here is the very same holy stone given to the Eschaton in
forgotten times, this is either that very same stone or a similar weapon. By using this
one gains control of a white and black energy that can be manipulated into various
shapes and solidified to strike opponents as an endlessly shapeshifting weapon. When
not in use this energy can be stored safely within oneself where it will avoid most detection.

For 400 CP, you get the equivalent of the Shining Trapezohedron, complete with its
own will. While it is here in this jump it will be linked to the same patron as the original
Shining Trapezohedron, complete with all of the abilities displayed in game.
Afterwards, the patron will become much more subdued, just as powerful as before, but less demanding."
400,Negociator,Sundered,Artifacts,"This special mask is coveted by those who wish to advance their skills. While this is being worn while practicing, the amount of time you need to dedicate to advance is ~20% shorter than it would be otherwise."
400,Aged Chronicles,Sword & Sorcery,Artifacts,"A collection of ten tomes that would appear ancient if it wasn’t for the fact that no sign of dust or
decay can touch them. Each one is large and thickly bound with hundreds of pages. Within their
contents is records of all manner of ancient secrets and reckonings of what has come before.
Perusing them would provide not only a comprehensive understanding of a world but also
countless clues that you could follow to glory and adventure, or secrets and knowledge that would
enable the success of otherwise perilous endeavors. Whether you seek to hunt ancient ruins of
lost empires or need to track down the last remnants of ancient sorcerous traditions to break a
kingdom’s curse these tomes would prove indispensable. While their contents are limited in their
scope no matter where you are or what you find yourself involved in your adventures will always
be easier for having them on hand."
400,An Odd Ring,Sword & Sorcery,Artifacts,"A ring affected with several odd symbols that almost seem to dance across it in the right light.
Bound within it are three minor Djinn who may be called forth to serve you and obey your
commands. They are unfailingly loyal and will serve your interests to the best of their ability, but
they are not the great Djinn of myth capable of warping reality with their will. They nevertheless
can work minor magicks to aid you, spy upon your foes, travel swiftly and intangibly to work your
will, and an immense variety of small if nevertheless incredibly valuable tricks and skills. If
somehow destroyed a Djinn will recover within the ring 24 hours later."
400,A Flying Carpet,Sword & Sorcery,Artifacts,"Every soul that has lived has dreamed of what it might be like to fly as the birds do, but it seems
that you have acquired the means to make it so. This intricately woven carpet is as much a priceless
work of art as it is an enchanted wonder, enough that it alone would stir jealousy in kings should
they lay eyes on it. More importantly at your will it takes flight, able to carry up to ten men at
speeds that rival the swiftest winds and attuned to your will such that you do not need to
consciously steer it in the least. Even should you fall or be separated from it the carpet would
swiftly navigate to either catch or reunite with you, and it is able to roll itself up into a small bundle
completely in defiance with its actual size to be stored or hidden from prying eyes."
400,Dreamwand,Elric Saga,Artifacts,"The crooked staff of a dreamthief, an elusive kind of sorcerer whose specialty is the invasion and theft of dreams. By using this staff to perform a ritual on a sleeping person, they will become a gate and the dreamwand will act as a key to their dreams, upon which you and anyone else you wish to take with you will enter the dreams of the subject. The dream-realms are very dangerous to even experienced dreamthieves, and it’s not uncommon for them to fall prey to the mind-bending occurrences or simple violence that occurs there. A person’s dream-realm will most commonly be emblematic of their personal issues, and often a part of the adventure that will naturally be brought about by traversing the dream for long enough will be to help that person overcome one of those issues. Several things can be accomplished by surviving the adventure in the dream and reaching its end, most commonly manifesting some part of the dream into reality, like some item of great material worth. But it’s not impossible to lift a curse or cure an illness by completing a dream-quest, though the road will be harder if there are any dark forces affecting the subject’s mind. Luckily you also receive some experience as a dreamthief along with your dreamwand, meaning you can to some extent impose your will on the hostile and chaotic environment of a person’s dreams, and with enough practice might learn to do the same with other hostile realms."
400,Ring of Kings,Elric Saga,Artifacts,"An ornate ring set with a single blood-red stone of an unnatural appearance,
its core sometimes solid and at other times mysteriously shifting around like mist. A beautiful and
prestigious thing, being one of the articles which the emperors of Melniboné use to prove their
legitimacy, but it is also so much more. Its purpose is as a conduit, and while channeling its mystical
power during a summoning it will take the vast majority of the magical burden upon itself. This
means that in most cases performing any kind of magic to bring a being from another world to this
one will fail to tire you at all, the cost becoming considerably lessened, but take care when
attempting to call the greatest and most powerful of otherworldly creatures. As impressive as this
ring is, even the power contained within it cannot provide the majority of the energy for summoning
something on the level of a Lord of Chaos, and you are likely to exhaust yourself."
400,Healing Mud,Primal,Artifacts,"This is a jar of mud. It may not look like much, but it’s a pretty
useful medicinal tool. It can be used to seal wounds by rubbing it into them, preventing
extra blood loss. It’s surprisingly sanitary whatever you think of it, helping to prevent
infection and even clean wounds. It can be allowed to harden into a cast around a broken
limb helping to hold it in place as the bones set and heal. And in all these cases it seems
to accelerate healing significantly, making the patient heal in half the time they would
normally. The jar will refill itself slowly over time, but holds enough to slather down
wounds across the body of a tyrannosaur, or make casts for at least 2 of a large man’s limbs, maybe 3."
400,Teng-Kampp Sphere,Hawkmoon,Artifacts,"A technology found strange even by this world’s standard, the Teng-Kampp Sphere is a futuristic land vehicle shaped like a perfect sphere with walls of shifting, flashing colours. Perfectly seamless while in motion, splits and doors can appear in the surface apparently from nowhere to allow entrance to a spacious and comfortable interior. Those driving the sphere will find that it easily traverses any terrain with ease and, while it has no weapons, is extremely durable, able to take impacts as if from a tank shell without breaking."
400,Mad God's Amulet,Hawkmoon,Artifacts,"The Red Amulet looks like a large ruby on a leather cord, marked with the symbol of a staff. The power of this artefact is immense, and it is said to drive those unworthy to bear it insane. It is good, then, that you are a considered a worthy wielder. While wearing it, you are completely immune to fatigue, feel no pain or fear, and are able to continue fighting at peak capability no matter how wounded you are. Additionally, you may expend the power of the amulet to gain a great boost to your strength, willpower, and durability for a minute. After doing this, however, the Amulet requires a while to recharge."
400,Machine of the Black Jewel,Hawkmoon,Artifacts,"Consisting entirely of delicate red, gold, and silver webs which move as if alive, this machine’s intense beauty disguise its terrible nature. If a person stands amid the gentle strands, it will begin implant a device known as the Black Jewel into their forehead. After this has finished, anything that individual perceives is transmitted instantaneously to a device of your choosing by the Black Jewel, allowing you to see and hear exactly what they do. Furthermore, you may command the Black Jewel to activate with the press of a button, at which point it will consume the brain of its bearer, killing them instantly.

While it is impossible to remove the Black Jewel using modern medicine without killing its bearer, certain obscure sorceries can be used to dispel the strange science that powers it."
400,Moebius's Hourglass,Legacy of Kain,Artifacts,"Ever met Kaileena Jumper? I am sure she might have something to say about knowing the future being a curse in its own way. But no matter, I am sure you know what you are doing. What this item does is simple – twice per Jump you may use this special hourglass and pose a question regarding an event of your choosing to the sands of time, regardless if said event concerns the past or the future. If you do not know the event in question you may with clever wording arrive at the same or at least close enough result, so choose your words carefully. You will see in full detail how something destined to happen will occur or alternatively what did happen, no falsehoods or deceptions involved. Whether knowing the truth is a curse or blessing is another matter.

There is however one caveat to note – the sands do not account for your own presence. What you will see is how things happened or how things will happen without any personal involvement on your part. And if you happen to arrive in a setting where fate holds less sway than in Nosgoth you will end up seeing what would normally be the established canon version of events. What you do with said knowledge is up to you, just do not open or break the hourglass no matter what happens, for your own sake. The results would not be pretty. But if you do choose to ignore my warnings and do so anyway then congratulations, you are now the proud owner of the Hunted by Infinity drawback for absolutely no CP reward! Better scroll down to see what fun awaits you, but I can guarantee at least one of us will enjoy this."
400,Nexus Stone,Legacy of Kain,Artifacts,"This ancient relic, appearing as a large cyan mounted on a gold heart-shaped ornament, is host to several abilities. First and perhaps foremost, as long as you wear it you are protected from the Soul Reaver, allowing you to ignore harm presented by the blade and its hunger for souls entirely. In future Jumps this will extend even further and become a literal shield around your soul, preventing it from being damaged, taken or devoured by outside threats as long as the item remains in your possession. Of course if you end up gulping down a soul that takes you over or wield a sentient weapon that ends up enslaving you then know that both can happen, as they are internal threats rather than external.

The stone is also a potent conduit for powers manipulating dimensions, making it much easier and less energy intensive to open portals even across different planes of existence, as long as the dimensions exist in a shared setting. Particularly useful for prospective summoners, but anyone magically inclined might find a use for it. Sadly opening portals between galaxies or previous worlds you visited is beyond it. And finally once per Jump you may choose to close any one portal or tear in dimensions that you encounter by tossing the item through to the other side. No matter its power or that of its original maker, it will close, no ifs or buts. Unfortunately that would also mean that you lose access to the item and its other powers until the start of the next Jump, where you will find the stone returned to your possession."
400,Staff of Moebius,Legacy of Kain,Artifacts,"Admittedly the Sarafan did have a rather major advantage in their vampire genocide, that being this relic loaned to them by the treacherous time streamer. This item, appearing as a staff with a giant snake coiled around it, is essentially a cheat item against vampires and their servitors. Simply point it at one and watch it fall to its knees, immobilized and rendered powerless as long as you focus the staff on them. It does not matter how strong they are, they will all kneel humiliated before you unless already protected by a sufficiently powerful protection – that is, more powerful than you, as this power scales with your overall might. The only two weaknesses are that it might be somewhat tricky to use this on entire hordes, as it will divide the focus and by extension overall power of the binding. Its effect will also be lessened on undead that are not vampiric in nature, but even they will be somewhat weakened if this staff us used on them. No such luck with actually living targets however. You can freely import a staff you already own to gain these properties instead."
400,The Heart of Darkness,Legacy of Kain,Artifacts,"The still beating heart of Janos, torn from his body by the Sarafan zealots. Well, a copy of it anyway. As much of a ghastly trophy as it is, you will find that it has its uses. Upon purchase you may choose to either have it replace your own or retain it separately. If you chose to have it implanted it will greatly boost your vitality and also act as an extra life of sorts, reviving you upon death without ending your chain, though such exertion is only possible once per each Jump. Alternatively if you have it separately you can use it once per Jump to instantly revive someone else, no matter how long it has been since their death – as long as there is still a body left to put the heart in. And yes, this also includes Janos himself.

If so used the heart is consumed and you will get a new one in the next Jump. And finally, if you really want to try a third option, you may start with it implanted but change your mind later on, where you give it to someone else. In such a case you will lose the extra chance at life till the next Jump but the other person will still revive. Oh, and this last option requires you to literally rip it out of your chest to give it to the recipient, so if you cannot survive that you will die and it will count as chain failure. I am sure Dark Schneider would approve either way. And no, just by having this implanted will not turn you or the receiving party into a vampire."
400,Shade of Past Kings,Kill 6 Billion Demons,Artifacts,"This tree of dark wood is both giant and saddened. Throughout the day, it weeps this red sap that acts as a potent healing balm as well as powerful regents for alchemy. It enhances the potency of any alchemical creation by five times.

Once per year during a seven-day period, it will be “in season”. When it’s in season, it will bloom brilliant crimson flowers that can be dried and powdered to be used in two ways. One is to use it as a regent and it will be a hundred times more effective than the red sap. Two is to brew it into very delicious tea that can act as a panacea and extend one’s lifespan by a hundred years."
400,Punch Weights!,Hajime no Ippo,Artifacts,"Getting in top shape isn’t limited to gym hours. These specialized wrist and ankle weights are crafted from high-quality materials and offer adjustable resistance, perfect for boosting a boxer’s strength, speed, and agility. Designed with long-term muscle health in mind, they allow you to train effectively without risking strain or injury over time, making you faster by doing basic things and other everyday things and movements."
400,The Perfect Shot,Hajime no Ippo,Artifacts,"This top-notch camera is a must-have for any sports journalist. It captures crystal-clear images with precision, making it perfect for documenting sporting events and moments that resonate with audiences worldwide. From action shots to backstage candids, this camera captures every detail, ensuring unforgettable visuals that tell powerful stories."
400,Zhou Deng Soul Gem,Kung Fu Panda,Artifacts,"A mystical gem ruby with the ability to enable the user to
switch bodies with a target. Must be employed in close proximity to the target,
destroying the gem would switch the person back to thier original form, or could be
done with the gem itself"
400,Mist of Morpheus,Kung Fu Panda,Artifacts,"You gain a weapon able to spew out a mystical mist known
as the Mist of Morpheus, this mist puts its targets into a deep sleep, making it perfect
for containing an enemy, be warned it can be resisted by incredible discipline although
even they will succumb if exposed long enough, and long term exposure could put a
subject into a permanent coma although that takes hours of exposure at least"
400,Kung Fu Shoes,Kung Fu Panda,Artifacts,"A pair of mystical shoes that enhance the kung fu skills of the wearer. Wearing these shoes the wearer can walk on walls and perform kung fu at incredible speeds, but be warned, wearing these shoes for longer than two hours will result in the shoes possessing there user, turning him or her into an unstoppable engine of kung fu destruction"
400,A Glimmer In The Dark,Triune Scriptures,Artifacts,"Normally an artifact of this caliber would be far beyond you and require some steps into the Divine
realm, but it seems you’re lucky enough to have stumbled across an abandoned Moon Pearl from a
careless Deity. Luckily for you, access to and the use of a Moon Pearl offers a solution to numerous
problems that an elemental cultivator might have - specifically, it offers access to a Dark World.
Imminently unsafe and crawling with demons of all shapes and sizes, but an entire world full of
treasures and essence that you do not need to share with other cultivators. With that said however, a
Moon Pearl is a finite resource until you become powerful enough to make another, and overusing it to
the point of it breaking is something that could kill the same Deities that make them - it might even be
how you came into possession of it. Take what you can, but make sure to keep an eye on any cracks
that might form in the Pearl. The more of them there are, the more likely it is to shatter. If you’ve used
it up and are still here after one thousand years, I’ll make sure you stumble across another."
400,To Sing The Greatest Song,Triune Scriptures,Artifacts,"The Sage of Music is an anomaly of the highest order in regards to cultivation. He never knew a single
technique, but still managed to shoot past the entirety of the Celestial realm in mere minutes using the
power of song, and lost that power just as quickly. And this is the instrument he used to do it. A simple
ocarina that somehow contains no small portion of the power of a Greater Deity. Using that power,
however, must be done in tune to the Sage of Musics ideals and commandments - that is, though song.
A song of storm could allow you to control the weather, a song of time might bend it to your will. But not
only must you possess such a song to play, you must play it well. Mindless pushing of air through the
instrument will accomplish nothing. If you have talent, there is much the Ocarina of Time could offer
you. If you lack that talent... well, it would probably make a good paper weight."
400,A Truly Monstrous Mask,Triune Scriptures,Artifacts,"Primordial Demons are few and far between, and those that last for any length of time are rarer still. By
some twist of fate, you have come into possession of one of them. Majora, the dragon of the void, who
was sealed away in the form of a mask. Wearing his mask offers you access to most of his powers, but
comes at the cost of infecting your will with his - wear it for too long and “you” won’t exist any more, lost
to the addictive power as Majora rampages freely. Of course, the seal on him isn’t that weak, and said
rampage will release a second mask from within, that of the Fierce Deity that sealed him away in the
first place. I highly recommend not allowing yourself to reach the point where your will is so sapped...
or perhaps, don’t even wear the mask at all. Allow a foolish subordinate that “privilege”, and sit back
and watch as they wreak beautiful havoc across the land. Until they die, at least."
400,Protective Charm,Good Hunting,Artifacts,"This protective charm keeps most eyes off of you, people or animals’ attention just sliding off
your form, and makes it harder for those with ill-will in their mind to take note of you, working
as good protecting against murders or other scum looking for the next victim. The power of
the charm will increase the more vulnerable you are compared to your usual state; be your
current affliction one of poison, a sudden loss of supernatural power or something else."
400,Rope of Bondage,Manyuu Hikenchou,Artifacts,"Don’t let its mundane appearance fool you; this rope is a powerful tool
of mischief and domination. Virtually unbreakable, this length of cord is capable of restraining
any single individual with the power of an octopus’ tentacles. No matter how powerful your
prisoner is, they’ll be completely at your mercy when bound in these unassuming coils."
400,Hacking Tools,Real Steel,Artifacts,"A device that looks like a basic controller that can take hold of any single robot. You
need to get in within five meters of your target to lock in, but after that it will
maintain the connection with it, not being able to be removed or blocked in any way."
400,Shadow Function Chip,Real Steel,Artifacts,"A fingernail-sized chip and blueprints to make more that can be installed in or be
connected to anything with a camera. This allows for perfect body scanning to the
point that if it were installed in a bot, it would be just as good as or better at using
the moves of whatever human or robot it scans."
400,Orange and Cyan Peril Rings,Tunic,Artifacts,"Two simple rings were frequently used by soldiers. Each ring individually improved their ability to survive combat, so having both was quite coveted. This is a set of those two rings. The rings themselves are made of cheap metal with a single well-polished gem at the top, one orange, the other cyan.
Wearing the orange ring improves your ability to deal damage the closer you are to death, a favorite of more aggressive soldiers. The cyan ring similarly grants a boost that grows the closer you are to death, but instead boosts your defense."
400,Magic Orb,Tunic,Artifacts,"Deep within the Frog’s domain is an altar where they keep this orb that depicts a
Disquiet Being. The instructions to use it are fairly ominous, ‘Rotate it around the
forbidden axis and partially summon a disquiet being.’ Hopefully all it means is to turn
it to unleash a tentacle that can draw yourself to a stable target, or to drag an unstable
one to you. Keep in mind that using this to pull yourself to an object takes no magic, but
using it to pull an enemy to you does."
400,Aura's Gem and Flame Blade,Tunic,Artifacts,"A Ruby and a Sapphire. Both are mundane on their own, but when combined with a specific type of equipment can increase their abilities. The Ruby is round and about the size of one’s thumbnail. It can be placed into a melee weapon granting a potent ability to ignite those struck by the weapon, though at the cost of increasing the wielder’s fragility. The Sapphire is a hexagon about the size of one’s palm. When placed into the face of a shield, it improves the defensive qualities of the shield, but the primary boon comes in how easily one can parry with the shield."
400,Golden Chest,Tunic,Artifacts,"There are a number of chests hidden away, hidden in folds of local truth. Whatever
they contain must be valuable to have been sealed away so completely. Perhaps it was
through a being like the Owner that these items were placed within during times
forgotten to aid the Ruin Seeker, but who could know for sure.
This golden, yet otherwise unadorned chest can be closed and hidden away in a
subspace formed by distorting the plane you are on. These distortions will cause some
disturbances in the nearby area that can be used to find the location in the future, but to
access the chest one would need to be observant and possess something similar to the Holy Cross.
As an additional boon for purchasing this, more of these chests will appear in this
world compared to normal, as well as they will appear in future worlds. These chests
will contain various items relevant to the world they are in.
Rarely, particularly well hidden chests will be made of platinum instead, though they
contain a golden collectible of interest to otherworldly beings instead."
400,Bones of Fate,Arawn,Artifacts,"These bones are the treasure of the sorcerers, and the reason why they are
still pursuing Siamh to this day. Destiny is a real force in this world. The bones, messengers of the
elements, are capable of reading it and ascertaining what it has planned, often in the form of prophecy.
They come in the form of many pieces, all etched with symbols. These can be used to figure out the
eventual fate of yourself and those familiar to you, though they do not tell all. They can also warn you
of things that will spell your destruction in the future... though it is up to you to stop these threats."
400,Spell Tome,YOMI Hustle,Artifacts,"A heavy book that contains a bunch of incantations, runes, and overall spells that you can learn. This tome also allows you to cast spells faster using it as a focus. Thanks to its hefty weight, it's also a pretty good blunt weapon in a pinch. Merges with the Conjurer's Catalog if you have it."
400,Oracle Paint,Ryse: Son of Rome,Artifacts,"You gain body paint that you can summon at will. When applied to someone’s body, it grants them the ability to see into the future at will. The next ten years are clear, while visions beyond that become increasingly vague."
600,Turtle Wok,A Will Eternal,Artifacts,"A copy of the strange turtle wok Bai Xiaochun found at the very beginning of his journey. Appearance wise this is simply a massive turtle shell wok, so large that it would be possible for someone to do a reasonable impersonation of a turtle should they wish. Adorning the turtle shell are numerous strange engravings, which light up when heated. This wok has two main features: it is strong enough to resist the attacks of Sovereign level cultivators, though the person using it will still end up rather rattled, and by heating it with the many-coloured flames, it can perform the appropriate spirit enhancing with a 100% success rate. The value of this wok is truly incalculable, though somewhat dependant on your ability to acquire many-coloured flames. Alternatively you could use it to cook up a mean stir-fry."
600,Complete Undying Live Forever Codex,A Will Eternal,Artifacts,"The complete six manuals of the Undying Live Forever codex. The ultimate cultivation
technique of the current Eternal Realm. It is split into two paths, body tempering and
cultivation, which once both are complete would leave you equal to the original Arch-
Emperor. While the first two manuals are not so rare, the later ones are near mythical in
rarity, with the 6th one having never originally been written down. Few cultivate it though, as
the first manual involves much suffering to progress. This set has been customised for your
specific bloodline, letting you get the most out of the technique possible. Each body
tempering codex is meant to bring out the maximum of an attribute of the body. First to be
enhanced is defense, then strength, then speed, and finally regeneration. These Codexes
also naturally are linked to the Dao of Time."
600,Dao of Life and Death,A Will Eternal,Artifacts,"You arrive in this world with an inconspicuous bottle of a strange, ethereal mist. This
mysterious vapour actually contains the Dao of Life and Death. Given to a cultivator on the
brink of death, or even recently dead, this may well give them another chance. If they are
truly lucky they can comprehend and absorb the Dao of Life and Death, and be reborn. Their
injuries will be healed, their vitality restored, and their strength boosted to the level of an
Archaean. The chances of actually succeeding to comprehend this Dao though is tiny,
especially so for cultivators weaker than an Archaean. Surprisingly, this Dao, though of
lesser quality, meshes well with the grand Dao of Time, should it be studied. If used, you
may be granted another bottle at the beginning of the next jump."
600,Evil God's Seed,Against The Gods,Artifacts,"This is one of the elemental seeds of the Evil God, or a perfect copy of it,
your choice. It gives you an affinity for one element, your choice, unmatched anywhere in Heaven
or Earth at its height. You receive no damage whatsoever from this element, no matter the type or
scale or nature, be it mortals, gods or demons trying to hurt you with it. It doesn’t matter if it’s a
kitchen flame or fires from the depth of hell or anything in between, it does no damage to you.
At the same time, your control over the element is nothing short of ludicrous. The scale at which
you can control it depends on both your innate profound power and how much time and effort you
put into it, but you start out capable of controlling it on a personal level, such as tossing small
fireballs or singular lightning bolts. You’d be surprised how quickly you can train it up, though.
Your control extends over all forms and aspects of an element, meaning that the fire seed lets you
control even magical or divine flames, while the water seed lets you control ice and vapor too. As a
matter of fact, this seed makes it so any elemental controlling abilities you have automatically
develop these aspects, letting you control the exotic versions just as well and the the same scale as
the base one.
In addition, this seed assists you in mastering any techniques related to the element you discover, to
the extent that you can grasp even the most advanced and complex techniques and skills in hours at
most, and master them to unparalleled extents in weeks, if not days.
While you don’t need them to use the seeds bought here, those with the Evil God’s Profound Veins
get these at a discount. Known examples so far are Fire, Wind, Earth, Lightning, Water and
Darkness. Don’t go spreading around information about that last one, though."
600,Markandeya,Grant Morrison's 18 Days,Artifacts,"Markandeya The Great Archive Rishi. This massive construct knows the true past, and being able
to see into the cycles that have come before, is able to predict the future in broad swaths. It
tells all things in metaphor and stories, and records all events, no matter how small or hidden.
It also holds within its data banks all the knowledge of the bygone ages, the greatest
technological insights, histories and magical arts. Any knowledge that was an absolute, terrible
secret, like the secret names of God or such are exempt from his reach, but anything less than
that, Markandeya knows and will tell you if asked.

The Great Machine Sage will take up residence in your warehouse and provide sage advice
whenever asked, but its truths are always deeper than you might at first think. It claims to be a
teller of tales, not a soothsayer of their meaning.

Markandeya is also an AI beyond anything most worlds have ever seen. He is indestructible and
incorruptible, and possesses unbreakable connections to any and all information systems that
exist in future worlds. Including files stored in cabinets, yes. While the last cannot be changed
by him like the others can, they can indeed be read at will. Because yes, the entire notion of any
machine that is not transcendent itself hiding anything from Markandeya is laughable at best.
He can also be used to calibrate or control magic and technology of any and all kinds, such as
maintaining the spells on your weapons inventories or defenses on your properties. While it is
beneath the dignity of the great Machine Sage to stoop to such base deeds, he will obey if you ask it.

In future worlds too, Markandeya’s Archives update with all the knowledge of the world,
especially the lost and hidden, and he gains connections to whatever information systems exist.
The connections to the systems in previous worlds remain, but nothing can be written, only
read. The past is, after all, the past."
600,Chronos Delivery ,Katana Zero,Artifacts,"A large crate filled with at least a couple hundred Chronos syringes that refills every week along with its formula. This is enough to starve multiple people’s withdrawal for months on its own, let alone with refills."
600,Chronos Delivery (Perfect),Katana Zero,Artifacts,"Upgrading the crate for 600CP nets you a real special reward; Perfected Chronos, without side effects. It can purge a pre-existing addiction and curb withdrawal on its own.

You get Chronos’s formula either way, but upgrading it also gets you an extra note that seems to be an incomplete recipe for an experimental variant that doesn’t require reapplication of the drug for continued use of its power.

Requires ""Chronos Delivery"" to Purchase"
600,Nightmare Demon Pot,Tales Of Demons and Gods,Artifacts,"Put 10 or less demon spirits inside and they will battle, the strongest one will come out
stronger, having absorbed the traits of its enemies. There is a chance of failure, but this chance gets lower the more demon spirits you feed it.
This can work with other types of beings, as long as they are similar to demon spirits."
600,Mibu Pilgrimage Balloon,Sekiro Shadows Die Twice,Artifacts,"Once a week, you will receive a multi-colored balloon with glowing water in it. It was made for
the Dragonspring Pilgrimage to hope for a healthy upbringing. When you clasp your hands to
pop the balloon in prayer, you will feel much luckier for the rest of the day. In fact, in situations
where someone would suddenly stumble upon a coin fallen on the ground, you would instead
find an entire chest full of valuable treasures."
600,Healing Gourd,Sekiro Shadows Die Twice,Artifacts,"A miraculous gourd full of healing water. It seems to spring from the mystical seeds within. This
gourd is constantly refilling so you can take as many sips from it as you want. Drinking from the
gourd heals all your wounds and clears any sort of poison, curse, or similar afflictions from your
body. On top of that, it makes you resistant to all those effects as well for a time."
600,Gourd of Rejuvenating Waters,Sekiro Shadows Die Twice,Artifacts,"A gourd infinitely producing the immortalizing rejuvenating waters. You can use this to
replenish yourself at the risk of feeding your immortal centipede, or you can share in your curse
with others to make them immortal undead such as you."
600,Charm of Fire & Terror,Sekiro Shadows Die Twice,Artifacts,"Two talismans, one orange with the “炎” for flame, the other the “怖” for terror. When rubbing
these talismans on to your weapons, you can imbue one with fire and the other with the ability to
inflict terror into your enemies. The backside of these talismans is adhesive and so long as they
are on your person, you will be immune to fire and fear."
600,Orichalcum,Saint Seiya: Lost Canvas,Artifacts,"A rare mythical material, once used with gamainum and stardust sand to make the 88 Cloths, today nearly impossible to find on Earth. This one chunk, the size of your fist, has rested in a place sacred to your god, forgotten for centuries during which it slowly imbued with its divine power like a sponge. It can be used as a magnifier, power source or material, and if used or destroyed it respawns after 10 year or in the next jump, whichever applies first. To illustrate its power, a similar artifact was canonically worth sending 2 gold saints to die for, and brought back to life a flying ship in addition to make it able to cross dimensions or sail on the Acheron."
600,Medea Tome,Saint Seiya: Omega,Artifacts,"It's unclear how you managed it, but you've gained a copy of Medea's Tome.
Now at your fingertips is the knowledge that made Medea one of the most
powerful individuals in Mars' army. This tome contains the secrets of bending the
will of all magical items, allowing you to grant the right to wield them to anyone
you choose. Additionally, it holds deep knowledge on how to control and master
the darkness element, considered one of the most dangerous elements. With this
tome, you can train yourself and any other students in the dark arts. Moreover, it
expands to contain any dark and forbidden magic from every world you've
visited, making it a complete Grimoire of the dark arts."
600,Demon Serum,Demon Slayer,Artifacts,"This is the drug that was created between the combination of knowledge of a demon and a hashira. Should you manage to inject a demon with this miraculous drug, said demon will start to transform back into a human, losing their powers but also their weakness to sunlight and wisteria. However, it does take time and can be fought off, so you will have to keep said demon busy if you want it to work. Post-jump you can designate one species every jump for this to weaken down to the level of a human. This will refill itself after every jump or in 10 years, whichever comes first."
600,Youth Serum,Tekken,Artifacts,"This experimental serum is capable of fulfilling
one of humanities longest dreams... eternal youth. Drinking this vial will cause anyone to revert back
to their physical prime with all their power and energy intact. You gain one vial every month.
This Item is Discounted for those with ""Jumper Zaibatsu"""
600,Dragon Orbs,Okami,Artifacts,"This is the treasure of the Dragonians, or at least a very good imitation. Hold it. Focus. Turn into a sea dragon large enough to be used as a bridge."
600,Ark of Yamato,Okami,Artifacts,"A massive sailing ship seemingly made of iron that can fly through the air, and even into space.
Guaranteed to have no demons on board."
600,String of Fate,Samurai of Hyuga,Artifacts,"There aren’t many precious things in the transient and fleeting life of a ronin. So once you find
someone that is, you’ll want to hold on to them for dear life. This red thread, created by a
shugenja’s spell, will serve you well for that purpose. Attached to your arm and to the neck of
the one you desire, it is a spiritual existence that can only be perceived and touched by you and
the one you have bound. If one of the pair thinks or feels strong emotions towards the other, the
string will tighten and draw the pair together."
600,Enchanted Object,Samurai of Hyuga,Artifacts,"One of the advanced techniques available to shugenja is to imbue a spell into an object. These
objects possess immense value, as shugenja capable of making them are rather rare. Whether
they’re rings that let you read the minds of others or a paper fan that can amplify your voice and
charisma, you’ve stumbled across on one of these enchanted objects. It’s also special, as the
magic stored in it doesn’t seem to run out as it normally would."
600,Dowsing Crystal,Samurai 7,Artifacts,"Really more of a medallion or pendant than a crystal, though
it does seem to contain some crystals inside of it. This pendant possesses an ability to
detect energy flows, at least within the hands of a proper user which you now are. The
easiest energy flows to detect are those of water, allowing it to detect groundwater
reserves, flowing water, or the like. Still with time you can learn how to use it to predict
upcoming weather, to feel the energy of the world giving you vague vibes as to the nature
of distant places, to detect things like the stench of battle on individuals with it, or
possibly detect other things about people.

In addition to this general sensitivity to energy allowing it to be used as a detector, if you
hold it over water you may use it to observe distant events in a place you have long dwelt
in and see in your heart as home."
600,Strange Book,Soul Calibur,Artifacts,"Strange. This book is written very strangely. Almost every page has an entirely
different writing style and some chapters are written in different languages. Nevertheless,
it seems that you and you alone have no problems understanding it.
Detailed in the book are the wondrous creations available in this world from
clockwork mansions, fully functional prosthetic arms, and many, many more. From the
principles involved in their creation to the history behind it all, you will know. You will know
how to build those wonders and in time, you will make them better.
There will be no secrets hidden to you."
600,The Star,Furi,Artifacts,"A roughly spherical mothership, this vessel capable of interstellar travel is
designed for the purpose of deploying troops to assimilate target planets. To this end, the vessel
is capable of manufacturing soldiers called Riders, mindless humanoid drones possessing the
full Stranger perkline (excluding Make this Right) and The Rider item, and storing them in stasis
until deployment. These troopers are commanded by the ship’s AI, The Star, which is
completely loyal to you. The ship’s interior is defended by drones capable of producing powerful
lasers or endless waves of energy bullets. The mothership is at your command, Jumper. What
will you choose to do with it?"
600,Meteorite Iron,Blue Eye Samurai,Artifacts,"Once per year, you can have a small meteorite fall nearby, just follow the trail to its crash site.
It’ll be composed of any mix of materials of your choice from the local setting or Jump(s) you’ve
visited, in whatever proportion you desire. It’s not a big meteor, about enough to make a sword
out of it, if it were metal.
If you wish, something crafted from this can gain any of the effects of the basic Item fiat-backing
from this document, and a weapon made with it can also gain any of the properties of the
Master Eiji Sword Item."
600,...And We’ll Appoint You As The New Lord Of The Sendai-Han,Blue Eye Samurai,Artifacts,"A small bribe, the third largest and wealthiest domain in all of Japan offered just like that, if they
offer their right thumb as an assurance that they’ll never raise a blade against you.
Once per year you can make such offers or gain it for yourself, with the size of what you can
grant scaling with the setting, your abilities at this kind of thing, and the influence you have
within it, with this Item automating the entire tedious process. This comes with a collection of
thumbs from powerful people that have taken such deals from you, who won’t dare to defy your
will. Whenever you enter a new Jump, you can gain a new collection if you wish."
600,Stygian Girdle,Conan,Artifacts,"This girdle is made of thick, black tresses likely taken from a
woman’s head. Tiny jewels are set within the mesh, and the buckle is curiously shaped to
resemble a serpent’s head. There’s something dark and malign about this girdle, woven as
it is from the Stygian arts of black magic, but its purpose is a protective one. Specifically
it is made to protect against magic. By touching it, the wearer can find their mind
bolstered against mental magics and compulsion, a cold, hard rage against the magic
filling them. Simply wearing it can ward off other magic, though its effectiveness is
mixed against such; weaker magic will be blocked entirely, but it may do nothing to
stronger magic or merely reduce it depending upon spell and effect.

This will affect the magic of other worlds in the same way, blocking out weaker spells
entirely, and providing a incomplete defense against stronger magic. It will retain its
greatest effectiveness against magic that assaults the mind, and will have some effect
even against forms of supernatural/paranormal mental influences which may not truly count as ‘magic’."
600,Serpent Ring of Set,Conan,Artifacts,"A twin of Thoth-Amon’s ring once found in a nighted tomb a
league beneath the earth, forgotten before the first man crawled out of the slimy sea. It is
made of a metal like copper in the form of a scaled serpent, coiled in three loops, with its
tail in its mouth with yellow gems for eyes which glitter balefully.this ring gives you
command over nameless horrors from beyond the earthly sphere able to call one forth to
serve you. A creature of living horror and shadow, it is able to quickly move from where
you send it to its target, almost as if it can take shortcuts through reality. Looking
somewhat like a mix between baboon, giant dog, and cosmic horror made flesh it
possesses strength to treat the strongest of men, even Conan himself, like a child in its
grasp, and is invulnerable to ordinary weapons, requiring something mystical to harm it.
It’s most terrible power, though, is its stare, which shows those receiving it the sheer
horrors of the outer void, the nameless, formless terrors which lay behind the comforting
lie of reality and drives men man, invoking fear that is strong enough to kill, even as it
shrivels the very soul itself. The ring will give you control over this creature for the span
in which it is summoned, as well as means to banish it, though the creature can only be
summoned for so long before the magic will fade for a time.

Should you be a skilled summoner already you may be able to summon forth more than
one of these beasts at a time, or call forth even greater nameless horrors from the outer
void. Though while the ring is certain in its ability to control the beast it would normally
summon, if you summon forth other beings it will only aid your attempts to control them.
Even other, less Lovecraftian summoning magic will be bolstered by this ring, requiring
less power and effort from you, as well as the summoned beings being stronger and easier
to control. Likewise the ring will enhance your attempts to banish back creatures you
summoned forth, and return them to their native worlds."
600,Star of Khorala,Conan,Artifacts,"This is a golden ring set with a lustrous jewel which gives it its
name. While the jewel is precious on its own, its real value is to those who know how to
access its magical powers. For this jewel holds a magic which, when properly controlled,
will enslave the hearts of any of the opposite sex. With this you can bind them into love
of you; this won’t necessarily mean they won’t plot against you if they’re the type to try
and gain dominion over one they love, but they will love you.
This ring will also provide a general boost to your magic which influences the minds of others."
600,The Heart of Ahriman,Conan,Artifacts,"This brightly shining ruby casts illumination outwards
like a lantern. Fallen from some otherworldly realm of fire and light in some forgotten,
ancient age before ancient Acheron or even the great cataclysm which saw the sinking of
Atlantis, it possesses a great power. For one it can be used by a mage to bring a false
semblance of life to intact corpses, including mummies (if all organs are present). Though
how many at once or how many in sequence is unclear. They will seem living enough to
normal individuals, even to themselves, simulating life in detail, but those who can see
the unseen world will recognize them as a walking corpse, given a false life by sorcery. It
can also remove this false semblance of life with another simpler spell.

But this is not its true power which threatened the great sorcerers of Acheron and made
Xaltotun fear it so. It was born of an otherworld of fire and light and it possess some of
this power, making it capable of greatly bolstering counter-magic to counter, prevent, or
unravel black magic of all sorts. It may take a sorcerer of lighter magics to use it, but it
would greatly boost attempts to prevent a dark mage’s magic to control the weather,
potentially even without their knowledge, or to help you ward an individual against their further magic."
600,Book of Eternal Night,Cradle,Artifacts,"The Artifact Path Manual created by Akura Malice herself, and
given to her Daughter. It contains seven techniques that form the ""Perfect"" Shadow Path, taking
from several other Shadow Paths and blending them together into a toolkit of extreme power
and utility. You need only cultivate Shadow Aura into yourself, and the Book handles any other
aspects from it's varying techniques for you. In order to train on the Path provided with this, you
will need to be tested within the Book itself, and bind it to your Soulspace. If the Akuras find out
you somehow have a copy of this thing, expect consequences. These techniques include ropes
of shadow that can be used to bind or manipulate yourself or allies, a blade of darkness that can
cut through just about any defense, a swelling dark tide of physical strength, a toxic, clinging
darkness that can melt through armor and flesh, and the ability to directly inflict fear onto an
enemy, causing them to lose focus."
600,Stone Golem,Thunderbolt Fantasy,Artifacts,"A gigantic twenty feet tall stone golem with orange veins scattered
across its neck. Offensively, this golem has the strength to turn normal men to paste
and the weight to cause shockwaves and earthquakes with its attacks. Defensively, the
body of this golem is extremely resistant to physical damage to the point where attacks
seem to simply bounce off it. The only way to reliably kill this golem would be to scale it
and then strike where its orange veins lie. If this were done, the Golem would instantly shut off."
600,Scrying Mirrors,Thunderbolt Fantasy,Artifacts,"You now possess ten of Kei Gai’s Scrying Mirrors. These mirrors are
powerful tools capable of drawing upon spatial magic to perform a wide variety of
magical feats. With Scrying Mirror in hand, you could easily teleport across the world or
even into space or the underworld. The Scrying Mirrors also act as a powerful sealing
tool which can be used to seal away people and objects in a pocket dimension.
Furthermore, if you were skilled talented in spatial magic, then you could use it to travel
to different dimensions. And if you were talented in time magic, then you could use it to
physically travel into either past or the future."
600,Holy Stone (Enhanced),Sundered,Artifacts,"Eshe’s primary weapon here is the very same holy stone given to the Eschaton in
forgotten times, this is either that very same stone or a similar weapon. By using this
one gains control of a white and black energy that can be manipulated into various
shapes and solidified to strike opponents as an endlessly shapeshifting weapon. When
not in use this energy can be stored safely within oneself where it will avoid most detection.

Instead for 600 CP, you may make a choice, either you have a stone equivalent to the
above, except you have an outright friendly patron and will that is connected to it, or
you have a Valkyrie designed prototype weapon that functions similarly that is
powered by a friendly AI with an unknown energy core. Either way, if you purchase this
option, you can purchase the second 600CP option at a discount."
600,A Map of Long-Lost Glories,Sword & Sorcery,Artifacts,"A deceptively simple if incredibly finely sketched map bound in a leather carrying case. As to what
it is a map to, that very much depends. Its surface will shift and reshape itself to show you a highly
detailed and perfectly accurate map of the world you are on, individual regions, cities, or other
areas. It even can shift to show you things such as the lay of the land, including political and social
boundaries that otherwise would be lost to most men. The map seems to know exactly what you
wish to see when opened, even more-so than you yourself do. A quick glance in the morning might
reveal the shifting borders and markings of an armies advance that would have left you blindsided,
alerting you to the danger. More interestingly by willing it so the map will almost shiver and clear
itself, only to show markings that will always lead you to ancient ruins and other exotic locales
filled with spoils and danger in equal measure. These places can be as grand and alien as any in
this world, even if you’ve moved on to more mundane pastures. Strangely they seem to vanish
once you leave, as if they never were. Such locales appropriate to the world in question can be
revealed too, and as natural parts of that world will remain. Every last one is promised to be a
grand adventure. Do try not to lose yourself in a manner that this map cannot help you with."
600,A Weight Upon the Brow,Sword & Sorcery,Artifacts,"While at first this item is a mere leather band about your head, to overlook it for its simplicity
would be just the same as overlooking you for being another mere sell sword, and for much the
same reasons. As time goes by and you continue your personal story, you’ll find it changing. You
might wake to find it’s covered in decorative leather etching one day, only later to wake and find
it’s now an adorned metal circlet. It shall continue to change as you grow in glory, charisma, and
strength, shifting in time into the perfect crown or other adornment to perfectly encapsulate your
nature and legend. When wearing this article your force of personality, presence, and the awe or
terror you inspire are magnified by an amount roughly equal to just how far this item has changed
from being in your presence. Eventually a mere look from you might quell the hearts of an entire
host of lessor men, even should you stand alone and unarmed. The throne you sit on might be in
question, the symbol of your will is not. Indestructible and incapable of being lost by any means,
it shall only be separated from you if you choose to put it away for a time. You may merely will it
to appear on your brow and it shall appear, for the crown and king are one."
600,A Brass Prison,Sword & Sorcery,Artifacts,"Oh dear. How many things have you pilfered from ancient desert traders wanderer? This simple
desert lamp is pristine and well-crafted if otherwise nothing special to the eyes. Stranger senses
however might note that some grand occult working was woven into this item. With naught but
the focusing of your will you can have its essence reach out to grasp and imprison a being, whether
that be a monster or spirit. Such beings are rendered into a strange immaterial smoke and sealed
within the vessel. Once captured all they can do is converse with those touching the lamp, or when
called out to speak by those who wield it. They cannot raise any powers or abilities in this state
regardless of their nature, only able to speak with others. A bargain may be struck with the wielder
of the lamp for service in return for freedom, which the being must uphold fully to the intended
spirit of the deal. Once completed the being is freed and may not seek retribution for a year and
a day after their release. Although a more cunning wielder might be able to strike deals that
completely absolve their wrath. Beings that are not intelligent enough to bargain with may instead
be forced to perform three services for the wielder, at which point they are freed and are bound
again to leave the user alone for a year and a day. Trapping a being requires a contest of wills and
occult strength. Beings such as gods have little to fear from all but those who would already be their peers."
600,The Eye of Set,Sword & Sorcery,Artifacts,"A gleaming emerald jewel said to be shed by the serpent god himself. This is no mere jewel
however, for it is a focus of incredible arcane power. It may be used for any mystical or arcane
working, acting as the perfect channel and tool for any occult act and magnifying the power and
magick up to tenfold. This alone is enough to set a conjurer of average skill far above all but the
greatest of his peers. With this even the greatest of workings is potentially within an occultist’s
grasp. They need only strive to make it so."
600,Mirror of Memory,Elric Saga,Artifacts,"A large, circular mirror of unknown but doubtlessly non-mortal origin, this
strange and ever-glittering artifact is imbued with the ability to rob the memories of any mortal who
looks upon its reflective surface. In this way it has stolen a million memories, and if placed in a
prominent enough location it could affect any who pass by and happen to glance at it, even from a
great distance away. This makes it the perfect tool of keeping one’s location hidden, since the
memory of whatever enters the vision of the person who looks at it will be taken alongside their
memory of the mirror itself. The temporary daze they enter after viewing it can be further taken
advantage of by using the mirror’s powers to craft new memories and placing them in the affected
person’s head, the weak-willed easily turned into your servants by altering their memories and those
with stronger minds at least likely to be disorientated. The mirror is not unbreakable, and can be
shattered as a last resort. If this happens, the millions of memories contained within it will flood the
nearby area and forcibly enter the minds of everyone close to it, requiring a truly monumental show
of willpower to not become entirely consumed by the madness of experiencing countless
contradicting memories. In case the mirror is broken, it will repair itself in a year."
600,Eternal Rose,Elric Saga,Artifacts,"This flower was the first to bloom. Among which flowers, you ask? All of them,
of course. This flower bloomed at the beginning of time, yet even now it looks as if it was plucked
only a moment ago. It is an artifact from a legend few know about, and even fewer know its true
purpose. Some claim it can trap a Lord of Chaos, but the rose is too delicate a thing to contain such
a soul. It can only hold the soul of a mortal who has loved another better than itself. This flower
protects and is nourished by the soul of the one that rests inside of it. By performing a ritual, you can
place the soul of yourself or a willing participant inside of it, granting a great benefit. Any attempt to
harm their soul will find no purchase, as it no longer rests in their body. Even the Lords of Chaos
would not be able to claim the soul unless they were to obtain the rose itself, and it was in this way
that the great Mashabak and Arioch were thwarted. It does not confer immortality however, and
should the one whose soul the Eternal Rose contains be slain they will instead linger as a phantom,
a soulless shade and a mere shadow of their living self, stuck in the place of their death and slowly
twisted by the passage of time. But if the intact rose is returned to them so too will their soul and life
return, the flower crumbling to dust until its reappearance at the start of your next jump."
600,Holy Grail,Primal,Artifacts,"This is a low, wide bowl containing a dark, near black fluid. One
drop is enough to make the imbiber grow in size and strength, such that a large gorilla
could rival a dinosaur in size and casually overwhelm a rather exceptional one in raw
power and beat them to death. It comes with rage as well, but should be controllable at
this level. Drinking down more has rapidly diminishing returns but by guzzling a good
deal you could begin to shift upwards in size as if with the Alpha perk, and be strong
enough to casually punch ape-men in half or tear the arms off of a gorilla who had taken
a smaller dose. It will refill anything spilled and truly lost quickly, but what is drunk or
stored will only refill 1/jump."
600,Colossaeus,Primal,Artifacts,"This is a ship of immense size. Its deck sets higher above the
water than the walls of an ancient city, and that’s not including its towers, palaces, and
sails on top. A large portion of the ship is taken up with a hold capable of being opened
and holding and carrying other ships to be used as landing and invasion craft. There are
also three levels of oars, which would normally be manned by hundreds of enslaved
giants, but because that’d be a lot of hassle and you’re paying CP for this you get the
ethics-friendly alternative of oars that simply work on their own by fiat. Even with those
uses of space, the ship is still larger than a major palace complex of the ancient days,
capable of housing an army, enough looted supplies to supply them, holds for slaves, and
accommodations for a royal residence and court. The deck of the ship comes equipped
with ballistae capable of launching metal balls at high speeds; a primitive counterpart to
cannons. The city-ship will repair and maintain itself over time, and be replaced within 1
year if destroyed or lost. It will also resupply its weaponry, and maintain its own water
supply. It will even maintain its own fleet of landing/invasion craft though their oars are
not inexplicably self-rowing. It will not, however, supply its own crew – though with its
animated oars you might manage to pilot it poorly without one – army, or the food for
one. You’ll have to acquire those yourself."
600,Crystal Ring of Mygan,Hawkmoon,Artifacts,"Supposedly crafted by the Yelsh sorcerer Mygan of Llandar, these are simple rings made of a transparent crystal that grant the bearer a great power: the ability to teleport great distances. With a brief moment’s concentration, the wielder can instantly transport themself to any location they have already visited or seen in person, though not more than once per minute. Though it is not yet accessible to you yet, a great deal of further research and experimentation may also allow you to travel to similar locations in parallel universes, although this will be far riskier and more taxing on the ring’s power."
600,Artefact of the Wraith-Folk,Hawkmoon,Artifacts,"This crystal machine, seeming to refract light at impossible degrees within itself, is just one of the many marvels created by the Wraith-Folk of Soryandum. When activated with a touch, the device rotates an area of space-time out of its universe of origin and into a parallel reality. This can affect an area up to the size of a city, instantly moving it to an entirely different universe. While a great amount of study will be required to have any real control over the destination universe, the artefact will default to the safest destination possible. If deactivated, the transportation is reversed instantly."
600,The Hylden Device,Legacy of Kain,Artifacts,"If you ever needed proof that the Hylden‘s exile is no excuse for the excessive harm they brought upon the world, look no further. What does this do? Simple, it allows you to commit a selective planet-wide genocide. This colossal underground machine housing an imprisoned eldritch abomination known simply as The Mass can enable you to do just that, though first it will need to fed huge amounts of lifeforce to power it up. How you accomplish that is up to you, from live sacrifices to donating some yourself, I am sure you can think of something. However it cannot be understated how massive the sacrifices will have to be before the charge is complete, so the latter might not be advisable for those not already used to walking with divinity.

Either way once the prisoner is sufficiently fed its psychic power now stands at your disposal. All you need to do is imprint upon it which race(s) or groups of beings you consign to oblivion and the resulting pulse of psychic energy will scour all the undesirables from the face of the world. After being used like this the creature will need rest, restricting its use to once per Jump – though to be fair if you do need to use it more than once in such a fashion then you probably have other problems to worry about. And should you decide to abort you can at any time before detonation feed it your blood to kill it instantly, only reviving upon the beginning of the next Jump. And no, only your blood is capable of this, no one else will be able to pull the off switch without actually having your own blood on (or in) them. No need to worry, the being will not be able to escape containment, nor will it ever turn on you even if it could. Though I have to ask, are you sure you want this? Even the original Hylden builder of this device found it too horrifying to complete, requiring their lord to do the finishing touches."
600,"Shape Observation Platform, Ashma",Kill 6 Billion Demons,Artifacts,"This cubical machine is the size of a city block. It’s an analysis machine designed to observe and contextualize the meta-narratives of the Wheel before compiling it in such a way that the human mind can comprehend it.

I’ll be honest with you, Jumper. If you use it for its intended purpose, it will become a Chain Failure. Rather than enjoying Creation for it is, or rather what it will become once all molecules fell into place, you would strip all down to its base components and see it what it truly is. It’s true Shape.

Observing the Shape will rob a person of every reason they have for living. Because once you observe the absolute base of Creation, the base that which all permutations of every multiverse come from— Not just this one. But every multiverse. Every multiverse you have been in before and every multiverse you will ever go to. Once you have seen it, you will have literally seen Everything. If you have seen Everything. Then what is the point of anything? What is the point of discovery? Wonder? Exploration? Every Jump you will go to after seeing the Shape will mean nothing to you, because you’ve already seen it. You’ve already known it in every way imaginable and unimaginable. You would lose the Spark needed to be a Jumper. You will still be an omniscient god, but you will stop living in any way that matters.

Rather than using it as intended, you can instead use it as a true mathematical quantifier. What that means it that it can quantify quite literally anything. Time. Space. Reality. Godhood. Divine authority. Life. Death. Existence. Nonexistence. Hope. Love. Sin. Sentience. Luck. Chaos. Everything. If you’re someone who’s capable of dabbling in ontological science, then this machine will be vital to your work."
600,"Godly Arts, Embodying the Divine",Kill 6 Billion Demons,Artifacts,"A giant book to, as it claims, doing anything by utilizing the Art and Atum to resonant your actions with the aspects of the gods in order to empower it. With over 777,777 gods in Creation, you would be hard-pressed to find a topic not covered by it. Perhaps the only thing missing are unique metaphysics in other settings, but otherwise, you will find it.

By consulting this book, it can teach you to resonate any action or technique you perform to a narrative of a god. When doing so, your action will be divinely empowered to be at least ten times more effective but even then, through practice, you can increase your synchronization with the god to raise the modifier. Without the means to make it go faster, it will take you 777 years to learn everything in the book and perfect synchronization another 777,000 years."
600,Gong Lu Medallion,Kung Fu Panda,Artifacts,"A powerful medallion that increases the
users abilities and skill....At the cost of his mind somewhat. Users of this item gain a
powerful increase to thier abilities but it makes the user act like a Cloudcuckoolander
the longer he wears it. With this Medallion one could conquer all of China, but he might
also talk about building a bridge of tofu to the moon and call himself the moon emperor"
600,A Deities Bauble,Triune Scriptures,Artifacts,"Dual cultivation is a path that will see you beset by the worst of both worlds. Triple cultivation is worse
still. And yet, the Golden Goddesses themselves would encourage such a thing because the one thing
they have never managed to make is an equal to their Shining Aeon, and it is only through a threefold
path that such a thing could be reached. To that end, you have come into the possession of a device
created by a deity who wished to try such a thing - this trio of clear gems, each one larger than the last,
can hold within themselves power equal to the mortal realm, the immortal realm, and the divine realm.
More importantly, they can hold not only power, but “cultivation”. In essence, if a deity wished to
become mortal again, they could place their status as a deity inside the gems to reduce themselves.
Doing so is in fact their purpose, allowing you to cultivate a second style without fear of unbalancing
yourself or having the styles conflict. Once you’ve worked your way back up, you can simply reabsorb
your power and lo and behold, you will have dual cultivated if only by technicality."
600,A Mask And A Manuscript,Triune Scriptures,Artifacts,"A truly amazing relic, made by a cultivator who obsessively desired to know the truth behind Existence
and Nothing. She failed, but left this behind from her willing sacrifice so that another might finish her
work. When worn, the mask renders the wearer completely immune to illusions - the Mask of Truth will
not allow you to fall to such base treachery. As time passes, lies and deception will practically become
visible, and perhaps after a few years of meditation upon the mask, you will be able to peer into
peoples mind and know their true thoughts. However, the Goddesses themselves intervened to hide
the Mask of Truth away, until you arrived. Hidden inside the mask itself is the cultivation style that its
creator pioneered, the Divine Delusion - the style that Nayru herself proclaimed had the potential to
match, or even exceed, her own knowledge and power. Do keep in mind however, the style can only
be learned through the use of the Mask of Truth - try not to lose it."
600,Legendary Piss,Good Hunting,Artifacts,"I don’t know what creature this came from but it had to have been reeeeal special.
It is able to stop any creature from transforming or using any supernatural abilities once they
have been doused in it or otherwise subjected to it in great enough amounts, smaller
exposure will simply weaken them. The jar refills once a week so make sure not to waste it
all in one go. It won’t do much against something that is naturally strong, like a troll or a bear,
but for those who rely upon magical means/qualities of giving them power you have the
perfect counter, if you can hit them that is."
600,Throne of Relics,Kajiri Kamui Kagura,Artifacts,"The original Throne is a conceptual tool developed long ago in the reign of the First Heaven (the
first Hadou God to ascend to dominion of all reality). It amplifies and focuses a Hadou God’s
Law allowing it to truly spread and become all of reality. It is also a badass giant Golden Throne.
You now possess a replica of this Throne. You may place it where you want or keep it in your
warehouse. It will enhance any reality warping or magical abilities you have in the reality in
which it is placed. It will not allow you to merge and become the Godhead over all the multiverse
until post spark if that is really what you want."
600,Scroll of Secrets,Manyuu Hikenchou,Artifacts,"No longer will your power be bound to fate and bloodlines. Upon
purchasing this item, you may choose one perk, power, or ability to inscribe onto this scroll.
Anyone who then reads the scroll may gain the power it contains, though they still will need to
develop and master the ability for themselves. Though you may share this power with as many
readers as you like, you may only change the technique contained within the scroll once per Jump."
600,Hero's Laurels,Tunic,Artifacts,"A floating glowing purple crown was made to designate and empower the Hero of ancient times.
Whoever wears it gains the ability to teleport short distances at the cost of some of
their stamina. It is possible to repeat this teleport quickly, allowing them to zip through
an area, provided they have the stamina."
600,Hourglass,Tunic,Artifacts,"Hidden in a flooded tomb guarded by large autobolts was a chest that contained this
magical item. It appears to be a simple hourglass, but that belies its true function.
When magic is passed into the item, time will slow down. Although this also affects the
user, it doesn’t inhibit their perception, allowing them to perceive the world in slow motion.
This is quite costly to maintain, but is able to be activated and deactivated at will."
600,Object of Power,Ryse: Son of Rome,Artifacts,"You gain an item of your choice—such as a golden crown or a ring. As long as it is wearable, it gains the following effects: it increases your power and abilities by x10 and is indestructible."
800,RLV,Metal Gear Rising: Revengeance,Artifacts,"The Reusable Launch Vehicle is a type of transportation designed for
delivering cargo and tourists to space multiple times. It’s cruising speed is Mach 3 but at
maximum power can travel over 23 times the speed of sound allowing Raiden to reach
Pakistan from Colorado in one hour as opposed to 24hrs."
800,Cauldron of Blood,Arawn,Artifacts,"Bran’s magnum opus, his greatest and final creation. One that would claim its creator as its first meal, and the cause of the terrible state of the land. Arawn’s relic. More than anyone, this is the villain of the story. The Cauldron of Blood is by far both the most powerful and the most versatile relic given to the Sons of Siamh, and though it begins with Arawn, it changes hands many times.

Part of this is due to the fact that unlike the other relics, the Cauldron is sentient and can speak. The Thing in the Cauldron is a demonic being, and while it’s willing to help you out, know that it’s ultimately out for itself and will not hesitate to betray you should doing so benefit it. Another word of warning before you start - the Cauldron can do many things for you, but to bring out its full potential, it requires copious amounts of human sacrifice, and will ask you to do that. It can still accomplish a good deal without it; but withholding sacrifice will not endear you to it.

With that being said, the powers of the Cauldron are many. To start with, it will provide you with the Black Blade for free, though it controls the enchantment stopping the sword from harming its master. Lost limbs can be restored by plunging the affected areas within the cauldron’s mouth, and many other injuries can be healed this way. A dip in it can even restore missing organs or negative conditions one has had from birth. Once the cauldron has restored a body part, you may no longer use it to harm the cauldron. It can also teleport you great distances through its hell-realm if you step through it, though you’d do well to know that human sacrifices are cast into the mouth you’re stepping into. It can be used to scry, revealing divinations of faraway things or the future - though it may twist the narrative to benefit itself. With enough human sacrifice (in the range of thousands), it can spew forth great amounts of fire, calling forth a legion of warriors born from lava and hellfire. Lastly, the Cauldron is willing to make you a deal, the same deal it’d normally reserve for the sons of Bran. It will grant you what it calls living godhood, the equivalent of Lord of the Scorched Earth... or greater powers still, enough to battle and defeat the gods themselves, if you pledge your immortal soul to it and allow it control of your body.

Once again, the only being the Cauldron is truly loyal to is itself. It will seek its own power and consider you a pawn, and will betray you if it sees you as having outlived your usefulness. However, if you are alive and still its master at the end of the jump, you will earn its loyalty."