CP Cost,Name,Jumpdoc,Chapter,Description
Free,Mantis Style,One Finger Death Punch,Martial Arts,"Modelled from the movements of the aggressive praying mantis, created by legendary
Shaolin Monks. This style uses hooked hands and whip like deflections with momentum to strike
vital spots and nerve clusters. Speed and continuous attacks are paramount here."
Free,Drunken Fist,One Finger Death Punch,Martial Arts,"Descended from the legend of eight drunken immortals, this style resembles the
movements of a drunkard, with misdirection and feints forming the core. Masters fight tipsy to
loosen their movements and soften their muscles, increasing improvisation and unpredictability."
Free,Flying Crane,One Finger Death Punch,Martial Arts,"One of six Shaolin Boxing schools, it imitates the movements of a white crane. This
style emphasising standing kicks, evasive manoeuvres and exploiting weakness without the need for
great strength behind your blows."
Free,Eagle Style,One Finger Death Punch,Martial Arts,"Taught by Shaolin Monks to fight an invading army, this style imitates an eagle’s claw.
Forming a system around joint locks, pressure points and takedown strikes, this style also
incorporates long range strikes and high jumps."
Free,Tiger Style,One Finger Death Punch,Martial Arts,"One of six Shaolin Boxing schools, this school focuses on the aggressiveness and savagery
of a tiger. Based around striking, it makes use of extensive footwork, acrobatic stances and fist
strikes coupled with explosive power, strong muscles and physical prowess."
Free,Capoeira,One Finger Death Punch,Martial Arts,"Developed by Brazilian slaves in secret, disguised as a dance, Capoeira is a visual spectacle.
Very athletic, this form mixes acrobatic spins, kicks and leverage to deadly effect."
Free,Bajiquan,One Finger Death Punch,Martial Arts,"A legendary Chinese killing art, this school is famous among bodyguards and assassins.
Performing strikes with elbows, shoulders, hips and other extremities, explosive force renders most
foes incapable of reaction."
Free,Taekwondo,One Finger Death Punch,Martial Arts,"Korea’s kicking art, focussed almost entirely on the feet. Incorporating evasion,
footwork and aerial jumps, all to position for deadly spins, head strikes and fast kicks."
Free,Silat,One Finger Death Punch,Martial Arts,"Developed in South-East Asia, this speed focussed art includes weapons and music in training.
Low stances, dance-like movements and internal rhythm all contribute to the effectiveness of silat."
Free,Jeetkunedo,One Finger Death Punch,Martial Arts,"Founded in modern times, this hybrid school is a true everything-goes style. Using all
forms of strikes and bodily movements, practitioners seek formlessness and no limitations. It draws
inspiration from Wing Chun, Kickboxing and Fencing."
Free,One Finger Death Punch,One Finger Death Punch,Martial Arts,"""Does not matter how fit or unfit you are, a lamb may lay low the lion with this technique. You can kill or incapacitate the average man with a single blow, although it must land. Stronger and more cunning opponents may dodge these attacks or require multiple strikes to fell. It is also a powerful defensive technique, time seems to freeze a split second when the fighter is hit. Using weapons with this technique untrained causes them to break under the strain, your body is unaffected thankfully."""
Free,Got Too Much Desire,Baki The Grappler,Martial Arts,"Not everyone has what it takes to pursue the title of the “strongest”. Whether it’s raw strength, an iron will, flawless technique, or some combination of the three, you have the qualifications to keep up with many of the fighters you may come across in your time here. The likes of Kosho Shinogi, or Kiyosumi Kaitou are your peers, and you may surpass them, depending on your training and other purchases in this jump."
Free,"If it Makes you Stronger, It’s What you Do",Baki: Son Of Ogre,Martial Arts,"You can’t expect to get involved without some fighting ability. You may choose how this boosts your combat ability, whether you specialize in technique, brute strength, mobility, trickery, willpower, etc. For 0cp you’d be able to handle almost any pro boxer 1-on-1.

This Perk and its derivates come with a personalized stance and experience in a mundane fighting style of your choice."
Free,Martial Arts - First Level,Fog Hill of Five Elements,Martial Arts,"As you can imagine, this is a world where the most significant events are decided through strength and martial prowess. Here, combat determines not only your fate but also your position in the hierarchy.
By choosing this path, you have decided to join the ranks of the warriors who dominate this world, regardless of your race. To do so, you are offered four levels that will determine how far your power can take you compared to others.

This is your starting point. While your strength may seem impressive to ordinary humans, within the demon world, you will barely be considered a beginner, occupying a low position in the hierarchy of power.
A good example of this level would be Hua Liu with his spear: you could easily defeat ten to twenty common opponents, but eventually, you would be overwhelmed either by sheer numbers or by exhaustion.
However, as long as your opponents lack superior martial skill or strength, you will be able to take several down with you before falling. As remarkable as this may seem, it would not impress the truly powerful. You might be a valuable soldier in any leader’s army, but do not expect too much attention or recognition."
Free,Basic Training,Saint Seiya: Lost Canvas,Martial Arts,"Either self-taught or trained for it, you have basic training with you armor, cosmo, martial and intellectual skills, special techniques and perks, whatever their level is. In addition, your sixth sense, a strange mix of supernatural sharp instinct and basic cosmo awareness, has been honed alongside your training. In practice this counts as 2-3 year of dedicated training and a handful of real situation encounters prior to your jump start. "
Free,Fighting Skills,Okami,Martial Arts,"It’s a beautiful land, but not without danger. Here’s enough basic skills to tide you over."
Free,Basic Combat,Ironsworn,Martial Arts,"An Ironsworn is assumed to be a skilled warrior. You are at least proficient with the awe, bow and spear. You have received some basic training on the rarest and most prized of weapons, the sword."
Free,Archer,Ghost of Tsushima,Martial Arts,"You possess basic competency of archery or using a bow and arrow, you are well practiced with hitting still and moving targets at range."
Free,Drona's Teachings,Soul Calibur,Martial Arts,"What type of person would you be if you didn't at least know the basics of combat? You know how to remain calm in battle, attacking with both your heart and mind. You know where to best utilize your weapon, whether it be close or far. You know how to best use the environment for your benefit and to your opponent’s dismay. You know how your techniques work and when they must be used. You know how to restrict the movements of your enemies and how to get past their defenses. Of course, if your enemies are skilled in their own right, they can counter your attacks and movements. There is always room for improvement, however, and in time, you’ll be able to counter their counters."
Free,Basic Moveset,Darkstalkers,Martial Arts,"Despite it’s name, you know a fully realized combat style­ maybe its military training, or you were taught by experience. Regardless, you gain the knowledge of blocks, counters, strikes, kicks and throws. Your experience is such is that regular mortals aren’t a threat to you, outside of guns and other equalizers. You learned how to fight monsters, after all."
Free,Martial Artist,Bloody Roar,Martial Arts,"Pick one martial art from Earth's history & various cultures. You now know the basics of this art, as well as a few of the more advanced moves. More beneficially, you know how to apply this martial art to your Zoanthrope form - and combine the two into a deadly style of combat Wrestling forms and dances are also accepted if they can be theoretically used in combat."
Free,Viking Paragon,Jotun,Martial Arts,"You stand at the pinnacle of what a Viking warrior could; as such you are an excellent warrior who would have no problem fighting multiple opponents at once, and your body is somewhere slightly beyond peak human fitness. You are tough enough to survive at least a couple blows from a jotun, and strong enough that your blows can pierce through the thick skin and muscle of such behemoths to actually wound them... although it will still take many, many blows to actually fell such titans."
Free,Physical,Worldless,Martial Arts,"You are capable of some kind of physical attack. This could be anything from martial arts, swords, claws, beads, magic seals, etc. Even if this is an external weapon, it is summoned from your body, allowing you to summon and dispel it at will. All weapons do some amount of regular damage (shields and endurance) and Absorption damage.

The first purchase gives you a light weapon. This weapon is fast and does a roughly equal amount of both damage types. The second purchase grants you a ranged weapon. This does very little regular damage, but significant Absorption damage. The third purchase grants a heavy weapon. This is slower but does significantly more damage. You may choose whether this specializes in regular or Absorption damage.

Further Purchases cost 100 CP"
Free,The Riddle of Steel,Legacy of Kain,Martial Arts,"You will not get far in Nosgoth without learning how to fight and this should help with that. Choose any one melee weapon that you could reasonably find in the Medieval period. You are now a decent fighter with it and will even pick up how to handle other instruments of death faster than most. It is not amazing, but enough to at least give you a chance against the common rabble."
50,Got Too Much Desire (Esoteric),Baki The Grappler,Martial Arts,"For every additional 50CP you pay, you may learn, or
simply invent a single potent esoteric technique, not necessarily from your own, or any currently
existing martial art. The likes of the Udonde, which can defend against almost any attack by walking
with perfectly centralized posture, or the Benda, which lets you infuse the flexibility and agony of a
whip strike into your slaps and kicks. You may pay the same amount to enhance the muscles in a
single part of your body, allowing them to scale with your gains in the rest of your body. Imagine a
jaw that can bite clean through a human arm, or fingers that could rip a car tire.

Requires ""Got Too Much Desire (Master)"" to Purchase
Can Be Bought Multiple Times"
50,"If it Makes you Stronger, It’s What you Do (Esoteric)",Baki: Son Of Ogre,Martial Arts,"For each additional 50cp, you may learn a particular cannon technique, or provide a boost to a particular body part that grows alongside your overall abilities.
Requires ""If it Makes you Stronger, It’s What you Do (Esoteric)"" to Purchase
Can be Bought Multiple Times"
50,A Ring is a Ring,Baki: Son Of Ogre,Martial Arts,"Boxing, wrestling, sumo, karate, if you know the rules, it’s all the same. This won’t let you
master a whole new fighting style, just make it easier to suppress the parts of your style
that break the rules you’re currently following. So, if you originally studied kung-fu, you
won’t have to worry about throwing kicks in the boxing ring out of habit."
50,Unbounded Charge,Nine Sols,Martial Arts,"Having refined your Unbounded Counter, you can use it to draw some energy from the universe itself, briefly empowering your qi simply using the same stance.
Requires ""Parry (Advanced)"" to Purchase"
50,Enhanced Water Flow,Nine Sols,Martial Arts,"With near-perfect efficiency, Water Flow Talismans now only require one unit of qi to create.
Requires ""Water Flow"" to Purchase"
50,Enhanced Full Control,Nine Sols,Martial Arts,"With five full units of qi, you can create a perfected matrix, unleashing a blast powerful enough to simply destroy even many fortified targets.
Requires ""Qi Blast (Advanced)"" and ""Expanded Qi Cultivation"" to Purchase"
50,Enter the Fray,Ironsworn,Martial Arts,"Positioning can be everything in a fight. You reflexively know how to start a battle such that you enjoy the advantage. To make the most of an ambush, to find such ground as you can reach to make your stand."
50,Viking,Primal,Martial Arts,"You’re somewhat larger and stronger than normal for your species, nothing near the level of a Primal Warrior but enough to be cleanly felt against another human or dinosaur of your kind. In addition, you’ve got a skill in combat and weapons, knowing how to use an axe, how to use a sword, how to use a shield, how to use a bow, and most ancient weapons of those sorts. This comes with experience in combat and fighting, especially against your own species."
100,Arms as Limbs,One Finger Death Punch,Martial Arts,"Death Punch lends its lethality to a mastery of melee weapons. Swords, clubs, spears and other
traditional martial arts weapons can be used easily with martial arts forms. These weapons may be
used longer, Death Punch being channelled more effectively than shattering them."
100,Space Bridging Blow,One Finger Death Punch,Martial Arts,"Death Punch is not restricted to the reach of your arms; a master learns to slay from afar. Ranged
weapons such as bows, spears and daggers all fall within the purview of your school. Even throwing
bombs around is a martial art. If it works, it works."
100,Steel Loosing Hand,One Finger Death Punch,Martial Arts,"Death Punch is an accurate art, even when using melee weapons in unconventional ways. You can
throw such unwieldy weapons as if they were perfectly balanced. Practice may even cause their
weapons to ricochet in deadly angles, axe heads, clubs and spears spinning in deadly trajectories."
100,Foe Weakening Focus,One Finger Death Punch,Martial Arts,"Death Punch turns weak foes into chaff, and with focus you may find even experienced martial
artists vulnerable to your touch. This meditation requires significant exertion to activate."
100,Realistic Martial Arts,Tales Of Demons and Gods,Martial Arts,"With this, you will be trained in a realistic generic martial art. It won’t be among the greatest, but it is the real deal, meaning it won’t be designed to take into account any kind of spiritual energy. Maybe you can refine it to greater heights by factoring in your metaphysical powers. Specially dumb cultivators will think your movements are PROFOUND, as it doesn’t really have flashy moves; this doesn’t prevent them from learning your style on the fly."
100,Ashina Arts,Sekiro Shadows Die Twice,Martial Arts,"You are trained in the ways of the sword. Perhaps not in the Ashina school, but none the less,
you were trained in a similar principle where with the clash of blades is less of a clash but more
the dancing of a carp. You were taught to replicate the movement of fountainheads and
incorporate the mannerisms of rivers and waves into your swordplay. The end result is a free-
flowing style of swordsmanship that can easily change from attack to defense to counterattack
seamlessly like the constant uninterrupted flow of water. This also affords you training in
archery. When paired with Shadow Style, you effectively become a master swordsman who can
augment their swordsmanship with the ninja’s knowledge of balance and windows of
opportunity. So long as you have a blade in hand in close combat, it’s difficult for any weapon to
reach you and it’s equally difficult to defend against you."
100,Couldn't Be Less Sorry,Baki The Grappler,Martial Arts,"Just because you don’t have what it takes to put your life in jeopardy in front of a live audience,
doesn’t mean you can’t defend yourself when the need arises. In any given situation or environment,
you instinctively grasp the quickest way to effectively arm yourself from your current position.
Rather than reaching for a knife out of your reach, you’ll barely have to think before pouring your
hot coffee into your assailants pants or leaping for the fluorescent lightbulb over your head."
100,Dirty As A Street Rat,Baki The Grappler,Martial Arts,"Hate to break it to ya, but if you even bother making a distinction between fighting “dirty” or “clean”,
then you don’t know a damn thing about what it means to be in a real fight. Poking eyes, pulling
weapons, tying up your opponent, whatever it takes to win. You’re a natural at fighting “dirty”, you
always know one or two cheap tricks to help you even the odds with an opponent, though not all of
them will be subtle. Even when your cheating is blatant, if it makes the match more interesting, and
not completely one-sided, judges, refs, and the like will often let it slide, once or twice."
100,"Just Begin, Begin",Baki The Grappler,Martial Arts,"You have a skill for weaponizing things that you really shouldn’t be able to weaponize. This goes beyond simply improvising, allowing you to milk the peak damage potential out of seemingly harmless items. Think throwing a newspaper so it cuts like a shuriken, launching beard hair into your opponent’s eye like a blow dart, or thinking ahead and lining your shirt collar with razor blades. These aren’t anywhere near as effective as real weapons, almost useless without the element of surprise. Thankfully, this also helps you with getting the drop on those who aren’t accustomed to sudden battle."
100,The Professor,Baki: Son Of Ogre,Martial Arts,"To you, your body is your own personal toolbox. You can strike with pinpoint accuracy.
You also know the most effective situations to use what kinds of “tools”, when to slap,
when to chop, when to poke, when to chop, your fingers are fast and strong enough to
make the most of all of these “tools” to target the body’s weak points."
100,So Many Different Points,Baki: Son Of Ogre,Martial Arts,"The ability to cut with your bare hands is a surprising common skill here, but you take it
to the next level. You can cleanly cut through not only flesh but stone. You can cut a plastic
bag in freefall or slice a metal wire while barely bending it. You don’t even need all your
fingers to cut, just a knuckle should suffice."
100,Cyborg Swordsman,Metal Gear Rising: Revengeance,Martial Arts,"Despite guns being everywhere the sword reigns supreme
and you are living proof of that. Your skill with bladed weapons is such that you can take
out entire squads of cyborg soldiers with ease and can deflect and block gunfire."
100,Art of War,Metal Gear Rising: Revengeance,Martial Arts,"What good is a mercenary that doesn’t know how to fight? Now
you have decades worth of military training ranging from weapons to survival to
medicine. This will ensure that your employer gets their money’s worth and that you
don’t end up dead in some foreign country."
100,Tactics of the New Generations,Saint Seiya: Omega,Martial Arts,"In contrast to the past, where Saints prioritized one-on-one combat, you and the new generation have embraced the importance of teamwork and collaboration. Working together seamlessly, you and your allies move in perfect synchrony, ensuring that your actions complement rather than hinder each other. This unity and coordination among your group elevate your effectiveness on the battlefield."
100,Weapon Master,Saint Seiya: Omega,Martial Arts,"As Pallas despises the saints and their goddess Athena, she has decreed that all her followers must master at least one weapon, providing them with a superior edge over the saints, who are forbidden from wielding weapons in battle. You choose one weapon of choice, and under Pallas' directive, you have devoted yourself to mastering its use. Through rigorous training and unwavering dedication, you have honed your skills with the weapon to perfection, becoming a formidable combatant capable of wielding this weapon with unmatched precision and deadly efficiency."
100,Breathing Style (Kanoe),Demon Slayer,Martial Arts,"The bread and butter of a demon slayer, the breathing techniques. You may choose any breathing style you like for any level or you can create your own on the same level as described, they don’t need to be for swords either, and note that all the higher levels can be reached by training. Post-jump you don’t need to breathe in order to use them if you do not require air to survive.
Kanoe: Lower on the totem pole for demon slayers, around the same level as Tanjiro, Zenitsu and Inosuke during the fight with the Spider family. Your physical abilities and skills are on par with average or slightly above demons, and your stamina is increased to be able to fight for multiple hours straight without being totally exhausted."
100,Breathing Style (Tsuguko),Demon Slayer,Martial Arts,"Tsuguko: Now your proficiency is much higher, not only are you naturally stronger in all respects, but you have mastered Total Concentration: Constant! The difference between using the breathing technique constantly, every second of every day, even when asleep, and not is like night and day. Your physical abilities are many times greater than they would be otherwise, granting stamina that could let you train for days on end and increased lung capacity. This also comes with greater refinement of your technique to the point where, as the name suggests, you could be the apprentice or successor of a Hashira, and maybe you are.

Requires ""Breathing Style (Kanoe)"" to Purchase"
100,Train the Slayer,Demon Slayer,Martial Arts,"It wouldn’t do to not have the basics down when out on a mission to hunt for demons. Notably, you have been trained to fight during the night and expect to be attacked at any angle at any time, which means it will be a cold day in the infinity castle when you’re truly caught off guard. This also comes with a basic understanding of how to use a katana, how to maintain it, and the traditional customs for carrying them."
100,Martial Discipline,Nine Sols,Martial Arts,"While you’re far from the great warriors of Penglai, you can more
than hold your own and rise to those heights with effort. Years of training have given you a
strong, fit body and familiarity with various weapons such as swords, polearms, bows,
throwing knives, and more. This training has made you quite spry and light on your feet,
granting you the agility to leap, climb, dodge, and dash all over New Kunlun."
100,Fangshi Techniques,Nine Sols,Martial Arts,"You have mastered the following Basic Fangshi Techniques:

Immortal Dash: With a moment’s thought, you can dash forwards, your body becoming ethereal for a split-second. At this level, this technique can only be used while touching the ground. You can also leap several times your height, harness your qi to cling to surfaces with their own qi or notable energy to attract to and, by careful control of your qi, you can avoid all fatigue from running, and move at a slightly increased speed. This latter technique cannot be used in combat, due to the concentration required.

Parry: Drawing out your qi into a momentary barrier, you can block many attacks bare-handed. Doing this allows you to steal some energy from the attack, energising your qi - but can inflict some internal damage and jarring from the backlash, unless you time your parry perfectly. Some attacks are simply too powerful to deflect this way, however, and this technique cannot defend against broader threats like toxic liquids or fire.

Strike: Gathering your qi in your hands, you can encase your hand in a momentary blade, or manifest short-lived sword blades to strike with, within melee range. Like a river gaining strength, the third strike is more powerful.

Qi Blast: You can expel a portion of your qi to form a ‘talisman’ at your fingertips, and apply it to an enemy with a touch, sending a shock through their qi system and inflicting internal damage. After a moment’s concentration - channeling up to two more units of qi into the talisman - it will detonate, causing internal organs and muscles to rupture as internal damage and stress is suddenly transformed into very real damage, and dealing extra damage for each charge.

With time and effort, you may develop numerous attacks with your Qi, such as gathering explosive orbs of it in the palm of your hand, moving faster than the eye can see in short bursts, or making pillars of fire. Or you could just purchase the Advanced Techniques."
100,Strikes (Advanced),Nine Sols,Martial Arts,"You can access the following Advanced Fangshi Techniques:

Charged Strike: With a second or so to harness your qi, during which other strikes are impossible, you can launch an attack powerful enough to shatter through energy shields and stone walls.

Shadow Strike: When you strike an unaware opponent, your attack sends a lightning bolt of qi through their system, rupturing internal structures and causing greatly increased damage.

Requires ""Fangshi Techniques"" to Purchase"
100,First Rule of the Shinobi,Live A Live,Martial Arts,"Stealth. The most important thing to a ninja is being
stealthy. You now know how to move silently and remain unseen, and your abilities are rather
impressive. You are ultimately still subject to human limits, but sneaking into a well-guarded
building is more or less a cakewalk for you."
100,Gifted Gunslinger,Live A Live,Martial Arts,"While perhaps not quite as effective as their modern-day
equivalents, there’s no denying that the firearms of the Old West are one of the era’s most
recognizable features. As such, you’ll want to know how to handle a gun, which is what this perk
is for. Not only do you have great aim, you’re also capable of drawing your gun rather quickly -
maybe you’re not the fastest gun arm in the west, but you’re definitely not slow."
100,Grappling Genius,Live A Live,Martial Arts,"Can’t exactly be a wrestler if you don’t know how to wrestle, now,
can you? This perk increases your general physical fitness and grants you the knowledge and
technical prowess associated with a wrestling style of your choice. This can also be a more
general martial art, as long as it involves grappling to some extent."
100,Lucretian Swordmanship,Live A Live,Martial Arts,"Look, it’s a fantasy world. Without any combat training,
living here would suck. Pick two nonmagical weapons appropriate to the age; swords, polearms,
axes, bows, anything you want. You are now trained in using the weapons in question, and
while wielding either of them, you gain a bit of protection from unholy influences."
100,Agile Assassin,Tekken,Martial Arts,"You’re as lithe as a snake person. You could bend your body in the weirdest of
ways easily. Additionally, your fast and hard to it, able to avoid most punches and kicks with ease.
You also gain knowledge in operating various ranged weapons."
100,Martial Acrobatics,Ranma 1/2,Martial Arts,"As a basic skill of combat, you've learned to bounce around like a rubber ball, able to leap up onto nearby rooftops and fall even further without getting hurt. You're also frustratingly hard to land a hit on – why won't you stay still?!?!"
100,Greatest Weapon Ever,Okami,Martial Arts,"Pick a weapon available in ancient Japan: sword, spear, bow, fan... You are now an undisputed master."
100,Extension of an Arm,Swords,Martial Arts,"You are an expert swordsman with the skill and experience to have a fighting chance during the up and coming Swor’nament. This comes with a specialty for a type of sword, the more specific the type the better the boost you have for it. from the broad of broadswords to the specific of a certain sword of dare."
100,Archer (Expert),Ghost of Tsushima,Martial Arts,"For another 100 cp, you now have training and experience with using the bow in actual
combat situations and are adept at making effective killshots at range.
Requires ""Archer"" to Purchase"
100,Archer (Master),Ghost of Tsushima,Martial Arts,"For a final 100 cp, your skill in archery is now on par with two of Sensei Ishikawa’s best students, Tomoe and
Lord Sakai himself, with time and experience your skill will even surpass Master Ishikawa.
Requires ""Archer (Expert)"" to Purchase"
100,Way of the Samurai,Ghost of Tsushima,Martial Arts,"You are proficient in the honorable philosophy of bushido,
you know the local etiquette, customs, and history at around the same level as any clansmen.
In addition, you are well practiced in both Kenjutsu, and the essentials of dueling as well as
small unit tactics. Lastly, you are now proficiently skilled at parrying and deflecting your opponent’s attacks."
100,Scurrying Like Thieves,Ghost of Tsushima,Martial Arts,"You possess all the skills and knowledge of an
accomplished thief including stealth tactics and movements, hiding, scurrying, and identifying
points and objects of value/interest. This also includes a superb sense of hearing that will
allow you to effectively sense people, creatures, and objects within a 15-yard radius of your
position, as you continue to use this ability the range and accuracy will improve over time.
Lastly, this perk grants you combat skill on the same level as Way of the Samurai, you also
know how to fight silently."
100,Mongol Warrior,Ghost of Tsushima,Martial Arts,"You are a competent soldier of the Mongol empire, skilled enough
in your choice of traditional melee or ranged weapon to be a match for any typical samurai.
You also possess the requisite knowledge of the average Mongolian, including common
historical knowledge, cultural etiquette, customs and norms. Lastly, you are stronger and
tougher than the average person able to give and take more damage and force than many others."
100,Assassination Training,Scissor Seven,Martial Arts,"You’ve been trained in the art of assassination. Stealth, hidden weapons, disguises,
spywork and bits of everything else an assassin might need. You’re no expert, but there
are a few areas you’re extremely good at with talent and a lot of room for improvement,
and for the rest you at least know the basics."
100,Qi Basic Techniques,Scissor Seven,Martial Arts,"You’ve been introduced to the world of Martial Artists. With flying swords, relentless combat and weird techniques, for now you just know the basics however. Qi is a malleable force and you’ve learned to harness it, you can shoot it, use it to empower yourself or your weapons and with enough fiddling while imitating someone you observed or with a specific purpose, you’re bound to manage some kind of technique. In such a way you’ve managed to figure out about two basic techniques. Something like double-jumping in mid-air, a homing qi blast or an elemental attack."
100,Turn the Tables,Ironsworn,Martial Arts,"You are very good at disrupting the rhythm and flow your opponents try to set up, seizing back the initiative in combat and generally thwarting their intentions."
100,Dirty Tactics,Fights in Tight Spaces,Martial Arts,"You have a talent for fighting dirty. Going for the low blows, exploiting injuries or weak points, breaking limbs to cripple foes and prevent them from pursuing you. And your pockets always have a handful of sand in them when you reach for it, ready to be thrown into an enemy’s eyes."
100,Careful Maneuvering,Fights in Tight Spaces,Martial Arts,"It can be tricky to move around, especially when you are fighting in
such close quarters. But you are very skilled at maneuvering in and out of tight spots, brushing
past foes and rolling over or under obstacles without giving your enemies a chance to attack
you as you move past them. This is somewhat less effective if you pause to attack them as you
move past, but otherwise, you can basically dance around most foes' attacks."
100,Use Your Surroundings,Fights in Tight Spaces,Martial Arts,"You are a natural at taking advantage of the terrain and
contents of the battlefield around when fighting. Whether it takes the form of maneuvering
around pillars or furniture to disrupt a foe’s line of attack, grappling a foe to smash them into
walls, or picking up objects to use as improvised weaponry, you are very skilled at turning the
environment against your opponents."
100,Attack On The Move,Fights in Tight Spaces,Martial Arts,"It is important to stay mobile, and you are skilled at doing so
without missing opportunities to attack. From turning a sprint towards an enemy into a strong
kick, to delivering a quick jab as you move past an enemy without slowing down, to a bicycle
kick that allows you to flip away from an enemy after the attack, you have a strong arsenal of
techniques that let you move and attack with the same motion."
100,Shared Weapon Proficiency,Kenshi,Martial Arts,"No matter what kind of weapon you wield, you’re as proficient with it as you are with any other weapon.
Switch between a katana, polearm, and a club with ease.
You now also have at least the basic skills to handle any weapon properly."
100,Keiraku Hikou,Fist Of The North Star,Martial Arts,"You know the 708 vital points of the human body and can accurately strike
them with needles or your fingers to trigger a variety of effects ranging from healing the sick and
temporarily boosting strength to forcing a man's body to act against his will or cause instant death in several ways."
100,Specialized Combat,Vinland Saga,Martial Arts,"You know how to use a weapon of your choice to a level that you could reasonably be considered an expert in it, whether you are a swordsman, bowman, or something more exotic."
100,Young Warrior,Samurai 7,Martial Arts,"You are a samurai. Even if you’ve not necessarily seen combat. You know how to use a sword, bow, the various weapons of this world including guns if you are that sort of individual, and basics of unarmed martial arts. You even have the physical fitness expected of a warrior. By the standards of the real world you’d be a very capable combatant even if you haven’t fought a war, though this will only put you roughly comparable with Katsushiro at the beginning of the series."
100,Even The Slightest Movement,Soul Calibur,Martial Arts,"Reading your opponent is a valuable technique in combat, one that could mean the difference between life and death. Lucky for you, you are quite adept at said art. Even from the slightest movement, like the twitch of one’s eye, you are able to predict an opponent’s next move and the bigger the movement, the more moves you can predict. Perhaps with a little bit more training, you’ll be able lecture your opponents in the middle of battle with no loss of effectiveness."
100,Parry,Furi,Martial Arts,"The essence of physical combat is to either evade or block your enemy’s attacks. This perk affords you tremendous skill with the latter. By adopting a defensive stance, you can easily block most melee attacks, and even some projectiles. By raising your defenses for only the split second that the attack would make contact, you can easily make a quick, balance-destroying counterattack. You may use this to deflect projectiles back to their point of origin as well, though it will not work for continuous attacks like lasers."
100,Dash,Furi,Martial Arts,"A phased dash, covering ten times your normal stride. While dashing, you are partially out of phase with the world, allowing you to pass through enemy attacks untouched, though you cannot use it to pass through physical barriers."
100,To Master the Way of Battle,Blue Eye Samurai,Martial Arts,"You’re one hell of a swords(wo)man, with almost as much skill in other melee and thrown weapons, hand to hand, and even improvised weapons. Your cuts are masterful, your ground game excellent, you are agile enough to use acrobatics in combat, and you’re ambidextrous. With this Perk alone you are as skilled and fit as Mizu, but without the sheer drive that makes her so dangerous. This comes with a practiced ease at trash talking."
100,Combat Skills,Cradle,Martial Arts,"Pick any one martial arts, be it completely unarmed or using a
weapon. You now have expertise with that style of fighting, and can carry it to new heights with
further training and trials against those who are equal to or stronger than you."
100,Saint-Rank Fighter,Mushoku Tensei,Martial Arts,"While you might not practice one of the three famed sword styles, you are undoubtedly a capable opponent in
combat, having learned and reached incredible amounts of proficiency and mastery in Saint Dragon Battle Aura
Fighting-Style of the Six-Faced World that you could be considered a Saint-Rank in this Combat-Style. While
this also gives you all the knowledge of the techniques of the Saint Dragon Battle Aura Fighting-Style, you only
master these techniques at Saint-Rank. This elevates your Mana Reserves to the point that you can cast half a
dozen Saint-Rank Spells before being exhausted along with elevating your mastery and control of your Battle
Aura that it can amplify your physical capabilities to its limits allowing you to become stronger than Advance-
Rank Warrior but weaker than Saint-Rank Warrior in pure stats alone. You also gained an incredible innate
talent at learning and mastering any Martial Arts-Styles and Powers though this is more prominent in Unarmed
Combat-Styles and Magic-Spells which would allow you to reach Saint-Rank starting scratch within three years
amount time though it would be faster if you have a master to learn from or if you already have a foundation for it."
100,Saint-Rank Warrior,Mushoku Tensei,Martial Arts,"The training that you underwent since you were a child has borne fruits, and you manage to learned and reached
incredible amount of proficiency and mastery in North-God, Sword-God, and Water-God Sword-Styles of the
Six-Faced World such that you could be considered a Saint-Rank in this Three Sword-Styles. While this also
gives you all the knowledge of the secret techniques of the Three Sword-Styles, you only master them at Saint-
Rank of the said secret techniques. This elevates your Battle Aura that it can amplify your physical capabilities
to extremity allowing you to rival any Saint-Rank Warrior in pure stats alone. You also gained an incredible
innate talent at learning and mastering any Martial Arts-Styles though this is more prominent in Armed Martial
Arts-Styles which would allow you to reach Saint-Rank starting scratch within a year’s time though it would be
faster if you have a master to learn from or if you already have a foundation for it."
100,Budding Swordsman,Thunderbolt Fantasy,Martial Arts,"You've started the path towards mastery of the blade and as a result, you've become a swordsman capable of using Ki to enhance your movements. With Ki, you can leap dozens of feet into the air, run on water, run up walls, move at supernatural speeds, and shoot beams of sword ki at your enemies."
100,Flow Like The Wind,Thunderbolt Fantasy,Martial Arts,"Despite your indirect nature, you’re more than capable of handling yourself in a fight. You possess an above average skill with a sword, and you know how to channel ki to enhance your movements. When you fight, you move like a leaf in the wind, weaving in and out of attacks, while using the terrain and your surroundings to your advantage. As a result, you’re well suited to finding ways to cheat in combat and throw your off balance, for you may be a warrior, but there’s no law stating you must fight honorably."
100,Ten Sabers,Duel Monsters - Duel Terminal I,Martial Arts,"Ten swordsmen, but only a single “X”. These are the tactics used by the previous commander, Souza, and they worked just fine. You don’t need subordinates as anything more than bodies to throw at a problem, just become a better fighter if you need to defeat an army. You’ve taken this to heart, and become the undisputed master of war. Your sword swings are flawless, you parry attacks even before your foes begin to strike, and the longer you fight a foe, the better you know how to defeat them and remove the flaws in your fighting technique that might allow them to defeat you. This does not apply solely on the personal scale, as well. The tactics your enemies wield, the strategic masterstroke their greatest thinkers design, all of these will soon be unravelled by your perfect military mind even as your stratagems begin to transcend the current concepts of how wars are fought. Yes, you might throw a legion of your men to death in order to make a path for you alone to enter a chokepoint and kill those guarding it. But those lost lives don’t matter. Only you do."
100,Combat 101,Duel Monsters - The Abyss,Martial Arts,"In The Abyss, combat is common. Be it the war caused by the Dogmatika, the gladiators in the Therion Discolosseum, or even just monsters like the Supreme Sovereign Serpent of Golgonda, everyone needs to at least know the basics. And this is exactly that, the basics. You've had the equivalent of a month or two of basic combat training. You know how to swing a sword and how to not trip over your own feet, but you're far more at the level of a peasant conscript than a professional soldier. But hey, nothing says you can't grow from there."
100,Welcome to The Corps,Kimetsu no Yaiba,Martial Arts,"You've made it through the trial of Fujikasane Mountain, so it's clear
you're no slouch in a fight. Consider this a basic survival package; you can follow tracks and live off the
land without much difficulty, jump, flip, and parkour with the grace and precision of a ninja, and fight with a
blade well enough to fend off freshly-turned Demons. This is a lifestyle as much as a profession, and with
all the cardio and aerobics training you've been through, any military or sports team would be happy to
have you on that basis alone."
100,Combat Pragmatist,Mad Max,Martial Arts,"Cheap shots, and surprise attacks are all common now, anyone who had any rules has long since become maggot food. You’ve been trained in several martial arts that you’ve blended together into a dance of death and destruction. Brutal and efficient it is, breaking arms, legs, gouging out eyes, and snapping necks."
100,Iaido,For Honor,Martial Arts,"The Samurai warriors are some of the most nimble fighters here, and you are not exempt from the rule. You strike unpredictable and quickly, feinting and changing the directions of your attacks to confuse your foes as best as possible. Even fighters using large shields would have a hard time blocking you.
"
100,DEUS VULT,For Honor,Martial Arts,"When you’re dressed in plate mail it can actually be beneficial to aggressively throw your weight at the enemy, charge enemieswith your shield or pike, or just straight up tackle people. That’s how it is for you, at least. You can use those seconds it takes your enemies to get off the ground to get a few hits it, or just taunt them endlessly by throwing them around like a schoolyard bully"
100,Weapon User,Generic Wuxia,Martial Arts,"You are trained in the use of one martial arts weapon. You may be a master of one of the
four Great Weapons, the Dao (Sabre), Jian (Longsword), Gun (Staff), or Qiang (Spear),
or you may use a less-known weapon such as a halberd, a pair of hook swords, or a meteor hammer."
100,Aikido,Generic Wuxia,Martial Arts,"You are a master of Aikido. Your direct attacks are not very skillful, but the style has a
plethora of ways to dodge and redirect an opponent’s movement, forcing them to make
mistakes until they are stuck in a joint lock or they “meet the floor.”"
100,Lost Monkey Style,Generic Wuxia,Martial Arts,"You are an expert at feints in battle, and sudden strikes that begin looking like simple
hand gestures. You attack and retreat, like a monkey grabbing food."
100,Archery,Generic Wuxia,Martial Arts,"Similar to the Japanese techniques of Kyudo, you are a master archer. You can strike a
swallow on the wing, and are capable of firing arrows from horseback with great accuracy."
100,Drunken Fist,Generic Wuxia,Martial Arts,"You are a master of the Drunken Fist style. Your movements in combat appear random and clumsy, but are in fact precise; watchers can never predict your next moves, and trying to find a hole in your defense is like trying to find the pattern in an avalanche. You are also highly resistant to intoxication, and are skilled at using jugs, bottles, and glasses as improvised weapons."
100,Kyukoshinryu,Generic Wuxia,Martial Arts,"This simple style is based around the use of many heavy kicks, serving as the origin of
kickboxing as a sport. Your leg strikes can stun an ox, and you have excellent balance."
100,White Crane Style,Generic Wuxia,Martial Arts,"You are a master of the White Crane style. This style focuses on using the hands as
weapons, in quick strikes imitating the pecking bird and elbow slams inspired by flapping
wings. This style has inspired many forms of boxing and upper-body forms, including Wing Chun."
100,Southern Dragon Style,Generic Wuxia,Martial Arts,"This smooth, flowing style includes very few attacking movements. In fact, it’s most
effective attribute is the ability to help others attune their Ki for rapid healing, as well as
many meditative forms and a number of defensive maneuvers."
100,Tiger Style,Generic Wuxia,Martial Arts,"A very aggressive style, masters of the Tiger make broad, sweeping strikes with their hands while constantly advancing. With the hand used as a claw, your blows can even shatter stone when you pounce."
100,Nocturnal Scavenger,Legacy of Kain,Martial Arts,"Unlike the older generations that were around at the height of Kain‘s empire, you do not have the luxury of easily available human livestock to feed on. Even worse, what few humans still remain are likely to be on the lookout for your kind, having been forced to adapt by the harsh conditions. So to help you get around that this perk offers two benefits. For starters, you become highly adept at approaching your prey undetected, knowing how to use the shadows to better hide your approach, how to make sure your movements do not cause unnecessary noise and so forth. Secondly, the scarcity also helped you learn how to better keep your hunger in check, allowing you to go for longer times without feeding and not get overwhelmed by hunger. Keep in mind that this does not diminish how much you actually need to feed at all, so when the time comes you will need to drink more to make up for the difference. Still, being able to keep a clear head despite being wracked by starvation can make all the difference between self-preservation and destruction."
100,Sight Prey,Darkest Dungeon,Martial Arts,"“Death waits for the slightest lapse in concentration.”
Hunters of men and beast are more alike than they may first seem, though their methodologies may differ. Track them down, and bring them down with precision and power. You may have more of the former rather than the latter, but being able to swing a weapon and not miss even when your enemy tries to evade is just as valuable as being able to land a shot from a bow or rifle. You take it a step further than most, being a champion marksman (or markswoman). It may be harder to hit a target in the heat of battle against the forces of evil
than a stationary target, but a moment of clarity and a little luck may give you the perfect shot. As a bonus, your nature as a hunter of man or beast has given your attacks especially effective against one of the two."
100,Reach Heaven Through Violence,Kill 6 Billion Demons,Martial Arts,"A mantra of peace. If one wishes for peace in Throne, one must prepare for war.
All forms of violence come easy to you like a talent. Through subjecting yourself in high intensities of
violence, your mastery of the violent forms will be swift. It especially effective when you’re under such
overwhelming levels of violence that barely any room in your mind for thought, anything you learn at
that time will be ingrained into your instincts. It will become as easy as breathing."
100,Sweet Science!,Hajime no Ippo,Martial Arts,"Through grueling hours of training, you've developed the fighting skills of a professional boxer. Your punches carry respectable weight, and your footwork grants agility and grace. Your proficiency sets you apart from amateur enthusiasts, marking you as a rising contender in the ring."
100,Iron Hands,Kung Fu Panda,Martial Arts,"By focusing training on punching hard objects your punches become hard like metal, making for incredibly hard hitting blows and can even block swords with your bare hands. Even traditional soft substances like feathers could be hardened into striking with the force of iron"
100,Slithered Body Style,Kung Fu Panda,Martial Arts,"The Fallen Warrior is sleek and fast, agile and can strike like the serpent. You are incredible agile and fast both in speed and reflexes. If you are a snake you can even slither around an opponent before they could move and control their body like a puppet"
100,Sharpened Feathers,Kung Fu Panda,Martial Arts,"A Fallen Warrior has more than a sharpened tongue, they can sharpen their natural body to cut like a sword. Most often used by birds on their feathers, this also increases the innate abilities of claws and fangs, making them truly dangerous."
100,Observation of the Ways,Kung Fu Panda,Martial Arts,"A Traveler must pick up things quickly, while he might pretend to be idiot...Or might not be pretending all that much, he can repeat and copy moves given some time. This is not as good as Po's ability to copy other moves but you see the methods behind said moves and can mimic them with practice. This really works well on moves that do not require chi, but with weeks of study might be in a position to copy something stronger"
100,Samurai Training,Kajiri Kamui Kagura,Martial Arts,"You have been raised within one of the Samurai families of Shinshu.
You were taught all of the skills needed to be a warrior and aristocrat. You are skilled in
swordplay, archery, court etiquette, poetry, and all other skills expected of a Samurai."
100,Student of the Sword,Manyuu Hikenchou,Martial Arts,"This is not a peaceful time, Jumper. With the Manyuu clan ruling
by force and opportunists roaming the land, those who can’t defend themselves will be taken
advantage of. Thankfully, you’re far from helpless. You’ve been trained in the ways of
swordsmanship, and can wield a katana as effectively as any samurai. To start with, your skill
would make you a valuable warrior for any clan, but dedicate enough time and effort to your
training, and you could surpass even the greatest of the noble scions.
Alternatively, this purchase could grant you skill with another weapon, such as the tachi
or naginata. With each additional purchase, you may choose another weapon or style to become proficient in."
100,Fight Isn't Over Until Someone's On The Mat,Real Steel,Martial Arts,"You're not only really fit, easily being in the top one percent of the world but also have the skills of a professional boxer."
100,Soldier,Tunic,Martial Arts,"As part of the main group of warriors, it is expected of you to have a basic grasp of
weaponry. There are a number of more advanced weapons and magics here that
weren’t considered relevant for soldiers like you. Having witnessed them enough
though, the basic ideas are ingrained in you, if only enough to understand what to
expect from those spells and weapons.
When it comes to basic melee weapons and armor you are capable of maintaining
them with very little thought. It seems that if you let your mind drift enough your body
will go through the motions of this maintenance for you.
Outside of combat, you also are capable of marching in order and other tasks
expected of you such as preparing field rations and setting up camp."
100,Clan Trained,Tunic,Martial Arts,"Frogs are unusually coordinated in this world compared to others. Their young are
trained in combat in groups under the tutelage of their elders, each member of the
community has a role. The training received from your elders has removed a number of
bad habits you had in combat from your youth. At bare minimum you no longer will
attack a foe one at a time if you are in a group. One day you will be expected to train
the next generation, and the way you were taught enables you to do so.
Outside of removing bad habits, this training has focused on how you can utilize your
physical advantages in combat. If you have one, perhaps your long tongue can grab
foes or be used to reach distant hooks, for example."
100,Strength of Arms,Arawn,Martial Arts,"It is not the weak edicts of cowardly men that govern the land, but one iron law: Strength. Strength of body, strength of will, strength of steel. None should hold what they are too weak to defend. And you, hopefully, are strong enough to defend what’s yours - or take what you want from others. In both body and skill.

For 100 points, you are a physically fit warrior, about as skilled as the average man-at-arms employed by
the various kingdoms of this age - that is to say, the rank and file. You have been drilled to an acceptable
standard and can fight in formation, and you’re certainly good enough to take on most people with a
chance of winning. Just be sure to stay away from the true titans of battle (i.e Arawn or his family) or any
supernatural beasts."
100,Stancer,YOMI Hustle,Martial Arts,"Taking this gives you the training to access an entire second stance that changes how you fight quite a lot. This stance can give you better followups on certain things, and new tactics to use. Can be taken multiple times"
100,The One Who Grips,YOMI Hustle,Martial Arts,"You learn a variety of ways to grab, and how to attack with those grabs. You may grab someone's neck and slam them on the ground, or you may grab their leg and pull them to the floor."
150,Immortal Dash (Advanced),Nine Sols,Martial Arts,"You can Access the following Advanced Fangshi Techniques:

Air: You no longer need to be touching the ground to dash.

Tai Chi Kick: When another’s qi is revealed, typically moments before a strong attack, you can leap up and kick off their head, sending shockwaves and internal damage through their qi. This also allows you to launch yourself higher when leaping off qi-rich objects or people.

Cloud Leap: Harnessing the energies of the elements, you can stand for a moment on thin air - just enough to jump again. This can only be done once, before you must touch something solid again. Alternatively, you may reuse this technique after successfully parrying an enemy blow or attaching a talisman to that foe.

Requires ""Fangshi Techniques"" to Purchase"
150,Parry (Advanced),Nine Sols,Martial Arts,"You can access the following Advanced Techniques:

Deflect: If you perfectly parry a projectile, you can so effectively control its energy with your qi as to direct it straight back at an attacker.

Breathing Exercise: As well as gathering qi from an enemy, perfectly parrying a strike channels rejuvenating energy into your body, healing internal damage and minor injuries to a small degree. This does nothing to help with more serious harm.

Unbounded Counter: With a moment’s concentration, you can assume a stance, gathering qi between your hands. Released at just the right moment, this power carries all energy from a strike into infinity, allowing you to parry even the strongest attacks and inflict shock and internal damage on your attacker as well - though this is a high-risk, high-reward stratagem, given the time required to form the stance. Combining it with Deflect, Unbounded Counter can be used to deflect energy attacks.

Requires ""Fangshi Techniques"" to Purchase"
150,Qi Blast (Advanced),Nine Sols,Martial Arts,"You can Access the following Advanced Fangshi Techniques:

Enhanced Qi Blast: Detonating a talisman with at least three charges allows you to attract items or energy from the target to yourself - against most transmuted enemies this will draw out Azure Sand, nanotechnology used to fuel many fangshi devices, but in future this could allow you to disarm enemies of their weapons, or steal mystical energies. 

Water Flow: You may use this mode instead of the typical mode of Qi Blast. Talismans now take two units of qi to apply, but no longer require concentration to channel and detonate, allowing you to more easily weave them into the flow of battle.

Full Control: You may use this mode instead of the typical mode of Qi Blast. Sacrificing ease of use for power, requiring a moment’s charging per qi unit applied, your detonations are more powerful, and can channel up to five units of qi, or a lesser amount at your will.

Requires ""Fangshi Techniques"" to Purchase"
200,Mantra Training and Techniques,Asura's Wrath,Martial Arts,"You have learned or been taught numerous techniques to focus and express your Mantra, rendered
as supernatural martial arts and superhuman feats of agility, durability and so on. Meditative Kata can
extend your natural lifespan, heal minor wounds and fight off sickness, while strikes and attacks could
shatter walls. This increases your maximum Mantra level by 1.

As an added benefit, this perk also allows you to create your own personal Mantra Form. Your first
form will take approximately five years of study and meditation to fully construct, but when completed, you
will be able to manifest an external mantra interface. To most people, it will look like an ornate halo,
evocative of your personality and mantra affinity.

A Mantra Form usually has a core theme, such as improved combat ability, damage resistance,
speed or other such boosts. Establishing a form enhances your abilities, even beyond what a given level of
Mantra would normally allow. With a mantra form active, you may easily perform superhuman physical,
mental and social feats, even before the direct application of Mantra. These stances and techniques
however cannot enhance stranger powers such as psychic blasts or arcane magic, short of ensuring you
can survive to perform them.

Successfully creating an initial form and manifesting it increases your capacity for Mantra by 1.
Subsequent forms and other perks can increase this cap further, to a maximum of 8.
You may use any mantra form you know, but you cannot stack them.
Creating a new form takes ten years, times the number of forms you have already mastered.
Your halos can be attacked however, and knocked aside or even destroyed. If that happens, you
immediately drop down to Mantra Level 3, and any excess Mantra is wasted"
200,Combat Acumen,Katana Zero,Martial Arts,"Not many can go charging with a sword in the age of the
gun; you’re one of those rare few, and certainly not in a ‘conventional’ way. You can
just...evade. Bullets, melee swings, fucking lasers.
There’s not a whole lot you can’t dodge with the right timing, the few outliers being
things you...simply can’t avoid; no matter how hard you roll you aren’t escaping a
nuke if you’re in range, and if someone simply disintegrates you without even
touching you that’s just gonna leave your ashes spinning in the air."
200,Poisonous Fang Touch,One Finger Death Punch,Martial Arts,"Even one finger is enough to cripple a foe, the blows of the martial artist equivalent to deadly
venom. Each blow they survive makes them slower to react and sluggish to defend."
200,Freezing Palm,One Finger Death Punch,Martial Arts,"Death Punch bends the elemental air to obey the will of the user. A practitioner of the martial art
can literally freeze their opponents in place with a blow, shards of ice encasing entire groups in place
until ready to be dealt with. This technique requires significant effort, or many opponents defeated."
200,Deep Impact,One Finger Death Punch,Martial Arts,"The earth shakes and submits under the weight of One Finger. The fighter may clear a wide swathe
of ground around them with a blow, the force rippling outwards in concentric circles. A favourite of
crowd clearing, and demolition works."
200,Ninjutsu & Tools,Sekiro Shadows Die Twice,Martial Arts,"But there are also more directly supernatural, even borderline magical, techniques that are taught
as well, this being the three main ninjutsu which you have mastered. Bloodsmoke allows you to
scatter your victim’s blood and turn it into a heavy red smoke; perfect for a quick escape or a
confusion to take advantage of. Puppeteer allows you take control of your victims just as they die
but their spirit has yet to abandon their bodies. They will treat you as an ally and help you in any
way possible so long as you maintain concentration. Bestowal allows you to wreath your weapon
in the blood of your victim, increasing its reach up to triple the length of the weapon. The blood
itself is only as sharp as the weapon it was bestowed upon. In addition, you are now the master
of any and all tools of the ninjas, which include the unorthodox tools of the shinobi prosthetic arm."
200,Senpo Arts,Sekiro Shadows Die Twice,Martial Arts,"It’s a dichotomy for the peaceful Buddhist to take up arms and martial arts, but it’s said that
training one’s body is but another means to reach enlightenment. You gain years’ worth of
martial training in the monks’ school of martial arts. You’re not quite a master, but you’re an
expert with your hands, feet, and polearms. In addition, your martial arts, not just the ones
learned here, have gained a supernatural quality to them. Your martial arts now have the ability
to interact with the incorporeal forms of spirits, in addition to a weak exorcising effect."
200,Got Too Much Desire (Master),Baki The Grappler,Martial Arts,"Should you pay an additional 200CP, you instead start out at the level of
those praised as “masters” or prodigies, the likes of Goki Shibukawa, or Katsumi Orochi.
Naturally, this gets you more than a decade’s worth of experience in your martial art of choice,
likely far more if you paid the plus charge.

Requires ""Got Too Much Desire"" to Purchase"
200,"8,000 Years Of Martial Arts",Baki The Grappler,Martial Arts,"Most devout martial artists are perfectly content believing their own techniques to be the greatest,
bar none. In your case, you have a bit more to back that up. You are always a significantly better
fighter when relying on the “purist” form of a martial art. Offshoots of older styles, or hybrids of
several styles will show decreased benefits. You’re still vulnerable to a style’s inherent weaknesses,
but you aren’t wholly without room for growth. With use, you’ll perfect your style and attacks into a
form even purer than their “true” form, modifying them to compensate for their shortcomings, while
sticking closely enough to its core principles and philosophy to still reap the benefits of this perk."
200,"If it Makes you Stronger, It’s What you Do (Master)",Baki: Son Of Ogre,Martial Arts,"For 200cp, you receive an enormous boost putting you on the level of
Retsu Kaioh or Katsumi Oorochi.
Requires ""If it Makes you Stronger, It’s What you Do"" to Purchase"
200,Wasp's Sting,Baki: Son Of Ogre,Martial Arts,"Like a bear trap, you can prepare your unconscious body to strike anything that gets too
close. If you’re suddenly knocked unconscious in battle, this will be a one-time lethal
attack using all your might. If you’re just sleeping normally, it’ll be a much weaker strike,
that’ll knock out just about anything that would try to touch you. Togglable."
200,Now that You're Out of Urine,Baki: Son Of Ogre,Martial Arts,"When others see an unarmed man, you see a walking arsenal. You can turn just about
anything into a deadly weapon. Whether it’s your hands and feet, a nearby officer’s
baton, your belt, your hair, a paper pinwheel, even your own urine. If it’s within reach,
you’ve already thought of at least a dozen ways to cripple or kill with it."
200,Martial Arts - Second Level,Fog Hill of Five Elements,Martial Arts,"As you can imagine, this is a world where the most significant events are decided through
strength and martial prowess. Here, combat determines not only your fate but also your position
in the hierarchy. By choosing this path, you have decided to join the ranks of the warriors who
dominate this world, regardless of your race. To do so, you are offered four levels that will
determine how far your power can take you compared to others.

At this level, you will be on par with warriors such as Chi-Ji’s men, Chi-Ji himself, and two of
the three demons sent by the Three Venerable Demons to capture the young Qilin.
Here, you will begin to make a name for yourself. You will still be far from the peak of the
martial world, but at least you will start to be noticed. However, beyond fame, the real priority is
the growth of your power. Your strength, balance, and endurance will improve as you refine your
mastery over energy, or Qi, as you may prefer to call it. 
Although energy can be utilised from the first level, it is only at this stage that you will begin to
witness its true potential. Perhaps you will even start developing your own techniques. It could
be said that this is the true beginning of your journey to the top.
You may not yet be considered an elite warrior, but you will certainly be far less expendable than
most, and you will begin to earn recognition on the battlefield."
200,It Won't Work Twice,Saint Seiya: The Original Series,Martial Arts,"A talent that the Saints share together is how
adaptable they are in battle - often leading to the boast ‘the same technique will not work twice’!
It’s not always true, but some of this talent has followed you in your training - after you see a
type of attack or technique of note, you can immediately process how it worked and how
effective it is against you. In addition, when you formulate a counter-attack of your own against
this technique, you have an instinctive awareness of how effective this would be...though it
won’t give you specifics. Will you take that chance?"
200,Fighting Dirty,Saint Seiya: Omega,Martial Arts,"Having long abandoned the shackles of pride, you have embraced the art of fighting with foul play as your modus operandi. Whether through holding someone's family hostage or threatening to desecrate a cherished grave, you have mastered the manipulation of underhanded tactics to gain the upper hand. Skilled at getting the drop on even the most seasoned warriors, you excel at destroying trust between allies by pressing the right buttons and exploiting vulnerabilities. Moreover, your proficiency in executing sneak attacks has made them more effective than frontal assaults, allowing you to strike swiftly and decisively without warning."
200,Breathing Style (Hashira),Demon Slayer,Martial Arts,"Hashira: The highest position of a demon slayer, usually gained by killing at least 50 demons or killing one of the 12 moons as a kinoe(the highest normal rank of demon slayers). You have reached the pinnacle of what a normal human is capable of with your breathing style, able to easily cut through scores of demons easily and take out the lower ranked moons without much effort. Your body is much stronger than the previous option, so much so you could be faster than the eye could see, and you may have even developed techniques of your own that no one else knows, but the most notable change is in your stamina, being able to go through extremely harsh training for weeks or even months straight.

Requires ""Breathing Style (Tsuguko)"" to Purchase"
200,Martial-Arts,Samurai Jack,Martial Arts,Knowledge and training in a single form of martial arts equal to that of a master combatant. Additionally this perk will help you learn other forms of martial-arts more quickly.
200,Ranged Proficiency,Samurai Jack,Martial Arts,"You’re an expert at fighting with a single specific set of ranged weapons such as guns, bows, or throwing knives. At your current level of skill you could quickly hit several large targets with barely any effort or strike something the size of an adult man from several hundred feet away. Additionally this perk will help you learn how to wield other ranged weapons more quickly."
200,Stealth,Samurai Jack,Martial Arts,"You’re a master at moving silently and blending into both shadows and bright lights, allowing you remaining hidden for long periods of time. You can silently take out foes or use your skills to avoid combat."
200,Joint Locks,Live A Live,Martial Arts,"You have mastered Arm Lock and Cross Heel Hold, two grappling
techniques that prevent an opponent from using their arms or legs, respectively. As a matter of
fact, you've honed your use of these abilities to the point that the limb you're targeting will go
numb and remain unusable for a short while after you let go."
200,Melee Proficiency,Samurai Jack,Martial Arts,"You’re an expert at fighting with a single specific set of melee weapons such as swords, axes, polearms, or even shields. At your current level of skill you could dual a single experienced opponent to the death or fight off a large group of enemies with little difficulty. Additionally this perk will help you learn how to wield other melee weapons more quickly."
200,Way of the Sword,Tekken,Martial Arts,"You gain incredible skill in swordsmanship similar to the great Yoshimitsu.
You could even fly by swinging it above your head."
200,Hidden Weapon Space,Ranma 1/2,Martial Arts,"you can hide just about any weapon about your body, no matter how awkward or large, and no matter how many other weapons you've already got stashed, and nobody will be able to tell you've got it on you. The acknowledged master of this art has managed to store hundreds of weapons on his person, including massive lengths of spiked chains, spears, swords, knives, axes, maces, and a duck-shaped training potty, all without showing any sign he was carrying them. Even in his cursed duck form, this technique allows him to pull knives out of nowhere and hurl them at enemies."
200,Weirdly Specific Martial Arts,Ranma 1/2,Martial Arts,"In this world, anything can be a martial art, and your family school is proof of that. Pick something that's not normally considered a ""combat art"", and you've mastered a martial art based entirely around it. Examples from the series include: Tea Ceremony, Gymnastics, Takeout Delivery, Okonomiaki Cooking, Cheer-leading, Calligraphy, Figure Skating, and Dining. Yes, Dining.
Someone turned the art of eating politely at a restaurant into a combat style. After that, whatever you're thinking of probably isn't all that weird. The Anything Goes School also counts as one of these, despite being weirdly non- specific. This perk can be bought more than once, for different martial arts."
200,Ninja Bomb,Joujuu Senjin Mushibugyo,Martial Arts,"Normally , ninjas a masters of assassination, experts in infiltration and stealth; you were also
instructed in those areas, but what makes you different from the rest is your training in an
unorthodox style to defeat the insect menace. A style focused in bombing those bastards till
death. Yeah, you have extensive knowledge about explosives, the best way to use them,
maintain them and improve them."
200,Dirty Fighting,Samurai of Hyuga,Martial Arts,"You weren’t lucky enough to be enrolled in a fancy noble sword school, but the tricks taught to
you by your upbringing more than make up for it. You feel no qualms about performing sneak
attacks, cheap shots, and running away disengaging for a tactical advantage, and you’re pretty
good at them too. It might not be enough to take out an entire squad of Shinsengumi dogs but
you’ll have a fair chance against a squad of guardsmen."
200,Indestructible Virgin Technique,Scissor Seven,Martial Arts,"By practicing abstinence from certain vices you’re able to turn your body into gold that becomes harder in proportion to the personal sacrifice you make through this abstinence. If you abstain from eating garlic while hating garlic it will at most turn your skin gold, while staying away from your favorite meals or activities would make it about as hard as gold. This technique becomes the most effective when abstaining from sexual activities, staying a virgin would turn you practically indestructible (thus the name). The longer you practice this abstinence the harder your skin becomes, you can turn this technique on and off."
200,Skirmisher,Ironsworn,Martial Arts,"Experienced in raids, you move like a ghost through the moors and the heather, and shoot a bow as if reaching out to touch the target yourself. Anything you don’t know about tracking or herblore isn’t worth knowing."
200,Duelist,Ironsworn,Martial Arts,"You are a master of single combat, incredibly skilled with the blade. Further, none dispute your right to settle matters by duel or will deny you the spoils so won. Only beware that he who lives by the sword can easily die by the sword."
200,Clash,Ironsworn,Martial Arts,"You are a master of arms, one move flowing naturally into
the next. You could probably fight three peers on skill alone."
200,Counter Strike,Fights in Tight Spaces,Martial Arts,"You are trained to be able to strike back to punish foes when they
attack. You know how to move, position, and prepare yourself to minimize or negate damage
from a foe’s attack, and then deliver a powerful retaliatory strike."
200,Grounded Grappler,Fights in Tight Spaces,Martial Arts,"Set them up and knock them down. You are a talented grappler,
capable of twisting through tackles, arm twists, and shoulder throws to knock your opponents to
the floor, where you can deliver a variety of follow-up strikes while they are down. You are
talented enough that you can even use sweeps or strikes to topple heavier foes that many
others would struggle to knock over."
200,Bladework,Fights in Tight Spaces,Martial Arts,"You have a talent for bladework. You can reach into your outfit and pull
out small blades or brass knuckles (which definitely weren’t there before), which cause wounds
that bleed a fair bit more than they normally should, allowing you to take down foes with a thousand cuts."
200,Gunslinger,Fights in Tight Spaces,Martial Arts,"You are a very talented marksman. Whenever you reach for it, you will find a
loaded pistol straped into a holster on your body, ready for you to draw and unload on your
targets. Holstering it (or throwing it as an improvised projectile) will cause the pistol to vanish
until you need to draw it again, fully reloaded."
200,Stun Attacks,Fights in Tight Spaces,Martial Arts,"A chop to the back of the neck, a sharp jab to the chest, a vicious
headbutt. You have a variety of moves that can leave your enemy reeling and stunned, opening
them up for follow-up attacks. And even attacks you make that aren’t specifically intended to
stun a foe still have at least a small chance to stagger and stun them. Finally, you can reach into
your pockets or sleeves and pull out a special knock-out dart that is guaranteed to make your
foes delirious and woozy if it punctures them, if not knocking them out completely. Once used, it
will be roughly an hour or so until you can pull out another such dart."
200,Armor Penetration,Fights in Tight Spaces,Martial Arts,"Many of the foes you face will be armored, allowing them to resist or
even no-sell your attacks. You, however, have a couple key skills to overcome this problem.
Firstly, you know how to modify your blows to allow at least some of the force from them to
penetrate through armor or shields, ensuring that your foes will take at least a little damage.
Secondly, you have a talent for identifying weakpoints and areas where armor can be pierced or
bypassed, allowing your full power to strike through to your target."
200,Power Blow,Fights in Tight Spaces,Martial Arts,"You know of a series of breathing exercises and stretches that you can
perform while in combat to provide a moderate boost to the power of all of your blows and
attacks. However, the real power of these techniques is manifested if you have a few
uninterrupted seconds to perform them without attacking, moving, blocking, or dodging. If you
do manage to do this, then your next strike can have its power multiplied several times over."
200,Man of War,Sword of the Stranger,Martial Arts,"You’re a skilled fighting man; a skillset much in demand during this age of warfare. You
may not be truly exceptional, but you’re skilled enough to be an elite compared to
ordinary soldiers, and you’re a good leader in the heat of the moment - not a strategist,
but you’d be a good sergeant."
200,Born To Slash,Hanachirasu,Martial Arts,"As expected, people aren’t like in movies or novels. A sword is a weapon to kill and a single stroke is more than enough to incapacitate or steal the life of any. And, to reach expertise in this art, one must train incessantly for years. Well, perhaps there’s some truth to those fiction works. Every now and then, it appears someone talented, prodigal enough to master forms and katas in days. You are one such example. Swordsmanship is in your very core, and you absorb anything related to it with great ease."
200,Iron Palm,Jade Empire,Martial Arts,"Practitioners of Iron Palm throw their entire body into each blow, mixing open-handed strikes with
powerful, driving assaults. A low stance ensures that each blow directs momentum from the user's
entire body to hit with the force of a sledgehammer. This mixture of power, balance, and brute strength
demolishes individual opponents as easily as it scatters groups"
200,Legendary Strike,Jade Empire,Martial Arts,"Many in the Jade Empire have heard of Legendary Strike, but few have actually seen it in action. Fewer
still have mastered this martial style, but those who have are to be feared; their blows rain down too
fast to block, and their kicks can quickly put an opponent out for good"
200,Thousand Cuts,Jade Empire,Martial Arts,"Thousand Cuts is aptly named, though the style does not involve blades. A master of this style relies on
numerous light strikes in quick succession instead of singular punishing blows or thunderous kicks. Most
opponents reel under such a relentless assault, unable to counter fast enough to find an opening for
their own attacks."
200,Leaping Tiger,Jade Empire,Martial Arts,"With the vigor and speed of the animal for which this martial style was named, Leaping Tiger dazzles
onlookers even as it carves up opponents. Practitioners of this Martial style focus so completely on the
strength and quickness of the tiger that razor-sharp claws seem to sprout from their fists. The style's
quick, leaping techniques and punishing strikes create a flurry of death that can keep even armed
opponents at bay"
200,Viper Style,Jade Empire,Martial Arts,"Viper emphasizes speed and unpredictability, alternately lulling the opponent with rhythmic movements
and striking with incredible speed. Individually, this style's strikes are light, but they are only a part of its
arsenal. Those who have mastered Viper's mysteries know a series of pressure points that can sour the
blood and disrupt their foes' vital organs. Rare is the warrior who can withstand the lightning quick
strikes of Viper while being torn apart from the inside."
200,White Demon,Jade Empire,Martial Arts,"Many martial artists criticize the White Demon style for being slow and ponderous, but in the hands of a
true master it can be one of the deadliest martial styles of all. While it lacks the crowd-pleasing panache
of faster styles, White Demon's sheer power and intimidating techniques plow through opponents like
an ogre in a teahouse"
200,Silent Fist,Fist Of The North Star,Martial Arts,"You are a master of weapons, no not guns or bows. Blades, clubs, and thrown
weapons are your preference. You can give an edge to a blunt length of pipe or make a cheap knife
sharp enough to cut through tank armor. And the edges of any weapon you swing or throw will cut
through the air soundlessly. Your skill with these weapons is enough that you can kill a squad of armed
enemy soldiers in seconds without getting shot once, but against something like a Hokuto practitioner
or a Nanto master you still have a long ways to go."
200,Hikou Fuuji,Fist Of The North Star,Martial Arts,"As a student of Hokuto Shinken you have had training in not only utilizing an
enemy's vital points against them but also in defending yourself against your own techniques and any
similar arts you may encounter. With this method of Pressure Point Sealing you can resist attacks
against your 708 vital points, protecting yourself completely if your fighting aura or Touki is greater
than your opponent's and buying you time to reverse the effects or suppress them if you are of similar
strength. It doesn't help much if you are completely outclassed though so try not to get hit in the first place."
200, Suieishin,Fist Of The North Star,Martial Arts,"Hokuto Shinken training is rigorous and a student must learn quickly lest they die
when the master demonstrates new techniques on them. You have mastered the Water Reflection Spirit
technique and can copy techniques after witnessing them once. While this allows you to use techniques
from styles you don't know, it is only in perfect mimicry and it requires further effort to properly learn
foreign techniques like this instead of simply aping the movements."
200,Martial Talent,Anima Beyond Faintasy,Martial Arts,"The martial arts come easily to you, permitting you to learn them in a mere fraction of the time."
200,Ninja?,Samurai 7,Martial Arts,"You possess impressive agility and maneuverability. Like a veteran samurai you can leap several times your own height, and run up walls. While unlike an experienced samurai you don’t possess excellent combat skills you possess many things they don’t. You’re skilled in stealth and approaching quietly and unseen. This isn’t as superhuman as your leaps and agility, but it is still a valuable skill. But speaking of how superhuman that other is, you aren’t limited to running up walls. You are able to run down them as well, and to stand and walk on nearly vertical surfaces, as long as they aren’t truly vertical or absolutely smooth. You can even manage to hang from ceilings by your feet, though you’ll need something to hook onto or catch hold of to actually move and not just stick yourself in one place."
200,Combat Lessons,Soul Calibur,Martial Arts,"Many of the warriors of this world are only as good as they are because they had very
good mentors. With this, you’ll become a worthy mentor to those warriors as well. You
know the best way to motivate your students and any of your teachings will stick into their
heads. You never have to fear them forgetting the lessons you’ve taught them and they will
always remember you fondly. Your students shall be your legacy."
200,Shinobi Techniques,Soul Calibur,Martial Arts,"There are two prominent clans of Shinobi within this world. They are the Fu-Ma Clan
and the Manji Clan. You have the option of purchasing the techniques of one of the clans.
Both clans have the basic techniques regarding being a shinobi, such as stealth, close-ranged
teleportation and suppression of evil energy. That being said, both clans of their own
different specialties:

- The Fu-Ma Clan specializes in combating demons, both killing them and sealing them
away. With this, even beings that would normally be thrice as strong as you will be no match
for you and your techniques, so long as they are counted as demons.

- The Manji Clan on the other hand, specializes in misdirection and stranger forms of
combat. In battle, your movements are considerably harder to read with even supernatural
abilities of prediction failing against you in combat."
200,Not-So-Ancient Martial Arts,Darkstalkers,Martial Arts,"Maybe it’s skill with weapons, more advanced unarmed combat, ki techniques or stranger methods-
regardless you now know what most people would call ‘special and super moves’. They require build­up and
cooldown to use, but their incredibly effective if you can make them connect."
200,Charging Up,Furi,Martial Arts,"By focusing the energy within your body, you can build up a charge around
yourself. You can use this to enhance your melee attacks by dashing forwards in a powerful
dashing attack that can break through your opponent’s guard and knock them off balance. If
purchased with ""Dash"", you can charge up your dash to increase its range by a factor of two."
200,Standing Stance,Katanagatari,Martial Arts,"And I call this new technique...the Jumping Jumper Stance! Awfully specific, isn’t it? You may think so
but you can’t say no to the effects. You’ve got a bit of an obsession regarding martial arts stances, positions to lead into further attacks or combos, and you’ve learnt on how to create Stances to
maximise your power and efficiency. Whether it be with raw martial arts or magical abilities, you’re
able to create stances that significantly increase the power and speed of your attacks as long as you
have a few seconds to settle into the stance and ready yourself. Starting off a fight, preparing during
a brief break or readying for a brilliant finisher are all good uses of the added strength and speed of
your attacks but trying to use it during a fight may backfire on you during the set up time. By long
hours of practice, you can train down the amount of time you need to settle in the stance."
200,Iai Master,Katanagatari,Martial Arts,"Not being surprised is one thing, reacting in time is another. Taking along a long sword like a katana
and expecting to out speed a knife or arrow was thought to be foolish until the art of Iaido came
about. As a true master of this art, you’ve been able to apply it to your entire form. You are able to
attack instantly from any position or situations with any weapon. So long as you could have done the
attack in a moment from a standing, ready position you will now be able to carry it out from
anywhere. Curled in a ball beneath some blankets whilst gripping a sheathed blade? That’s no
barrier to instantly pulling off an advanced combo at all. So long as you have a second to recentre
after using this, you can prepare the Iai strike once more to allow you to again strike from any angle
or direction in an instant from any position. It should be noted that these Iai attacks are many times
faster than your normal attacks would be, even superhuman fighters finding it near impossible to
see the blows of a master swordsman."
200,Kyotouryu,Katanagatari,Martial Arts,"Kyotouryu is the secret thirteenth Deviant Blade. This is no blade or even an object, instead being a martial art
created from the teachings and techniques of each previous blade. Focusing entirely on the
unarmed use of the fighter’s body, the martial art trains the user to be superhumanly powerful and
lethal and to convert the techniques of swords into techniques usable by their unarmed self. Properly trained, a user could kill an enemy hundreds of times over in the span of a single second or
easily defeat all twelve users of the other Deviant Blades."
200,Defense Breaker,Bloody Roar,Martial Arts,"You have a list of combo moves and attacks dedicated to breaking - or bypassing - enemy defenses. As well, you are capable of developing new ones on the fly based on the 'shields,"" guards,' and any other defensive measures you come across. These breaker attacks have an open-ended nature, allowing you to combine a great variety of other attacks with them."
200,Sadow Fighting,Blue Eye Samurai,Martial Arts,"Your fighting experience lets you predict the first few moves of the fight by just seeing your opponent's stance. This takes the form of a ghostly illusion, there within an eyeblink. Seeing it lets you know what to adjust to avoid what you saw, and turn things in your favor. The better you are compared to your opponent, and the more you know about them, the farther you see. A big enough difference and you can even use this in group fights or even larger battles."
200,Ki Healer,Thunderbolt Fantasy,Martial Arts,"You can channel the Ki into your hands and use it to heal others. This
process is painful for you but even so, with it, you could easily use it to accelerate the
healing process of an injured person. Wounds would close in minutes, poisons would be
purged, and curses would be wiped away."
200,Red Brotherhood,Conan,Martial Arts,"Yours is a natural gift and talent for the fighting arts. You are skilled with any weapon used by fighting-men (or women) of the Hyborian Age. You are better with hand to hand weapons than ranged - you won’t be matching a Turanian bowman without some more training - but you’re still better than most with any weapon you’d care to name. You could be considered one of the finest swordsmen in the western kingdoms, and even Conan himself wouldn’t dare try and fight if you had a sword in hand and he was unarmed. In fact your skill and fighting instincts are sufficient that you could fight side by side with the barbarian, and while this alone wouldn’t allow you to keep up with him, he’d likely consider you a better comrade in arms than most he has possessed. With this alone you could travel the lands as a woman pirate and mercenary and carve out a personal legend for yourself, and were you to be Conan’s equal in speed and strength you could dance through groups of assassins only half-armored and bring them low, or fight battles hundred to one until the corpses piled up around you and bows finally brought you down."
200,Synchronization,Thunderbolt Fantasy,Martial Arts,"Your martial skills and your musical skills are now in perfect sync. They now feed upon each other and so as you improve in one, you’ll become equally talented in the other. So, if you were a talented singer, then you’d be an equally talented swordsman. And if you were a godlike warrior, then you’d be a truly divine singer whose music would be remembered and adored for centuries."
200,Warrior House,Duel Monsters - Duel Terminal II,Martial Arts,"The Gusto do not fight only with their birds, however. Among them there is a particular group known as the Warrior House, who uniquely train to fight alone in order to protect the village. While you might not necessarily be a part of this group, you would certainly be distinguished among them. You have a natural talent for fighting, allowing you to learn any such matters twice as fast in comparison to your peers, and can easily adapt skills and abilities not intended for fighting to the field of war. More than that, others who would reward you or grant you boons for such will recognize your capabilities, ensuring you will not find yourself bereft of gain even if you solely dedicate yourself to war."
200,Guerrilla Combatant,Sundered,Martial Arts,"In war, you are skilled at tactics aimed at preventing armies from pushing you and yours back. Once you are fully bunkered down, you are a nightmare to deal with, making every inch incredibly costly."
200,Strength of Steel,Sword & Sorcery,Martial Arts,"Let the sorcerers conjure strange magick and spirits. You shall meet the world with steel in hand
and a battle cry resounding from your lips. All the tools of the warriors of old seem to be as much
a part of you as a lion’s claws. Armor and shields rest lightly upon your form, weapons seem to
dance in your hands almost of their own accord. Among the warriors of this land, you stand as a
fierce figure of incredible skill. Your talent is great, and should you have the will to rise above the
common masses of sell-swords and bloodied thugs one day you might be the greatest warrior
these lands have ever seen."
200,Monkey Style,Generic Wuxia,Martial Arts,"You fight like an enraged monkey, with great strength and ferocity. You attack repeatedly, in great waves of rage, using your hands like claws and even biting an unwary foe. You tend to squat during fights, taking a low stance and using many acrobatic techniques."
200,Kong-San Style,Generic Wuxia,Martial Arts,"You are a lethal weapon with, well, no lethal weapon. You have just the right skills to use ANYTHING as a tool in a fight, from boxes, sticks, and fans to pieces of paper, feathers, and yes, stepladders."
200,Buddha's Palm,Generic Wuxia,Martial Arts,"You can infuse ki into your strikes, granting them great power. Though it may take a moment to gather the necessary concentration, your attack, be it unarmed or with a weapon, will be more than twice as strong, and may even (should you have great reserves of ki, or exceptional training) have other unusual effects, such as creating “bow shockwave” or striking with great heat as well as force."
200,Clothspear Style,Generic Wuxia,Martial Arts,"You can infuse your very clothing with ki, and use it as a weapon. Simple uses of this skill include tying up an enemy’s weapon with your sash, while more advanced practitioners infuse their sleeves with energy to strike people with but fabric as though they had punched them, or using a scarf or removed jacket as a slashing weapon able to cut through armor."
200,Qinggong Lightfoot Style,Generic Wuxia,Martial Arts,"You are extraordinarily light on your feet. You can run on walls briefly, and jump much farther than you should. When supplemented with Ki, you can perform more extraordinary feats, such as balancing on single leave or, briefly, running on air."
200,Hunter of the Bulgar Mountains,Hawkmoon,Martial Arts,"In the barren landscape of Bulgar, hunting is an essential skill for survival, and you happen to be quite adept it. You have extensive skill with all manner of ranged weapons, from bows to flame-lances, and are an extremely capable hunter, able to take down all but the largest beasts with contemptuous ease. Not only this, but you also have a knack for taking down fast-moving or flying creatures, predicting their movements before loosing an arrow."
200,Master at Artms,Hawkmoon,Martial Arts,"Very few have mastered the blade to the extent that you have. To you, it is as if your sword is merely an extension of your body. Fending off small groups of trained soldiers is well within your abilities, and you could duel the greatest swordsmen of your time for hours at a time without losing any ground."
200,The Riddle of Steel (Master),Legacy of Kain,Martial Arts,"Alternatively, if are feeling impatient or think training and learning are below you, there is the option to shell out extra 200 CP. If you do then feel free to call yourself a master, as your chosen weapon becomes a complete extension of your body and handling any other weapon will come with notable ease. Only the best like Malek or Vorador are now your equals in combat and in time you might surpass even them. And if that seems steep then remember that the original Sarafan were able to genocide the vampires despite most of them being just normal humans with only their strength of arms to fall back on."
200,Watch Your Back,Darkest Dungeon,Martial Arts,"“Circled in the dark, the battle may yet be won.”
All the knowledge you have; wasted, if you take to the front lines and end up with an axe through your skull. Your skills are better put to use in the back, where all you have to fear are spells and arrows and the incompetence of your party members. As such, you have a nimbler step that allows you to easily reposition yourself and dodge attacks- or set up an ally up to take one in your place. And if you still feel like taking a swing, your uncanny footwork would easily allow you to lance at an enemy even when you’re near the rear of your party... somehow."
200,Bulwark,Darkest Dungeon,Martial Arts,"“Many fall in the face of chaos; but not this one, not today.”
Not every soldier is alike; in fact, when mustering in smaller forces it is often better to have a diverse team of specialists rather than a rank of identical soldiers, to better deal with a variety of threats. Still, this comes with a fresh problem where not everyone on your side will be as equally competent in a fight, or at least not when thrust onto the front lines. The easiest way to mitigate this weakness? Compensate for it; if they cannot protect themselves, you will have to be their shield. You excel when it comes to defending others- and yourself, for that matter- and while hiding behind a shield or other barrier isn’t exactly glamorous it is effective, when you do it at least. Not only that, but seeing as the best offense is a good defense you’ll find is far simpler to react to being attacked, lashing out with a weapon even as theirs bounces off your shield or finds its way into your flesh."
200,Breakthrough,Darkest Dungeon,Martial Arts,"“Their formation is broken- maintain the offensive.”
Push and pull, reposition and flank. A strong formation alone can make a group of fighters far more affective than if they marched as they pleased. Whether it’s pulling those from the back ranks to the front so your allies can set upon them, or pushing sturdier foes to the back where their strength is useless, you excel at positioning your enemies in advantageous ways through force or trickery. Naturally, this also gives you a good sense of the weaknesses and strengths of your group’s current positioning, as well as how you can more easily get them in proper form should ambush or other attack somehow set them into disarray."
200,Shadow Fade,Darkest Dungeon,Martial Arts,"“The darkness holds much worse than mere trickery and boogeymen.”
To disappear into the shadows, as if you were a thing molded from them; easy when you haven’t been seen, far harder when hateful eyes are already upon you. Your skills are such that doing so is possible however, slipping into shadows or side-passages or otherwise hiding in a way that almost suggests invisibility in the span of a few seconds- someone could blink and miss your egress. While such maneuvers are hard to maintain while participating in combat, this skill makes rapid retreats much easier for you- a fine alternative to a total route if things are going poorly. Lastly your knowledge of stealth makes it far easier to find hidden enemies in the environment, revealing them to all- a useful skill against more intelligent foes."
200,Trick Fighter,Darkest Dungeon,Martial Arts,"“A brilliant confluence of skill and purpose!”
The horrors of this world are great, but a man with ice in his veins is more than capable of meeting any challenge with knife and pistol in hand. You are a skilled duelist, particularly in styles involving the wielding of two different weapons at once. When their eye is on one weapon, the other one lashes out to strike; a high-risk, high-reward method of combat that rewards risking your neck by leaving your enemies vulnerable to a counter-attack. However, your mastery of this fighting style allows you to do much more; making it easier to switch between different weapons at the drop of a hat, letting you use any number of tricks or tools you have stored away in conjunction."
200,Remember Your Style!,Hajime no Ippo,Martial Arts,"Boxing is a complex sport filled with many different types of techniques and strategies, with no one type wholly dominating the other. Generally, there are four accepted types of fighting styles used to define fighters. This perk grants you an affnity with any one
specific style of fighting, whether it’s the forceful punches of the peek-a-boo, the strength and range of the hitman style, or the more instinctual and unpredictable pure violence. Your mastery of your chosen style enhances your ability to learn speciûc techniques, giving you an edge in the ring.
You may Purchase this Perk again to have talents in multiple styles."
200,Tahlia Leap,Kung Fu Panda,Martial Arts,A technique that allows one to scale sheer surfaces and jump impossibly high. This ability increases a warrior's agility ten fold. 
200,Chao Wa Punch Kick,Kung Fu Panda,Martial Arts,"This oddly named attack is a powerful blow to the middle section of an opponent, paralyzing them and rendering them helpless like a stone statue. A great technique for subduing a foe harmlessly. "
200,Golden Lotus Clap,Kung Fu Panda,Martial Arts,"The weak have no place on the battlefield, their struggle against a true Master is simply blind stupidity to their place in the universe, this technique reminds them of this immutable fact of the universe and shows them how truly blind they are. By assuming a position with their hands above their head, a Master can clap their hands together to make a thunderclap of golden energy. This energy can break steel at close range and throw opponents away from the Master. But its true danger is that anyone whose eyes is exposed to the golden glow will go blind, and can remain that way for days if not treated either through medical means or by a Master to counteract the technique. The stance must be performed and is a well known calling card of the attack in martial circles. Who then will know to shield their eyes from seeing the glow"
200,Lung Chi Block Attack,Kung Fu Panda,Martial Arts,"The weak will always be worthless even in the middle of a fight, the strong can remind them their status with a single well placed strike. This is a two fingered strike that blocks an enemies chi and renders them paralyzed for hours unless contracted by a fellow Master. The attack generates a blue glow where it strikes. It might not work on opponents whose bodies are widely different unless you study their nerve points. Also Panda's are immune to the techniques abilities being so rubbery fat it is unable to penetrate their hides."
200,Sticky Dumpling Style,Kung Fu Panda,Martial Arts,"A Traveler knows that unfortunately one can find themselves in a fight anywhere and at anytime, and one can easily find themselves without weapons. Even tools that could be used as weapons. In this case, you have learned to use a food as a weapon. In your hands, the food takes on a useful consistency. In the case of Sticky Dumpling they may suddenly become almost supernaturally sticky enough to restrain opponents or muck the gears of machinery. Throwing them might make them as hard as rocks or even put a dozen in your mouth and press your belly to spit them out like a machine gun. You may pick another food and will have to decide how it operates in that case. If you buy the food shop option, it will reflex the main dish you serve"
200,Rule of Funny Style,Kung Fu Panda,Martial Arts,"In your hands brief instances of absurdity and humor can be utilized to your advantage. This helps you in some small way to harness comedy against your opponents. In certain situations, you may enact something funny to distract or confuse an enemy despite their not being amused at the time. A quick ""what's that?"" while pointing might make the enemy dead set on killing you momentally look in that direction, or a carefully timed use of a banana peal might actually cause someone to slip and enable you to avoid being chased"
200,All The Fight That Is Left In Me,Triune Scriptures,Martial Arts,"While true cultivation cares only about how much power one can amass, the expression of that power
is a very different matter. One might seek to show off their strength by learning the Titan Hands style,
or their skill with the Returning Gale school. Such things are part and parcel to society, a
simultaneously simplistic and yet horrendously complicated means of showing off exactly how far your
cultivation has advanced. Luckily for you, fate and opportunity have seen fit to arm you with one such
style, from Grasping Chain to Leaping Roc to many many more. I leave the choice of what style you
may grasp to be up to you, though I will note that eventually, a cultivator's raw power will reach a point
where only truly divine skill could make such a style matter."
200,Strength of Arms (Warrior),Arawn,Martial Arts,"It is not the weak edicts of cowardly men that govern the land, but one iron law: Strength. Strength of body, strength of will, strength of steel. None should hold what they are too weak to defend. And you, hopefully, are strong enough to defend what’s yours - or take what you want from others. In both body and skill.

For 200 points, you are one of the best warriors, strong enough to challenge Arawn or his brothers in a
direct fight, but not defeat them. Your body ripples with vitality, muscle, and sinew, making you strong
enough to take on beasts such as the legendary stag king and overpower them with effort. Seemingly
superhuman feats, such as climbing a rain-slicked mountain with a peak above the clouds, are possible
for you now. You are strong, yes, but there are yet still those with greater prowess than you."
200,Cunning,Luther Strode,Martial Arts,"You may be slower, you may be weaker, but you are unpredictable. Some might call it being
deceitful, you always saw it being resourceful. You are quick to identify, capitalize and punish any
weakness in an opponent’s moves, whether openings in their strikes or their strongholds. Those
who blind themselves with anger cannot hope to defeat your tactics."
200,"""This is gonna suck""",YOMI Hustle,Martial Arts,"Your grabs HURT. Specifically, grabs that lead directly into one thing. If you suplex someone, when you'd normally just give them a concussion, you might fracture their skull."
200,Centurion,Ryse: Son of Rome,Martial Arts,"You gain the skill of Marius Titus. This gives masterful use in the sword and shield, able to perform legendary executions in quick succession, allowing you to cut down dozens of men per battle and deflect arrows back at archers. Like Marius you are a leader and can raise morale by just appearing on the battlefield. You also gain a form of plot armor so you don’t get squashed by flying rubble."
300,Truly Grotesque,Baki: Son Of Ogre,Martial Arts,"As a hunter, you seem to have grown fond of a particular simple attack. It could be a tackle, a swipe, a stomp, etc. Whatever it is, you developed a kind of transformation. Your muscles tense and your bones relocate, shaping your body into a form that lets you focus 150% of all the power in your body into that specific attack. It’s somewhat tiring and painful, so you’d do well to save it as a last resort."
300,Weapon Master,Generic Wuxia,Martial Arts,"You are a trained expert in every martial arts weapon under the sun. From spears and other polearms to swords and daggers, and including odd devices like the monk's spade or deer-antler knives, you are a master of all contemporary weapons. If it can be picked up and used to kill someone, you are a master with it."
300,Pressure Points,Generic Wuxia,Martial Arts,"You have knowledge of what pressure points there are on the human body, and how to use them. Assuming you are accurate enough, you can strike pressure points to cause nausea, debilitating pain, unconsciousness, or paralysis. You can also use these points to heal. Advanced practitioners can even cause death with a series of precise strikes, or save a person from a heart attack. Either way, you usually must be using your bare hands or a set of specialized needles (gloves and other weapons aren’t precise enough to hit specific points). Don’t expect pressure points to be useful on nonhumans without special training, or a chance to examine their anatomy carefully!"
300,The Herculean Form,Luther Strode,Martial Arts,"Teachings that refine the human body to feats from myth and the strength of legends.
The key to the method is to focus ones mind, body and spirit towards a single goal.
By bringing all three into alignment, one can bring them under control.
Such control is the key to change. The mind commands, the flesh obeys.
You may naturally train yourself in these methods, but will plateau at a certain level.

For 300CP you may purchase a reproducible copy of the Hercules Method texts. Training with it
allows you to go beyond the limits set by background. You may also train others in the Method
and push students towards cruelty or compassion. Publicly distributed, only one in a million could
become Initiates, while personal tuition could raise singular individuals to Mastery by a decade.
Students of the method turns the sclera black and the iris red under effort. Each level increases
speed, musculature, coordination, strength, senses, stamina, overall physique and great hair.

Initiate Level - Red Vision: The practitioner has begun to see the world as a living canvas of flesh, bone and blood. They can easily isolate and target the living organs, tearing flesh like paper with bare hands and teeth. They have a body equivalent to a top-level athlete. This can be toggled and does not inherently cause the practitioner to think less of others. Drop-Ins are limited to this level without the texts.

Adept Level - Blue Vision: The practitioner now sees the world in clear shades of blue. Their senses are sharpened further, and can see the physical actions of others in advance, often as dancing shadows, but such predictions are countered by others of equal skill. They have an Olympians body and can tear down wood and steel buildings in their rage. Binders are limited to this level without the texts.

Competent Level - Knitting and Binding: The practitioner’s muscles are now like steel, and can tighten them to catch small caliber bullets like Kevlar or jam blades. They can also force flesh and guts to seal and heal through force of will. They can rip and tear metal like paper and can bring down stone temples. They can destroy a small army if they strike first. Some mental instability has been noted, but that is nothing permanent and more due to ego and raising. Students and Peacekeepers are limited to this level without the texts.

Expert Level – The Ranks of the Bound: Biological immortality. The practitioner has a body immune to atrophy, requiring no exercise to maintain but still needs sustenance. They can destroy large armies, dodge and shoot bullets out of the air, or outrun cars on freeway. The Bound and Unbound are legends and monsters of their time

Master Level: Only Cain knows what comes next. Regeneration through force of will, scour a city singlehandedly, laugh off mortal wounds, you are a true being of myth and legend. It may take years, decades of meditation and training, balancing slaughter with insight to attain true Mastery."
400,Lock On!,Asura's Wrath,Martial Arts,"You can harness personal or ambient mantra to create concussive blasts of energy from your hands
or other appendages. These mantra blasts are self­guiding.
Additionally, you gain an ability to aim and place your shots, which applies to any weapon or weapon
system you wield. Mind you­ you are still limited by the nature of a weapon, so self­guiding projectiles are
naturally more potent than basic gunfire or the limited swinging rate of a sword.
Firing Mantra blasts Requires either a personal or ambient Mantra Level of 3."
400,A Fine Red Mist,Katana Zero,Martial Arts,"Shame you’re not as good as the Red Mist- wait, no,
wrong City. Well, regardless, you’re a hell of a street fighter. Bullrushes and diving
with an axe in your hands are very viable options even in an enclosed space for you,
and you know your way decently enough around guns to make even a revolver a
threat to a Gamma NULL. You’re not quite so fast in the reactivity stakes, though..."
400,NULL Training,Katana Zero,Martial Arts,"A NULL is the best of the best New Mecca has ever put
out, and you’re no different; the acrobatics you pull off are ludicrous even for Olympic
athletes, and your overall training has pushed your skills with all sorts of weaponry
and martial arts to nigh-mastery. With one particular style of weapon, though, you
reign supreme even amongst other NULLs; swords, guns, knives, whatever.
If you find yourself needing to throw anything though...well, you just end up throwing
them with enough strength that anything you throw kills or incapacitates a normal
person with one hit. Chair leg, vase, a fucking gun, doesn’t matter what you throw
nor where it hits."
400,Blood-Drinking Palm,One Finger Death Punch,Martial Arts,"One Finger Death Punch is not just a killing art, but also a healing one. After defeating enough
opponents, the student will find their wounds sealing and injuries salving themselves with the
exertion of the practitioner."
400,Backhanded Deflection,One Finger Death Punch,Martial Arts,"The merits of Death Punch shine with its defence. A practitioner deep in concentration and focus
may swat away lesser blows without thinking, their limbs moving subconsciously to continue the
flow of the art. This deflection only works when many foes are felled or with effort from the user."
400,Way of Tomoe,Sekiro Shadows Die Twice,Martial Arts,"You have discovered the secret to the power of lightning itself. Should you find yourself in
situations where lighting or electricity are involved, you’ll know exactly how to catch it through
your blade and release it as an attack. So long as you are not touching the ground, the lightning
will flow harmlessly through you. Not even a lightning strike from a god could deter you so long
as you exercise this technique."
400,Shadow Style,Sekiro Shadows Die Twice,Martial Arts,"There was a shinobi who once asked, “Why do we need to know swordsmanship if we’ll never
fight anyone directly?” That shinobi is now dead. It was a violent one. While not as potent as the
Ashina school of swordsmanship, the Shadow Style of the ninja serves them well whenever a
ninja must directly confront a foe. It primarily focuses on unbalancing the enemy and breaking
through their guard, usually by parrying and countering their attacks. Because of this, it could be
seen as a primarily defensive combat style intended more for duels rather than war. You are now
the master of such a style, able to ascertain the weaknesses of your foe’s stance and how to best
exploit it by creating window of opportunities for “Deathblows”. Deathblows are the decisive
single strike that put an end to your opponent."
400,Way of Wrath,Sekiro Shadows Die Twice,Martial Arts,"Your combat style is ferocious. There’s no discipline or technique. The way you treat your
weapon is no different from one who would treat a stick or a blunt weapon. This is for good
reason, especially if you have no experience with true swordsmanship in the first place. Your
instincts have been greatly supplemented through your experience. Most of what you do is
unconscious and even if you make mistakes, you find that you unconsciously fixed it for the next
time. Even during the heat of battle, your opponents who had the upper hand will slowly find
that you’re getting better and better at overcoming them."
400,Never Give Up The Revolution,Baki The Grappler,Martial Arts,"If there was such thing as a “perfect” martial art, we wouldn’t have so many to choose from in the
first place. Using your preexisting martial arts knowledge as a base, you can learn and nearly
master entire martial arts in days, if that. You can seamlessly cannibalize the strengths of those
styles into your own main style. You can even use your experience to neutralize the weaknesses of
those styles, like a wrestler’s inflexibility, or a karateka’s habitual avoidance of head strikes."
400,Chiharu Flow,Baki The Grappler,Martial Arts,"You share the peculiar trait, that makes the otherwise scrawny and boisterous Chiharu Shiba such
a genuinely dangerous fighter. It’s closer to a mentality, if not a mental disability. You appear to
have little to no meaningful reaction to pain. You feel it enough to detect threats, but you just... don’t
care. The Chiharu Flow relies heavily on fighting with brute force that completely disregards the
fighter’s wellbeing. Breaking your own arm for intimidation, cracking your own skull for a headbutt,
breaking your opponent’s fingers against your own eyeballs, and no matter how badly you get hurt,
you just keep fighting like nothing happened, until your body gives out."
400,Cord Cutting,Baki The Grappler,Martial Arts,"Arguably just as vital as strength is precision, which you have in spades. In the midst of a flurry of
blows, you can aim all your strikes at the smallest of vital points. If you knew where to aim, you
could pierce an opponent’s body to grab individual nerves or veins in a split second, without so
much as grazing nearby arteries. To help with this, your control over the “edge” of your strikes let
your strikes cut like sharpened blades. Chops like a katana, pokes like a scalpel, kicks like a battle
axe. If you train appropriately, you may find yourself capable of seemingly impossible feats, like
carving a chunk out of a glass bottle without shattering it, or severing wire without bending it."
400,So As I Take A Long Breath,Baki The Grappler,Martial Arts,"Some fighters use their bodies as their only weapon, others use guns and knives. You, on the other
hand, fight with the world itself. Select a single commonly found component of nature, whether air,
water, electricity, plants, etc. You’ve mastered the art of weaponizing that aspect in all its forms,
through your superhuman martial arts. Using air as an example, you’d be akin to the greatest
masters of the vacuum palm, allowing you poison someone with oxygen condensed in your palm,
put your lips to someone’s ear to literally blow their brains out, shatter bulletproof glass with the
vacuum formed under you hand, and more. Even if you chose a different element, you’d be able to
accomplish equally impressive and deadly feats with it"
400,Divine Strikes,Baki: Son Of Ogre,Martial Arts,"A technique of ancient Chinese kung-fu. You can control the force of your hits with
impossible precision. You can punch a stack of tiles and chose which one breaks. It’s never
been seen in this world, but at a certain level, it may even be possible to send your strikes
harmlessly through a person to break something on the other side of them."
400,One With the Earth,Baki: Son Of Ogre,Martial Arts,"Your greatest weapon is always the environment itself. You can infiltrate even maximum-
security enclosures with minimal effort, camouflage yourself into any environment, jump
between trees or buildings like some kind of monkey, turn water into a weapon, lay
motionless for hours and burrow through soil or flesh with ungodly speed."
400,"No More Steel, Empty Hands",Baki: Son Of Ogre,Martial Arts,"The next step-up from mere hand-blades. Just as a master calligrapher no longer needs
paper, you can use weapons with your bare hands. Any weapon-based art you know you
can replicate with your body alone. The effectiveness just barely falls short of the real
deal, letting your chops cut like swords, or your pokes pierce like bullets."
400,Crystallization of Strength,Baki: Son Of Ogre,Martial Arts,"Martial arts can’t make you strong, just teach you to make the most of what you have. You have the observational ability to quickly grasp different martial artstyles, picking up on their strengths, weaknesses, and gradually merge the best aspects of each into your own style. Do note this just helps you learn the motions, and you won’t be able to perform learned styles anywhere near as well as those who spent their whole lives specializing in that style specifically."
400,Perfect Parry,Metal Gear Rising: Revengeance,Martial Arts,"In this game parrying is important and unless you learn how to
do it you're gonna be in trouble. Now you don’t have to learn as you are already a master.
You now have a perfect sense of timing for parrying your opponent’s attacks and leaving
them stunned for a counterattack. Just keep in mind that some attacks can’t be parried."
400,Martial Arts - Third Level,Fog Hill of Five Elements,Martial Arts,"As you can imagine, this is a world where the most significant events are decided through
strength and martial prowess. Here, combat determines not only your fate but also your position
in the hierarchy. By choosing this path, you have decided to join the ranks of the warriors who
dominate this world, regardless of your race. To do so, you are offered four levels that will
determine how far your power can take you compared to others.

Oh, now we are making progress. For 400 CP, you have reached the level of figures such as
Wenren Yixuan and the other elemental envoys. You also stand alongside Shan Zhu, who ranks just below the Three Venerables in terms of strength. At this stage, the leaders of your respective group watch you with keen interest. You are no longer just another warrior—you are one of their trump cards. They have placed certain expectations on you, if not complete trust, partly because of your formidable power and partly because they know that if you ever stray from their control, they could crush you. Not without a hard battle and significant losses, of course, which is why eliminating you will not be their first or even second choice should you make mistakes. However, this does not mean you are untouchable. Being important does not make you indispensable, and if you push them too far, they will not hesitate to deal with you.
 
That said, your prowess is undeniable. You are strong and skilled enough for your name to be both respected and feared. You are no longer just a soldier; you have earned a position befitting your power—likely a leadership role or at least the rank of second-in-command within your faction."
400,The Same Technique Won't Work Twice,Saint Seiya: Omega,Martial Arts,"In contrast to the current generation of Saints who may lack proficiency in this innate ability, you possess a unique gift that sets you apart. With the ability to analyze techniques upon witnessing them at least once , you gain an innate understanding of their flaws and vulnerabilities, allowing you to craft perfect counters that render them ineffective against you. This unparalleled skill extends beyond mortal adversaries to encompass even gods, ensuring that no opponent, regardless of their divine stature, can overcome your strategic prowess."
400,Shinobi Training,Saint Seiya: Omega,Martial Arts,"As one of the rare Saints hailing from a hidden shinobi village, you have mastered the ancient art of the shinobi, blending it seamlessly with your Saintly abilities. Drawing upon the principles of ninjutsu, your proficiency and strategic acumen are comparable to that of a Chunin from the renowned Naruto series. With a formidable arsenal of techniques at your disposal, you navigate the battlefield with grace and precision, utilizing stealth, deception, and precise strikes to outmaneuver your adversaries."
400,Alone and strong,Saint Seiya: Omega,Martial Arts,"As a Palasite, you understand that your comrades are not allies but rather stepping stones on your path to ascension. The cutthroat nature of Palasite hierarchy demands self-sufficiency in battle, especially when facing the possibility of betrayal or backstabbing from fellow Palasites. You have honed your skills to excel in solo combat, capable of swiftly defeating opponents of equal strength in mere moments in one-on-one duels. Moreover, you have developed a sixth sense, intuitively sensing when someone intends to betray or deceive you, allowing you to preemptively defend yourself against such treachery."
400,Warlord,Nine Sols,Martial Arts,"The Turbulent Era was known for its wartime leaders, as the armies of the Fangshi Guild and the Jie Kingdom clashed. You’re a strategist and tactician who wouldn’t be out of place in that bloody time. You’re as well-versed in conventional, set-piece engagements as you are in the first key point of the Fangshi Art of War: all warfare is based on deception. You’ve got a wealth of experience in leading soldiers into battle and outmaneuvering foes on a strategic or personal level, from goading them into acting unwisely to luring them into well-concealed traps."
400,Xuan Ya Lian Shan Quan,Live A Live,Martial Arts,"You are now capable of using the ultimate technique of
the Xin Shan Quan school. You begin with a barrage of strikes on your opponent, then you start
to circle around them, slowly accelerating until you're seemingly attacking them from every
conceivable angle at once. It is very powerful, and its successful use marks the graduation from
student to master."
400,Mystical Ninjutsu,Live A Live,Martial Arts,"Any self-respecting ninja needs to know at least one secret
technique. That’s just common sense. The ninja of the Enma-clan in particular seem to have
amassed quite the collection, from clearly supernatural stratagems such as Blazing Firefly, Sand
Arts and Chill Wind, to more straightforward attacks such as the aptly named Shuriken Storm or
the powerful sword technique Bronze Leaf. Now, not only are you capable of using these
techniques, you could probably come up with ninja techniques of your own, too - after all, what
technique could possibly be more secret than one you thought of yourself?"
400,Hurricane Shot,Live A Live,Martial Arts,"Your abilities as a gunslinger have ascended to a level that shouldn't
even be possible. Whenever you're using a gun of any kind, you may use this technique to
multiply your weapon's rate of fire and clip size by a randomized one of the following values:
x0.5, x1, x2, x4, x8, x20. Round down if necessary. Your ammo consumption does not increase
from using this ability; your gun just shoots more bullets than you actually put in."
400,Stealth Expert,Tekken,Martial Arts,You’re a Master of stealth. You could infiltrate highly armed military bases and no one would ever even know you were there.
400,Ancient Techniques,Tekken,Martial Arts,"You have knowledge of old techniques used by Masters of Ninjutsu. Some of these methods include healing yourself, teleport over short distances, become invisible to the human eye and possible more. When you’re at your last resort these techniques might be just what you need to win."
400,Pressure Points and Moxibustion,Ranma 1/2,Martial Arts,"You have spent years learning the ancient Amazon secrets of Pressure Points and Moxibustion, and know exactly where on the human body to poke, tweak, apply heat, cold, herbs, massage, or other treatments to achieve an amazing variety of effects, from simple relaxation to memory erasing scalp-massages and where to stick a hot coal on someone's back and make them as weak as a kitten. Other uses include the Full Body Cat's Tongue, which makes the victim's body so sensitive to heat that a Jusenkyo Curse victim won't be able to stand the temperature of the water needed to return to their normal form, and of course, the reverse of that."
400,Multi-Swordmaster,Swords,Martial Arts,"It is considered skilled to be able to perfectly dual wield two blades. Handily each like one could handle a single sword. However, you have mastered the art of fighting with multiple weapons to the point that your skill with a type of weapon directly correlates with how many of that type of weapon you can wield at once. An average swordsman could deftly fight with six blades, but a greater swordsman could reach ever higher.

One blade, two blades, five blades, twenty blades, fifty blades, a
hundred blades , a tthousand blades, ten thousand blades, a hundred
thousand  blades, enough blades to blot out the sun"
400,Honed Edge,Ghost of Tsushima,Martial Arts,"You're no scrub with a blade anymore, no-no, you’re an expert at
wielding traditional Japanese melee weapons, especially the katana. You also have an
impressive insight and analytical ability into the fighting/combat styles of those you observe,
and even works faster when engaged in combat with a target. The obvious thing that can be
done with this is to find weaknesses in your opponents’ skills, tactics, and abilities--the real
usage however is that you can now use these same insights to develop specific moves and
techniques and even entire combat styles that can counter and defeat your opponents’ strengths."
400,Street Fighing Style,Samurai of Hyuga,Martial Arts,"The average samurai in Hyuga is trained in the fields of Shima, while those rich enough to
afford it can learn from the masters in Yamato. In contrast the commoner is forced to learn the
hard way: in the streets, one bruise at a time. This has led to you creating a highly unorthodox
yet effective fighting style, focused on brute strength and grit over anything too fancy. It works
well against street toughs and trained samurai alike, holding deadly surprises for all sorts of
people. The process of making this fighting style has trained your body and reflexes, letting you
catch blades midswing and walk off headbutts that would knock out lesser fighters."
400,Myriad Hair Styles Technique,Scissor Seven,Martial Arts,"You possess a Qi technique focused on the control and manipulation of scissors, you also
know how to achieve any and all hairstyles. Be it metal, boulders or water, you can cut
them all into the perfect haircut, although water might need some special gel to keep it.
You’ve also got knowledge of the best hair products. How they’re made, what they do
and which one is best for which customer."
400,Deft Improvisation,Fights in Tight Spaces,Martial Arts,"You are a master of mid-combat improvisation. Simply examining a
foe’s movements and attacks for a few exchanges can inspire you with several potential
counters or mimicries of their attacks and fighting style, and when you try out new or untested
techniques in combat, you’ll be able to use them as if you’d spent several days practicing them
rather than stumbling through them for the first time."
400,Unpredictable,Fights in Tight Spaces,Martial Arts,"Your fighting style is somehow very unpredictable to those who are trying
to read and anticipate your movements. Someone who was preparing to attack you when you
are distracted or counter one of your strikes will most often be caught off guard and ultimately
miss that you have actually struck or moved, missing the opportunity to strike back at you."
400,Martial Way,Sword of the Stranger,Martial Arts,"You are highly – near -supernaturally - skilled with an unusual or remarkable fighting
style appropriate for the period. Whether you fight with dual swords, explosives and
early gunpowder weapons, a segmented chain-sickle, a pair of chain axes or simply with a
great guan dao and enormous strength, you could fight and beat a dozen skilled soldiers at once."
400,Formless Hit,Hanachirasu,Martial Arts,"Said to be the strongest, a single technique that can be used in any situation. The truth is a bit different. Nothing but a simple slash, not even a powerful thrust. It’s but a single slash with a blade. If anything is noteworthy about this ‘technique’ then it would be the ease it can be used. No matter the situation, your awareness, the place, or time, it does not matter. This slash can be used from any angle, always striking with full force, ignoring your current state. Surely, some masters would say it touches a peak of swordsmanship, while others would just scoff."
400,All Tokyo Roads,Hanachirasu,Martial Arts,"In every duel, there are four chances for victory. Four times when you can take advantage to strike decisively. Sen-no-sen, when the enemy is distracted or shows a direct opening. Sen, when your enemy is committed and about to attack. Sen-no-go is during the middle of the enemy attack. Go-no-sen happens just after he finishes an attack, just before recovering. All duels are a matter of controlling these four chances. You know this and have thrown yourself to understanding how to conceal and take advantage of this. To a scary degree of efficency."
400,Weapon Mastery,Jade Empire,Martial Arts,"The five distinct weapon styles of the Jade Empire come easily to you, and you find yourself quickly outclassing others who use them. Twin Sabers, Longsword, Staff, Spear, or Twin Axes, no matter which one you use, it comes naturally"
400,Taizan Tenrou Ken,Fist Of The North Star,Martial Arts,"You have learned and mastered a fighting style that allows you to chop
chunks of flesh away from your opponents so fast that it inflicts a sensation of bitter cold before death."
400,Nanto Goshasei,Fist Of The North Star,Martial Arts,"You know one of the five style of the guardians sworn to protect the Last Nanto General. It could be the Garyuu no Ken of Juza of the Clouds which is comprised of rapid kicks and grappling techniques which in the hands of a master can even be a threat to Raoh, the Gosha Enjou Ken of Shuren of the Flames which is a strange art that lets one manipulate flames while protecting you from the heat, the Gosha Fuuretsu Ken of Hyui of the Wind which lets you manipulate the air itself to cut apart foes and enhance your speed, the Gosha Hasui Ken of Rihaku of the Ocean which lets one strike with the force of a tidal wave using flying attacks, or the Gosha Sanga Zan of Fudoh of the Mountains in which you use your strength and size to crush and overwhelm foes.

Can be Purchased Multiple times"
400,Hokuto Shinken,Fist Of The North Star,Martial Arts,"You are one of the rare few that have learned the art of Hokuto Shinken
and retain the ability to use these skills despite not being the Successor. You have complete knowledge
of Hokuto Shinken's techniques and can perform most of them ably, but the most advanced techniques
will require further training or perhaps something else you have yet to attain. You could match the
likes of Toki, Raoh, and Kenshiro in the art although without something more than this you will lose if
you face them seriously."
400,Vibratory Blade Technique,Samurai 7,Martial Arts,"The samurai in this world sometimes show a
rather special technique. By vibrating their blades in their hands they are able to use them
to disperse, deflect, and sometimes even reflect the energy weapons of even such mighty
machines as the Imperial Capital’s main cannon - at least in its lower output. You seem to
have mastered this technique. It takes a little bit of focus, but when using it you may use
an ordinary blade to deflect energy beams of all sorts, even those larger than you are. It
won’t help with more mass based projectiles, so don’t try and use this to deflect an
artillery shell. Some energy beams might be too large for you to parry this way, but at that
point we’re talking about waves of energy large enough to destroy fleets of mechas and
even then you’ll never know till you try.

As an additional benefit this technique makes for a good lock picking technique. Just
vibrate a hair pin in the lock and if it doesn’t break the lock open it ought to pick it."
400,New Sword Style,Katanagatari,Martial Arts,"Why exactly is it that a swordsman must use a sword? It’s hardly impossible to use kenjutsu
techniques with your bare hands, you know that quite well by now. In fact, you’re able to instantly
adapt any sort of combat technique to work through any medium or method you’re capable of using. Sword techniques can be applied to unarmed fighting or staff fighting with ease, unarmed
techniques can be used in tandem with magical spells, combat spells redesigned in a moment to be
used through kicks and grapples. The effects and methods of delivery may find themselves altered
somewhat but the core of the original technique is always transplanted to the new style flawlessly."
400,Weaponised Librarian,Katanagatari,Martial Arts,"Countless sessions studying all the strange and weird weapons of the world have embedded a vast
amount of knowledge into your subconscious, such that just picking up a weapon will bring a wealth
of info forward. You always know how to use any weapon that you are holding. You know it’s uses,
it’s strengths and its weaknesses, along with being able to use it with a moderate amount of skill so
long as you meet any requirements to use it that exist. While your skill with the weapon itself may
be moderate, you're able to expertly combine it with your existing fighting styles so long as you have
a few minutes to meditate on possible connections."
400,Juggler,Bloody Roar,Martial Arts,"You have specific nuances to your attacks and attack-combos. If you time them correctly, you can keep an opponent you have knocked into the air from ever touching the ground again, until you run out of stamina to maintain it. It doesn't matter the opponent's size or weight, either."
400,To the Ground,Bloody Roar,Martial Arts,"Like Juggler, your attacks and combinations have a nuance to them: Instead of knocking an enemy into the air, and keeping them there, your attacks instead keep the enemy knocked backwards and downwards. Again, it doesn't matter how big or heavy the opponent is."
400,It’s No More Than Sword-play on another Scale,Conan,Martial Arts,"Your skill in personal scale combat seems to translate directly to skill at battlefield command and tactics. If you were a peerless swordsman you’d be just as peerless a commander of men on the fields of war, feinting or faking a foe with thrusts of spearmen as easily as with a thrust of the spear, stabbing with your infantry as you might with your sword and slashing with your cavalry as with your ax and in the end either you have won or fallen.

Similarly you’d be equally skilled in the command of a ship in battle, understanding the flow of the battle of such vessels as you would those of a fight between swordsmen. This won’t scale as directly towards logistics and larger scope strategy, but your ability to understand combat as a whole will still aid you there. As a peerless swordsman you’d have a firm grasp of the strategic elements of war, and the greater your skill as a swordsman the greater you will find your grasp of military strategy, though it will not grow one to one."
400,Way of The Bow,Thunderbolt Fantasy,Martial Arts,"Rather than a sword, you've instead chosen to master the art of
archery. With a bow and arrow in hand, you are an utter god of war, capable of shooting
dozens of arrows every second, with such pinpoint accuracy that you'll only ever miss if
your target's reflexes are either on par with or faster than your own. You could shoot an
arrow hundreds of feet into the sky with such accuracy and foresight that you could
calculate where it would land to kill an enemy 5 second later. Should you be swarmed
and forced into melee combat, your footwork, reflexes, and spatial awareness are so
great, that you could easily fire point blank shots without being cowed or stopped by the
sword swings and spear strokes of your enemies. Should you desire to do so, you could
use your arrows like an improvised knife, stabbing with a supersonic speed into
enemies who foolishly believe that you're helpless in melee combat."
400,Warrior Poet,Thunderbolt Fantasy,Martial Arts,"Your spatial awareness, footwork, and battle instinct are legendary.
Even while blindfolded, you could easily perceive the world through sound waves alone.
As you fight, the world seems to move in slow motion, allowing you to effortlessly weave
through the attacks of your enemies with the grace of a swan as you play music and
almost casually launch counterattacks against your aggressors. Spectators would be in
awe at the beauty and elegance of your fighting style because it is truly a work of art
and a spectacle to witness."
400,Master Swords-Wyrm,Duel Monsters - The Abyss,Martial Arts,"The Swordsoul are, as one may expect, masters of the Sword. By taking this Perk, you too have gained this. To start, you have gained a mastery of swordsmanship, both in general and in a style matching your Sword of the Soul Item's form. There is no one in this world that can be considered to be definitively your superior in skill. However, in case you go to a later Jump where that is the case, or you just want to get even better, the rate at which you learn, improve, and retain your skills in any kind of martial art or combat related skills is tripled. As a convenience, this specific bonus is also passed on to anyone you train as well. Additionally, you are now fully proficient in using any and all of your skills in combat, and will continue to be so in the future, even when you first learn new skills. This also comes with mastery of a variety of other combat related subjects and skills, such as situational awareness, footwork, sense of balance, battlefield tactics and general positioning, and your ability to maintain composure and focus during combat. The main part of combat that this Perk doesn't grant you, aside from allies, is that of your actual Physical and/or Magical Abilities. Getting overpowered or exhausted can still be a concern even for the most skilled of combatants, after all."
400,Total Concentration Breathing,Kimetsu no Yaiba,Martial Arts,"Oh, now it gets interesting. After a certain point, training your body in the classical sense
just doesn't make fighting demons any easier. But! Fret not, because with this, you're now a practitioner of a
Breath Style; at the core of this technique, whatever it happens to be for you, is specialized patterns of
breathing combined with precise movements of your blade, evoking something elemental or natural with
each technique. At first, this simply makes you a fair fight for your average. demon - not the Twelve,
certainly, but someone who's had a few good meals in their lifetime - thanks to your expanded stamina,
heavily-oxygenated muscles, and precisely stylized strikes. You'll never break a blade (or spear, or mace,
or whatever else you fight with) because of a bad swing again, and as your lungs grow stronger, so do you.
Of course, this baseline assumes you're practicing an established style..

With an additional purchase of this Perk, your development will have achieved Pillar-level mastery of something more unique, a signature style of sword-fighting that is yours alone, buying this Perk a third time, you'll become the progenitor and grandmaster of a complete fighting style on par with the Breath of the Sun itself - it may not even be a sword-based fighting style. This allows you to teach others your style as well, and like the Breath of the Sun, there will be enough material for other skilled fighters to develop their own variations of it; 'Humans' that purchase this Perk pay only 200 CP"
400,Ghost Cutter,Generic Wuxia,Martial Arts,"You can harden your Ki and let it flow into your hands or weapons. You can then strike even those foes that are not truly in your realm. Your strikes can harm even ghosts and spirits, and other creatures such as demons are more vulnerable to you. You are even free, as long as you maintain sufficient focus, to block strikes by creatures that can phase through matter."
400,Uta Vati,Kill 6 Billion Demons,Martial Arts,"Or as it's called in Universal Metaconstant, the Softest Touch. It's not so much a school as merely a single versatile technique. By training focusing entirely on reprogramming your instincts, you can make your body softer than water, allowing blows to simply push you harmlessly or blades to slide off you with without a scratch. Although you’re still vulnerable to being caught unaware.

But that's only the first part. The second part is using the technique in reverse. By channeling Atum to the relevant body part at the exact moment of impact, it will cause a brilliant burst of soul flame as white as snow that allows a normal man to rupture a mountain side. There is something special that occurs when you manage to trigger this brilliant soul flame burst twice in a row. You enter a temporary state of heightened Atum that blurs the lines between body and soul, increasing your strength, speed, and reflexes greatly. This is signified by a burning halo forming around your head. While in this state, it’s easier to cause the soul flame burst.

But there is one more secret. One that even in your ten years here and even within the heightened state, you might only trigger once. That is when you manage to cause the burst three times in a row. This will push your heightened state so far that you reach a state of enlightenment. How you see Atum changes forever. From then on, you will be naturally using the principles of Ki Rata to empower all your martial arts. Using a breathing method to rapidly cultivate power in a single focused point smaller than a pinprick, it allows any moves to explode with immense destructive power."
400,Dirty Fighting!,Hajime no Ippo,Martial Arts,"Boxing is a sport filled with monsters that a normal person has no chance of beating fairly, so you have no choice but to try anything you can to win! You are now adept at using illegal blows and techniques, knowing how to position yourself to block the ref's line of sight and weave cheap shots into your style without being noticed, giving you a distinct advantage over many of your opponents."
400,Refined and Polished!,Hajime no Ippo,Martial Arts,"Fighters in this world tend to focus too much on their Sunday punches and special techniques, often to the detriment of their fundamentals, something you know is a mistake! Your basics have now been polished to a mirror sheen, making you an outstanding orthodox boxer. With continued practice you can become a formidable force, winning fights through solid fundamentals rather than predictable, easy-to-counter tricks."
400,Wuxi Finger Hold,Kung Fu Panda,Martial Arts,"Developed by Master Wuxi in the third dynasty, the Wuxi Finger Hold is a technique to apply pressure to an opponents finger and then if one so wishes completes the move and releases a powerful golden light, making the target disappear into the spirit realm. Which in most circumstances would be a one way trip."
400,Inner Peace,Kung Fu Panda,Martial Arts,"Tragedy hurts all but you have risen past your pain to discover who you really are and seek the promise of the future. The technique is a question of redirection of force, with it you can redirect incredible force and control its direction. You can catch cannonballs and send them hurtling back at your enemies with even greater force. Deflect the most crushing blows and subdue your enemy. Coupled with the ability to use Chi you could even affect energy attacks with this ability. This is also a great will power boost, able to overcome trauma and personal pain"
400,A Body Made For Wielding Weapons,Triune Scriptures,Martial Arts,"No matter how rich and powerful you might be, if you choose to cultivate your Body you will eventually
realize a truth - no sword, no matter how sharp, will be able to keep up with you. Perhaps somewhere
out there lies a divine blade, but for now? You might as well try wielding a toothpick in battle. And so
martial arts tends to become the ultimate weapon that a cultivator wields. However, what if that were
not true? What if you could craft a fighting style of such sublime skill that even a toothpick could lay low
a primordial demon, or simply learn to use one's hands to provide the cutting edge such a style would
normally need? For you, adapting a style in such a manner flows naturally, accomplishing over the
course of an afternoon what others would spend months and years trying to find a way to mesh with their style."
400,Martial Master,Good Hunting,Martial Arts,"You have honed your body well in the pursuit of standing against the darkness!
Your training allows you to run up walls and you possess the acrobatics and strength needed
to scale buildings by kicking off walls close enough to each other. You also possess the
speed and reflexes to reliably fight against those with supernatural grace and physical
abilities, though you might need trickery to close the gap. With the blade you are easily the
equal to any samurai or other fighter who walks these lands."
400,Martial Arts,Kajiri Kamui Kagura,Martial Arts,"Great martial artists populate the land. All Samurai are taught to fight but
some take their training to amazing levels. Even unaided by the unnatural distortions possessed
by some, a master martial artist can easily slice through stone or move faster than the eye can
see. You have trained your entire life under the greatest masters to learn these techniques. You
are able to crush stone with your bare hands, easily dodge projectiles at close range, and even
focus your killing intent into a weapon. As you train further, these abilities will only grow."
400,Strength of Arms (Arawn),Arawn,Martial Arts,"It is not the weak edicts of cowardly men that govern the land, but one iron law: Strength. Strength of body, strength of will, strength of steel. None should hold what they are too weak to defend. And you, hopefully, are strong enough to defend what’s yours - or take what you want from others. In both body and skill.

For 400 points, you have reached the peak of warriors shown in this world, possessing great skill and
might. You are as physically strong as the 200-point option, but a good deal more skilled now - skilled
enough you could challenge Arawn himself and potentially triumph. That’s before we factor in any
magical relics or the unholy apotheosis he may have undergone later in life, of course. Butchering your
way through hundreds of lesser warriors is nothing but an afterthought for you, as you seem almost
invincible to all those below your skill - unless faced with someone of equal or greater might, of course.
With this level of strength and skill, you could even decapitate a dragon or drive your blade through the
skull of a giant chieftain. Truly, you are one worthy to stride forth and conquer."
400,Battle Tendencies,Luther Strode,Martial Arts,"You have graduated beyond the simple tactics of move and shoot. You can now form complex and
multi-layered strategy on the fly, using everything from the environment, psychology, waves of
expendables and cheap tricks to even the odds. You could make a living as a high-risk head of
security, or make a name in the world of mercenaries."
400,Impotence,Luther Strode,Martial Arts,"It is often not enough to raise and refine your own strengths, your enemies must never be allowed
to use their full ability. You have gained extensive training in the use of poisons, pressure points,
and other sapping techniques. You are even creative in finding new ways to disable, such as the
modern use of tasers or adapting more supernatural means."
400,Enherjar Workout Routine,Volgarr the Viking,Martial Arts,"Well now, look at you Mr. Big-shot. You are a chosen servant of Odin, one who is sent out
into the mortal world to do his bidding, and have centuries of experience training (fighting to
the death that is) with the greatest warriors of Midgard in the halls of Valhalla and of battling
against the many monsters of this world. You can truly live up to the name of Einherjar, army
of one, as your skill makes you a warrior capable of overcoming almost any challenge set before you."
400,Old Block,YOMI Hustle,Martial Arts,"Who needs to predict THAT hard? Normally, when you block an attack, you're gonna take a little longer to act on your next action, and parrying needs you to predict exactly what they'll do. With this perk, don't worry! All you need to do is determine whether they'll hit high or low, and you can parry, stunning them briefly. If you block as a reaction, though, you'll both be able to act immediately."
400,No Quarters Necessary,YOMI Hustle,Martial Arts,"You are a master at projectile physics. Whenever you throw something, you can throw it in such a way that it will ricochet off of any non-enemy thing it hits. Including the afterimages from ""Trap Card"", by the way. If taken with ""Directional Influence"" you can even control where the projectile ricochets."
400,I Can!,YOMI Hustle,Martial Arts,"You deflect bullets REALLY easily. It's basically second nature to you. As long as you have something that can stop a bullet, your body will instantly act to block any bullets coming your way. You do have to know about them, though."
400,Ranga,YOMI Hustle,Martial Arts,"You can perform a lightning-quick dash in any direction that essentially just seems like teleportation. Anything caught in this dash will be cut. The quality of the cut depends on the weapon you're using, with just your hand still being decently effective."
500,Blade Mode,Metal Gear Rising: Revengeance,Martial Arts,"This technique is an ability that alters your perception of time and boosts your reaction speed allowing you to attack in the blink of an eye while making your enemies seem slow. At first, this only alters your perception by half and is energy consuming but with time and training your perception will be altered by 90% and the cost will substantially decrease.

Capstone Boosted: It would seem that you have a dark side. This ability has been upgraded into the powerful Ripper Mode not only making your enemies slower but massively boosting your strength, speed, and durability. This will let you tear through armored foes like they were paper and withstand blows that would’ve killed you before. Due keep in mind the increased bloodlust and aggression but in time you’ll be able to do something about that."
500,Tsubame Gaeshi,Generic Wuxia,Martial Arts,"You can strike with the famed Turning Swallow Blow. Learned from a Japanese master, you can use either a weapon or your own limbs to strike with four blows in the space of one, quadrisecting a target if lucky, or simply hitting them from all sides if attacking a tougher foe."
600,The Art of Death,Grant Morrison's 18 Days,Martial Arts,"Superwarriors are the titans of battle, the great giants who bestride the earth as honorable
rulers, masters of war and peace. But often there is a call for a rather different type of warrior.
Someone not bound up in archaic rules of honor and tradition, someone able and willing to
strike to seize victory despite whatever the lily-livered weaklings might say. That is where you come in.

You have received tutelage and training in the dark places of the world, from cannibalistic
aghoris and black-robed mages, and they taught you to wield the black arts of death upon the
mightiest and the meanest. An assassin beyond peer, you skulk in the shadows and the darkness,
invisible even to the greatest and sharpest of senses.

This is not rule-bound warfare or battle. You are a Master of Murder, a genius in the ways of
killing people with any weapon, or even without one. You can sneak up on anyone, anytime. You
know the secret teachings of the vilest demons in existence, that allow you to wield the Maya,
the art of illusion and trickery, with a deftness that surpasses all belief.

Capable of dodging any and all protections and guards, you can get anywhere, past any numbers
of guardians and protectors. Such is your skill at tracking and spycraft that hardly anyone exists
in the world who can remain hidden with you at their tail. And so long as even the slightest
chance exists, you are practically assured to find a way to kill even the greatest of warriors."
600,Atimaharathi,Grant Morrison's 18 Days,Martial Arts,"Ah. This... well, there are Superwarriors and there are Superwarriors. You are now an
Atimaharathi, a warrior beyond warriors, capable of taking on dozens of lesser Superwarriors
single-handedly.

Not for you the insults and the ignominy of lesser superwarriors. You stand as equal to the likes
of Bhishma, Arjun and Karna now, unequivocally one of the greatest warriors in the land and
indeed, one of the greatest ever.

Not needing to choose among being the Supreme Archer, or the Greatest Swordsman or some
other weapons expert, you’re a match now for all of them, your skills with one weapon raising
your skills with all others to the same level.

Your punches could crack the very crust of the world and you could leap to the moon in a
moment with your stride. You could fight armies for years without tiring, and go without
sustenance for centuries on end. Any weapon you hold shall become as part of you while you
wield it, and you know the secrets to at least one or two of the great Divine Weapons already.

You could fire arrows that cover the skies, fast enough for the tip of each of them to touch the
shaft of the previous arrow. Your skill at swordsmanship leaves the greatest of an age to weep
in impotent envy, and the same is true for your skill in commanding men, in formulating tactics
and strategies for battles and entire wars. It is a rare formation that you do not know how to
both implement and break, and while fortifications that could slow or even halt your advance
are possible, it would take the greatest efforts of the greatest masters in the land to design them."
600,SNOWflake,Katana Zero,Martial Arts,"Sometimes, though...you need a lighter touch. You’re not some indiscriminate samurai, though, you have a bit more class than that; and oh boy, you are very good. Zero would have a hard time killing you even if you were just a normal person in all other respects, with how skilled you are with a sword and how you can teleport to any distance in a flurry of flower petals (your choice on which flower) in an instant. Just be mindful that it will make a very audible noise once you arrive, it’ll take a few seconds for this blink to recharge, and that those petals are fucking sharp. Oriental theming is optional."
600,The Invincible Swordmaster,Tales Of Demons and Gods,Martial Arts,"Your affinity with weapons, your body included, has reached heights never seen before. You can master any kinds of weapons with just a glance. Post-Jump you can teach everyone you want how to reach cultivator levels of physical strength."
600,Sword Saint,Sekiro Shadows Die Twice,Martial Arts,"Ashina Isshin had retaken this realm for the sake of his family and for the sake of the land. It
wasn’t all simply for the sake of the fight, even if he enjoyed it immensely. But as the years
waned, Isshin had grown old, like any human. When he finally retired his blade to allow his
grandson to take over, a new sword saint had emerged, and that saint was you. You are this
generation’s newest sword saint. You have ridden across the lands, conquered the battlefield, and
left behind no one but the slain. A testament to your swordsmanship said to be divinely gifted.
Perhaps you even rode with Isshin himself, or was mentored by him, but regardless, you are now
unparalleled under the heavens with no equal except for Isshin in his prime, or another sword saint."
600,Yurei,Sekiro Shadows Die Twice,Martial Arts,"The greatest ninja who ever lived is the one nobody knew existed. Your footsteps sound like
dripping water. The way you cut through the air as you move swiftly sounds like the gentle wind.
You can even ride the edge of a person’s peripherals and they would never notice you were
there, as if you erased your presence entirely. It’s as if you were truly a ghost, appearing and
disappearing without a trace. If you have the Shadow Style perk, it has been enhanced. It’s now
practically impossible for your opponents to read your intentions and predict your strikes,
catching them by surprise and making it easier to create an opportunity for a Deathblow."
600,Let Them Have Dominion,Baki The Grappler,Martial Arts,"If anything can be called humanity’s greatest strength, it’s their ability to use every part of their
environment to their advantage. You too, are a true master of any environment. Everything is a
vital weapon, tool, or resource in your hands, from a simple puddle of water, a vine, or just some
dirt. You instinctually know how to use everything in your environment to their maximum potential.
Whether that means knowing how best to weaponize it, or how to turn it into a nutritional meal. You
can preform seemingly impossible feats, like flawlessly camouflaging yourself with just a bit of
sand , or treating water like a surface to run across, or launch at an enemy with the stopping power
of a shotgun shell. Even your opponents are just another piece of the environment to eliminate, as
your natural intuition lets you effortlessly toy with their minds and predict their next moves."
600,Real Enough For You?,Baki The Grappler,Martial Arts,"Martial arts shmartial arts, it’s all just a bunch of flashy dance moves. It’s the strength of the fighters
themselves that decides the victor. You’ll find that no martial arts style is more effective against you
or your own style than any other, even if it should be a logical counter to your own. In your hands, any
fighting style becomes a free and complete martial art. Kicks, punches, locks, throws, any style can be
wielded to adequately handle any opponent or situation, while still maintaining the style’s identity.
The only way to beat you in a fight now is to simply outmatch you in power or skill."
600,Joining Spirit,Baki The Grappler,Martial Arts,"The esoteric practice of Aiki. A principle loosely applied to styles such as Aikido, but few have mastered the underlying mechanisms to the extent you have. On the most fundamental level, Aiki is the control of energy.
Whether that means “blending” into an attack to make it your own, puppeteering an opponent’s body against their will by exploiting their reflexes, or minimizing the impact of attacks that do manage to hit. With this, even a skinny old man could bring some of the strongest giants to their knees with minimal effort. This even comes with the skill to read and predict an opponent’s moves like a game of Shogi. This may seem invincible in normal unarmed combat, but some attackers are simply too strong, too tough, too smart, or just too wild to be subdued by this. Beyond that, Aiki’s strength is in counterattacks, with few methods for initiating battle."
600,Master of Sorcery,Baki: Son Of Ogre,Martial Arts,"Aiki, the esoteric practice that gave birth to Aikido. Along with the basic traits of using an opponent’s power against them, with just a light squeeze, you can exploit a foe’s reflexes to bring giants to their knees or flying. You also have a grasp of your own orientation that lets you jump around like a master acrobat and reduce the force of impacts."
600,Martial Arts - Fourth Level,Fog Hill of Five Elements,Martial Arts,"As you can imagine, this is a world where the most significant events are decided through
strength and martial prowess. Here, combat determines not only your fate but also your position
in the hierarchy. By choosing this path, you have decided to join the ranks of the warriors who
dominate this world, regardless of your race. To do so, you are offered four levels that will
determine how far your power can take you compared to others.

Allow me to offer my respects, great lord. Few ever reach this level. Many have tried, but only a
select few have managed to stand where you do now.
For 600 CP, you have reached the pinnacle. You stand at the same level as the Qilin Beast and
the Three Venerable Demons, considered the peak of strength and the ultimate trump cards
within their respective factions. Your power is such that you could shatter mountains with your
fists, flatten forests with your kicks, and move at speeds that others can barely comprehend.
However, beyond the perfection of your physique, what truly inspires fear is the scope of your
techniques and your combat experience. Even without the training that forged your body into
what it is today, it is your knowledge of violence that must be feared. If you so wished, you could annihilate entire armies and reduce cities to ruins with minimal effort. But beware—those as
mighty as you have fallen before, or worse, have been sealed away.
Congratulations. You have ascended to the elite of this world, among the strongest and most
formidable beings to exist."
600,God of War,Saint Seiya: Episode G,Martial Arts,"All those years of war aren’t for nothing. Even in the modern day, mankind still tells legends of your
prowess in combat and the gods you once fought against bear the scars of your battles together. In
terms of pure skill, you are the equal of the greatest fighters that have ever walked the Earth or any
of the many realms within this universe. You can effortlessly measure the power of your foes and
compare it to your own, notice every strength and flaw and opening in any ally or enemy you
observe in combat for just a few moments as well as how to take advantage of those openings to
lethal effect. You make no mistakes in combat, always acting to a measured and frighteningly
efficient degree, as if you had perfectly planned out every step and swing years in advance. Your raw
skill applies to any form of combat you are able to do at this moment and will allow you to easily and
quickly master any new forms you attempt to pick up later."
600,Copycat Technique,Ranma 1/2,Martial Arts,"Like Copycat Ken, you can copy and learn any technique you see
someone else perform, be it magical, martial arts, or even mundane things like efficiently folding paper roses.
Be careful who you copy and who you reveal this ability to though, as Martial Artists tend to dislike people who just steal techniques without taking the time to master them. Also, to be genuinely good at using any of the techniques you copy, you will still need to put in a lot of effort practicing and mastering them. Additionally, this technique can not beused to copy skills that you lack the anatomy, equipment, or power source to perform.
You'll know the motions to go through, but without wings to flap, the feathery-dive-bomb-charge will come out more like a belly-flop. Also, this only allows you to copy the final technique, not any other benefits that would have been gained from learning it the normal way, such as the physical toughness from the Breaking Point."
600,Supreme Amazon Ki Techniques,Ranma 1/2,Martial Arts,"You've managed to impress the Matriarch enough that she actually taught you one of the secret amazon ki techniques. You can start the jump knowing either the Breaking Point technique, which makes you effectively immune to blunt trauma, and lets you shatter any non-organic material by poking it with your finger, or the Hiryu Shoten Ha!, which creates an actual tornado to suck your opponent up into the air and toss them away. Getting the Matriarch to teach you any of these in-jump is easier if you can show you've already mastered one of them, and won't be wasting her time by dying during the training."
600,Ki Projection,Ranma 1/2,Martial Arts,"One of the most difficult types of Ki technique, you can take your strongest emotion,
bunch it up in your hands, and throw it at people, knocking them flying, destroying walls and buildings,
and potentially even creating large craters in the ground, depending on how strongly you feel that emotion.
Of course, if you can't bring yourself to feel the emotion you've learned to channel, you won't be able to use the
technique. The level of ki mastery needed to do this means you'll be able to easily adapt any other techniques you learn to do things they weren't originally intended for."
600,Tsukishima Style/Fugaku Sanjuu-Rokken,Joujuu Senjin Mushibugyo,Martial Arts,"Time to bring out the big weapons, or in this case, the big techniques. You are now a master
of the Tsukishima Sword Style, including its 36 greatest techniques. Made for warriors to use
in the middle of the battle and take down as many enemies as possible, even those stronger
than oneself. Even a ‘normal’ human can do incredible feats with this. Fortunately, you don’t
need to limit yourself to being a ‘normal’ human to get the full effectiveness of this perk, as
you will find yourself easily developing new techniques that allows you to make full use of it
regardless of strong, or weak, you are. Of course, having greater base power will make the
results even more impressive."
600,The Slaughterer,Joujuu Senjin Mushibugyo,Martial Arts,"The purpose of a blade is to cut, cut things, cut people, cut everything in its path. You have
mastered the act of cutting, not only with a sword, but also with anything you can get your
hands on. Even at its weakest, you could take a dull sword and easily cut down stone, steel
and mushis like hot butter. It’s a combination of unbelievable skill and a state of mind, letting
you do feats like using a single petal with your mouth to cut down a whole castle. Here, only
Shungiku Koikawa has any hope of ever catching up to your level."
600,Reflection in the Mirror,Joujuu Senjin Mushibugyo,Martial Arts,"Probably one of the ultimate advantages one can have in a place like this, full of different
techniques and fighting styles. Just like an insect hunter of the past, you have the ability to
perfectly copy any technique, style or move, just after seeing it once. It only works on things
you could feasibly copy, like swordsmanship techniques or fighting moves - and not in
supernatural powers, unless you also have the talent to use them in the first place. Still,
know that it won’t improve your physical specs, so may need to train your body a bit to use
certain techniques without destroying yourself in the process."
600,Thief in the Night,Ghost of Tsushima,Martial Arts,"Having reached new heights in your skills, you are now like a
ghost. Your stealth is now uncanny, you can successfully sneak into and out of just about
any place, no area or structure is secure enough to keep you out of it. You even leave minimal
to no traces of your presence and whereabouts, making the tasks of pursuing and even
finding you incredibly difficult. Lastly, you are now an expert at stealing lives, you are able to
very quickly discover and create methods, tools, and circumstances that enable you to kill
your targets efficiently and completely. No one is truly out of your reach and no defense is
wholly invincible when you are involved, even the inhuman and supernatural are susceptible to
your fatal strike. Even if technically, there was no way to kill or make your target die you will
undoubtedly find a way now.

+Legendary Status: You are now a true ninja in every sense of the word, your agility, hand-eye
coordination, reflexes and sense of balance now exceed what is possible for a human; you are
more akin to a cat in human form by how deftly you move. You are also unnaturally precise
and accurate with attacks and movements especially with ranged weapons including thrown
objects and weapons, this is coupled with having an impressive range with them as well. Lastly,
you take to shadows like a natural, when in obscuring environmental and weather conditions
you become unnaturally stealthy and much harder to detect or perceive by your enemies, this
“haze” also works outside of those conditions but to a lesser degree."
600,To Release Hell,Samurai of Hyuga,Martial Arts,"The Jigoku Itto-Ryu, otherwise known as the Hell’s Release Style, is the legendary sword style of the Takeda clan. Passed on through the generations and fuelled by the lives of humans, it is undoubtedly more of a hellish power than a way of sword fighting. The principal “move” of the Jigoku is The Strike of Non-Thought. The user enters a zen-like state, losing any sense of identity beyond being a wielder of a sword, and gains glowing gold eyes. With these eyes, they can see the weak points in people and objects shown by red lines that indicate the optimal path for a sword to take, though once in the state of Jigoku there is little difference between an enemy and grass that needs to be cut. Golden eyes aren’t the only gift of the Jigoku as the speed and strength of the wielder increase, to the point which no ordinary man would stand a chance in a fight, and the wielder's sword arm grows bulging black veins. The speed and strength of the wielder’s blows can be increased even further with the second principal technique of the Jigoku, The Strike of Non-Action. By closing their golden eyes for a moment, and using their other senses, the wielder of the sword can unleash an iaijutsu strike that is impossible to react to in time. Finally, if one were to possess such a fine control over the Jigoku, they would be able to enter and exit The Strike of Non-Thought at will to create a rush attack that combines the lucidity and caution of a normal mind and the power and aggression of the Jigoku. This hypothetical Strike Of Non-Stop, while powerful, would be a maneuver only a fool could possibly attempt, let alone succeed. This power, capable of taking the lives of an entire platoon of trained soldiers in moments, comes at a terrible price and using it too often will lead to insanity."
600,Once in a Millennia Genius,Scissor Seven,Martial Arts,"You’re a damn savant of a martial artist. Any expert would kowtow a thousand times to make you their student, however, once you’ve accepted such a teacher and learned their technique your focus will narrow, and your talent will do likewise. No matter what new technique you learn, or what new tricks you’ll make your own, all of them will be filtered through that initial technique. If you were to learn the Thumbs-Up Martial Arts for example, all of your techniques would be delivered with your thumbs while they’re in an upwards position. Be it a fire technique or a footwork technique. Even so, your genius will make it so that this won’t lead to any mistakes, translating the learnt martial arts into one compatible with your own."
600,God-Given,Sword of the Stranger,Martial Arts,"Perhaps in a hundred years, they might tell tales of you being an avatar of a war-god. You have a seemingly god-given skill when it comes to personal fighting, able to use all manner of weapons to an incredible degree, and harness your environment to bring yourself the best possible chance of victory. You could cut through ordinary soldiers like a scythe through grass, and only sheer, overwhelming weight of numbers, or some kind of trick or ambush could allow ordinary soldiers to defeat you. Additionally, pain does not hinder you during fighting; rather, it only sharpens your senses and will to live - though you still feel it, and this offers no protection from actual harm."
600,Maken,Hanachirasu,Martial Arts,"All famous swordsmen and kenjustsu schools are so because they reached this. Maken is a single technique that, in a way, borders on the inhuman. Hitotsu-no-tachi, capable of slaying any opponent in a single stroke. Shin-no-ippo, who could strike terror enough to paralyze any enemy. San-dan-zuki, three attacks in a single movement and breath. Much like the Hiru-no-tsuki, capable of messing with the timing and reaction of an opponent. Every age is said to have it’s own Maken, sometimes more than one. You too have reached, touched, that peak of Japanese swordsmanship. But, it’s still just that. A single advantage in battle. Feel free to choose something on this level as your new ace."
600,Nanto Roku Seiken,Fist Of The North Star,Martial Arts,"You somehow possess the knowledge and skill of a successor to one of the six strongest Nanto Masters. There are only five true fighting arts among these individuals but these arts are almost unrivaled in their power. You could be a practitioner of Nanto Haurou Ken the kicking based style that also lets one destroy the enemy with open hand attacks, Kento Houou Ken the free-form style with only one stance that focuses on incredible speed and power, Nanto Koukaku Ken the style which uses vertical long range ki attacks, Nanto Koshuu Ken the style that uses rapid hands strikes to stab the enemy along with flying kicks, or Nanto Suichou Ken the graceful style that has destructive power without equal and lets the user slaughter enemies with devastating slicing techniques.

Can be Purchased Multiple times"
600,Hokuto Ujouken,Fist Of The North Star,Martial Arts,"You have followed in Toki's footsteps and begun turning the lethal style
of Hokuto Shinken into a means of healing. You can not only use your knowledge of the 708 vital
points to heal people better, but you have a knowledge of modern medicine that matches any
professional doctor from before the world ended. Lastly your fighting style exemplifies your desire to
do no harm as you are supremely skilled in dodging, countering, and turning an opponent's power
against them, you win contests of strength no matter the medium by forcing your opponent to defeat
them self this is not effortless though and it can be exhausting to redirect forces too far above your own power."
600,Self-Taught Style,Fist Of The North Star,Martial Arts,"You are no mere disciple in the art of combat, you are a master of your
own style. Through hard experience and rigorous training you've created a style all your own that may
not be the best for others, but in your hands it can match even the most legendary of styles and
techniques. Even if you face a master of an incredible style like Hokuto Shinken, you can fight evenly
with their best and what decides the match won't be who has the more impressive technique, but who is
tougher, stronger, faster, and just plain physically better."
600,Hokuto Ryuken,Fist Of The North Star,Martial Arts,"You have traveled far and wide across these hellish lands and somehow
attained mastery of Hokuto Ryuken. This art is a rival style to Hokuto Shinken and as a master of it
you can utilize the 1109 Keiraku Hakou pressure points as well as generate a Matouki aura. While you
have the power and skill to defeat a Hokuto Shinken successor even if they know Musou Tensei with
your demonic fighting spirit and destructive pressure points you must always maintain an iron will lest
you fall into madness you may never recover from."
600, Gou no Ken,Fist of the North Star,Martial Arts,"By some strange means you have learned Raoh's personal fighting style. This
fighting art demands immense strength of both body and spirit, strength that a practitioner uses to
destroy everything in their path. However since Raoh made this style it contains no means to attain
such power and is useless if you do not have strength far beyond mortal men from some other source.
If you have the strength to use it though, then no method of blocking, no armor, and no obstacle can
protect your foes from the force of your blows."
600,Hokuto Sokanken,Fist Of The North Star,Martial Arts,"The Hokuto Shinken school has splintered before, and this art was a
result of one of those times. Focusing on ki manipulation and controlling oneself this art lets you make
more esoteric uses of your spirit's power than many martial arts. Previous practitioners could use their
ki to control and stop bullets in flight and rearrange the locations of their pressure points while entering
a berserk state that gave them a lot of power while slowly killed them."
600,Veteran of the Great War,Samurai 7,Martial Arts,"You seem to have survived the Great War, or at least anyone who saw your skills would believe it. You possess the agility and physique to keep up with the seven samurai themselves and with Young Samurai you will also possess combat skill to match Katsushiro at the end of the series when he can fight almost as their equal, able to cut down towering mechanical samurai though not without some effort, and possessing the skill to parry projectiles out of the air or catch blades with your bare hands.

Unlike Katsushiro you seem to possess one of the specialties of the other samurai.
Though which one is your choice.

● Danger Sense: Like Gorobei you possess perception and awareness of danger which far excels even the other samurai. This seems to go beyond mere mundane perception and towards a sixth sense for killing intent. Even in dense fog you could feel someone preparing to fire their gun in time to leap in to intercept the shot. This sense for killing intent doesn’t seem to possess a true range limit - if someone attempts to fire at you from beyond the horizon you will sense it as the shot is fired. It isn’t even limited directly to yourself, you can sense attacks towards those around you as well. This comes with an excellent sense of the timing of attacks helping you to catch or parry them.

● Sword Play: Like Kyuzo you excel in swordplay and combat beyond even the other samurai. Enough that even Kambei would have to admit defeat against your skill. Where other samurai struggle against the larger nobuseri, you are able to make defeating them look nearly effortless, leaping and running across their bodies with ease, as their limbs fall away from their bodies, or cutting through their heads and torsos effortlessly striking at their joints or the weak points in armor. You are also able to wield two swords with the ease of one.

● Tactical Genius: Like Kambei you are a master of tactics and plans. While you are not the best manipulator in the series, when it comes to battle - both psychological and otherwise - you are an expert, able to match Kambei himself. Whether it’s freeing a child - safely - from a hostage taker, defending a village from bandits, or freeing women from the emperor’s harem you find plans come to you naturally. This is best for short term manipulation and battles, and your knowledge of psychology is best for short term duplicity and throwing enemies off for a few moments; it’s tactical genius not strategic after all."
600,Swordbeaker,Katanagatari,Martial Arts,"A wild man like you didn’t exactly have many weapons while you were growing up and learning how
to fight. It’s a good thing too, since you learnt that weapons are only for those weak enough to need
them. All you need to do is show them how weak they are without their weapons and they’ll fall
apart. You know a vast variety of techniques to damage or shatter almost any type of weapon in the
world and you’ll find that they work no matter what weapon is being used against you. Even those
endowed with supernatural toughness or powers will shatter as long as you can get a good enough
hits in. Particularly tough or strange weapons may take more time but even the greatest of blades,
those touted as unbreakable, shouldn't last more than a single full combo from you now."
600,Blue Eye Samurai,Blue Eye Samurai,Martial Arts,"Mizu was able to learn swordsmanship from watching various samurai show their moves to
Master Eiji. Despite never receiving any instruction nor seeing any fights, she managed to copy
the moves, discern their strengths and weaknesses, and build up her own fighting style. Now
you have this ability too. You still need to practice, but you only need to see things once.
She didn’t stop at just copying fighting techniques, seeing her adoptive father use his touch to
feel how samurai moved, she learned how to do the same to keep track of her foes’ movements
while fighting up close. You can do the same, boosting the speed you learn such things.
Like Mizu, you can analyze and merge disparate moves and abilities into a coherent fighting style of your own."
600,Battle Senses,Cradle,Martial Arts,"There's a song to every fight, and you've got your finger on it's beat.
You can fight three of your equals with your eyes closed and come out the better for it, simply
by understanding the flow of combat around you, the way the wind rushes around blades and
projectiles, the way the magic in the air tenses before a strike, etc. Even if you were genuinely
struck blind, you would never be the worse for wear."
600,God-Rank Fighter,Mushoku Tensei,Martial Arts,"When your peers mocked you for not learning the three famed Sword-Styles, you manage to persevere and
reach the pinnacle of the Saint Dragon Battle Aura Fighting-Style. Your proficiency and mastery of the
techniques of the Saint Dragon Battle Aura Fighting-Style that combines Magic-Arts/Spells and
Wushu/Unarmed Martial Arts reached completion and you can claim to be a God-Rank Fighter of the Saint
Dragon Battle Aura Fighting-Style. This elevates your Mana Reserves to the point that you can cast half a
dozen God-Rank Spells before being exhausted along with elevating your mastery and control of your Battle
Aura such that it can amplify your physical capabilities to the limit allowing you to to become stronger than
Emperor-Rank Warrior but weaker than God-Rank Warrior in pure stats alone. Completely mastering the Saint
Dragon Battle Aura Fighting-Style has given you the ability to meld Magic-Arts/Spells and Wushu/Unarmed
Martial Arts into one Combat-Style gaining all of the advantages and discarding their disadvantages. This also
elevates your innate talent at learning and mastering any Martial Arts-Styles and Powers though this is more
prominent in Unarmed Martial Arts-Styles and Magic-Spells which would allow you to reach God-Rank,
starting from scratch, within three years amount time though it would be faster if you have a master to learn
from or if you already have a foundation for it. This also allows you to invent, innovate and re-create any
Unarmed Martial Arts-Styles and Magic-Spells that you see and face with a few times of experiencing it or
observing it and it also bleeds to any Martial Arts-Styles and Powers to a lesser degree."
600,God- Ranked Warrior,Mushoku Tensei,Martial Arts,"Well done, you’ve managed to become one and reach the pinnacle of the Three Sword-Styles of the Six-Faced
World. Your proficiency and mastery of the secret techniques of the North-God’s Unorthodox and
Underhanded Tricks, Sword-God’s Relentless and Light Speed attacks and techniques, and Water-God’s Perfect
Defense and Ultimate Counter have reached completion such that you can claim to be a God-Rank Swordsman
of the Three Sword-Styles. This elevates your mastery and control of your Battle Aura that it can amplify your
physical capabilities to the limit allowing you to rival any God-Rank Warrior in pure stats alone. Completely
mastering the Three Sword-Styles has given you the ability to meld any Armed Martial Art-Styles into one
Combat-Style gaining all of the advantages and discarding their disadvantages. This also elevates your innate
talent at learning and mastering any Martial Arts-Styles though this is more prominent in Armed Martial Arts-
Styles which would allow you to reach God-Rank starting scratch within a year’s time though it would be faster
if you have a master to learn from or if you already have a foundation for it. This also allows you to invent,
innovate and re-create any Armed Martial Arts-Styles that you see and face with a few times of experiencing it
or observing it and it also bleeds to any Martial Arts-Styles to a lesser degree."
600,Sword Nemesis,Thunderbolt Fantasy,Martial Arts,"Your swordsmanship is without equal and with it you can easily fight
a hundred men to the death solo and win without a scratch. Your footwork is flawless,
your sword strokes perfect, and your instincts are so great that it’s almost as if you have
a sense of battle precognition. Even with your back turned and your eyes closed, you
could sense and dodge an attack from the bloodlust and killer intent alone. And if your
eyes were open? You could read your opponent like a book because for every
technique they were to levy at you, it would be painfully choreographed to you through
their eye movements, their body language, their breathing, and their footwork."
600,Wild Style,Kimetsu no Yaiba,Martial Arts,"You're more than just a warrior - you're a copycat, a mimic, a combat
improvisationalist. Not only can you think on your feet in a fight, but your style can accommodate basically
any cool technique (or supernatural power, if you could do it with the proper training) you come across. This
isn't quite instantaneous; you have to see someone else do it, for one, and you have to try it out, for
another, but so long as you're capable of it, you can copy it."
600,Nomad Combat Techniques,Sundered,Martial Arts,"You are skilled in a strange combat style; it is as adaptable as you are, able to be used with any other style you are familiar with as these fundamentals adapt to it. It even works with any weapon you wield, be they melee or ranged. Specifically this provides you two things, a guarantee that your attacks will do at least some damage if it connects, and the ability to perform Finishers. Finishers are special attacks that unleash any weapon’s or technique’s true potential, dealing significantly more damage than it could under any other circumstances. As you score consecutive hits, you build up the required energy to perform these Finishers."
600,Fool's Performance,Darkest Dungeon,martial Arts,"“Death and demise- cause for celebration!”

Ah, the humble fool. So often under-appreciated, for all that they bring laughter and music to the masses. So often scorned and mocked, and abused. Perhaps being unhinged is merely a part of the job; you’d have to be mad to dance and laugh through combat, alternatively strumming on your lute and cutting veins, and so here you are. Your tunes inspire both calmness and bloodlust, lullabies to soothe fears and battle ballads to make the blood pump. With every note and cut you make you build up power for a final blow, to be used at your discretion. When the time comes, begin your solo, drawing all eyes to you. And then... the finale, a phantom spear that strikes from the heavens and, if you’ve played well enough, maims or even obliterates a target of choice. This can be done only once per battle, leaving you drained afterwards, so it is best used to save it for the final opponent- or a particularly troublesome one."
600,Serpent Sway,Darkest Dungeon,Martial Arts,"“They arrive with the East wind- a torrent of whirling doom.”
A strange and exotic fighting-style, born from desperation and the venom which courses through your veins. Originally used with a spear and shield, your use of it can be adapted to any melee weapon of choice should you wish; either way, in your hands the weapon will become envenomed like a viper’s fang, leaving the taste of poison with each blow. The style excels at breaking defenses and at defending; sundering armor, breaking guards, and exposing weaknesses and cowards in the shadows while dodging or blocking such strikes yourself. You can even summon spectral snakes to bite at your foes from afar, and by quietly meditating you can take on aspects of a snake’s hardened skin, blighting fangs, or weakness-sensing gaze for a time."
600,Shinobi,Manyuu Hikenchou,Martial Arts,"You eschew the brash methods of bushido in favor of a more subtle art. With
peak flexibility and superhuman agility, you could scale fortress walls and leap across rooftops
without a sound. As an unparalleled spy and assassin, you know which weak points to strike to
bring your enemies down, whether your foe is a skilled swordsman or a ruthless government.
Finally, you have mastered the legendary stealth techniques of the ninja. Against all but the
most perceptive opponents, you’ll only be seen when you want to be seen."
600,Leader of the Clan,Tunic,Martial Arts,"From the time they are young, the frogs are taught how to fight. The elders teach the
younger, generation after generation. It stands to reason then, that the eldest have had
the most time to hone their craft. Perhaps a missing elder had learned to go with the
flow of combat rather than adhere to strict kata before disappearing from history.
Whoever they were, they were instrumental to ensuring that the Frogs survived the ancient war.

It seems, you either have had the time to refine your skill, or are a prodigy of some
sort, as you have attained a level of skill on par with this theoretical elder. While the
skills in and of themselves are potent, you are also capable of teaching these skills.
Years of practice has also improved your physical strength and general conditioning."
600,Cowboy,YOMI Hustle,Martial Arts,"You can easily conceal any pistol, and any other tools typical for a cowboy in most media. You are also vastly more proficient with a lasso, being able to use it for things such as slamming someone into the ground after a high jump, and just throwing them in a way that makes them stay immobilized for a second."
600,Weave,YOMI Hustle,Martial Arts,"You gain access to a technique that renders you entirely intangible to anything that's not a projectile briefly. Any direct attack that hits you during this state will be dodged out of pure instinct, and you can make a followup attack that is extremely devastating when it lands."
700,Spirit Thief,Jade Empire,Martial Arts,"Those most adept at manipulating chi find that even the spiritual energy of others is within their grasp.
The strikes and forms of the Spirit Thief style enable practitioners to tap an enemy’s vital energies and
refill their own reserves. While the techniques of this style do no physical damage to its victims without
being charged with the user’s chi, those who face a Spirit Thief master find themselves without the
resolve to put their hearts into the fight."
700,Heavenly Wave,Jade Empire,Martial Arts,"Fighters skilled in Heavenly Wave learn techniques that can slow their opponents to a crawl. While this
Support style does no damage on its own, a master can manipulate the chi in the area around
opponents, rendering them sluggish and easily defeated. Even the most lightning-fast of foes can be
slowed to a turtle's pace with the skillful application of Heavenly Wave."
700,Hidden Fist,Jade Empire,Martial Arts,"Warrior willing to tread a darker path learn that a confused mind is a weakened one. This infamous style
is a collection of techniques that render the practitioner's foe disoriented and unable to fight back. A
master of Hidden Fist is not above using dirty tricks and forbidden strikes to serve the goal of total domination."
700,Paralyzing Palm,Jade Empire,Martial Arts,"This esoteric style has a sinister reputation, but many more peaceful masters prefer it for its ability to
render an opponent helpless without killing him. More unscrupulous masters take advantage of this
style's paralyzing blows to weaken foes for the killing blow. It is designed around its magical palm
strikes, which can stop a man in his tracks with a single hit."
700,Storm Dragon,Jade Empire,Martial Arts,"The forms and strikes of Storm Dragon enable the master to call upon the power of lightning to damage
an opponent. While this style's attacks don't cause any direct damage, its motions summon forth
electricity to course through its victim, doing small but constant damage over time. Storm Dragon will
rarely win a fight on its own, but combined with other styles it can easily change the tide of a difficult battle"
800,Divine General of Heaven,Asura's Wrath,Martial Arts,"Your tactical and strategic acumen is legendary, and you have a supernal sense for combat both in
the personal and wide­scale theatres.
Battle plans composed by you are sublime, and can be instantly understood by allies, while requiring
your opponents to waste precious time deciphering your moves. While not undefeatable, you can quickly
turn complications and failed strategies into secondary objectives and victorious retreats.
Further, your talent is such that you can time a plan down to the second, ensuring whatever you need be it
soldiers or tools, are where you need them when you need them."
800,Harmonic Combinations,Jade Empire,Martial Arts,"From the scroll of the same name, “Harmonic combinations demand the use of two styles in rapid
succession. The first must be of the class called Support, the second from the class known as Martial.
Timing is the key: begins with a focused disabling effect, and follow quickly with a powerful barehanded
blow. The two actions working in concert will create a harmonic channel in your chi and wreak havoc
upon your foe. You must be swift, as the window to create the harmony is limited. Disable your foe,
close swiftly as you change style, and strike with all available force. Let nothing stand in your way, but
beware. Opponents of great strength may possess the training to resist this technique. Thought will
guide you to victory"
800,Rakansen,Generic Wuxia,Martial Arts,"A rare ranged martial art, this style utilizes coins and small pebbles as thrown weapons. You are a true master; when such items are flicked by you, they can reach velocities of 4000’ per second, comparable to high-powered rifles. Your skills with muscle-powered ranged weapons INTENDED to be weapons is similarly godly. Your throwing blades can punch through inches of steel plate, and when armed with a bow you’re a credible threat to tanks. Throwing bombs or grenades hundreds of feet is an easy task. You are highly accurate, and can even use such projectiles to strike other projectiles out of the air."
800,Deja-Fu,Generic Wuxia,Martial Arts,"Despite not being a wrinkly old man, you are a master of Deja Fu, a martial art in which the user's limbs move in time as well as space, allowing them to go back in time and punch the opponent repeatedly so that the opponent feels the effects of past blows while standing in front of the apparently motionless Déjà Fu practitioner. Similar tricks can be used to render the opponent's attacks ineffective or otherwise incapacitate him. It is best described as ""the feeling that you have been kicked in the head this way before.” However, you cannot carry anything through with you in your strikes through time; they must be made with your own uncovered hands, and while whatever strength you have takes full affect other abilities cannot carry through. It is also worth noting that the effects only transfer your strikes a few seconds, like a temporal bow-wave; similarly, if you dodge, you dodged a second too late, but somehow made it just in time."
800,Sinanju,Generic Wuxia,Martial Arts,"You are trained in the ancient Korean art of Sinanju. Your skills and abilities surpass human limits; every part of your body is a lethal weapon. You know how to slit a man’s femoral artery with your fingernail, and climb sheer cliffs with your skin’s elasticity holding you fast, and you exude pheromones making you attractive. Further, you can utilize a battle technique known as the Ribbon, where even your dodges are deadly; all your opponents find that their strikes at you instead are redirected or dodged so that they impact into their own allies, even as you close for a lethal finishing blow."