CP Cost,Name,Jumpdoc,Chapter,Description
Free,"""Is That a Knight?""",Soul Calibur,Providence,"It’s a bit strange. The people in this time seem to be kinder than one might think. You
could look like a mutated monster of a knight, but people would still act normal around you.
A few of them might even be willing to offer you a room for a night. There are a few
limitations to this, however. If you have a bad reputation or take on the form of one who
does have a bad reputation, such as a well-known thief, they will treat you like a person with a bad reputation. All this perk does is ensure that you will always be treated fairly, no matter what you look like."
Free,No Little Shits,Ryse: Son of Rome,Providence,"This perk makes it so your children won’t end up like Commodus and Basillius if you have any, and will instead grow up the way you want them. Your fertility can be toggled in case you don’t want children."
Free,Hidden Existence,Mushoku Tensei,Providence,"There are times that you don’t want others to find you or even find that you exist. This grants you protection
similar to the Dragon God's Armlet but more as this prevents someone from using their ability to see your past,
present and future, reading your mind, intruding on your dream or summoning your soul to their realm. While
the range of this protection only reaches up to the immediate surroundings, you can grant this protection to
someone else, like a trusted companion, family or even your spouse. By default this is inherited by your child
and their descendants."
50,The Dreams Were Real,Katana Zero,Providence,"Funny thing, Zero happens to have amnesia, enough for him to be totally unaware of who he really was or what NULL even was until the very end. You don’t have that problem. Perfect memory, you won’t lose memories from circumstances like drug abuse and such, the works."
50,A Face You Wouldn't Believe,Baki: Son Of Ogre,Providence,"A warrior takes pride in his scars, but do you really want to ruin these looks? Your face is
abnormally resistant to injury. This won’t help if someone is deliberately targeting your
eyes with enough strength crush them, but anything less will heal up seamlessly. Hell, you
could walk through reinforced glass face-first if you felt so inclined."
50,"Wilderness, It's a Funny Thing",Baki: Son Of Ogre,Providence,"Before humans became so reliant on fire, they couldn’t be too picky about their diet. You
have a body that can digest raw meat without issue, regardless of source. Really, you can
pop just about anything from nature into your mouth, and unless it’s poisonous enough
to instantly drop a lion, you won’t face any health issues from it."
50,Welcome to the Future,Baki: Son Of Ogre,Providence,"You’d think being frozen in crystalized saline for eons would have severe after-effects, but
apparently not. You recover abnormally well from being frozen. Getting your life signs
working is another matter, but if they can get your heart pumping again after carving you
out of ice, and you’d be able to stand up like you just took an extra-long nap."
50,Check Your Gear,Ironsworn,Providence,"A little flexibility. If you need a particular piece of kit from your bag, you’ll find everything packed so it’s on top. If you forgot to pack it, there’s a reasonable chance you’ll find it anyway."
50,Wayfinder,Ironsworn,Providence,"Your quest has taken you far, through deep woodland and over high hills. You are never turned around or lost in the wilderness, and can always find shelter, water and game."
100,Wise Heavenly Scholar's Naming Skills,Against The Gods,Providence,"It’s always a hit or miss with Xianxia names, and
it’s no exception in this world. A name can be awesome or it can be completely dumb. On one end
you can have something like a ‘Blue Wind Empire’, on the other you can have something as metal as
the ‘Golden Crow’s Record of the Burning World’. You are above such things, however.
Not only are whatever names you decide to give something accepted without question by even the most irreverent people, they invoke exactly the kind of feelings you want them to invoke, regardless of their actual nature."
100,The Endless Cycle,Grant Morrison's 18 Days,Providence,"Death is not an ending. Should you ever fall, you will be reborn when all mortal memory of you
has faded into history (i.e. when no mortal who knew you in life still lives). Upon being reborn,
you will slowly regain the memories, prowess, and skills of your former life or lives as you
mature, such that by the time you reach adulthood you will remember everything and be able to
do all that you could have done before."
100,Usurper of Fate,Grant Morrison's 18 Days,Providence,"There are those who say the fate of all is already written in the stars, there to be glimpsed by
devices such as the infinitely powerful circuits of the Archive Rishi Markandeya. But not you.
Call it a miracle or a wonder, but you stand untouched by the vagaries of fate and prophecy.
No oracle can foretell of you, and no webs of fate can find purchase on you. You can ignore any
fated encounters, and walk the earth untouched by the will of those who see all."
100,Humility,Grant Morrison's 18 Days,Providence,"A Superwarrior humble enough to seek the blessing of his elders may sometimes be gifted
secrets from the enemy unbeknownst to even them.

Where you walk, the law and the truth will also walk, for you will always remember the code of
the old gods, and the honorable ways of battle. Those you treat with honor and respect will
always treat you with the same, for even if they otherwise wouldn’t, your humility will shame
them into righteousness in this regard if nothing else.

Regardless of what hardships you face or what needs arise, you remain steadfast in your
morality. That is not to say you’re inflexible or foolish. Just that you’re good enough,
somehow, to find ways to achieve just about all you need to without truly compromising it. You
might have to accept results not quite as complete as others, but they won’t really be
diminished by any severe extents."
100,"""We could have been a real fucking team, you know?""",Katana Zero,Providence,"You need an employer. That’s hard to come by usually, at least when you’re looking for something
that truly suits your skills. No problem; you’ll always find opportunities, people who
are in the market for what you bring to the table, whether that be tasteful things like
“assasination” or just, ah, having fun. Your choice, man."
100,Ever Flowing Quiver,One Finger Death Punch,Providence,"Arrows, throwing daggers, shuriken and similar ranged ammunition is plentiful, triple the expected
amount when scavenged from battlefields and opponents. Sometimes the only difficulty is getting
rid of the bounty you have on hand."
100,Soul Portection,Tales Of Demons and Gods,Providence,"It is common for people to attack each other’s Soul Realms, and a true master should know how to guard it well. Now, you have little to no need for it anymore: your Soul Realm is impossible to break while you are not incapacitated.

This means your enemy needs to incapacitate you first before damaging in any way your soul realm. This does not have any drawbacks, such as making it impossible to cultivate a technique that requires you to destroy your soul and reconstruct it; you will find that you benefit completely from such techniques while not needing to damage yourself. This also nullifies the dangers of “over-cultivating”, cultivating so much that your soul threatens to explode.

Taking a step further, you will not have any problems with demon spirits inside your Soul Realm. Post-Jump, this perk also covers any sort of metaphysical construct bearing any semblance to Soul Realms and Souls."
100,Supernatural Litter,Sekiro Shadows Die Twice,Providence,"What is this smoke bomb doing here? Why are there medicinal herbs hanging off a cliff? What
are these firecrackers doing in this person’s chest cavity? Not only do you have a sixth sense on
knowing which items are useful to you (and how to use them), but as well as where they are in
your general vicinity. They also seem to appear more frequently and randomly."
100,Face Against Yourself,Baki The Grappler,Providence,"You need not fear the tools of assassins and vipers any longer. Your body possesses the astounding
ability to detoxify through the act of combat itself. You can work through a cold with a street brawl,
and power through a tranquilizer, if you can stay conscious long enough to slaughter the one who
injected you. Even supposedly incurable poisons can be forced out of your body, but this would
involve legendary and continuous battles, along with the assistance of highly effective medicine.
Some toxins will be simply too fast or too strong for you to fight off, but you’ll be able to buy at least
a few minutes of time before you finally fall."
100,Surmount The Unsourmontable,Baki The Grappler,Providence,"The path of the warrior is one that involves willingly throwing oneself into unreasonable, and
oftentimes easily avoidable danger time and time again. As such, there might be little to no merit
in the ability to foresee such perils. You have an almost perfect subconscious sense for danger.
When entering a perilous situation of your own accord, you may hallucinate various physical
obstacles standing in your way, symbolizing the severity of the situation. The more honed your
instincts, the more accurate the warning, even accounting for factors you have no way of knowing."
100,What Attack?,Baki The Grappler,Providence,"There’s more to mastering martial arts than being able to hit hard, you need to know how to take
hits, and ideally how to avoid them. For starters, the muscle control you’ve honed over the years is
precise enough to move your eyes independently or pull your balls into your stomach. Your tireless
training has taught your body how to reflexively minimize damage to your vitals. Usually this is just
a difference of a few millimeters, but in fights between masters, that might as well be life and death."
100,Such Excess,Baki: Son Of Ogre,Providence,"You treat the body with what can only be called extreme rationality. You’d sooner reach into your own wound to check if your insides are okay, take shrapnel into your eye without blinking (though it will still hurt), and treat your opponent’s skeleton as mere grappling points. You have the mentality that looks at the body like the flesh machine it is, expanding the tactics available to you."
100,I Walk Without Hesitation,Baki: Son Of Ogre,Providence,"Crazy on its own is just crazy, but crazy with company is progress. Eccentrics who wish to
direct your expertise and particular brand of madness for their own projects often catch
wind of you. Of course, they won’t just give you money to do whatever you want, but if
they’re looking for you, chances are your goals are already quite close."
100,A Hero's Journey,Saint Seiya: The Original Series,Providence,"All myths of legend began with humble first steps, so
that the journey may eventually lead the hero into greatness. Should you so desire it, destiny
will guide you to dangers and disasters you are capable of facing or solving, which may form the
stepping stones of a great quest should you choose to undertake it. Note, however, that
accepting a challenge will not guarantee you are prepared for it...you should choose your battles wisely"
100,Steel my Heart,Saint Seiya: The Original Series,Providence,"You have already walked into hell and emerged from it
victorious - no half-hearted, honey-tongued words will sway you! Attempts to manipulate your
emotions, whether from holding your loved ones hostage or seeking to compromise your own
sense of honor or morality (if any) will find your heart as hard as stone, with your emotions calm
and your mind still focused and clear."
100,Loyal Pegasus,Saint Seiya: The Original Series,Providence,"The Saints are the guardians of both humanity and their
Goddess, Athena. Above all else, you must safeguard that which is precious to you and your
heart. When you are protecting someone or something of value to you (other than yourself), you
will find your skills and combat abilities just a little bit sharper in doing so. You are also more
effective at taking injury or damage in their place, though this does not guarantee your own
survival or ability to withstand said damage."
100,Spartan Discipline,Saint Seiya: The Original Series,Providence,"The training that the Knights of Athena are put
through is nothing short of hellish and soul-rending. That’s why you can both appreciate the
simplicities of everyday life as easily as you can discipline yourself for the battle to come. In
short, you have no difficulty in separating everyday and peaceful life and the stress of battle -
the horrors of war and the adrenaline of a true fight will not surface in your mind until it is
needed, and simple ‘slice of life’ moments are all the more vivid and enjoyable to you for it."
100,Ferryman's Mirth,Saint Seiya: The Original Series,Providence,"Hey, just because you spend all of your time in the
Underworld doesn’t mean you can’t be a bit friendly...sometimes! You have a disarmingly
affable attitude, as well as the ability to enjoy life (or whatever state you exist in) without trouble
or stress on your mind. After all, when everyone’s dead, there’s no point in worrying about anything."
100,Pegasus' Promises,Saint Seiya: Lost Canvas,Providence," Making promises you probably can’t keep is one of Tenma’s flaws, but no one can ever blame him for not trying to with all he has. As well as you : any promise you make, to yourself or others, you find yourself constantly working toward it, even if just in a minor or indirect way. It’d take constant mental effort not to keep your word, or just renouncing entirely. But what’s Saint who doesn’t hold up his word ?"
100,Golem’s Role,Saint Seiya: Lost Canvas,Providence,"What role, you may ask ? The Golem Specter didn’t even have a minor role, and that’s the point. Much like him, as long as it doesn't concern you specifically, it doesn’t at all. Allies and enemies will leave you to your thing most of the time unless they have a good reason to still do. As an example, you’ll get a free pass from being dragged into that taskforce they’re making, but if Pandora was to order ALL Specters a full assault you’d have to go there."
100,My Pride Will Do the Talking,Saint Seiya: Episode G,Providence,"The Gods should rule above all, why would you ever doubt that? More importantly, why ever bother
even listening to the arguments of others as to why it should not be? No matter what they use, you
are unable to be swayed from any opinion or belief that you hold. This is not protection against
being mind-controlled, just against any effect or charm or raw persuasion that might seek to change
what you think about specific things. You also happen to be just fantastic about giving any kind of
monologue or self-aggrandising speech. Just come up with them on the spot."
100,Taking You Up,Saint Seiya: Episode G,Providence,"Difficult as it may be to admit, the mortals do have power of sorts within them at times. Enjoyable as
indulging your ego is, it’s far better in the long run to treat things seriously. You never have an issue
keeping a clear mind or seriously considering any opponent you might have. No matter your bias or
ego, you’ll never find yourself accidentally underestimating an opponent save for just lacking the
needed information. You won’t make mistakes in combat because of your pride nor do stupid things
like letting your opponent have an advantage because of your arrogance. Your ego just won’t get ahead of you."
100,A Warming Light,Demon Slayer,Providence,"Just because you have to go or your friends pass away, does not mean that your bonds are broken. Whenever you befriend someone, which comes quite easily, you can truly make a connection with them, a lifelong bond and companionship that is only heard of in fairytales. Any relationship that you have, any friendships or love that you create, will never weaken, even after journeying through countless worlds and struggles, the lightness and warmth that these connections give you will never fade even in the slightest, for all of eternity, and not just for you, but for them as well."
100,Food is Food,Demon Slayer,Providence,"As a Jumper it is possible that you have done things that others would consider disgusting or immoral, and maybe you felt bad about them, but fear not, for those days are now over. You have no trouble eating living beings, corpses, or anything. Not only will it not taste revolting, but you won’t feel bad about it if you don’t want to."
100,Take the Fall,Tekken,Providence,"Have you ever considered how common falling from high places can be?
Canyons, mountains, cliffs, helicopters... it would have pretty gruesome results if you were to fall
over one or be thrown of it by a relative. With this perk you won’t have to worry about any
consequences of such events anymore. No matter how high you are you will not be injured and
always able to survive the Fall, be it by luck, skill or both. Fall damage is essentially a nonissue for you."
100,"Anywhere, Anytime",Tekken,Providence,"Fights can be started in the weirdest of places. The familiarity of a ring or Dojo could be replaced by something like Arctic snow and Volcanoes. Fortunately, you won’t find yourself slowed down by environment. You gain a high resistance to heat, cold and could fight to your fullest no matter where you are as long as you could actually live there."
100,As The Morning Sun,Joujuu Senjin Mushibugyo,Providence,"They say there’s power in seeing the good side of things. You may as well be the poster boy of such saying, because it seems that there’s nothing that could make you lose spirit. You are just a ball of endless optimism and good feelings. Such disposition also makes easier for you to make friends and encourage others, since they feel attracted to your personality. Just like a beacon of hope in a wasteland ruled by giant insects."
100,Two to Tango,Okami,Providence,"Sometimes even a Jumper finds themselves in a fix. Ask for help from
those around you and you will be given what you need, if not necessarily what you want."
100,Leap Before You Think,Okami,Providence,"Taking this perk guarantees that recklessness will turn out in your favour, most of the time – but
when it doesn't, expect it to fail hard."
100,Follow the Wind,Ghost of Tsushima,Providence,"The wind itself seems to be on your side as it can not only communicate with you subtly, in the form of whispers and feeling, but can also serve to guide you in the general direction of your heart’s desire."
100,Vacation Days,Scissor Seven,Providence,"After every action-heavy/drama-heavy/plot-heavy time you get a few days or up to a month of slice-of-life-esque days of normal activity depending on how long the plot-heavy time was. In those days nothing too important/dangerous seems to happen and only the mundanity of normal life with friends and acquaintances are going to be experienced, where everyday problems will be your only worry."
100,Penny Pincher,Scissor Seven,Providence,"Bodyguards tend to have low wages, even if you lack money, you keep finding ways to find all living necessities simply by talking to people and looking through newspapers. A discussion here, a newsclip there, and you soon see yourself finding good deals and free meals. This also applies to information to a smaller degree. People you ask tend to guide you towards the right direction to find whatever you’re looking for. Although it does have to be something they might have heard of, you might easily find some free food or a flower shop, but it will take hundreds of conversations for the smallest of hints of something like a divine treasure."
100,Escape from the Depths,Ironsworn,Providence,"Many are the dungeons and mysterious sites of the Ironlands. Should you get in trouble, find a monster, or a cave-in cuts you off, you will find you can always find the quickest route out."
100,Iron-Clad,Ironsworn,Providence,"Being of a similar substance inside, you and armor get along fantastically well. It’s never too heavy, or uncomfortable, there is a noticeable lack of pinching, chafing or issues relieving yourself. Whenever someone tries to attack the chinks or joints, you move so they instead strike the toughest parts of your armor."
100,"Mirror, Mirror",Hanachirasu,Providence,"Vengeance does nothing but taint your heart. It feeds the circle of violence and death. However, you can still take it, no regrets in your heart. You know yourself; you know morality and have become able to tell objectively one from the other. Never shall you be confused about the righteousness or wickedness of your actions, nor you will be bothered by it unless you let it be so."
100,Bizarre Customs,Jade Empire,Providence,"Damn these westerners and their odd traditions! Whether it’s because they fear offending you, or they
don’t understand your customs, the people of the Jade Empire are more accepting of your odd actions -
provided it doesn’t bring harm, of course. Lotus Assassins and other secret police-like organizations will
likely be far less accommodating"
100,Enviromental Resistance,Kenshi,Providence,"Like all members of the Hive race, you’re immune to acid entirely. Acid
rain is perfectly tolerable, and you could even swim in the acid lakes of the Deadlands if you want. In addition,
your body has an increased tolerance to heat and cold, and your skin doesn’t burn in the sun."
100,Metal Fist,Kenshi,Providence,"The most famous martial artist in this land is Tinfist. He combines the natural hardness of
his metal hands with incredible technique in order to be devastating in battle. You too can choose to pursue
martial arts, and if you do so with this perk your arms and legs will never take damage from hitting an enemy too hard."
100, Omae wa mou shindeiru!,Fist Of The North Star,Providence,"Anything you have that causes instant or nigh-instant effects in a foe now has a curious property. Once you use the technique, spell, or ability it will patiently wait to take effect until after you've explained what is about to happen to your foe. Even better, your foe won't take advantage of this time to try and take you with them, or counter your technique. They may run screaming in terror though if you haven't paralyzed them or something."
100,The Stars Shine Upon Me,Fist Of The North Star,Providence,"Fortune favors you, you will find yourself crossing paths with
people you want to meet, your enemies will stumble through every guard you have before they reach
you, people with resources and skills will flock to your banner if you raise one, and other such minor
things will go your way. This does not guarantee the people you meet will be happy to see you. Nor
that your enemy won't kill all your guards and then crush you in a one on one duel. And it doesn't keep
the talented and influential people you pull towards you from realizing you are a terrible person and
leaving as quickly as they came. It merely gives you opportunities, but you must reach out and grasp
them with your own abilities."
100,Livewire,Darkstalkers,Providence,"You’re alive, you’re alliiiive! With this perk, you are immune to electricity in most forms, like lightning
bolts and arcs from tesla coils. In fact, those things heal you­ a jolt from a defibrillator can wake you up from
unconsciousness, and a full on lightning bolt can pull you out of a coma."
100,Judge Me Not,Katanagatari,Providence,"The sins of the father are the sins of the child, are they not? In your case, that’s definitely a no. It
doesn’t matter how infamous, vile or dangerous your relatives are, you’ll never get any flak because
of them. You won’t be discriminated against based on your relations to them, won’t be held in
suspicion of assisting them as long as you have made no obvious moves that you would and in
general, never be treated as anything other than a normal person because of them unless it would
be positive attention but this too can be negated if you’re not the type for nepotism. Even if you’re
father directly detailed a dangerous artefact he’d passed into your hands, no one would come for
you unless you showed it off yourself."
100,Bred for War,Katanagatari,Providence,"Day after day of ceaseless battle honed your instincts. Years after years of war brought your intuition to the bleeding edge. As strange as many of the fighters in this world may be, you’ve seen stranger yet and thus it’s impossible to surprise you. No matter how quirky or absurd or horrifying your opponent or their powers, you’ll be able to instantly adjust and keep fighting without even a moment of surprise. Even if a foe ambushes you, in or out of an existing battle, you’ll be combat ready the moment you can sense them. You’ll never be caught with your pants down or surprised at a sudden new move, though you’ll need to keep your speed and reactions honed if you want to fully benefit from such an immunity to being surprised."
100,Breaking the Silence,Bloody Roar,Providence,"When what you say is grounded in truth, you will find willing ears no matter where you go. People will be more sympathetic to your cause, and your message - whether it's of peace, war, or something else - will spread like wildfire."
100,Word on the Street,Bloody Roar,Providence,"No matter where you are in any urban environment, any information you are looking for can be easily found just be walking the street. Any information you hear off-hand will pertain to your interests, and it seems all of the rumors are dedicated to supplying you by eavesdropping. The opposite goes as well: any information of yours you want spread, you just mention it to someone once and it's off like wildfire."
100,Treasures to Be Found,Conan,Providence,"You seem to have a special sort of luck. Stories and
rumors of treasure seem to be drawn towards you. Opportunities to make money and lay
claim to wealth will occasionally fall in your path. Unfortunately this is specifically
treasure and wealth that you can steal, and it will still require you to put in effort; you
won’t just find a gem laying on the ground, but you might find out that one is being
moved and will be easier to steal or find someone who is carrying gems which could be
liberated from his person. This does include valuables in ruins, though."
100,Merely an Unsouled,Cradle,Providence,"You're underestimated. By Everyone. Maybe it's the way you carry yourself, or perhaps you're simply good at hiding how good you are. Whatever the reason, you'll find that your first fight against someone will usually catch them off-guard. The trick rarely works twice though."
100,Unexpected,Cradle,Providence,"Frankly, you're just plain eccentric. Difficult to predict, thinking odd thoughts, alternative solutions to a problem come as easy as breathing, and somehow your enemies -and your allies- never see it coming."
100,Invasive Culture,Mushoku Tensei,Providence,"Introducing something new to a primitive society doesn’t always go well as there would be others who deny and resist the change. With this you can smoothly introduce anachronistic, foreign ideas and technology to advanced or primitive societies. While you may not be able to upend trends and persistent memes, your words will always carry weight, and you’ll be considered a brilliant revolutionary and inventor instead of a dangerous lunatic when introducing advanced idea’s and technologies. When the ideas and technologies that you introduced to a society even as a small village populated by hundred people become common, these ideas and technologies would slowly spread to the entire society which that small village belongs to. The granted ideas and technologies can be replicated by the current standards of the society or the methods which are publicly known."
100,Wind Charmer,Duel Monsters - Duel Terminal II,Providence,"It is the friendship between bird and man that grants the Gusto their power. The first step in their training, that of genuinely befriending their steed, is the most important. Regardless of any baggage you might be carrying in your heart, friendship no longer eludes you. You are perfectly capable of opening up to others no matter what fears or scars you might have, and will find others also capable of doing the same to you, with them eventually learning to open their heart to others as well."
100,Ancient Evil for Hire,Duel Monsters - Duel Terminal II,Providence,"Being locked away in the deepest depths of the planet does not mean being out of reach. Whenever such would benefit you, others will gain incredible luck in finding or stumbling upon you, be it in person or through more supernatural means. Whether they are simply helping a fellow person or a mage seeking for aid in mystical matters is mostly a matter of circumstance, but you’re a Steelswarm. The only proper thing to do after they help you would be killing them instead of bringing their loved ones back to life, or whatever it is they’re begging for."
100,Oath of Knights,Duel Monsters - Duel Terminal II,Providence,"It’s a difficult thing to accept, but there might yet be a day when you’ll die. When, despite everything you tried, you fell. Should that day arrive, whether you returned home, died a true death, or were trapped evermore, you may choose to cast off your power. Be it only a fraction of your true might or all of it, be it in parts or as a package, this power you’ve yielded will carry on your will. It might act autonomously, endlessly toiling to bring about the ending you desired, or bond with someone truly worthy of carrying on your legacy and grasping the future you failed to reach. Either way, the end of your story will not be the end of your duty."
100,A Respectable Puppeteer,Duel Monsters - Duel Terminal II,Providence,"It wouldn’t be unreasonable to expect a vile thing like you to face prejudice, but it seems that’s not really the case. Regardless of how esoteric your state of being may be, others will not judge you for it, instead treating you fairly and accommodating for your nature. Which isn’t to say they’ll do everything for your comfort, but so long as you show a degree of respect to others, they won’t take exception to you using your corrupted bodies interchangeably or otherwise exploiting your existence in ways some might call unsettling."
100,Endurance of the Fallen [FN],Duel Monsters - The Abyss,Providence,"As it turns out, being someone that has Fallen through a Hole means you can survive falling through a Hole, regardless of how dangerous it may or may not be in there, or how long you spent in interdimensional space. As such, this Perk grants you the protections to match this feat. Firstly, you, and anyone within a 20’ radius of you, are immune to any negative effects from falling from any height. You could drop from orbit and end up just fine, although the area around you likely won't be. Secondly, you can breathe perfectly fine even without breathable air, and suffer no consequences from areas of intense pressure or in complete vacuums. Lastly, you are immune to any and all attacks of effects that involve Teleportation or Instant transportation of matter, Spatial warping, alteration, or deletion, or Dimensional transportation, warping, alteration, or deletion. You can either have this occur harmless or break upon you, whichever you would prefer at that exact moment. And, of course, if you would want one of these to affect you, like if an ally would teleport you to safety, then it can work perfectly fine.

[FN] - As you may have noticed, all of those protections are rather absolute. As such, having the Force of Nature Perk instead gives you an additional effect. From now on, you possess a 50% reduction in any damage you would take, or any negative effects that would be applied to you, no matter what they are or how strong they are. Be it a static shock or a dragon trying to claw you to pieces, it will only be half as effective against you. Additionally, if anyone attempts any absolute effects that either work or don't work, then it will simply fail against you. This doesn't negate the need for other defences or becoming tougher, half of something that can wipe out a village is likely still a threat to you, but this will certainly help."
100,Neo-Spacian Contact,Duel Monsters - The Heroes,Providence,"To be fair, no one can really expect aliens to just appear one day. The sheer surprise everyone felt, whether they’re Elemental Heroes or Evil Heroes, is perfectly reasonable. But people have wised-up, and now the bad guys have learned to deal with it... at least, that’s what they’d like to think. You’ve got the touch when it comes to subverting expectations and wielding the element of surprise, managing to erase evidence of your involvement in all matters through careful planning. More noticeably, enemies just don’t seem to account you in their plans unless you’re by definition a central part of it, whether as a pawn or as an obstacle directly involved with their objectives. Let’s see how those Evil Heroes’ plans work out when you come knocking."
100,Blessed With a Curse,Kimetsu no Yaiba,Providence,"You know, in another life, you might be rather bitter about what's become of you; forced to hide from the sun, to hunt what was once your fellow man to sustain yourself, to live in fear of the Demon Slayers...but honestly? Not having to worry about your own moral high ground can be really liberating. So, you're making the most of it no matter how atrocious an action would be to your ""moral code"" (something which doesn't usually survive long in a demon's life), you feel no qualms about it, and the universe doesn't seem to find it so unusual either. Your brand of villainy is karmically neutral, for when that matters."
100,Favored by the Father,Jotun,Providence,"No, not the Allfather. Misfortune fell upon Thora’s family because her father favored her for being the greatest warrior in the tribe, and her brother fell victim to jealousy and embraced treachery. Fortunately, you will never experience the same plights she did, as people just don’t feel jealous regarding you or your accomplishments."
100,The Chieftain,Jotun,Providence,"Your sex, gender, or the order of your birth will no longer disqualify you from any job or role you seek to take, nor will anyone raise objections to you assuming the position you wish... at least, they won’t raise objections based on those qualities. If you’re not going to a be a good chief, they won’t support you in the first place, but just being a woman wouldn’t be enough for anyone to oppose your nomination as the new chieftain."
100,Ithunn Extends Your Life,Jotun,Providence,"Ithunn, guardian of the golden apples and the restorer of youth, has given you her blessing. You can now survive four, maybe even five direct hits from a jotun, and as long as you are still alive your body will continue to function as though you have not been damaged at all."
100,Huner Down,Sundered,Providence,"When the world around you is collapsing, you are one of those that are better prepared, knowing what to gather, how to pack, and how to hide your location. Collectively this means you are fairly skilled at surviving extended periods of time, given you had prepared back in better days. You are also comfortable with dealing with the cramped spaces you will need to deal with when you retreat from the outside world."
100,Wastelander,Sundered,Providence,"Like many others you have spent much time scavenging for your next meal and drink, wandering wastelands and using temporary shelters. This practice has granted you great skill at surviving. Skill alone won’t keep you alive forever, not with dwindling resources, as such you also have notable luck in finding food, water, and shelter."
100,A Well-Travelled Road,Sword & Sorcery,Providence,"There are a thousand tricks and skills that might see a wanderer safely and comfortably to his
destination, and you know them all. You find that you can always keep your belonging and
possessions in good shape and stored comfortably as possible for ease of travel. You can gauge
the coming weather with nothing more than a glance at the sky and a sniff of the air, tell which
roads are safer merely from the feel of them beneath your feet, and even how to charm and
ingratiate yourself with other passing travelers for a bit of company or information that might keep
you one step ahead of whatever you might run into. More inexplicably you seem to always make
excellent time when you travel, shaving off hours or days that others would consider necessary for
the trip, and even the longest stretches of travel are relaxing and fulfilling rather than wearying.
The world is vast, and should you keep to your feet you could see more than most will ever imagine."
100,A Scholar's Treasure,Sword & Sorcery,Providence,"Glittering gold, shining jewels, and wrought art that can either make men weep at its beauty or
buy a king’s ransom. They are such worthless things before what lies beneath the musty smells
and dust of old parchment and vellum scrolls. You have extraordinary luck in acquiring scrolls,
books, and texts or recorded knowledge of all kinds. Marketplaces always seem to have one door
that leads to an old collector’s abode, dungeons have texts in forgotten tongues left there by long
dead priests, and a jingling purse can always net you at least one more scroll as long as there are
people trading wares. Gold has it’s uses, but knowledge makes even kings look like paupers."
100,Convenient Caves,Primal,Providence,"When you travel through the wilderness, you seem to have
an odd luck in finding caves large enough to provide you, and a few others, with shelter.
This only applies in the wilderness – caves won’t be popping up in towns or parks – but
you always seem to be able to find a cave that provides good shelter against the elements
and is large enough for you to occupy comfortably."
100,Runner,Primal,Providence,"When fleeing you’re somewhat faster than normal, and obstacles and obstructions seem to slow you down less, underbrush not tripping you, walls being easier to climb, etc."
100,Twitch,Worldless,Providence,"Whenever an enemy is preparing to attack, you will see a series of flashes indicating what types they will be: Physical (vertical), Magical (horizontal), or Fusion (cross). These always show you the order the attacks will come in, but not the exact rhythm. You can also see words that appear below you or your enemy that indicate how effective an attack was (Weakness, Resisted, Immune, Absorbed)."
100,Resistant,Worldless,Providence,"Different beings in this world have different levels of vulnerability to certain types of attacks. These damage types are Physical (Any), Physical (Light), Physical (Dark), Air (Falling/jumping attacks), Magic (Any), Lightning, Ice, Fire, or Air. You can purchase this as many times as you desire for any of these types. The effects of this are specifically tied to your form from this Jump. Due to how broad Physical (Any) and Magic (Any) are, the amount of AP you need to pay (or receive) is doubled. For 100 AP, you are resistant to this particular damage type. You take around half as much damage from it in this form"
100,Immune,Worldless,Providence,"For 200 AP, you are completely immune to this type of damage. You take no damage from it in this form.
Requires ""Resistant"" to Purchase"
100,All I Ask Is That You Listen,Legacy of Kain,Providence,"And listen they shall, whether they like it or not. Once per encounter with someone you can make them stop in their tracks to indulge you for a few minutes of conversation. Even those that came with the intent to kill will be compelled to cease for a few moments and give you a short breather. Feel free to monologue, entice the other party into considering a change of perspective, whatever you want really. And if you have any Charisma perks they will find their effect enhanced for the duration ever so slightly, all to better serve your ends.

There are a few stipulations here. If you or your companions try to attack during this time of cease fire then any benefit gained from it will be lost immediately and (assuming they survive) the recipient will gain immunity to this perk – nobody trusts a snake after all. Furthermore, those that truly want you dead or are driven by some outside force to attack will still end up fighting you afterwards, but if there is even a bit of room of doubt in their hearts then you can start turning them around to your way of thinking, or at least give them a reason why you are not the true target of their ire. Never underestimate the power of words Jumper, even in a world such as this."
100,Friends on the Other Side,Legacy of Kain,Providence,"It can be quite difficult to deal with all the different factions or races when there is so much enmity going on. And while it is probably impossible for them to reconcile or get along, you at least will find it much easier to find those that could find common ground with you and with time even build a measure of mutual trust. This is helped if you were previously helpful or at least not actively hostile to their own side, for example how the wraith version of Raziel could have eventually found himself welcomed in the human citadel despite being of clearly monstrous origins. And while some might say that you can do that on your own, this perk guarantees that there will always be at least a few in any given faction that might come around eventually. Where you take thing from there is up to you."
100,Snake in Plain Sight,Legacy of Kain,Providence,"You may or may not be one, but as far as anyone else is concerned you are surely not that much of a threat. Even those that really should know better will keep underestimating you no matter your current appearance, right until you prove them otherwise that is. This covers both individuals and groups alike, though once word gets out of your true capabilities then the effects of this will end up lessened, yet not completely diminished."
100,Wilful Progeny,Legacy of Kain,Providence,"I ask you Jumper, what are children if not one of the greatest treasures a person can ever have, yet also the source of so many headaches. Regardless of your answer this will help mitigate some of the latter. From now on any children of yours, be they blood-related or adopted, will display a powerful sense of loyalty towards you and a tendency to be highly receptive to your words. Even if gripped by madness they will never intentionally harm you and those trying to control their minds against you will find extra resistance then they would otherwise.

Additionally this will also carry over to any beings you create or turn into your kin – like, say, any vampiric progeny of yours. Just be sure not to abuse them too much. For while it will require a whole lot to break their bond with you, this perk is not absolute in effect. Mistreat them at your own risk."
100,Graven Robber,Darkest Dungeon,Providence,"“To the resourceful thief, burials are merely... ephemeral af airs.”
Robbing the dead. Immoral, perhaps, but it’s not like they’re using it- and if they are, all the more reason to take their treasures for yourself! Whether robbing the sarcophagi and coffins left behind by the Ancestor’s long lineage or rooting through the pockets of the more recently deceased- or the guts of some fresh abomination- you always seem to find something of worth. Fistfuls of gold, glittering gems, supplies, heirlooms, and even rarer treasures. Of course the value of these treasures will depend on how hard they were to claim- the tombs of the rich are guarded more fiercely than the holes dug for the poor, and so stronger beings hoard more valuable valuables. Furthermore your unclean fingers have given you a stronger immune system, making you less likely to contract diseases even in the most squalid of conditions."
100,Luck of the Draw,Darkest Dungeon,Providence,"“Good fortune and hard work may yet arrest this plague.”
Luck; that most ephemeral of qualities that all seem to claim, for good or for bad. Just as the roll of a dice determines the winner at the gambling hall, so to does chance play a part in combat. Fortunately the fates seem to smile upon you; a roll of the dice and the flip of a coin landing in your favor more often than not. Although this won’t save you from certain peril or truly unfortunate circumstances your good luck can make the difference between narrowly avoiding harm or death- and what’s more, your own strikes seem to be far more likely to both hit their mark and deal grievous harm. Needless to say, but you could easily win a good stake at the gambling tables."
100,Self-Turning Top,Kill 6 Billion Demons,Providence,"Though the Wheel turns, you do not turn with it. Instead, you turn by yourself. If you are within the
effects of a timeloop, you will exist independent of it, maintaining your current state and memories
although if you do die, it will not end in a Chain Failure. Instead, you will reawaken at the start of the
loop as you were at the start."
100,Only Two Things Are Infinite,Triune Scriptures,Providence,"An old saying on the nature of the universe - the universe itself, and fools. However, if one wishes to
make the most of a cultivation style focused on the mind, then you will need a nigh infinite amount of a
third thing - patience. You are a level headed individual, someone who is perfectly capable of working
hard to accomplish little to nothing and remaining calm after such a “failure”, and who will not grow
excessively frustrated by a seeming lack of progress after months and years. Mind cultivation really
does take that long. No matter how much it may seem otherwise or how irritated you may become as
it’s slowness, with just a moment to clear your head you can cast those irrelevant and quite frankly
detrimental emotions aside and get back to your painstakingly slow cultivation. Better still, you’re all but
immune to attempts to rile you up or insult you - growing angry over something like that is a waste of
time. Though, you may wish to remember such things, in case payback at a later date appeals to you -
nobody called you a saint after all, and a smidge of spite might help your cultivation."
100,Heart Containers,Triune Scriptures,Providence,"Cultivators often measure their powers by Realm and by Stage, but those are vague things that tell you very little beyond a general approximation. There is another measure, however, and an arguably worse one. Simply put, it is a measurement of how “real” someone is. This measurement is impossible to determine but easy to see and if one knows the trick to it, even easier to gain. When one kills a Demon, a fragment of Nothingness that has crawled out from a Demon Realm to try and destroy everything they can, an ephemeral fragment of that Demon, the paradox of its existence, will be all that remains, in the form of a tiny shard of red crystal. With enough of these, they will eventually form into the shape of a heart. Crush that heart and it will be absorbed into you. The benefits of this are numerous, but the most noticeable of them is a small increase to your general health and endurance, and a beautifying effect that will cause you to warp and twist into your own ideal beauty. The more Demons you kill, the more this will intensify. For now, this effect is simply something that just happens, a natural consequence of clashing with Demons due to their unique nature. The effect will extend into future jumps - there won’t always be Demons, but there will usually be at least some kind of monster for you to defend the world from."
100,Techincal Weaknesses,Real Steel,Providence,"Whenever you attack a nonliving thing, your hits are far more likely to land in whatever weak spots they might have and far more likely to cause critical damage to some parts of them or to their whole being."
150,Crystallyzation Of My Soul,Baki The Grappler,Providence,"Synchronicity! The unexplainable phenomenon of unrelated events occurring in such a fashion that
would imply some form of correlation. Going forward, seemingly impossible coincidences will occur
around you to set the stage for legendary of battles. Who could imagine six convicts around the
world would break out of prison at the same time to pick a fight in Tokyo? Or a caveman would be
found preserved enough to be revived, and that they’d be a natural battle-maniac? Can be toggled."
150,An Endless Banquet,Baki: Son Of Ogre,Providence,"What’s the point of strength with nobody to fight? With this, you’ll never be short on overconfident delinquents or mutated beasts that just can’t help picking fights with you."
200,Ripples in the Past,Asura's Wrath,Providence,"Your soul is that of the everyman or woman, achingly familiar or trusted. People feel as if they have
known you (in a past life). Wherever you go, as long as there are people, you have a couch to surf, a
referral, or someone willing to spot you pocket money."
200,The Greater Cycle,Grant Morrison's 18 Days,Providence,"For those who have gained a greater understanding of the cycle, two additional options exist.
Should you fall, you may choose to trigger your rebirth without waiting for mortal memory to
fade. This means that, three months to the day you fell, you will be reborn, and will
subsequently mature back to full adulthood within the following nine months.
Alternatively, you may choose to restart your previous life at its beginning and try again.

Requires ""The Endless Cycle"" to Purchase"
200,A Greater Wisdom,Grant Morrison's 18 Days,Providence,"The tiniest snowflake can trigger an Avalanche that changes the world. You possess an inherent understanding of cause and effect. It is now within you to understand the ramifications of each of your own actions and what will happen as a result of anything you personally do or don’t do. This understanding takes meditation for anything past the first day, but within the first twenty-four hours, you will know instantly. The amount of time needed to meditate grows in proportion to how far ahead you seek to peer, with a full day’s meditation being enough to see a thousand years into the future.

An action can include things you deliberately don’t do, as well as orders you give to others. A word spoken or unspoken, a gesture made, a look, a touch, a blow struck in anger... if a thing would be changed by so much as a breath you make, you will possess the wisdom to understand it... and the wisdom to know that sometimes such things must be. This means that information will never overwhelm you, nor cause you to hesitate at critical moments."
200,Plentiful Weapon Rain,One Finger Death Punch,Providence,"Students of the Death Punch are favoured by heaven, never far from weapons. Caches of blades and
steel are always nearby, and replacement blades may be literally lowered from the sky if needed."
200,Samurai Die More Than Once,Sekiro Shadows Die Twice,Providence,"Your determination has seen you through the worst of the Sengoku Era. During times where your
death was assured, yet somehow you survived when lesser men would have died. It seems no
matter how much you’re cut, stabbed, shot, or burned, you’ll survive again. Once per day, you
can survive an otherwise fatal strike. Even if it was a clear stab through the heart, you will
somehow miraculously live and even in situations where the enemy should have done nothing
else but decapitate you, they instead opt for stabbing you through the chest.

You can purchase this Perk up to a maximum of three times."
200,Before Dawn,Baki The Grappler,Providence,"Yujiro Hanma gained more than strength from all the fighters he’s “eaten”. He’s amassed just as
much wisdom in the process. One of his most obvious, yet somewhat audacious claims has been
made manifest in you. You’ve discovered that no matter how many opponents come to face you
simultaneously, only four will ever really be able to fight you at once. Even in situations where that
probably shouldn’t apply, only your four most prominent opponents at any given moment will be
able to fight you to any notable effect, and you instantly recognize when any of those four opponents
changes. In other words, if you can fight any four of your opponents, group battles will be decided
by stamina, not numbers. Though, you’ll still have to fight through all your enemies eventually, just
not all at once. Do note that the definition of “single opponent” may not always be clear-cut."
200,Around the World For Love,Baki The Grappler,Providence,"For humans, motivation truly is the difference between five feet and one million miles. When you
crave something with the entirety of your being, but find yourself denied repeatedly and shamefully,
you can produce a miracle. This requires you to work harder than most humans could ever believe
possible, while enduring the physical and mental agony of your failures. If your suffering is great
enough, you will be able to squeeze the benefits of several months of dedicated training and healing,
in a matter of days. Whether it’s shattered bones or shattered pride, both can be mended without
even taking a break from your training. Unfortunately, this provides no guarantee of success, if the
gap between you and your goal was simply too immense for you to bridge, or if you were
fundamentally misguided on what you needed to obtain for success."
200, Homefield Advantage,Baki The Grappler,Providence,"Even in the honorable art of battle, bias is impossible to avoid. In any competitive environment
where you would be considered a “native”, and your opponent an “outsider”, you’ll receive an
unbelievable degree of preferential treatment. You can get away with completely changing the rules
of the competition, like transforming a single-elimination tournament into a team battle, or swap
participants for those of your own choosing, or physically assaulting the judging bodies. That said,
you can’t do anything that would negate the inherent challenge or entertainment value of the
competition by giving yourself an overwhelming advantage, and if you aren’t sufficiently respected
to begin with, there’s no guarantee that your hijinks won’t bear consequences outside of the ring."
200,Samurai's Soul,Baki: Son Of Ogre,Providence,"What kind of idiot decides to challenge an armed swordsman with their bare hands?
Those who pride themselves as fighters somehow get it in their head that beating you
doesn’t count if you aren’t armed with your weapon of choice, even if they’ve never
fought an armed opponent. It’s another story if “victory” isn’t their priority."
200,Collector,Metal Gear Rising: Revengeance,Providence,"You seem to have quite the knack for finding important parts. Your
luck and skill in finding rare materials, items, and tools is greatly increased ensuring that
if you ever run out of supplies you can simply go out and get some more quickly."
200,Tempered to the Element,Fog Hill of Five Elements,Providence,"You were trained in an environment conducive for your control and resistance to your element to thrive, a volcano would be ideal for a fire elemental and frozen land with a sea inlet is suitable for water elementals, the same for the other elements so you have become resistant to your own element, Be thankful that this helps you to be quite resistant to pain caused in battle and for other reasons, don't worry if your whole body and the wounds it contains begs you to stop, it won't stop you from moving or fighting at full mental capacity although whether you survive afterwards is another matter, it also helps with the hallucinations caused.

Interestingly, it also makes your head quite resistant to all kinds of blows - it won't make it a shield, but it will at least prevent you from being knocked unconscious or possibly quite badly injured by surprise attacks aimed at your head."
200,Silent Guardian,Saint Seiya: The Original Series,Providence,"Though you may walk different paths, blood is thicker than water, as are the bonds you hold with those you cherish. When someone you care about is in danger and in need of help, you immediately know where and how, along with how grave the threat is. You have a knack for arriving in the nick of time as well...so long as you don’t waste the precious time you’ve been given."
200,Plucky Unicorn,Saint Seiya: The Original Series,Providence,"Okay, let’s be honest here. The battles in this world are between heroes who can shatter planets and moons like glass, and things only go up from there. It can be a little daunting for a simple, modest hero! Not to worry, you have a way to practically guarantee your survival...you just need to lose. Badly. When overwhelmed by a superior foe, they are liable to stop short of actually killing you, sparing you and forgetting all about you shortly afterwards. So long as you make no attempt to resume the fight, you’re free to live and let live...assuming that they aren’t after you personally, or that you didn’t already try this on them once before. Throwing this fight doesn’t have to necessarily be genuine or needing you to fight at your fullest - but it must be convincing and appear humiliating to those watching you."
200,Deadly Beetle's Ground,Saint Seiya: Lost Canvas,Providence,"This war has seen a lot of attackers, but you didn’t forget that to do so they have to put faith in the defenders behind them, and faith in you they have. Gates, passages, prisoners, wherever or whoever you are tasked to protect, you have the skills and luck so that any invader will find itself unable to go past you physically, not without a solid plan, overwhelming number, or esoteric methods like teleportation."
200,Anti Deception,Saint Seiya: Omega,Providence,"At the outset of your journey, a significant portion of the Saints have been swayed to align themselves with Mars, lured by convincing falsehoods painting Athena as weak and the Martians as allies in the protection of humanity. Fortunately, you possess the invaluable ability to see through both lies and half-truths, allowing you to discern the deceptive nature of these claims. Furthermore, armed with a keen sense of logic, you meticulously dissect the inconsistencies and illogicalities present in the narrative, presenting compelling arguments to your allies to expose the deception and sway them from serving Mars."
200,A Loving Heart,Saint Seiya: Episode G,Providence,"This world can be a harsh place at times but it is only through the efforts of those with love in their
hearts that it remains as peaceful as it normally is. No matter what you go through or how you end
up, you’ll find you always have a vast wellspring of positive emotions waiting inside your heart that
you can reach into to suffuse your mind and body with. It makes you far more resistant to attempts
to break your hope or cause you to despair, as well as allows you to easily bypass any protections
that require one to feel love or happiness in great amounts."
200,Saint Holidays,Saint Seiya: Episode G,Providence,"Sure, being a Saint is an important job and shirking your duties like this does technically make you a
deserter but...people seem to find you valuable enough to excuse your absences, so long as you
don’t make them suspect you were doing it to sabotage them or help the enemy. Whenever you
shirk some duty or responsibility assigned to you, people will just accept that you couldn’t come and
not place any blame onto you for your absence. If you’ve agreed to do something or go somewhere
at a set time, this won’t help, but so long as it’s just your general expectations, you can get out of
even events that hold the fate of millions of people in the balance."
200,The Place of Humanity,Saint Seiya: Episode G,Providence,"There’s a temptation sometimes, to believe in the words of those so much more powerful and
knowledgeable than you. When the literal creators of your world and your race are telling you that
you are a vile parasite...it’s easy to give into despair and believe it. You know the truth however. You
always know when someone is telling you a lie and what the truth actually is, so long as that person
knows it, as well as when and how someone is being influenced by their own biases. You’re even
aware of when someone doesn’t really know what they’re talking about and the relative amount of
knowledge someone has on a particular subject."
200,Come Back in a few Years,Saint Seiya: Episode G,Providence,"Everyone loves a good fight. Or at least they really should, especially if they’re up to fighting
someone on your level. It seems that, so long as you’re not at some climactic battle, you’ll find your
fighting counterparts to be surprisingly merciful towards you. If you’ve given your foe a good fight or
even just entertained them for a while, you’ll usually be allowed to run off unpursued by them
personally and sometimes even not pursued even by the other enemy forces. Do it too many times
and they’ll probably decide to put you down for good but the hope of another fun fight gets you out
of trouble a fair few times. If you came close to killing them, they’re probably just going to end you
though. They’d like a fun fight but they’re not stupid. Not unless they already were."
200,The Eorld Will Know,Nine Sols,Providence,"Desperate times call for desperate measures. When Tianhuo
struck, it wasn’t long until the looming prospect of extinction caused mass hysteria. That’s
when the Council revealed itself and its radical plan to ascend past the heavens, garnering
resources, power and support unprecedented since the time of the Fangshi Guild. By
proposing a potentially viable solution in times when the masses are terrified, you may take
advantage of that fear to make the same sort of power grab. Beggars can’t be choosers."
200,Firewall,Tekken,Providence,"Not literally but comes close to getting the point across. Your mind and robot body is
your own. No one can hack you or rewrite your code. Brainwashing will also be useless. Could be very
useful when, for example, you’re creator tries to make you fight your Partner by commanding you to
override your program."
200,It Takes a Village,Swords,Providence,"Oh, the comfort of a cozy tavern! The air is thick with the aroma of rich, welcoming wood, while the gentle crackling of a blazing fireplace fills the room with warmth and comfort. The joyful chatter of a friendly crowd echoes throughout, creating a sense of community and belonging that is truly unique. Much Like the Qwest Sprout, you are extraordinarily lucky in finding entire groups and people who are willing to love and support your endeavors."
200,Storybook Vibes,Swords,Providence,"It’s like you're a storybook character brought to life. Actions that have beneficial tropes associated with them are more likely to come about. A Main character having taken a journey, will have many chances of gaining various allies and tools. A mentor will stumble upon a child worthy of becoming someone great for their side of good or evil."
200,Qwesting 101,Swords,Providence,"You have the patience to do thousands of tasks, going through miles of dungeons, doing escort missions, and super boring life chores. Even better, You will always be rewarded for your patience equal to your effort."
200,Interesting Customers,Scissor Seven,Providence,"Your shop tends to attract the strangest of characters. Every customer is a surprise with an
interesting new story to tell. Not to mention how influential a lot of them will be. Through
this you’ll be able to make connections with all kinds of famous folk, and the better you
do, the more widespread your reputation becomes. Thus inviting even more people into
your shop who all seem like they’re protagonists of their own stories."
200,Heavenly Elaborate Distracting Escape Technique of a Thousand Colored Phoenix,Scissor Seven,Providence,"You’ve got a knack for making up incredibly elaborate techniques on the spot, mainly if
you’ve got one sole goal. To escape. Be it an incredibly strong enemy, or an embarrassing
situation where you wish you could just disappear into the ground. With fancy words,
wide movements and shiny distractions you can confound your targets and keep their
attention off of you, long enough to make your escape and stay away from them."
200,Devotant,Ironsworn,Providence,"The favor of the gods is upon you. You are fortunate in small matters, surrounded by auguries and omens of the divine will. Once per Jump, if it serves their cause and if you have kept faith and done well, you may ask your god(s) for a miracle, and be answered."
200,Shield-Bearer,Ironsworn,Providence,"A coward’s punishment is a life of fear. When you emblazon a shield with a sigil or colors, yours or your home’s or somehow connected to you, it will never break but stand or flex as needed to keep you from harm, whatever force is brought against it."
200,Duck and Weave,Fights in Tight Places,Providence,"The best defense is to not be hit in the first place. You have an
incredible skill at dodging incoming attacks, to the point where if you have managed to properly
prepare yourself, you could dodge a point-blank gunshot. This skill does require prep and
awareness, so you won’t automatically dodge an attack you don’t see coming."
200,Hidden Knife,Hanachirasu,Providence,"Far too many bloody battles are fought in the middle of day, with civilians
witnessing the execution of the weaker side. Not you, be in business or in direct
combat, you know how to prepare and make sure the battle is done within
shadows, far from the public eye or private records. Not to say that all tracks of it
will be completely covered, rather being that no one but a selected few will know
about it. Or rather, if you succeed, then no one but you will know it happened."
200,Unwashed Masses,Jade Empire,Providence,"Confound it all! These natives don’t seem to recognize the merits of hard labor! When dealing with
situations, brute forcing it is more likely to work out well, provided the problem can be brute forced.
Saving a starving village by simply fishing until everyone is fed might not be the best long term solution,
but it sure as hell seems to be working, once again proving the value of setting your nose to the
grindstone and not mucking about"
200,Animal Whisperer,Kenshi,Providence,"Travelling can be dangerous, especially with fauna like Beak Things, Bonedogs,
and Skin Spiders out there. You no longer have to worry about these creatures however, as they seem to
mostly ignore you. Aggressive animals won’t attack unless you get very close to them, and neutral animals will
be downright friendly."
200,Street Cred,Kenshi,Providence,"Other bandit groups won’t attack you, and will even be friendly with you unless you
antagonize them. You could trade with the Dust Bandits, train martial arts with the Gorillo Bandits, or even join
the cannibalistic Shrieking Bandits. In future jumps, this applies generally to organized groups of criminals."
200,Fateless,Fist Of The North Star,Providence,"You are just another poor soul trying to get by, unlike practitioners of mighty arts
and those whose souls are bound to fate no destiny chains you. You may not be fated to be great, but
that doesn't mean you can't make something of yourself anyway. Besides, a nobody like you doesn't
have to worry about the stars deciding his fate. When someone tells you something like ""The Star of
Death shines over your head."" you can just shrug it off and do whatever you want anyway without worry."
200,Saint,Anima Beyond Fantasy,Providence,"The Supernatural is a dark thing. One cursed by god, a gift of demons. You
know that, don’t you? But fear not. Your powers are different. Yours are granted by god. We the
Church, have so decreed it. Though we ask that you not use it without great need, none will
consider you cursed simply for possessing such power, no matter where you may go, or in what
world you find yourself. Your holiness is such that they will not even need your explanations,
they will simply know that you are a being blessed by god."
200,Moving On,Vinland Saga,Providence,"Its likely that you’ve done some bad things, but with this perk, you will be
able to come to terms with what you’ve done, no matter what that was, and even more than
that, paths to legitimate redemption and forgiveness are as easy to find as simply looking for atonement."
200,Fearless,Vinland Saga,Providence,"You are now completely unflinchingly fearless. You would be unfazed by the
terror perk from the viking perk section, able to think and act clearly no matter the situation. You
may still feel fear if you wish, but it will no longer freeze you or mess with your head."
200,Never Out of the Ring,Soul Calibur,Providence,"It’s not fair that one loses a battle by being knocked off the arena. There’s no fun or
honor in that kind of thing. Fortunately for you, you’ll never have to worry about that.
Whenever you’re removed from the battlefield, events will conspire to bring you back into
it, usually at the expense of your opponent who thought you defeated. Being teleported out
of the arena will have you be teleported back right at your opponent’s exposed flank, for
example. Another example is if you get tossed into the sea where a colossal squid might just
catch and fling you towards your opponent. It doesn’t matter how you’re removed from the
battlefield; you will always come back swinging. Of course, this only works if your opponents
are responsible for ringing you out. If you ring yourself out on purpose, you’ll have to come
back to the battlefield the normal way."
200,Slovenly Creature,Katanagatari,Providence,"No hot showers, no cooked food, no make-up, no fluffy beds and no fashion! It’s all just so horrid to
be out in the wilds for most people. Perhaps you got so prissy even nature didn’t want to get in your
way, since you seem to, somehow, never be without your creature comforts. No matter where you
are, so long as it’s not actively dangerous, you’ll be able to find all the stuff you would in the inner
city’s wealthier districts. Stuck in the middle of a forest? You’ll somehow find clean drinking water
and clean, heated water to wash with. Out in the desert? You’ll trip over a hidden stash of cosmetics
and comfy clothes in a half buried box. It won’t be enough to survive on but it’ll make survival and
travel a damn sight more bearable. Now to find someone who can hunt for you."
200,Simple Is as Simple Does,Katanagatari,Providence,"The rather strange upbringing you’ve experienced left you unaware of a lot of the ways that the
world and the people in it really work. There’s a mountain load of social cues and niceties that you
just don’t get at all. But this unawareness can work in your favour too. If you don’t put any
importance on twisting words around yourself others can’t do it against you either. Taunting you or
trying to rile you up is totally useless, the insults just fly by you. Attempts to manipulate or trick you
are just as fruitless too, long as they’re just relying on their words, as you see straight through
whatever lie they’re trying to weave around you. Some just call it blinding stupidity but the world
seems to work out for you anyway."
200,A Hill To Die On,Katanagatari,Providence,"A man rarely gets to choose where he’ll die. Certainly, a man of war is even less likely. But for those
who do, it’s not uncommon for them to strike down half an army before they’re finally ready to rest. So long as you can get to a small, no larger than a forest clearing, location at least a week in advance, you can prepare yourself for a battle there in that time frame. Once prepared, your combat skills and
strength are magnified greatly, allowing you to take on foes that you would normally have no chance
against. While you are not unbeatable, this week of preparation allows you to combat those with
three or even fourfold your own power and skill, though this does not account for unique abilities
that care not for your heightened skill and attributes. Once the battle in this location is over, you will
need to spend the same amount of time setting it up once more, though a battle can last quite a
while if your opponents continuously arrive within a short time of each other."
200,Despicable Assholes in Your Area,Blue Eye Samurai,Providence,"What good are all those fighting skills if you don’t get to use them? Just toggle this on, pick a direction and walk. In little to no time you’ll run into someone who rubs your morals the wrong way. Ready to attempt to rob, insult, and/or do whatever else you need to give you a clear conscience for beating them up (or worse). This Perk does not create people or alter their behavior, it merely alters circumstances to put them on your path."
200,A Useful Tool,Conan,Providence,"It would seem that people recognize you as such. Or at least they are more prone to. While you do need something to offer, you will find that people are more likely to consider employing you for what they need; they just seem a little more inclined to make use of you or to pick you over someone with similar credentials and skills. They are also more likely to ignore the dangers that you might represent as an employee. This doesn’t mean they will trust you more, however, but more that they are less cautious about the dangers of giving you authority and power under them; though they may still plan to betray you or create plans to stop your betrayal."
200,Tough Souled,Conan,Providence,"You are no weakling man of a coddled age, whose delicate sensibilities can be driven mad by the mere presence of that which you cannot understand. It is not that you do not feel fear, horror, or revulsion, but where others might be paralyzed by terror, or driven mad by horrors, you will face them head on with sword or ax in hand, and a battle cry on your lips. You are incredibly psychologically resilient and resistant to permanent trauma. Forced to stare into wells of cosmic horror and glimpse the reality of all the abysmal and blasphemous horrors that lurk in the outer darkness of formless voids and nighted gulfs you could retain your sanity, at least in the long term. This even goes so far as to protect your mind and spirit from supernatural horrors, magical fear cannot grip you, cosmic horrors that drive men mad with their presence will make you mad but only in the sense that they have angered you by their blasphemous existence, and while you will not be immune to their attacks on your soul they will find it more resistant and armored than any among the pampered children of civilization."
200,“Were I still in death and you fighting for life I would come back from the abyss”,Conan,Providence,"Those who love you, dearly and truly, protect you even after their deaths. Or at
least they can. Whenever such an individual dies they may once return from the grave to
strike at one who is attempting to take your life, appearing between them and you and
launching a single protective blow in your favor. Whether this will be enough to save you
may depend upon them and the foe, but the surprise ought to be worth something at least."
200,Finder of Ancient Secrets,Conan,Providence,"You seem to have a special sort of luck. Stories and rumors of treasure seem to be drawn towards you. Opportunities to obtain occult knowledge and lay claim to sorcerous artifacts will occasionally fall in your path. Unfortunately this is specifically magical knowledge and wealth that you can lay claim to, and it will still require you to put in effort; you won’t just find magic artifacts laying on the ground, but it will help you find the arcane hints that point the way to lost magical knowledge. This won’t create magical knowledge or relics where there are none, but esoteric knowledge of non-supernatural subjects will occasionally show up in more mundane worlds."
200,Right on Cue,Cradle,Providence,"Somehow, the projects you work on always end up being finished just in time for the next big moment in your life. Need to get this pill done or the customer is going to take your head instead? Just as they walk in the door, you're wrapping it up for delivery. If a weapon or tool is needed for a large event, it's going to be there, even if all the luck in the universe is trying to turn against you, somehow, it will be there."
200,Unobstrusive,Cradle,Providence,"When you don't want to be seen, you usually won't. It's not even a supernatural ability, you simply know how to remain out of sight. Usually so you can make a grand, surprise entrance. Or maybe you're just gathering information where you really shouldn't be. On occasion, someone might overcome this, so be prepared to explain why exactly you were using a feather duster on the ceiling in your boss' private quarters without anyone seeing you come in."
200,Precognitive Instincts,Mushoku Tensei,Providence,"An instinct that is strengthened to the point that it rivals true precognition. This allows you to sense, predict and evade any incoming attacks or danger to yourself even if you're unaware of it, along with the ability to instinctively know the exact location of the attacker or danger is coming from. This instinct also lets you measure the threat level of a person and quantify the power level into something that you can understand like numbers or ranks, along with mitigating the penalties of visual and auditory."
200,Adventuring Sense,Mushoku Tensei,Providence,"Sometimes adventurers do a lot of quests or travel aimlessly for a long time before finding an adventure that would give them purpose and excitement. But with this you now have an ability to instinctively sense where the adventure and excitement is and by following this instinct you would find buried treasures, hidden wonders of nature and even finding where the current major plot-related events happening is also possible with this. This always gives you a purpose or aim making it unlikely for you to be someone without purpose and waste your life doing things that are not fulfilling and exciting."
200,Cheeky Bird,Duel Monsters - Duel Terminal I,Providence,"You’re a free flier, soaring across the world without a single care. They can’t just get rid of you, don’t cha know? Such a troublesome little bird you are. When someone tries to knock you out of the fight without actually putting you down and out, it’s not gonna work for long. Enemy casts a spell to send you packing elsewhere in the world, and you can just grab it by the magic and swing yourself back in a few seconds.
Try to lock you in a dimension labyrinth, and you’ll just break through a moment later. Even putting you in chains won’t work for long. Still, that might just encourage them to kill you and be done with it, so please stop being so gosh darned smug."
200,Guard,Duel Monsters - Duel Terminal I,Providence,"The Flamvell stand together. We stand together. If the enemy wishes to claim the lives of those who have sworn to stand by you, then they shall have to brave hell itself. You are a guardian, a protector, one who will not let their charges die until their body is no more than cinders. You are a natural at actively protecting others using your powers, as well as not harming them with the side-effects. Conjuring a blazing wall of flames to protect someone wouldn’t singe them a little bit, even if they were a mundane person, so long as it’s you doing it. You could figure out how to spread out a conflagration just right in order to open the path for your fellow soldiers, or how to make enough smoke to cover everyone’s retreat with casual ease."
200,After the Storm,Duel Monsters - Duel Terminal I,Providence,"Sometimes... you don’t win. Sometimes, there’s no savior to bring back hope. Some days, the world dies. But that’s not reason to give up. Even if it hurts to go on, someone has to carry on the torch and build everything anew. For some, it could be the work of generations. For others, truly impossible. But for you, it’ll always be a possibility. When the worlds ends, when the eternal drake freezes everything, when god herself drowns the world in her rage... so long as you’re one of the survivors, there’ll be a way to put things back together. It may still be a great undertaking. You might not live long enough to see it through. But until you draw your last breath, there’ll always be just enough for things to go on."
200,Phlogis Style,Duel Monsters - Duel Terminal II,Providence,"I gotta tell you, there’s no life like the woodsman life. Outdoors, plenty of exercise, and sometimes you get to see the Sprite while running from place to place. Always good luck, seeing that girl. If you wish, you too can become a Laval woodsman. Cutting down trees, planting forests that can stay on fire perpetually without harming the environment or going wild, dodging catastrophes... what about that last one? When you’re out doing your job as a woodsman, whether cutting wood, hunting, or tending to trees, you seem to dodge calamity. If there’s an invasion or disaster coming towards you, you’ll get a feeling telling you to go to work sooner than usual, and it’ll tell you to stay there until everything’s safe. Oddly enough, you and your forest will be just fine even if whatever was heading your way should have destroyed it too, assuming it wasn’t out to kill you in specific."
200,Star Chart,Duel Monsters - Duel Terminal II,Providence,"Through whatever means, you’ve managed to understand a certain sacred sign often used by Pleiades. By reproducing this sign, you can bless your allies, causing two effects. The first is that your allies are unnaturally capable of arriving on the field to aid you, granting them safe and speedy passage or even briefly augmenting things like teleportation to let them bring more passengers than usual. The second is that the arrival of these allies will cause you and others already at your side to find a burst of inspiration, immediately bringing to mind the most useful stratagems or techniques for the current situation."
200,Levianima,Duel Monsters - Duel Terminal II,Providence,"Ritual Summoning is not a toy. Even the weakest of beasts could kill their summoner if they were careless. But when one considers how Gishki perform their summonings, the risks are even higher. It’s not just a matter of death. It’s a matter of becoming a slave in your own body, forced to dance to the tune of an extradimensional horror that cares little for your desires or goals. It’s a good thing you were always lucky with these things. Any time your magic would backfire, it’ll instead fizzle out harmlessly."
200,Hope of Gusto,Duel Monsters - Duel Terminal II,Providence,"While there are plenty of survivors from the last wars, most of the old tribes are all but gone, their culture wiped clean by the loss of their home and most of their population. A terrible fate, and one you are particularly skilled at avoiding. So long as it’s not directly focused on you, you’ll find yourself surprisingly adept at navigating and surviving through large scale calamity, such as world-spanning wars and natural disasters. Furthermore, your ability to absorb cultural information (such as religious rites, stories, dances, and anything of the like) and retain it is near-absolute, and passing on such culture is exceedingly easy for you. Keeping the lore of an entire nation alive despite being its only survivor is well within your abilities."
200,Herculean Efforts,Duel Monsters - Duel Terminal II,Providence,"A demon like you has no time for freak accidents or chance errors. Seeing a plan put into motion a decade ago fall apart because of such nonsense is enough to make a lower-grade Steelswarm die from sheer rage. It is a good thing such annoyances can no longer afflict you. Any plans you make, whether a casual day out with your emergency food or a plot to destroy the world, can only be discovered and ended by deliberate action. Weak links will not leave trails any random fool could find, nor will trusted surbodinates be foiled by the whimsy of chaos. Proper investigation and action must be taken in order to unravel the twisted webs you weave."
200,Universal Tongue,Duel Monsters - The Abyss,Providence,"One may wonder how you could communicate with people without issue after literally falling from any interdimensional Hole into a world with no connection to you whatsoever. One could propose that they just so happened to speak the same language as you, by coincidence, but the probability of that is slim indeed. By taking this Perk, you now have a different answer to this question. Now, you have the ability to communicate with anyone and anything. You are automatically Fluent and Literate in every language that exists in this world and has ever existed in this world, and this effect will update upon each new Jump, or if new languages are invented. This also includes any and all code ciphers. Additionally, you gain the ability to communicate with anything that doesn't use languages as well, being able to understand their meanings and intentions through their various methods of communication, and communicate your meanings and intentions to them in return. As an additional bonus to this, you are immune to any language-based or related attacks or effects. Memetics, Curses based on knowing or saying certain phrases or words, Words of Power or inherently supernatural languages, True Name Shenanigans, or anything else. Even just facing an opponent using them or being in the area of one of these can cause them to shut down, if you would want. They hold no power over you any more. Unless, of course, you would want some language based effect to work on you or not fail immediately. Who knows, maybe you'll gain an ally one day who uses that kind of technique themselves."
200,Shining Soul,Duel Monsters - The Abyss,Providence,"The Swordsoul are, among other things, known for their strength of character and morals. After all, their Swords are directly forged from their own nature via the Icejade, so their moral character is plainly apparent to those around them and can only be obtained by those with a strong enough heart and soul. This is in contrast to you, who can simply get one from the item section and choose its Element and Shape. As a part of this, the Swordsoul have developed a great intolerance for corruption and have significant experience in spiritualism to ward off such scenarios from occurring and to help strengthen their disciples. Even members of other races have been able to find significant growth under their teachings, assuming they were accepted in. By taking this Perk, you have obtained a concentration of this mindset's protection. Now, you have gained an immunity to any external corruption and/or mental effects of any kind. Additionally, any Soul based or affecting Attacks or Effects are only 25% as effectively against you as they otherwise would be, with absolute effects simply failing outright. Be it biological, spiritual, or metaphysical, no outside force can sully the shine of who you are. That being said, there are indeed ways to inflict such things to yourself, so do still hold caution in your heart and don't act with reckless abandonment."
200,A Hero Arrives,Duel Monsters - The Heroes,Providence,"The thing people tend to forget about Heroes saving people is that, well, the Hero needs to know someone needs to be saved. From now on, there’ll always be this awareness in the back of your head telling you about any innocents in danger near your general location. As well, once you actually start moving towards them, you’ll benefit from a time crunch which will ensure you’ll never arrive past the point of no return (whether that’s a bomb going off or a killer getting their knife in) of whichever situation is occurring. Despite what some people might say, even Heroes have a life, so you can deactivate and activate this ability as you see fit."
200,D-Counter,Duel Monsters - The Heroes,Providence,"The truth is, you sometimes have to do some unpleasant things in order to protect the public. The Elemental Heroes would rather find a third option, no matter how impossible it might seen, but you know that’s a pipe dream. So, you will do terrible things. You will abandon every ideal. You will break every taboo. But in the end, so long as it truly was for the sake of justice... others will find it in themselves to forgive you, and not judge you for the nature of your actions, but the results. Their own emotions might lead them to hating or disliking you, but even so, they will judge you by the facts rather than their own feelings when it matters."
200,Assault Attack,Brütal Legend,Providence,"This is a guitar, this is an axe. Never shall the two meet... UNTIL NOW. You can use your guitar as a melee weapon that's just as effective as a battle axe, and suffer none of the consequences for smacking your shitty wood acoustic into a demon's face. Overall, this allows mundane objects to be used in combat without sacrificing their durability, to an extent."
200,Always Ready,Kimetsu no Yaiba,Providence,"A Demon Slayer has to be ready for anything on the battlefield and willing to
accept that their lives, from the moment they choose to join, are a battlefield in and of themselves. As a
result, you'll never catch a Demon Slayer by surprise, which now applies to you. You have an uncanny
sense of when things aren't as they should be, preparing you for ambushes and traps ahead of time as if
they'd never been hidden - should your foes try to catch you off guard, they'll find they've only given you an
advance warning. While this won't give you exact information on the danger, it will provide you enough
detail to avoid stumbling into harm's way and allow you to react appropriately when the danger is triggered."
200,I'm Not All Gone,Kimetsu no Yaiba,Providence,"Your mind is receptive, but only to what you wish it to be. While you cannot
simply no-sale every compulsion or instinct, you can be hypnotized (willingly) by another or, given the time,
yourself, into altering your mindset so heavily, you can ignore just about any negative mental influence on
you, natural or otherwise. Combined with the above, you can be as docile or feral as you like, even
switching from one to another as the moment calls for it, without losing control."
200,Unshattered Mind,Sundered,Providence,"When you encounter terrible situations, beings with mind-shattering forms, or something else of the sort; the situation may be stressful, making your mind bend and crack, but it is unlikely to outright break. The real secret is your ability to recover from these situations. You are also skilled in a form of meditation that relieves this stress and makes you more skilled at coping with such situations in the future."
200,Call to Greatness,Sword & Sorcery,Providence,"As a great tree emerges from the tiniest of seeds so too does greatness emerge from simple
circumstance. At all times you can choose to listen to your heart and let it guide you to the
opportunity for greatness. This is no great protection or blessing of fate. Should your skill, will, or
strength be insufficient such opportunities can destroy you just as easily if not more so then they
may exalt you. But deep down you can always feel the chance. Sometimes that is enough traveler.
Will you heed the call?"
200,Lost and Forgotten,Sword & Sorcery,Providence,"No matter how much of the map they might fill in, the world will always have its uncharted reaches
and its mysteries. No matter where you go you can let this perk take effect, stumbling upon lost
treasures, esoteric happenings, long forgotten history, and much more. All worlds are far vaster
and mysterious than anybody could imagine. Only by looking can you discover just what waits for
you in the far corners of the world."
200,Slaughter Forever Ringing,Elric Saga,Providence,"Have you ever wished to make the world a better place, but
didn’t have the means to do so? As a warrior, you could of course slay a foul wizard or a corrupt
lord, but in many places where evil (or unwanted good) reigns there will soon rise another wizard or
lord to take their place. That is where this curious power of yours comes in. As long as you make a
very bloody example of whoever is currently doing something you don’t agree with, the same thing
is highly unlikely to happen to the general area in which they operated even long after you’ve made
your leave. That foul wizard terrorizing a town? Butcher him and no wizard not exceeding them in
magical power would dare set foot in that town again. That corrupt lord mismanaging his domain
and making the common folk suffer? Slaughter him and his associates and everything will right
itself, events somehow conspiring so that a good man will be put in charge of that domain even if it
would never happen otherwise. Even hopelessly depraved kingdoms of pure vice will somehow
become more functional as long as you run the evil king through and cut a few of his particularly
bad underlings to pieces."
200,A Cleaner Sort,Elric Saga,Providence,"In this day and age, those men who deal with Chaos are dirtied by the act,
their souls stained and bodies ignobly twisted, whereas in the age of the Bright Empire that cruel
and sophisticated folk rarely suffered such consequences from their dark pacts. Your actual
ancestry aside, you take after the Melnibonéans more than mankind In this regard, because being
imbued with the powers of Law or Chaos will leave much less unwanted influence on your mind
and body than it may have otherwise. Even if your Chaotic patron were to completely saturate you
in the energies of their domain, it would only enhance your power and leave the rest of you
untouched, unless you actually wish to have your form changed by the event. Your soul, too, will
remain untainted, though it won’t stop a being whom you’ve specifically sold your soul to from
twisting it when it is under their full control. This also only applies to corruption and other
supernatural influences that you undergo willingly in exchange for power or some other benefit, so
it won’t do you much good if you plan on traversing a realm of the Higher Worlds that is not your patron’s."
200,Fate's Hand,Elric Saga,Providence,"Contrary to what one might think, not all magical beings deal with mortals
solely for the sake of personal gain and amusement, some instead having the task of guiding
others to their intended destiny. Perhaps because of some connection to the mysterious forces of
destiny and fate, you have an instinctive grasp of the actions a person needs to take to better
themselves and overcome the obstacles they currently face, receiving sudden glimpses of their
future that will help you in leading them down the best possible path for them. While you can act as
a guide to a handful of people at a time, you are not all-knowing even when it comes to their fate,
and your glimpses into the future will be sporadic and occasionally hard to decipher even for you.
But if they follow your advice as it was intended, they will certainly benefit from it."
200,Radiation Resistance,Mad Max,Providence,"The fires that annihilated civilization also left behind
radioactive fallout that continues to slowly kill wastelanders today. You however never seem to be
affected by it, even if you injected water that would drive a geiger counter insane."
200,Scraper,Mad Max,Providence,"Finding useful bits of salvage is one of the most basic skills in the wastes, but you have a sixth sense for it and seem to always find a little bit more than others would."
200,Princess,Primal,Providence,"Oh no, did you get captured by slavers? Don’t worry, your friends seem to have a way of coming to save you. When you’re held captive, your allies’ seem to have their capability to track you down and find you increased, becoming more ingenuitive and slightly more capable and competent all around. They’ll even be lucky in finding signs of where you are, and arriving nearby even if they do something dumb like get on a raft to cross the ocean with no means of navigation or steering or idea where in the world you’ve gone. This also helps encourage your friends and allies to save you instead of abandoning you to your fate. Conversely it also encourages your enemies to capture you as a hostage, if they want leverage over your allies, as opposed to simply finishing you off then and there."
200,Vidarr,Primal,Providence,"The son of Odin, who took vengeance for his father by slaying the Fenris wolf. He seems to have smiled upon you. When one has wronged you, you will find that the opportunity to repay that wrong is opened to you. It becomes easier to track them down, and opportunities to find the tools or power necessary to take your vengeance come to you. This is in proportion to the wrong done to you; a social slight might help you find a moment to get in a nasty insult back upon them, but if someone slaughtered your family and tribe you might find yourself able to track them to the ends of the earth and receiving offers of supernatural aid to take your vengeance. This will not necessarily make vengeance easy, to repay an insult you’ll still need wit, to repay a murder skill in battle, nor will it necessarily make it cheap – pacts with demonic entities can be quite expensive – but opportunities will be open to you should you be willing to take them."
200,Fucking Guard Break,For Honor,Providence,"Wherever you go, convenient environmental hazards that you can toss people into if you get a hold of them seem to be ever present. Fires ignite, railings break and pointy spike collections are carelessly left out on display. Honorable duels are so much easier when you casually toss your opponent off a cliff. It may not be honorable, but hey, the only one that could question it is dead."
200,Laws of Selection,For Honor,Providence,"It’s quite anticlimactic to kill forty men in battle only to be taken prisoner and executed. Luckily, it seems like as long as you achieve some kind of great feat in battle, you tend to be spared if the end result of said battle is not exactly favorable. Perhaps your captors are impressed, or maybe no one just has the balls to kill you. You’ll have to achieve that feat on your own merit, though."
200,Absorb,Worldless,Providence,"For 400 AP, you can absorb this type of damage. Not only can it not hurt you, it also actively heals and rejuvenates you.

Requires ""Immune"" to Puchase"
200,Coward,Worldless,Providence,"At the start of any battle, you are able to force the opponent into a puzzle-like situation. Perhaps you throw a long string of attacks that they must perfectly dodge, or have a ridiculous amount of shields, or have satellites that must be cut down with perfect timing to reach you. If the opponent fails to defeat or subvert your challenge, you will be able to effortlessly flee the encounter, even if it should be physically impossible to do so. If they succeed, however, you should prepare for the worst."
200,Lock,Worldless,Providence,"A common defense mechanism in these lands. You are able to set up metaphysical “locks” that halves all damage you receive until broken. Most locks can only be damaged by specific damage types (described in Resistance). To start, you can only set up a single lock outside of battle. Once you master this you can set up several in the middle of battle. Opponents will have a vague sense of what type of attack they need to break your locks, but you may figure out how to censor this effect in time."
200,Destiny,Worldless,Providence,"At times, it seems the world itself desires your success. No matter where you find yourself, a path to progress on your journey or discover the hidden secrets around you always fall into your lap sooner or later. Whether it's a powerful enemy destroying the ground to open up a new area or structures that seem to exist solely to interact with your new mobility technique. The path may not be easy to traverse, but it will never be impossible, as long as you’re willing to wait for it to open up."
200,Caution of Taragorm,Hawkmoon,Providence,"Without proper precautions, the work of a sorcerer-scientist can be just as dangerous as a career soldier. You never know when that fire cannon you’re developing will spontaneously explode, or your prototype time machine will transport half your body centuries into the past. You, however, need not worry about such problems. You will never suffer dangerous malfunctions or mishaps in any of your experiments or inventions, no matter how dangerous your line of research. At worst they will simply stop functioning, suffering some minor internal damage."
200,Ever Get Déjà Vu?,Kill 6 Billion Demons,Providence,"Time is out of whack here and it shows, because you now get faint impressions of the future especially in the form of a danger sense. When something dangerous is about to hit you, your body will react automatically to avoid it as if it went through this before, but in the end, you’re limited by your own ability to actually avoid it so it won’t go perfectly every time. As a bonus, you can help others to remember past timeloops. The first time around, they might believe it’s just a dream or their imagination acting up, but eventually they’ll retain their memories even without you."
200,Fearless,Good Hunting,Providence,"Standing against an invisible danger that hides its presence from the rest of humanity is a
prospect that would make many a man falter, but not you. With this perk you become
completely fearless, you better temper this trait with wisdom."
200,Silhouettes in the Dark,Arawn,Providence,"It takes some serious subterfuge to be able to infiltrate a camp
of evil wizards and beastmen and steal their treasure, and such skulduggery is now yours. You are good
at all sorts of acrobatics, stealth, lockpicking, and of course, getting away with your crimes once the
deed is done. Especially getting away with misdeeds. Fate will bend over backwards to see you safely
escape from danger, even involving gods if need be. If you don’t actively seek out trouble, you’re all but
guaranteed to survive. Even if you do, you’ll still be much likelier to get away untouched than others."
200,Wealth Aplenty,Volgarr the Viking,Providence,"Your luck at finding gold and jewelry, especially on the corpses of your enemies, is now
drastically increased, enough so that a mission such as this one could net you enough gold
to restore a ravaged kingdom to its former glory. This is partly enemies just happening to
have more of their personal wealth with them when you defeat them and partly gold and
jewelry being created ex-nihilo for you. This ability will also create chests, when you have
defeated boss monsters (or their equivalent), that disappear after you have looted them, the
contents depending on how strong the enemy was. You also possess a dimensional storage
for wealth, unlimited in its size, that can suck up any wealth like gold coins, gemstones and
jewelry that you are close enough to reach out and touch. This wealth can then be freely
summoned back to your hands."
300,Lucky Lucky Lucky,A Will Eternal,Providence,"You should know this whole routine by now. Near every Xuahuan and Xianxia protagonist has one thing above all else. They are incredibly lucky. Whether this means finding treasure after treasure, or constantly surviving deadly situations by the skin of their teeth, they seem to be blessed by the heavens. Even if you don’t go looking for trouble, trouble will often still find you, given the sheer scale of the battles of cultivators. That’s why it’s good to have a fair share of luck yourself. You won’t be turning over rocks to find ancient treasures left and right, but when it truly matters, usually something is going to happen that will help you out of a rough spot."
300,The Gods Saw Fit to Grace Me With a Spare,Baki: Son Of Ogre,Providence,"Lost an eye? An arm? A lung? You still have one more don’t you? Losing a body part doesn’t impede you nearly as much as it should, especially if you have multiple. Losing an eye will have a minimal effect on your depth perception, just as losing a leg will barely affect your balance. You’re fighting style instantly adapts to the changes in your balance and body, even if the injury was mere seconds ago."
300,Cut at Will,Metal Gear Rising: Revengeance,Providence,The one downside to having an amazingly sharp blade is that you may end up cutting something you’re not supposed to. But with this perk that problem is now a thing of the past. Now no matter how sharp the blade in your hands you will only cut what you desire. This will help prevent any collateral damage that may happen as a result of your crazy swordplay.
300,Wyrd,Ironsworn,Providence,"The fate of an Ironsworn is to suffer and die for their chosen cause, but many never even sight the first hurdle. You however, have a special fate. You will not be laid low by disease, or accident, by exposure or rotten food, you will not vanish in a churning sea or down some common beasts’ gullet. You will either die of age in your bed, or to a worthy opponent, or in a heroic cause. Facing down an army to protect a village, slaying a giant after two days of battle or such. Beware, for one day a bright-eyed young man may come with a shining blade, and you learn too late that you are the prologue to another’s legend."
300,Liberated from the Wheel,Legacy of Kain,Providence,"Ah, but what if you were more than just a spectator of this Grand Guignol, something more than just another passenger of destiny? With this you are exactly such a being, unbound by the shackles of fate – a power shared only by Raziel himself. It is now impossible to erase you from existence by means such as reality warping or time travel (a more common hazard here than you might think), as your very existence lies outside of the reach of such conventions.

Predicting your actions also becomes a maddening exercise in futility for those relying on foresight or even viewing the time stream. Most importantly your actions are not bound by prophecies or destiny, allowing you to change events or achieve feats that were supposed to be impossible as long as you have the capacity to do so. Unless you also purchased The Coin is Still Turning however some long term consequences of your actions might lie beyond your sight. Above all beware, for this makes you a highly sought after person for those aware of it and just like Raziel you are likely to end up in the manipulations of others who seek to alter history for their own ends."
400,Internal Affairs,A Will Eternal,Providence,"Sometimes in cultivation you will come across road blocks. Bottlenecks. Your progression will just halt, and you will be unable to grow further in your skills or cultivation without some form of help. Sometimes it is basically impossible to advance to the next level without outside interference. This outside factor can even be unique or location specific, meaning that should you miss the chance you will be unable to progress further naturally. This perk will turn those insurmountable roadblocks into merely steep mountains. With hard, dedicated work, you will be able to break through and continue progressing. This may even take years, but it can be done with sufficient hard work. This does, however, require there to be a higher level to progress to in the first place."
400,Tower of Naraka,Asura's Wrath,Providence,"After suffering a fatal blow, your soul will appear in the white void between life and reincarnation. This
is Naraka, realm of infinite towers. To leave it, you must ascend the tower, and no amount of flight or power
allows you to cheat the distance­ the journey back to the living world is as long as it needs to be to attain the
necessary enlightenment.
It will take you anywhere from 12,000 years to 1 year to climb back out to your lifeless body (which
has regenerated and been rendered indestructible in the meantime). Mortals might build a shrine around
your fossilized form­ Mantra directed to you helps you ascend faster.

Alternatively, instead of outright killing an opponent, you may send their soul to Naraka and require
them to climb out."
400,Out of a Brighter Age,Grant Morrison's 18 Days,Providence,"The Great Autumn Afternoon of the Third Age begins and the Superwarriors become prey to a
new misery. Disease. Imperfection. Decay.

Not for you. While your curse is that you are incarnated in this age itself for the first time, it is
not on you that the passing ages of the world can hope to make an impact. You find yourself
immune, utterly unaffected by any and all attempts to change or transform you that do not have
your consent.

It does not matter if it’s a petty sorcerer trying it or the Cosmic Law of the Universe you are in.
Unless you allow it, your little pocket of Brahman remains as it is."
400,A Peacock Holding the World in its Beak,Grant Morrison's 18 Days,Providence,"No beast, be it ever so wild or trained to the acts of war will ever raise claw, tooth, or flame
against you. No weapon made from any animal, be it bone, feather, or sinew, can ever harm
you, and no fire kindled of wood can burn you. All poisons and venoms of the living world do
nothing to you that is harmful in the slightest. Furthermore, in your presence, all those you
have given your protection to shall be likewise safe from all such things.
For purposes of this blessing, all living things that lack at least the sentience of a man are
considered beasts... including men temporarily stripped of their free will or rational thought."
400,Prayer of Nature,Sekiro Shadows Die Twice,Providence,"You notice these Buddhist sculptures here and there that burn a blue fire that’s warm to touch,
often times whenever you find a new place or area. When you make camp and rest by them, you
find that you feel fully rested, even if you only had a 10-minute nap. Your health is fully
restored, any sickness is eliminated, and your wounds have healed. Unfortunately, it can’t do
anything for curses or scars. If you have some means of immortality or ability to escape death,
next time you wake up, you will find yourself next to these sculptures."
400,Enter The Ark,Baki The Grappler,Providence,"Despite it’s implausibility, most world governments and policing agencies are well aware of the
threat posed by this planet’s many great martial artist, with The Ogre being the prime example of
this. As such, they know just how important it is to keep their own staff prepared. Should you decide
to begin teaching your martial arts to others, you will quickly find powerful organizations and even
governmental bodies reaching out to you to train their agents. They will naturally compensate quite
handsomely, but if your martial arts you teach are truly incredible, they will turn a blind eye to even
the most blatantly illegal or treacherous activities you involve yourself in, whether it be running an
assassination agency, or conspiring with a terrorist organization striving for world domination."
400,Losing Bars,Baki The Grappler,Providence,"Far as you’re concerned, there’s little difference to live behind bars than outside of them. Maybe it’s
your superhuman body, inhuman willpower, or some higher power, but fate seems determined to
have you die a free man. It’s completely impossible for you to be executed, detained, or tortured by
an unworthy opponent or opponents. So long as none of your captors have what it takes to beat you
in a deadly battle, not only will they be unable to do anything to you, you’ll be able to come and go
from your cell as you please. So long as these conditions are met, you can escape from even the
most impossibly secure prisons. Do note that, even if not done directly by your captors, if you are
detained as a result of being defeated by a worthy opponent, this perk’s effects will cease to apply."
400,The Ultimate Taboo,Baki: Son Of Ogre,Providence,"The process of getting your hands on priceless artifacts is effortless for you, laws, morals,
and history be damned. Getting the corpse of a famous historical figure, one-of a kind
artwork or a perfectly preserved tyrannosaurus is hardly more difficult than ordering a
new phone. They aren’t free, but cheaper than any priceless artifact should be."
400,"""Hitting Resolve"" & ""Resolve to be Hit""",Baki: Son Of Ogre,Providence,"A rakish who’s ready to be hit will never fall. You can take just about any attack head-on
if you know to expect it. Taking hardly any physical or psychological damage unless the
enemies power dwarfs your power several times over. You can even resist esoteric
techniques like Aiki that seize control of your body through pure effort."
400,A Modern Pirate,Baki: Son Of Ogre,Providence,"You’ve made allies of the land, sea, and sky alike. You can draw power from the Earth to
aid your strikes or dig like a mole and sail the seas even on a poorly made raft. As for the
sky, a good gust will act as a literal second wind, bringing you back to prime condition and
beyond, even if you were already heavily wounded and unconscious."
400,Crazy Survivor,Metal Gear Rising: Revengeance,Providence,"When supplying mercenaries with advanced cybernetics and
scrounging for material you should take care that you don’t bite off more than you can
chew. This will ensure that should you ever get into a dangerous situation you’ll have
both a way out and a high chance of avoiding harm. Just try not to press your luck."
400,Eternal Rival,Saint Seiya: The Original Series,Providence,"Athena and Poseidon have been rivals and
adversaries since the earliest days of the universe, and there is a certain comfort to be found in
a familiar enemy. You may declare a single individual or organization of your choosing as your
‘enemy’, and destiny will line up events and circumstances where you may confront and oppose
them in a fashion you see fit - whether in war or competition. You also have an idea of how
strong or weak they are compared to you, along with their current location (or the bulk of their
forces, for a group)."
400,To Lie is to Be Human,Saint Seiya: The Original Series,Providence,"Humans are deceitful and easily corrupted,
and unfortunately those same humans make up the bulk of the ranks of the Mariners as a
necessary evil. But you know who is loyal and who is swayed by foul corruption - you can
instinctively sense when someone is intentionally lying to you, whether through omission or
outright deceit. You can also sense when treachery is among your ranks and how deep it goes,
along with an idea of where the source of it comes from. Let none escape the baleful gaze of Poseidon"
400,Gemini's Return,Saint Seiya: Lost Canvas,Providence,"A fool is someone acting the same twice and expecting different results, and to you they are all fools. Unless they really went overboard and left nothing of you, your enemies tend to leave you for dead without actually checking, giving you an opportunity to leave and recover. Be careful however, as it is merely an opportunity that can fail, and doesn’t help you to recover (it might not even be possible). As fewer chances to work each time on the same opponent."
400,Golden Route,Saint Seiya: Episode G,Providence,"The gods may have a few preconceived notions about the destiny of mankind but really, it’s all
bullshit. You’re a human and you’ve never given a crap about what fate or destiny or any of that had
to say. Maybe that human nature is exactly what makes you so proof against such things. It looks like
any attempts to control or even just read what your destiny, fate or future is going to be fails long
before any hold can be gained. Your actions have always been your own and no matter how strong
the god that disagrees with your philosophy, they’re not going to be able to change that."
400,Impossible Dedication,Demon Slayer,Providence,"People say that you really love your work, or at least, that is the polite way of saying that they think you have an unhealthy obsession. Though the truth is that you are simply passionate and dedicated, so much so that others can’t help but to stand by and watch, even your enemies. When working under stress your skills are at their peak, even if you are gravely wounded, and your enemies, who might try to break your concentration but will not directly interfere, can only stand by and get angry as you are capable of ignoring everything to finish it, pain included."
400,Hope for this World,Nine Sols,Providence,"There’s something almost too good for New Kunlun in your
heart, something that brings out the best in others. You’ve got a certain quality to you, a
gentle, childlike strength of character that allows you to see the good in the world and
retain hope for the future, even in the face of the most horrific of revelations. This has
made you quite resistant to becoming jaded and full of despair. Such wholesomeness has a
way of rubbing off on those around you, as your influence spurs personal growth for the
better in those around you. While this effect isn’t fast, it can greatly change the outlook of others given time."
400,Incognito Mode,Live A Live,Providence,"Malevolent AIs are incapable of detecting you. Whether you’re
hacking your way into the haywire supercomputer or just shooting the killer robot, they will never
detect your presence on its own - they may deduce it using other information, such as the fact
that they’re taking damage, but you’re effectively invisible until something gives you away."
400,Safe Place to Stand,Ranma 1/2,Providence,"In any fight, or disaster, as long as you're not part of the problem, you know exactly where to stand, and where to get others to stand, so that they won't get hurt – missed projectile attacks won't hit you, falling rubble will land somewhere else. If you're in a building that is being demolished by someone else, you'll be left standing unharmed in the middle of a pile of rubble."
400,Golden Gate,Okami,Providence,"Once per jump, you can set a checkpoint. Upon death, you will respawn at the time and place
you set the checkpoint. You can only respawn once per jump."
400,Part of the Weirdness,Scissor Seven,Providence,"You blend in. Or rather people tend to surround you that make you look as if you fit right
in with them. If you were cosplaying as a ninja then a group of assassins might
coincidentally walk by, if you were to suddenly start dancing it will turn out that a flash
mob was planned at this place and that you signaled the start of it. This can also be used
to blend in with a group going to an event, turning a group into one going to a specific
event (and making it so that there is such an event like a game convention or any other
event) or a secret meeting, but doesn’t work if you’ve got murderous intentions for those
you’re blending in with, and it won’t just spawn some kind of organizations when there
wasn’t one before. This has a one week-a month cooldown depending on how far fetched
the situation is."
400,Face Death,Ironsworn,Providence,"When you are brought to the brink of death and
glimpse the world beyond, it turns out Death has a favor he needs doing.
You must swear an Iron Vow to see to his outstanding business, but you can
go back. Try not to die again before you make good on that oath."
400,Face Desolation,Ironsworn,Providence,"When the stress gets too much, your SAN has
reached its limit, and you’re about to give in to horror, despair and/or
madness, we can pile on just a little more with an apocalyptic worst-case
vision. If you swear an Iron Vow to avert it, you will find your vigor for life
renewed by your fresh purpose."
400,Friends I Haven't Met,Sword of the Stranger,Providence,"You have a strange knack for finding allies and friends in unlikely places - and for
convincing them to help and protect you. Within a few weeks, you could form strong
enough bonds that someone would be willing to risk their life to protect you."
400,"Do it, Coward!",Sword of the Stranger,Providence,"It is all too easy to become trapped by expectations, trauma, regret and the inertia of past
actions. Not for you, though. Though it may not be easy, you will always be able to
bring yourself to overcome such hindrances and do what’s right or seek redemption for
your past sins. If you work towards such redemption, while the forgiveness of your
victims may not be assured, you will be able to earn some kind of peace eventually, even
if only with your own conscience, and within your own soul."
400,Elan,Anima Beyond Fantasy,Providence,"There are powers out there, far greater than you’d expect. Though of course,
the Church will not permit the idea that there are any gods but the one true god, that doesn’t
mean that there are no monstrous demons offering power, or angels, protecting the good. They
may call themselves Shajad and Beryl, but whatever they call themselves, you have the favor of one among their number."
400,Unity,Vinland Saga,Providence,"When you conquer a people, you know how to expertly quell or ease any
separatist sentiment, though people will not rebel based on issues of separatism, that does not
exclude other reasons for rebellion."
400,Killing Your Way to the Top,Samurai 7,Providence,"There really is no better way to rise than upon the backs of the dead. At least it seems that way when you’re around. Opportunities to advance your purposes through cold blooded murder seem to have a tendency to fall into place around you. You might need to be careful not to get caught - this won’t make you immune to punishment or reprisal - but whether it’s collaborators who are willing to reward you for murdering someone else, or simply chances to gain promotion by getting rid of your superior the chance to further your goals by murder will repeatedly come to you. Though this also helps you find such opportunities to murder those who stand in your way; the emperor who has recently declared you his heir is more likely to take less precautions against the idea that you might act against him.

Depending upon the scope of your goals, the amount this will help will vary. Obtaining a promotion you’re next in line for will be easy. If you were declared the heir to a ruler and wanted their position, you’d find it fairly easy to kill them to become the new ruler. If you were a peasant who wanted to rule the country, well you’re going to have to kill a lot more people and probably show some competence outside of murder. If you want to discover a cure for cancer, this perk won’t carry you all the way to the goal, but you’ll get breakthroughs by unethical and deadly experimentation on healthy patients."
400,I Knew You Would Save Me,Samurai 7,Providence,"When you are in danger your allies seem to
have a knack for saving you. They’re faster, stronger, and just plain better when they are
acting to rescue you, and they have a way of arriving to your aid just in time. This can
even apply to your allies who haven’t accepted that they are your ally yet. When you’re
cornered by goons, you’re liable to catch a glance of a friend, and be able to jump off
knowing that they will manage to save you."
400,Make This Right,Furi,Providence,"Perhaps you are a bad person. A monster. A creature that exists only to
destroy. But you don’t have to be. You could be something more, something better. With this
perk, redemption is never out of reach. You have the ability to go against the inherent nature of
your being, shedding the shackles of obligation to a cause or entity you no longer wish to
support, regardless of whether those obligations are from a choice you made, the Origin you
chose, or an oath of fealty made by one of your forebearers. Not only that, but your breaking of
these metaphorical shackles will have no harmful repercussions merely from breaking them
beyond the alienation of those you are breaking off from; a drone may continue to function after
splitting off from a hive mind without deactivation, for example. Better still, with a strong enough
display of your changed convictions, even those whom you wronged in the past can be
convinced the change is genuine."
400,Family Loyalty,Katanagatari,Providence,"Never betray the clan, no matter what you go through. Whatever your thoughts are on your fellow
ninja, you’re not going to shame yourself by giving up secrets on them unless you want to. Doesn’t
matter what methods the enemy deploys, if you think something is a secret, it’ll remain such. No
torture will make you give up what you think is valuable, no method of mind reading can draw them
from your mind and even attempts to trick you into spilling them through word games are as
obviously and flawed as anything. You’re secret keeping ability also has the side effect of allowing
you to easily ignore any sort of pain or torture, even emotional or mental torture."
400,"Hither Came Anon, the Jumper",Conan,Providence,"You are a main character. This won’t give you plot armor, it won’t make blows turn aside,
it won’t save your life. Instead you are a fulcrum with which the fate of the world is
levered. If you wander the world you will find yourself wandering into events of
importance and which can change the fate and flow of the world. Your actions seem to
echo stronger across the world, not always in the ways you intend, but what you do - or
do not do - will matter to the world in a century. And you draw the attention, good and
bad, of those with power. Whether kings, sorcerers, or the very gods themselves, you
seem to stand out to them as a useful tool, or an obstacle.

The stakes will not always be the entire world, and unless a world is prone to such stakes
already are unlikely to be, or even entire kingdoms but you will find yourself in position
to take important actions and influence how things happen, and something like the fate of
a kingdom could fall in your hands more than once a year even as nothing more than a
wandering thief or mercenary. You could think of this as your actions creating larger
ripples in the pool of existence than they should, or an amplification of the butterfly
effect around you. This also means that fate is shall we say a little looser around you. If
destiny would normally be absolute you could change it, though it won’t be easy.
You can toggle the effects of this perk off, if you would rather not live in such interesting times.

You may take this perk for free, but if you do so it cannot be toggled off and
gains the power of a drawback, while also specifically dragging you into these events
in ways that endanger you and your goals, seemingly creating additional threats to you and the world."
400,Uncanny,Cradle,Providence,"Something about the way you move, the way you plan, always manages to
grasp opportunity from the jaws of defeat. Every downside has an upside, every arrow fired at
you has a position that will allow you to avoid it. Your mind and body both have a strange ability
to dodge risk while seeking reward. It's far from perfect, but if you hone it, and use it in concert
with some of your other abilities, it can become fearsome indeed."
400,"Missing ""X""",Duel Monsters - Duel Terminal I,Providence,"Even the greatest warriors may one day face a foe they cannot defeat, a bladecwhose edge far surpasses theirs, the fear of death none can hope to overcome. To some, it is the end. To others, a new beginning. Though you may not like what will happen, should you come face to face with something you cannot withstand and die, a rift in space and time will open at the moment you should have died and cast you to another dimension. Unfortunately, this will cause you to lose your memories... but no matter what, you’ll remain the same old person you were before, and as soon as the current Jump is done- or a decade has passed, after your Chain ends- you’ll remember everything. The rift will only save you once per Jump, though the end of your Chain will allow it to avert your death no matter how many times you may fall.
Should this activate in a Jump without a Multiverse, you’ll instead be flung into the far future."
400,Burning,Duel Monsters - Duel Terminal I,Providence,"Can you feel it!? This red hot anger, this deep purple sorrow, and this shining light of justice! These are the feelings of rider and dragon, rampaging wildly as their hearts beat together, and you’re no exception! There’s no force in this whole damn world that can stop the feelings welling up in your heart, whether it’s magic or emotional pain or something else entirely!! Because, no matter how much you might think it’ll hurt... the moment you stop enjoying life you might as well be a corpse!! That’s why, no matter what, you’ll rage and love and cry as much as you can, always knowing the dawn WILL arrive!!! These feelings won’t just be yours, either, because you can break open the blinds in others’ hearts and get them to live like this too, even giving them the strength of will to never give in until things get better!!! You’re gonna see them smile if it’s the last thing you’ll do, goddamnit!!!!!"
400,Guardian,Duel Monsters - Duel Terminal I,Providence,"You’re the hero of justice! What good would you be at your job if you didn’t know where the people in need of saving were? Whatever place is your home, your stomping grounds, can call out to you in times of need. The city or valley or whatever else you’ve sworn to protect will tell you when an army approaches, or when an evil curse soars through the skies, or even when someone is committing a crime. Of course, you can ask it to only talk about existential threats instead of giving you every detail, but a real hero smites all the evil!"
400,Jumper the Greater,Duel Monsters - Duel Terminal II,Providence,"Though you might not be the true leader of the Lavals, you are far beyond the common weaklings simply by merit of being you. It would be truly tragic if you died while they lived, and as such, you’ve manifested a strange ability the foolish might call “cruel” or “evil”. Any time you would be harmed, you may instead force the damage you would have taken to affect one of your nearby subordinates instead. Considering how amazing you are, this damage will probably kill them instantly. But that’s why you bring an army to the battlefield, anyway."
400,Antiluminescent Soul,Duel Monsters - Duel Terminal II,Providence,"Dark, yet darker, a tainted soul cursed to stand evermore at the twilight of the gods. Something utterly alien has taken root in your soul, becoming a venom awaiting until your death to burst loose. Unlike the poor hero who would one day suffer the same, this evil lurking within is under your control, and can not be used by the forbidden goddess from whom it originates for her own vile purposes. Once per Jump, you may resurrect after death. This resurrection will cause you to become pure evil in body and soul, mutating most of your abilities to match your new nature of darkness, though this will somehow not actually affect your mind and personality. Each mutated form you gain will become its own Altform once a Jump ends, allowing you to regain your uncorrupted state. Post-Chain, you may resurrect as many times as you can bear diving deeper and deeper into darkness."
400,Blessing for Gusto,Duel Monsters - Duel Terminal II,Providence,"Are you from the Priest House, like Caam? It would certainly explain the power held in your prayers. No matter what magic is used, or what lies between you, your prayers will always reach the ears of whatever god you seek to communicate with. Even if you have no deity in mind, any god both willing and capable of aiding you shall hear your words should you ask for aid in your time of need, and know how to help you. They might ask for something in return, but your words will never call someone who would ask something you’d consider impossible to fulfill."
400,Tribal Savers,Duel Monsters - Duel Terminal II,Providence,"Praying for a savior is fine, but sometimes you won’t be allowed that mercy. Sometimes you’ll be lucky if you even have the strength to stay awake, let alone shout out to the cosmos. But it seems hope won’t be lost, for you at least. When you truly need help, when you can not stand up against whatever seeks to bring you down, fate will twist and bring a hero into your life. Whether this takes the form of a gallant knight who will stand against the army seeking to kill you, or a magician capable of weaving a spell to cure your ailing family, or something even stranger, these people will prove themselves willing to help you for little to no reason. However, be mindful. Fate is simply bringing heroes to you. If you are far away from any such persons, or those who are ready and present find whatever harms you beyond their abilities... well, might I suggest praying?"
400,Next Labourer,Duel Monsters - Duel Terminal II,Providence,"Though you may be infinitely superior to them, having a true agent of your will rather than a blind victim or puppet can show its worth. When you empower or corrupt someone who actively embraces the power you grant, you may choose to make them your champion, the star of your grand design. In doing so, they will find greater success when furthering your plans and granting your desires. Their general competence, ability to harness the powers and tools you grant them, as well as their luck rise sharply in this state. Any true betrayal on their end will find them bereft of these boons. You may only have one champion at a time."
400,Virtue's Reward,Duel Monsters - The Abyss,Providence,"In a dangerous world with malicious schemes and war, it may be tempting to focus mostly on yourself, or even take advantage of the chaos for your own ends. One may think helping others or doing the right thing is a liability. However, that isn't the case, especially now that you've taken this Perk.

Firstly, whenever you act with good intentions and/or virtuous methods, you receive a variety of benefits, with those benefits being stronger when doing both. For one, your actions will be more likely to succeed and have the results you desire. Your enemies and opponents will make mistakes, you will receive good fortune when doing so, and your actions just seem to have more of an effect than they otherwise would, be it attacks being stronger or your words having a greater and longer lasting impact on others. You will receive greater returns from acting with good intentions and/or virtuous methods as well. You will find people will be more willing to open up to you or trust you, and more willing to offer support. Your training will be more efficient, and you will gain greater inspiration for new techniques and ideas than you otherwise would. Your bonds and relationships will end up growing faster and stronger. And, of course, you will end up gaining more money, materials, and/or favors than you normally would receive, either from “happening upon it” or those you help being especially generous with their rewards.

Secondly, it will never be required for you to do any immoral or evil to achieve goals that aren't themselves immoral or evil. To be clear, being selfish or on a specific side of an issue is fine, it just cannot be entirely or primarily immoral or evil to qualify. Be it the possibility of sacrificing someone to prevent some great Evil, or needing to perform some deception to receive the information you need, It is no longer necessary. Now, there will always be some way to achieve your intended result without compromising your values, even if it would bend or even break the normal laws of the settings to allow for this. This doesn't mean you don't need to put in the effort, though. No, it will still take around the same amount of effort as the less moral effort to achieve at minimum. The moral way will take more effort if the laws of the setting are actively working against you or if the alternative is doing nothing, but it will always be possible. The path of Virtue may not always be the kindest one, but now, it should be more traversable and rewarding than ever."
400,Home Ground,Duel Monsters - The Heroes,Providence,"Once per jump, you may declare yourself as the protector of a single city. So long as you fight for the sake of its people, the city itself will slowly and unseenly become favorable to you and your fighting style. If you jump from rooftop to rooftop when patrolling, the skyline will become more even, with parkour-friendly paths forming naturally. If you make use of flight to maneuver civilians out of dangerous areas and fight villains unevenly, streets and buildings will have just the right design to let you abuse three-dimensional movement. This is your city, and you won’t let evil bring it to ruin."
400,D-Time,Duel Monsters - The Heroes,Providence,"Do you know what’s troublesome? Having a huge disaster or fight break out while you’re trying to upgrade your power armor, or meditating to regain your psionic energies. At will, you may create a sort of fate warping effect around you. While active, any large events of interest to you (whether that’s something good like a surprise party, or something bad like an attack performed by a dastardly Evil Hero) will only happen when such is convenient for you. This can’t delay things forever, and won’t work as well against plans that hinge on you being struck at a specific moment, but will still preemptively mess up the timing of anyone involved once the whole thing gets going. If you wish, this will specifically not work on things such as the previously mentioned surprise party."
400,Decapitation!,Brütal Legend,Providence,"Do you want to make someone dead, and have them stay that way? With this perk, now they will! And while they may be able to be resurrected, depending on the world, they're never pretending to be dead, or playing dead, or mostly dead. They're dead, plain and simple, and if they aren't, you'll know."
400,Wisteria Blood,Kimetsu no Yaiba,Providence,"For some reason, your blood has the opposite effect on demons - rather than be life-giving nutrient, it is as deadly to them as wisteria, which has been used famously as a weapon by the Insect Pillar and her acolytes against the demon plague. Demons who take this instead become immune to wisteria's effects; they can't use this offensively like a human, but it does at least remove one of their more annoying weaknesses."
400,Strange Meeyings,Sundered,Providence,"In times unknown, a stranger gifted a holy stone to the Eschaton. This chance meeting, ultimately, precipitated into the events of this world. When it comes to these chance meetings with powerful beings handing out powerful artifacts, you seem to be strangely lucky. While these occurrences may ordinarily happen only once a millenia to one person in several billion, you will likely encounter them once every couple jumps. Beware though, this grants no guarantee that the being granting its item is your benefactor, or that the item is inherently beneficial to you."
400,Kin to All,Sword & Sorcery,Providence,"It is the nature of men to succumb to the impulses of tribes to fear or hate those who are different,
whether they be of foreign lands and blood or other cultures and tongues. Such strife now shall
seem forever distant to you as you find yourself seemingly taken to by all cultures and peoples you
meet and given the acceptance and forbearance that a welcome quest would be granted. This
status shall swiftly transition into treating you as one of their own with ease should you behave
appropriately and were your actions the sort that would earn acclaim you would be honored even
greater than any other would in your shoes. Should you travel far a hundred lands or more might
know you as friend or kin."
400,Brothers in Blood,Sword & Sorcery,Providence,"In the face of great calamity and terrible foes it is the bonds of men that hold fast that they might
see the day. You have the heart and skills of a true brother in arms. Whether it be in battle or
adventure you find such trials quickly forge true lifelong bonds with all those you stand with you,
no matter how different you might be. From cowardly thieves, eccentric wizards, fierce warriors,
and men and women from countless lands and tongues your struggles and tribulations would see
you finding the kind of joy and companionship that is the stuff of legends and the envy of all
humanity. These bonds once forged will be eternal even where all else in the world might fade,
and should you walk a thousand worlds after this one the light and warmth they place in your
heart will never dim in the slightest. How foolish is man that they pay so high a price in flesh and
blood yet remain blind to the treasure that is their hearts."
400,Whims of Fate,Sword & Sorcery,Providence,"For all its vagaries fortune nevertheless seems to adore you. Luck and fate shall guide the course
of events with a subtle if all pervading hand that seems to steer you along the best path. A
desperate leap that finds stable ground at the last moment, the slight turning of a knife to slip
through a murderer's hand, even the glint in the night that reveals a long-lost treasure. These
things happen around you constantly like the comfort of a well-worn cloak. All but forgotten, yet
certainly felt. Fate may be fickle, but upon you it seems to smile."
400,Finding Fortune,Sword & Sorcery,Providence,"Luck may be perhaps the most brilliant of treasures but one such as you also has need of more
material riches. Fate seems to constantly either guide you towards the acquisition of riches or
sends them towards you. Cutting a purse always seems to have more silvers than it should,
sneaking into guarded places leads to bountiful spoils waiting for you, and over time opportunities
to accumulate truly vast fortunes will be inevitable. More importantly this means that no matter
what adventure you embark on success will result in the attaining of wealth to match your glory.
No need to worry over your efforts not being richly rewarded in more than just memories."
400,Dear Cousin,Elric Saga,Providence,"Bonds of blood can cause a person to treat their kin differently from others —
treat them more harshly, but also more kindly. Nepotism exists for a reason, after all, but you take it
to the next level. Even if they aren’t related to you at all, people just cannot bring themselves to
give you more than a gentle slap on the wrist when they first discover your wrongdoings. You could
be the slimiest worm to ever crawl the earth, plotting very obviously to seize power from everyone
you know and owning a collection of daggers made specifically to stab others in the back, and you
would face only minor disappointment from your would-be targets if they were to find out. Don’t
cause too much of a mess during a failed attempt to murder the emperor, and he wouldn’t even
bother to throw you in jail. In fact, he might just let you rule as regent while he’s away! That said,
just how much they will forgive you depends on both the people in question and the magnitude and
success of your schemes. Kinder hearts will be more careless when it comes to your schemes,
especially if whatever you were plotting was bloodless, but if you do murder the emperor, all bets
are off as far as his close friends and other acquaintances are concerned."
400,A Sword Laid Down,Elric Saga,Providence,"You cannot properly swing a sword or loose an arrow if your
conviction is lacking, but what if something in your life alters that conviction? It’s not unheard of for
servants of Chaos to seek the peace of the Balance, and even champions of that same Balance
are not immune to falling to Chaos either. No matter how deeply you might have rooted yourself in
the affairs of whatever side you’ve chosen, there will always be a chance to change your mind and
choose to instead align yourself with another group, or even abandon factionalism altogether and
choose to follow no side at all. Once per jump, you will be able to break ties with your chosen side
and end whatever agreement you may have made with them, no demonic pacts or sorcerous
dealings getting in the way of your change of heart. Fate will see to it that those who would seek to
harm you for what they might view as a traitorous act won’t be able to do so until you’ve reached
neutral territory or any other place of relative safety, and your choice of new allegiance will be more
welcoming to you even if they would otherwise be distrustful of another faction’s traitor. Be careful,
though, since even momentarily returning to the influence of those you betrayed will grant them all
of their old power over you."
400,Rider of the Storm,Mad Max,Providence,"Ever since the Great Blue receded, maelstroms capable of rending flesh from bone periodically bombard the scattered remnants of humanity. But not all is bad, for the sandstorms also dredge up long forgotten valuables for those who would brave them. You find inclement weather affects you and the vehicles you ride in significantly less, sandstorms refusing to blind you, lighting refusing to strike. After this jump you will be able to summon the blistering storms of this world at will."
400,Great Man of History,Primal,Providence,"Charles Darwin’s theory of evolution has had a
reverberating effect throughout civilization since his day. You may not be lucky, or
intelligent, enough to create the framework to explain the change of species over time or
something of that magnitude, but your works and creations have a lasting societal and
cultural impact. This may not benefit you in a man’s lifetime, you may be ridiculed and
mocked in your day, but your theories, and your creations tend to be remembered and
spread, and reach those that they might inspire. It’s possible your greatest contribution
will be to drive someone to disprove you, but what you create and teach will not be easily
erased by the sands of time."
400,Destroyer,Worldless,Providence,"Death is surprisingly rare in this universe of endless war, but you are an exception. If an enemy has some personal automatic defense, escape, or retaliatory mechanism that should trigger to save them or somehow punish you in retaliation, they somehow won’t trigger when you deal a fatal blow. This only applies to enemies you dwarf in raw power. This also doesn’t hamper passive attributes like durability or regeneration. It needs to be an effect specifically triggered by your attack or their death."
400,Invincible,Worldless,Providence,"You gain some conditional form of invulnerability. You are immune to all damage types, on paper. There’s always a catch that prevents this from being unbeatable. Perhaps you can form a shell around yourself that renders you invulnerable, but also immobile and unable to attack. Or maybe you can switch between several configurations, each of which has a single weakness, but immunity to everything else. Feel free to devise the specifics yourself, as long as there's some kind of tradeoff along those lines.
Incompatible with ""Resistant"""
400,Peace and Chaos,Hawkmoon,Providence,"It seems that almost everyone, from the most innocent to the worst of killers, simply wishes for a quiet life. While this is no more than a dream for most, you will actually have this. Miraculously, your very presence seems to exert a calming presence upon the world around you. Marauding armies leave your land alone, natural disasters leave you unharmed, and bandits never bother you while travelling. If you wish for excitement, however, you may toggle this protection on or off at-will, and adventure and danger will still find you if you explicitly seek it out."
400,You are Now my Guest...Forever!,Hawkmoon,Providence,"Needless to say, death is an extremely inconvenient ending for many people. But you needn’t worry about that. Now, it seems that even your worst enemy will try to capture you alive instead of killing you outright, whether it be in an attempt to ransom you, interrogate you, or something else. Be aware that this protection is not absolute, however – if you prove yourself too difficult or dangerous to imprison or your foe has a great bloodlust, they may still decide to kill you."
400,Touched by the Black Jewel,Hawkmoon,Providence,"The Black Jewel is one of the Dark Empire’s most profane inventions. After the gemstone is grafted onto an individual’s forehead, the sorcerer-scientists of Granbretan may then sense everything the bearer senses and, if they sense any sign of betrayal, kill them instantly with the press of a button. You shall never suffer this fate. Now, your foes will find it far more difficult to read your mind, hijack your senses, possess you, or otherwise affect your mind through scientific, magical, or psionic means."
400,Second Gestation,Legacy of Kain,Providence,"Another marked departure from the later vampire‘s human origins was the odd ability to pupate between their stages of evolution. And now you can do a similar trick, only better. At any time when you are injured but not immediately killed you can spend a few dedicated minutes to construct a natural cocoon to retreat into. As long as you remain inside such a shelter you will find your wounds closing at even greater speeds than before and your natural regeneration will go into overdrive, healing even grievous wounds in a fraction of the time it would normally take - provided you remain still for the duration.

The pupa will provide complete environmental isolation from the world outside, but while certainly durable it is not impervious to damage either and should it be breached you will be forcibly ejected with your resting place with any unhealed wounds still in effect. The overall strength of your cocoon‘s walls scales with your overall power, but unless you are already on the verge of divinity it should still be possible for a great enough concentrated effort to break through. And yes, you can create such a pupa even when not injured if you are in need of a place to hide from the sun or just desire a quiet retreat from the world."
400,Imprisoned No More,Legacy of Kain,Providence,"Unbeknowns to most, the Pillars of Nosgoth were originally raised as the lock that imprisoned the Hylden in their prison dimension, tying the state of the world to that of their bars. And yet even this powerful banishment could not contain them forever, as their lord found a way out of their imprisonment to laid the groundwork for their return. And now you share this power as well. No matter the prison, supernatural binding or any other means of containing you, they will all fail to keep you in check. Regardless of their power, just by holding you their power will start to wane until even the strongest of cells will crumble to allow you passage, spells will unravel, even barriers between dimensions will grow thin enough to allow you passage through."
400,Battlefield Scout,Darkest Dungeon,Providence,"“Alone in the woods or tunnels, survival is the same. Prepare, persist, and overcome.”
Battlefield control is but one factor in determining who will come out on top in a skirmish. The battlefield itself can be a major deciding factor in how it will go. The presence of traps may unexpectedly cripple a fighter, or an ambush may route an expedition in moments; not to mention the siren lure of treasure, glittering in the dark, hiding menaces all their own. For you, such conditions are almost always favorable, owing both to your own scouting abilities, a keen eye, and the unusual luck you have when it comes to finding maps and other signs of what lies ahead. You are far more likely to ambush your foes than the opposite, giving your party ample time to pick off some of their number before they even have the chance to act, and even the most insidiously hidden of traps are easily evaded. Finally, you come across secret rooms with surprising frequency; the hidden chambers often holding fabulous treasures, grisly trophies, or unexpected allies."
400,Still Got It!,Hajime no Ippo,Providence,"Time may be a cruel opponent, turning once-mighty fighters into aging warriors struggling to maintain their strength. Fortunately, this perk allows you to retain all your power and skill, regardless of your age. You could easily become a world champion again, proving that age is just a number in the boxing ring."
400,Charisma of the Fallen,Kung Fu Panda,Providence,"Those who are truly strong standalone on the apex of
glory and power. That does not mean that they are not those who worship the strong
for what they are and seek to fulfill their desires. You are extremely charismatic able to
sway the malcontent and the barbarous to your side. You mostly attract members of
the races most known for their barbarity, wolves, alligators, crocodiles, although you
can find nearly any race has some members that will be your servants"
400,Unbound,Good Hunting,Providence,"A devil need not fear the light, a vampire can gorge themselves on garlic and a werewolf can
wear as much bling silver as it wants. You are completely bereft of any racial weaknesses
inherent to your kind and this also applies to any other species you pick up along the chain.
You are also Unbound from the world, this meaning that if your current species depends on
something like magic or another similarly mystical-sustenance for their powers/life and this
source disappears from the world you will still stand proud and strong!"
400,Under Control,Kajiri Kamui Kagura,Providence,"Let others suffer from the consequences of possessing a distortion. You have your abilities
under far greater control than others. Using your Distortion will not cause your hands to shake,
or nausea, or any of the dozen other physical and mental effects of having such power. In future
jumps you will find the negative physical and mental effects of powers and abilities to be far
less. Walking in the sun as a vampire would still cause decent burns, but no longer turn to ash,
garlic would be a non issue, kryptonite to a kryptonian would be like a moderate allergic reaction."
400,He's So Silly,Manyuu Hikenchou,Providence,"The true mark of privilege is how free you are to act. Like many powerful
figures in this world, your behavior is more likely to be met with a wag of the finger than any true
lasting effects. Attempt to fondle a voluptuous woman in the street? She may knock you around
but would let you go on your way without thinking less of you. Want to manipulate your marriage
and steal your husband’s fortune away? That’s just politics, or so the peasants assume. This
effect is reduced if your actions actively harm others, and some crimes will be taken seriously no
matter who you are. But for most things, consequences seem to slide off your back."
400,Serenity,Luther Strode,Providence,"You exude a feeling of calm and tranquility, the result of discipline and relaxation instead of
laziness. Your movements are so minimal, they give no tells to react to and can even foil the
predictive abilities of Blue Vision and hinder supernatural clairvoyance. Your steps have also
become lighter, you could sneak up on people with bells on without notice."
500,Trikaldarshi,Grant Morrison's 18 Days,Providence,"As a Cosmic Being you have awareness that transcends mortal limits, letting you sense things such as the workings of fate, alternate timelines, or even decision points in the fabric of all that is, giving you a sense for how things could proceed from any given choice at any point in time. You can, at will, see both backwards and forward across the skeins of time, to the fullest endless extents of both.

You know all, see all, with your sight can reach all corners of all Universes tied to where you stand, to times present, past and future, and even the spaces between universes, across timelines, and so on."
500,Eyes of a Bodhisattva,Saint Seiya: The Original Series,Providence,"All things are transitory. Loving some, and hating others...growing, aging, learning, and fighting. It will fade in time, but you will still be here, under the peach tree. Your soul is an enlightened one, having gazed into the truth of the universe you live in. Your mind knows neither turmoil nor hatred, nor can any psychic attack or forced control influence your thoughts any more than ant may move the stars at night. 
You can accurately perceive your surroundings with your eyes shut, seeing the life force of others and your physical senses almost vestigial in how accurately you can read your surroundings with vivid detail. Finally, your enlightenment has enabled you a greater understanding of Cosmo - you are able to use great techniques and power with minimal exertion on your part, and could perhaps unlock the other Senses through little more than meditation and contemplation in a few years...perhaps even quicker, should you actively fight and burn your Cosmo. Pity the fool who believes a Bodhisattva to be a peaceful, gentle creature...you are still very much a warrior of the Gods."
500,Rise Warrior!,Volgarr the Viking,Providence,"Live, die, and rise again! With this perk you gain the ability to rise again when slain, a
lightning bolt striking the ground and your body being rebuilt nigh-instantly from the spot it
hit. Where you are ‘reborn’ is a randomly selected spot in an area somewhat close to the
location of your death, in a kilometer radius, defaulting to where you have been before
during the last hours."
600,Heaven Defying Bottleneck Technique,Against The Gods,Providence,"As your powers grow, as your strength reaches higher and more advanced levels, advancing further becomes ever more difficult. Not for you. No one knows how, maybe you can somehow access the richer energies and better quality laws of the Higher Realms, maybe you can just grasp certain crucial principles others miss, it depends on the circumstances. But the result is the same. Where others would require decades, if not centuries to grow through a level, not to mention proportionately higher effort, you simply don’t suffer these diminishing returns or bottlenecks. You can advance through even the highest levels of cultivation just as easily and quickly as you grew through the very first ones, while losing none of the benefits."
600,NULLed,Katana Zero,Providence,"Precognition isn’t fun, especially with the NULLs. You can’t fight them on even ground, or even on odd ground if you can help it; somewhere along the line they’ll find a path that’ll perfectly take them to you without harm and next thing you know you’re already dead.
Fuck ‘em; when you’re around and can be perceived by anyone with precog powers that has hostile intent against you, said powers just...won’t work. No psychic bullshit on your watch."
600,Destiny? Fate? How Cute,Tales Of Demons and Gods,Providence,"Some universes have their own fate, some universes have their fate woven by a greater being. In TDG, this is up to interpretation, be it a natural occurrence, the universe giving plot armor to Nie Li or the Time and Space Spiritual God pulling the strings from the backstage.

Now, all of this is meaningless to you. You may choose to follow Canon, but you can decide to just disregard all that bullshit and take your destiny into your own hands. Once you choose to do so, it is impossible to go back, as the future will have diverged from its predicted outcome. As a bonus, no type of fate manipulation and prophecies can affect you."
600,Unseen Aid,Sekiro Shadows Die Twice,Providence,"Someone is watching over you, Jumper. It could be anyone really. The more people that see you as friends or allies, the more likely you will find help from nowhere. Perhaps you find yourself in a corner and suddenly an arrow flies and hits the enemy right between the eyes, giving you a good enough break to turn the tides. Perhaps one day you’re face first onto the floor passing out from your wounds or being black out drunk, but then you wake up back in a safe place with your wounds dressed and tended to. Perhaps a dealing with bureaucracy might end up with you being taken away to never be seen again, but then they tell you that your papers are all in order. Whenever you find yourself in a difficult situation, there is a chance someone will eventually bail you out, and you’ll never see who it is. The chance bonus is accumulative across Jumps, so the more people you have positive relationships with in total in your Jumpchain, the higher the chance you’ll receive Unseen Aid."
600,With A Donkey's Jawbone,Baki The Grappler,Providence,"The practicality of martial arts in real combat situations can seem laughable in a world with guns and missiles. Then again, if that threat was insurmountable, we wouldn’t have to worry about monsters like Yujirou. You find that guns and other projectile weapons aren’t that scary once you get used to them. To you, an armed gunman is no more dangerous, or harder to fight, than a man armed with a knife. Often, this means closing the gap between you and your opponent before they can fire. Even if it’s too late for that, bullets you can’t avoid miss you far more often than they should. Still, a man with a knife can be dangerous in their own right, with enough skill, preparation, or luck on their side. Even when it comes to long- range missiles, you have a keen intuition when such weapons of mass destruction are on their way, and how to be somewhere else before they arrive."
600,"Even ""He"" Could Never Go That Far",Baki: Son Of Ogre,Providence,"You’re simply too stubborn to die, and the only way to keep you down is to instantly kill
you or shatter your pride. Drug overdoses, poisons, and diseases are non-factors for you.
If your will holds up, it doesn’t matter whether your knees are shattered or your neck
broken, you’ll stand back up to continue the fight, logic be damned."
600,Have We Regressed?,Baki: Son Of Ogre,Providence,"Hard not to think humanity has taken a step back somewhere. In your hands, the old ways
will always trump the ways of the present. No gun can stand up to a sword in your hand,
a martial art with mere decades of history has no hope against your ancient techniques,
and modern tactics will be useless against those from centuries past."
600,Like The Phoenix,Saint Seiya: The Original Series,Providence,"Though not truly immortal, you are truly akin to the mighty Phoenix - you simply refuse to accept death, and it rejects you accordingly. When you suffer from a defeat or setback, you gain both insight into what led to your defeat and ways you can prevent it (if possible) again, as well as a slight boost to your Cosmo in confronting this foe or situation again. However, the true power of this is unlocked when you suffer a crushing defeat - when you are lethally struck down, wiped from existence, cast into an inescapable hell or any sort of scenario that would result in your death or erasure, you may simply...refuse. Once per jump, you may cheat this oblivion and emerge from a place of safety, good as new. After your chain has ended, you may rise again as much as you please - though you may yet encounter a foe who can end you forever somewhere in the vast multiverse. Should you obtain the light of the Spark, this affiliation with the Phoenix is now literal - you may never truly die or disappear unless you so allow it."
600,A True Knight,Saint Seiya: The Original Series,Providence,"No Knight will ever abandon their Goddess or
someone they value, not even in injury or death. Your ability to guard that which is precious to
you has entered the realm of the supernatural, your devotion strong enough that your comatose
body would spring to life and fight at full power to protect the one you care most about, as well
as completely take any attack that would normally strike them onto yourself and nothing else.
Your durability is likewise stronger for it, your Cosmos flaring greatly to shield both your body
and that of the one under your protection. While this protective instinct will not place you into a
certain-death scenario (unless you wish it, for whatever reason), it will let you guard those you
love even in the worst possible conditions, boosting your willpower and bodily endurance to do so."
600,Miracle,Saint Seiya: The Original Series,Providence,"A power that humanity holds, that even the Gods are wary
of, is that of being able to make their dreams a reality through love and honor. A piece of that
power now follows you. When you confront an insurmountable or otherwise unstoppable foe or
obstacle, with no way to win, the winds of karma will swing the odds in your favor - a character
flaw in the enemy’s heart causes them to waver, a weakness is revealed, or they make a glaring
mistake when fighting you. This will create an opportunity, however small, for you to capitalize
on and perhaps seize victory...but such chances, such miracles, will only happen once against
said foe. I hope you use it wisely."
600,Wyvern's Loyalty,Saint Seiya: Lost Canvas,Providence,"Loyalty is a life drive not so exclusive to the good guys. In fact, the most exemplary are found on both sides. And true loyalty is always rewarded in the end. All blessing and power given/entrusted/offered from someone you are truly loyal to, whether it is a superior, subordinate or equal, is perfectly absorbed, even normally fatal ones like Hades' Ichor. The time and struggle to assimilate it, if any, is however unchanged, but you are sure to eventually succeed and survive. A partial or half-hearted loyalty removes the death protection or the concerned powers immediately.

Capstone Boosted: For My Lord: You want to do even more for them, and so you will. Dedication and training now work on the power received through this perk and improve them even if they normally don’t, unless they are already absolute in power and control. Moreover, absorbed power becomes your own : even if taken or given back, you always retain at least a spark of it to train from again, though it may take time."
600,The Miracles of Humanity,Saint Seiya: Omega,Providence,"As a Saint, you stand as one of the pinnacle embodiments of humanity's
potential, endowed with the extraordinary ability to create miracles. This power,
feared by the gods themselves, stems from your innate connection to the
essence of humanity. When you harness your human nature to achieve feats that
defy the laws of reality, you find that even the most impossible tasks become
attainable, far easier for you to accomplish than for anyone else, regardless of
their own extraordinary abilities. While these feats may still present significant
challenges, your inherent affinity for transcending the bounds of possibility sets
you apart as a beacon of hope and inspiration, capable of achieving the
impossible and shaping the course of destiny itself."
600,This is Absurd,Saint Seiya: Episode G,Providence,"Gods are all too used to being the top dogs. It seems like a lot of them have no idea of just how
strong a Saint can be, much less how strong you are. Any foe you have has a ludicrous level of
underestimation for you. No opponent considers you a serious foe, unless you desire for this perk to
not work, and even being confronted with direct evidence, to the point of having multiple allies that
you have easily defeated explain how strong you are and why to them, will not make them give you
a serious estimate. Even a foe that has already fought you once before will look at you and think
they just made a mistake last time. More than two confrontations and they’ll start to take you
seriously but before then, there’s nothing that will make them think you’re more than a joke."
600,Heretic Defence,Saint Seiya: Episode G,Providence,"To point your sword at a heavenly being is a sin and to outright attack one? There can be no way for
someone to think they will escape punishment for such a sacrilegious act. The act of attacking you
reflects a certain amount of harm back on those who try to do you harm. While this provides no
protection against their attacks, it does ensure that they receive a certain amount of damage from
you instantly because of it. The stronger you are compared to your attacker, the worse the damage
they automatically receive is. Those equal to you may just receive the equivalent of a strong punch
from yourself but those lesser might take on a dozen blows or a hundred or a thousand of your
strength all at once."
600,Without Love You Will Fail,Saint Seiya: Episode G,Providence,"Your body has had a very special enchantment placed upon it, protecting your physical body from
any and all kinds of harm...provided the attacker has no love in their hearts. For those without love
inside of them, it is entirely impossible to damage your body and even your soul becomes far more
resistant to any damage they seek to do to it, great wounds becoming mere scratches upon it. But
those with a loving heart will never even know this protection exists upon you. At least for your sake,
it is not enough to just feel a few scraps of love, a person must have genuine love for something or
someone inside them to get past your defence."
600,Protection of the Gods,Saint Seiya: Episode G,Providence,"Even as a God, you have your own superiors. The primordial gods that lead you and created you.
Unlike the traitorous Gods that rule the world of today, you still have the favour of your divine
creators, manifesting in a shield against any harm. Any foe you have that does not greatly surpass
your own power will be unable to harm you, so long as they do not receive the support of any divine
being or are not themselves a divine being of some kind. Even if they equal you or slightly surpass
your power, their blows will be like the stinging of a mosquito against your divinely armoured flesh.
Useless and at worst a mere annoyance."
600,Blessed by the Sun God,Demon Slayer,Providence,"You are special, someone who seems as if they’ve been blessed by the gods themselves. No matter how much others train, they will always reach their limit, but you don’t have one. So long as you put in the same amount of effort, you will always see results, not only for your body and mind, but also for all your powers, perks and techniques, there is no limit to how strong you can become or how refined your skills can be, you will always be able to train and expand on them. As an added bonus, anyone that fights or trains with you will also continuously grow without limit, albeit slowly. The longer they are around you the faster this growth will be, after all, it can get lonely at the top.

This Perk is a Capstone Booster."
600,One vs Many,Tekken,Providence,"A Ninja is a master of fighting against odds using everything they have at their
disposal. Some think you could be simply overrun with larger numbers. This wont work now. If you
can defeat every single enemy in a group in a One on One fight you will be able to take them as a Team as well."
600,Luck of the Okami,Ghost of Tsushima,Providence,"Let’s Face it, it's hard for people like you to stay alive for very
long in these chaotic times. So, to alleviate this burden you now have a significant amount of
plot armor. Travelling becomes much less dangerous for you and this makes it so that fortune
is usually on your side in most matters, especially when it comes to plying your trade. Lastly,
you are an expert at managing and cultivating business interests, with some work you can turn
a single stall into a franchise spanning multiple townships and regions, and eventually you can
even break into international markets and probably create the world's first international conglomerate.

+Legendary Status: You now possess a preternatural business instinct which allows you to
instinctively know whether good from bad business dealings and what items and materials
would be worth something. You are now far more capable and fortuitous when gaining
support for your business endeavors such as investors, clientele, and other crafters.
Additionally, you have become a master negotiator able to make deals that favor you more
heavily than your business partners. Also, your businesses receive a moderate amount of
plot armor making storefronts, trade routes, supply-chains, customer base etc. highly
resistant to disaster, misfortune, and negative changes in general. Lastly, all perks within
origin now function more effectively and efficiently."
600,The Sword Who Cuts The Heavens,Samurai of Hyuga,Providence,"It appears that you are destined for great things. Your soul has become a nexus of sorts,
entwining the fates of those around you to your own. People that normally would have lived their
whole life in one city would follow you through floods, poisoning, and other trials and tribulations.
Those that are bound with this connection will end up helping you willingly or otherwise.
Furthermore, you will quickly build a rapport with those you travel with, breaking through the
barriers of social strata and regional differences to create nigh-unbreakable bonds of loyalty and
friendship, or possibly something even greater."
600,Love Story,Scissor Seven,Providence,"You’ve noticed someone, they’re good looking, seem to share your interests and
conversations just flow when you two talk, step by step you two are getting to know each
other and it’s looking like you’ve found The One. Well, you have, only problem is there’s
Hardship, there’s some kind of Struggle, an unavoidable Problem. You’ve guessed it, for
some reason your soulmate just can’t get together with you, at least not yet. Be it because
they’re supposed to be the next Sect Master in a Sect that forbids romantic love, because
they’re an Assassin and supposed to kill you, or because their family hates you with the
fury of a thousand suns. All you know is that it will take time and a lot of convincing as
well as effort to get past that hurdle, but when you manage it you’ll have your happy
ending with your soulmate you’ve always dreamt of."
600,A Bodyguard's Duty,Scissor Seven,Providence,"You can mark someone as your client. You become aware of their needs, general health,
their current position and a general awareness of whether they’re likely to get injured in
the near future. While you’re actively protecting them they’ll be impossible to kill or
fatally injure as long as you’re alive. The longer you’re the bodyguard of someone the
easier it will get to protect them."
600,True Warrior,Vinland Saga,Providence,"A true warrior, according to Thors and later his son, is someone who
can defeat their enemies without the need for violence. You are now a true warrior. No matter
what situation you find yourself in, you will be able to find a peaceful resolution. Some
resolutions will be harder to come to than others, but no matter what, a peaceful route will
always be possible."
600,Kingship,Vinland Saga,Providence,"Any lands under your rule now experience internal golden ages. You can
expect plentiful harvests, inventors becoming more prominent, and for plagues to quell down
faster. Additionally, you now have a keen mind for kingship, able to work within and around a
feudal system expertly for the benefit of your nation."
600,Reincarnation,Soul Calibur,Providence,"Strange. Very strange. You’ve come across a power belonging to only one other in
this world. An ancient magic that is quite possibly the closest thing to true immortality in
this land. One of your eyes has turned golden, a sign of reincarnation. Once every ten years,
whenever you die, you will reincarnate into another body, a body that would grow to be
identical to yours in every way. Fortunately, unlike the version of the reincarnation wielded
by another, there is no way to bypass this other than killing you while the reincarnation is
still on cooldown. Post-Jump, this reincarnation will no longer have any cooldown period.
You will be able to reincarnate again and again but you will have a method of true death
available to you and only you should you ever truly wish to pass on."
600,Lucky Birdy,Katanagatari,Providence,"In a realistic world, you’d have been hit by that arrow. In a realistic world, you wouldn’t be able to
slice open a man’s jugular by throwing a knife randomly into the air. But you gave away the real
world a long time ago. Your luck is a supernatural force for your benefit, making you so damn lucky
that you’re able to actively weaponise it. Not only is it almost impossible to hit you unless your
opponent plans well for it, is crazy lucky themselves or just that much better and faster than you. You’re also able to attack with your luck, enabling you to randomly throw things like knives or
throwing balls around an enclosed room and have all of them slam into your target from different
directions. Your lucks not unbeatable but damn if it might not seem like it to your foes."
600,Path to Greatness,Blue Eye Samurai,Providence,"Ringo has faced hardship and ostracization his entire life, and yet he has never lost his
optimism, his belief that he can become more than what he is, giving him the motivation to push
through and learn skill after skill. Now you share this feature as well, what makes you you and
your motivation will remain unbowed in the face of hardship, only changing when you desire them to.
And like Ringo, fate seems to reward your persistence with teachers. Whatever path to
greatness you seek to pursue, you will encounter teacher after teacher willing to help you achieve it."
600,Akemi's Own Luck,Blue Eye Samurai,Providence,"Despite all the dangerous or just undesirable situations she found herself in, Akemi always managed to come out unharmed, having gone through far less than she could have, and often enough, on top. Part of that was her charisma, but a great deal of it was sheer luck, often despite her actions. She decided to flee her home with only her old tutor for protection to seek Taigen, yet when they were robbed Seki managed to intimidate the robbers into not using violence, and the one that cornered the fleeing Akemi only took her shoes and money, and the shoes were only because Akemi threw one at her head in frustration after her money was taken. The flesh trader she hoodwinked into getting her to a whorehouse in her search never tried anything, and was greedy and dumb enough to be led around through various villages until she found her target. Her first and only client turned out to be someone she could get off with poetry and a sultry voice, the monstrous swordsman who beat her love whom she planned to drug and drag to said love turned out to be rather forgiving. She was retrieved by her father’s guards, to be married to a man with a horrible reputation, yet it turned out the reputation was fake to cover for his stammer. She was at ground zero of a coup and a fire that consumed the whole city, imprisoned by her father after finding out about the coup early, yet she got rescued, evaded most of the fighting, and the side of her new husband won. You now have her luck."
600,The God has Spoken,Conan,Providence,"When you invoke a god at their sacred sites, or places of worship you can be assured the god will hear you. It may or may not choose to act, but if you pray to a being recognized in the world as a god at one of their sacred places they will be aware of your prayer. And if the setting is usually ambiguous as to whether the god in question actually exists, they will seemingly fall onto the side of existence when it comes to responding to your pleas.

You also seem to catch the eye and attention of gods who would be favorably inclined towards you more easily. Even without your direct invocation, a god that would look upon you with favor and aid you, is liable to notice you. This tendency to win attention does seem to make gods who would not be opposed to you somewhat better inclined to you in general.

In general unless the gods of a world take a very direct and overt hand in it, expect any aid coming from this perk to be relatively subtle. they may give you a direct divine sign or even speak to you and give you advice, nudge events and probability in your favor, guide their faithful to help you, and the like, but unless the gods of a world go around bestowing divine artifacts or sending forth angelic hosts to aid mortals on the regular don’t expect them to do so because you called them."
600,A Fighting Chance,Conan,Providence,"When you should be dead to rights, captured with no hope of escape, etc you will be provided some chance of escape. It will not be easy, and will take daring, wit, and strength, but it will be there. The enemy may pause to gloat, a dream awakens you when the assassins are on their way to murder you in your sleep, they may decide to take you alive for a public execution, an ally steps forward first into the deadly trap, and imprisoned in a pit of demons you may find a chance to escape when one of your captors decides to take personal vengeance against you and kill you while you are chained up but should you manage to slay them their tools to ensure your death might could break you free to give yourself a fighting chance at escaping the dungeon. Such chances will never make your victory, or even survival, assured, but they will mean you have a brief, second opportunity."
600,Everyone Loves An Underdog,Cradle,Providence,"The odds might be so slim they're measured with seven zeros behind the decimal. That doesn't matter so much anymore. If you really, truly try your best, even if you stumble, you've got a damn good shot of beating those odds and coming out on top. You might not win every single fight you're involved in, or get what you wanted/needed out of a deal, but you're lucky enough to avoid outright dying most of the time, at worst you lose an arm and get a replacement that turns you even stronger. This isn't foolproof, however, if you charge recklessly into everything, you get what you deserve."
600,Disciple Greets Her Master,Cradle,Providence,"Eventually, the old generation of warriors has to pass on, and when they do, you are there to pick up the slack. Should a mentor figure of yours ever be forced to retire or die or otherwise be unable to continue directly teaching you, you will find that their wisdom and skill will slowly absorb into your soul and mind for up to a year afterwards, and you will have an easier time finding new teachers to help push you along further."
600,Harem Protagonist,Mushoku Tensei,Providence,"Fate has really strange plans for you and it expects a lot of relationship shenanigans and peculiar happenings, all of it aimed at making you a Harem Protagonist. You are more likely to find and meet someone who meets your preferences. Your lovers would become open minded to share you with others as long you give them a heads-up that you plan on forming a harem or finding a new harem member. You also possess a superhuman talent at managing your harems to the point that you can always have time with each of them, making them unlikely to feel neglected. You and your romantic partners will never grow tired of each others’ presence and the love and passion you feel for each other will only grow with time and never wane. Your love will aid you in overcoming any trials and even disappearing in a gauntlet for thousands of years will not stop them from loving and supporting you."
600,Destinies Favor,Mushoku Tensei,Providence,"It appears that the universe has great plans for you, by giving you a destiny that will always seek to exalt you and will present you with constant opportunity for power and fame. Furthermore, you are now but immune to any deaths that are not glorious, meaning that no assassin will kill you ignominiously with a spiked cup of tea, and no accident will be the death of you. Those who are close friends and have prolonged contact with you would gain a fraction of your destiny, while your lovers and descendants would gain a strong destiny equal to you. This also allows you to defy destined events and predetermined actions, like saving those that are meant to die an untimely destined death or avoiding an unavoidable attack. While destiny favors you, these are not absolute as you need to do the legwork and save others yourself. Due to destiny’s favor, you are gifted with incredible luck, this greatly increases the chance of fortunate events occurring for you. Whether it is a game of chance or avoiding attacks on you, you are far more likely to succeed than anyone else."
600,Quantum Immortality,Thunderbolt Fantasy,Providence,"You have discovered the secret to time travel. As a result, you can travel to the past and change it to your liking. Once your change the past, however, the future will change...along with you. The ""you"" that existed will fade to exist, leaving only the new ""you"" that you created through your time travel. This ""you"" will have no knowledge of what you did to change the timeline, but they will eventually realize that they possess the ability to time travel along with the consequences of what time traveling entails. This ability can be activated even on death's door, granting, in a way, quantum immortality."
600,Jumper's Emergency Call,Duel Monsters - Duel Terminal I,Providence,"Hope dies last. So long as hope burns bright, this body will continue moving. So long as there’s a fire in this heart, this blade will strike down evil. So long as these ideals shine, this warrior will not cease. These ethos might not belong to all X-Sabers, but you certainly embody them. Until fear drowns your mind, until the dream you dreamed is gutted, until you give up... you will not stop. Even if your bones shatter, you’ll keep going. Even if your muscles scream, you’ll keep going. Yes, they can still kill you. But until you are truly dead, until you’ve truly breathed your last, you’ll keep coming. Send a squadron, send a legion, send an army. You’ll hold the line. So long as you stand proud and fight, whether it’s a single room or an entire nation that you guard, none can break past you. Then, even when the skies darken with enemy forces, when it seems as if you’ve lost... call them. Your comrades, your friends, your family. When you truly need those who fight alongside you, no distance or barrier short of exiling them to another universe or timeline shall stop them from arriving, a single footstep bringing them to your side."
600,Alliance of Justice: SOUL,Duel Monsters - Duel Terminal I,Providence,"For now, such a thing might seem unthinkable, but... one day, a greater evil may arrive. Something you could not hope to defeat alone. But, maybe, just maybe, you could defeat it with the help of your enemies. Whether it’s an alien threat from another galaxy, or an ancient tyrannical goddess, you can rally your allies and your foes alike under the banner of survival against a mutual threat. Even if there had been open fighting between all involved parties for decades, you could convince the leaders and the masses on both sides to stand down for the sake of the future... and maybe, as people fight at each other’s sides as allies instead of bitter foes, you could even find a way to forge lasting peace once the terror that united you finally ends."
600,Trial and Tribulation,Duel Monsters - Duel Terminal I,Providence,"We all make mistakes. Sometimes you try to find a third option in order to save everyone, but it just robs away your best friend’s life and opens the path for the darkness to twist your mind and soul into something utterly foul. When you deal with demons, that’s just something you have to learn to live with. So, you did. You’ll still feel hurt when someone you trusted betrays you, or when the light of your life dies, but these emotions won’t impair your judgement and thought. More than that, corruption has no sway on you. Even if the deepest darkness were to nest in your heart for decades, it would fail to ever change you. It could whisper sweet nothings of malice into your ears, or assault you with terrible visions, but it would still fail to pervert your morals and ideals. You won’t let them taint the memories of those you love."
600,Neo Flamvell Origin,Duel Monsters - Duel Terminal I,Providence,"But then... we fail. The brave charge is halted, the last stand is broken, and you are the only one left. At times of great death, when others are killed by the hundreds, even thousands, you can make the ultimate sacrifice and end your own life. Your body and soul will burn, and the flames will spread as far as your power can take them to cover those who are gone. Their bodies, too, shall burn up. But their spirit and your spirit will meet, and give birth to something utterly new. From those flames a new form of life will begin, and you and those your flames reached will be reborn. Not as simple lifeforms, but the fire incarnate. Near-humans with a fire in their step, great vortexes of flame able to think and feel, humanoids of molten stone, and many other things. It all depends on what they first were, and what they wish to be. Though their new form might rob them of things tied to their old body, more esoteric abilities will follow them, and they will generally gain an equivalent of anything lost in their new self. Note that you may only be reborn this way once per Jump, at least until your Chain ends, attempting to use this again functioning as normal but leaving no more of you than cooling cinders. But you may still do so, if you find it worth it."
600,Genex Ally,Duel Monsters - Duel Terminal I,Providence,"Living in isolation from the outside world is no excuse to reject others’ advancements. Your body is unreasonably accepting of outside technologies and enhancements. For others, mounting a cannon on one’s shoulder might require wiring through the entire torso and building supportive structures, but you can just open the plating and plug in the right cables and everything will work out as soon as you close it all up. In addition to being exceedingly Plug and Play, even your individual components welcome positive modification. Mostly theoretical treatments done to steel, fundamentally changing how your blasters work, adding in an unshielded reactor as an extra power source, not only does it all fit in without complications, the potential side effects are actually beneficial to the rest of you. The exotic particles bombarding the rest of your body will strenghten your power generation and coat your outsides, giving you even more energy and durability, while the runoff chemicals will end up pooling inside your magazines and give your ammunition special effects. Everything’s just another road to supremacy."
600,Javelin,Duel Monsters - Duel Terminal I,Providence,"It doesn’t matter how hard they beat you down. You’re gonna keep fighting even if you need someone to move you along. You’re capable of transforming into a magical item at will. This transformation nullifies the harm you’ve taken, but also locks you into this form based on how wounded you were. For example, a notable but relatively minor wound like having your arm visibly cut open would take a few minutes to “heal” from, but something like several truly fatal wounds would lock you into it for months. Harm that would actually have killed you will transform you into an item for years. As a magical item, your abilities are slightly altered, mainly to account for the fact that someone else needs to use you. The most important aspect is that you’ll be much more fragile than usual, as the majority of your defensive prowess will be conferred to your wielder. Being destroyed in item form will count as true death for Chain purposes, with all that entails, but this transformation will automatically save you should you die outside of this form."
600,Oni-Gami Combo,Duel Monsters - Duel Terminal II,Providence,"Your mind is clear. Your heart is unwavering. Your soul burns bright and pure. The enemy in front of you must be destroyed. Therefore, no hesitation is needed. Much like Pearl, you are utterly bereft of negativity like grief or hatred, on a mental and metaphysical level. Anything reliant on those factors for targeting or inflicting damage simply does not work on you. This overwhelming purity of being also has allowed you to unlock a special attack. The shape this attack actually takes is dependent on your favorite abilities, but makes use of all your power. Not in one gigantic strike, however. This attack is like the ocean, surging forward endlessly, using 100% of your maximum all-out full power with each individual strike and achieving a level of destruction you likely could never reach normally. However, the shock of using such power will cripple you and shatter this purity of yours, causing you to lose access to this Perk’s effects until the next Jump begins (or 10 years have passed, after your Chain ends)."
600,Psychelone,Duel Monsters - Duel Terminal II,Providence,"Deep inside the planet, the Steelswarm and Evilswarm mill about, casting their corruptive tendrils upwards whenever they can. Whereas the leader of the Gishki, Noellia, ended up becoming a puppet for the Steelswarm’s leader... you’d probably end up usurping him, if you played your cards right. Any corruptive effect targeting you fails unless you actively allow it to affect you. Even then, your true self is hidden beneath a mask showing your corruptor whatever they were trying to make you, allowing you to seamlessly play the part of a puppet despite being the same person inside. More than that, you can purge yourself of the negative aspects of any corruption ailing you whenever you wish to while retaining the positives, like mighty mutations or secret magical knowledge."
600,Righteous Justice,Duel Monsters - The Heroes,Providence,"No matter how hard you and your fellows try, there’s always people saying your morals are useless. That we’re all better off just killing any Evil Heroes or criminals you catch. But you know, deep down, that the path to justice should not be paved in blood, and the world seems to agree with you. When you fight while upholding classic superhero morals, such as “not killing, no matter what” and “always protecting innocents, even at the cost of your own life”, you’ll find that things just start going your way even when it doesn’t really make sense. If an explosion hits you point blank, all the shrapnel will miss you, though the shockwave’s still an issue. If you get punched through several walls, only the actual punch will hurt while the secondary impacts just scuffle you at worst. Your attacks hit more often than they should, and your opponents find it difficult to do things such as take hostages, whether that’s because they inexplicably get slowed down by environmental factors or because whatever innocents they were gunning for got a sudden surge of energy. Sometimes, it almost feels like you’re an actual comicbook Hero, with a writer trying his best to make sure your story doesn’t become some gritty deconstruction or subversion..."
600,Over Destiny,Duel Monsters - The Heroes,Providence,"This is it. The moment of truth. When everything is on the line and things look hopeless, you may take a stand and deliberately throw away your morals. You will strike through an innocent to hurt a villain. You will destroy an inhabited building if it means saving a higher quantity of people. You will do everything a Hero shouln’t do, all for the sake of justice. Then, you will find that the universe agrees, that sometimes the high road is not worth it. So long as you fight in the name of justice, to the point of abandoning your higher ideals, the world itself will enforce these dark ethos. The foe you decided to kill won’t miraculously survive having a building dropped on him just because his body wasn’t found, the foe you managed to capture won’t escape persecution with some nonsensical plea of insanity or diplomatic immunity, and the femme fatale’s devious charisma will fall completely flat on you and your allies. The cold reality of your creed will erase any and all cliches, and they will not escape true justice this time."
600,Right Now! Let's Go!,Brütal Legend,Providence,"Do you hate waiting for people to ""get ready"", or for your pizza to ""be delivered""? Well, with this perk, no longer will your patience be tested! Now when you propose something, if the other party agrees, they will be ready to proceed immediately. Your pizza will immediately be at your doorstep the moment it is done, the bill you proposed to Congress will immediately pass (or fail), and your team will immediately be ready to ride wherever."
600,Truly Wholesome,Kimetsu no Yaiba,Providence,"Alright, so, you have a Demon Blood Art. We'll talk about it later, but...just
look at the perk called that and you'll understand. Yours, however, comes with conditions - namely, it only
works on demons (and similar evils in future jumps) - but, in exchange, you have something the others
never will: immunity to the curse of the sun (or, if you ever find yourself saddled with other racial
weaknesses, those). See, sunlight doesn't affect you like other demons, and, if I'm being honest...it's hard
to tell you're a demon at all; only the most perceptive will notice your inhuman nature (applies to other forms
as desired). You can take walks with your brother, play with small animals in forest clearings, and make
small talk with passersby, and the only indicators that you're not quite human are the amount you sleep
and your behavior in combat, during which your true nature can't help but be exposed. There aren't many
like you, so...be careful who knows the full truth."
600,The Remnants of Legend,Sword & Sorcery,Providence,"To journey onwards is to leave much behind you on the way, but where you arrive the tread of
your feet may very well have already shaken the world before you set foot there. By taking this
every world you go to will have remnants of your past adventures. A desperate war among the
stars might leave an ancient, crashed ship buried within the artic ice, your conquered kingdoms
will have left at least some ruins and records, and many more. These will never overshadow the
world you arrive in by itself, but the most important effect is that these will always influence things
and events in ways that benefit you, often having already done so when you’ve arrived. Remnants
of mysterious technology may have fallen into the clutches of people who would then become
staunch allies for your cause. Crumbling scrolls might contain messages from friends you’ve left
that give you the support you desperately need in your darkest hour, or even come with items
from their possession that aid you before vanishing back to where they came from. Even those
found by your enemies will prove a benefit to you, as such finds will always hilariously contrive to
either be a detriment to them in some way that benefits you at least slightly more than it may aid
them. You may choose whether this happens in each world you journey to, but it will always prove
in some way a boon to you. Even if you never realize how, or even that such a thing was found at all."
600,Champion Eternal,Elric Saga,Providence,"Throughout the multiverse there exist special individuals, individuals
who embody cosmic archetypes that manifest themselves in different forms but are in essence the
same thing spreading itself all across the myriad worlds of the Spheres. One such archetype is the
Eternal Champion, chosen by the Cosmic Balance to carry out its will in one of the lower realms.
There already exists a Champion of the Balance in this world, but in its unknowable wisdom it has
selected another warrior to thwart Law and Chaos alike: you. At first your destiny will not be so
apparent, manifesting only as greater luck when faced with danger and a tendency to frequently
encounter people willing to aid you with any quest you might be on, but your nature as an Eternal
Champion will become more apparent the more real a threat threat to the stability of the world
becomes. Your already suspicious luck will be magnified even greater to the point where any
situation that doesn’t end in your immediate death can at least be fled from, and you will
continuously meet individuals of great significance and power whose goals align with yours enough
to help you for at least a little while. Should the road ahead become too muddled, Fate itself might
even dispatch a guide to personally inform you of the best course of action, and even without direct
guidance you’re likely to stumble upon objects of great power to overcome whatever obstacles you
currently face. Slowly the memories of your other incarnations throughout the multiverse will
surface on a subconscious level, granting you skill and experience beyond what should be possible
for any mortal. While the tales of Eternal Champions often end in some tragedy, you are an
exception as long as you don’t doom yourself of your own free will, and you won’t experience the
same danger to the fabric of space and time if you were to interact with your fellow incarnations.
These benefits will persist in future worlds regardless of the existence of a cosmic force of balance,
but in worlds where such a thing exists you can choose to become a champion of them as well."
600,Sword Pact,Elric Saga,Providence,"The most fearsome ability of the demons is not the power of any one demon,
but rather what occurs when a large group of them pool together their powers to create something
that mortals call a wardpact. As the name implies, it acts as a ward against a certain kind of
weapon, swords being just one example, and grants the demon upon whom the pact is bestowed
effective immunity to any attack made on them using that weapon. Any attack made by an enemy
with a weapon of that kind, sorcerous or not, will be swiftly punished as they are struck down by all
the powers of Hell. You are now subject to a wardpact against a type of weapon of your choice, the
representative of a large group of demons who mass with you to preserve your pact, and obviously
granted the same immunity to the weapon subject to its warding effect. While it is indeed a power
to be feared, keep in mind that such pacts only function as they do because they are invested with
the power of your fellow demons, and the defense will crumble when faced with one more powerful
than both you and your kin combined."
600,Immortal,Mad Max,Providence,"A tough one you is, aint ya stranger? While I doubt you’re as inhumanly tough as Scrotus, what with him surviving with a chainsaw lodged in his skull, you’re a close second, shrugging off shock, blood loss, as if they were nothing. Once every ten years you will survive an otherwise fatal blow. Counts as a 1up."
600,No Armor for Fate,For Honor,Providence,"You do not need armor if you do not fear death. After all, if the gods decide you die, you die. In this universe all the heaviest plate seems to do is weigh you down, it sure isn’t protecting anything if a katana is just slicing through it. So why wear any at all? If totally unarmored you’ll find yourself with about the same apparent defense as a fighter in this world’s full plate."
600,Warlord,For Honor,Providence,"You seem to easily find the money to fund everything that an army needs. Whether your raids always result in finding full coffers or simply happen across large amounts of money, the result is the same. The perk tends to start taking a back seat if your start using the money for stuff outside of funding military related things, but you probably won’t have to worry about not being able to pay your troops ever again."
600,Absolute,Worldless,Providence,"Your nature is not such an easy thing to change. It is impossible to erase or transform your fundamental nature or identity against your will. Even if your mind is fragmented into thousands of facets or fused with a being whose basic thought process should erase your identity in an instant, you remain you. Mind you, this doesn’t provide you any protection against death, injuries, curses, or any number of other less existential threats, but in this world this is the next best thing to invincibility.

Requires ""UNITY"" to Purchase"
600,Undying,Worldless,Providence,"Whenever you are about to experience a lethal attack or hazard, a mysterious force pushes or (if that isn’t physically possible) teleports you out of harm. The only exception are attacks that are “absolute” or have “infinite” power behind them. This doesn’t provide protection against slow-acting hazards or anything that isn’t technically “death” such as age, petrification, disease, absorption, etc. You also find that outside of battle your health and stamina regenerate at an absurd speed."
600,I Swear by the Runestaff!,Hawkmoon,Providence,"When Baron Meliadus swore bloody revenge upon the Runestaff, he knew not the extent those few words would have on the destiny of so many. But while the effects of the Runestaff may be unpredictable, you have found a way to bend it to your benefit. Now, whenever you swear an oath to accomplish some great task, you will find that fate itself seems to bend to your favour. Not only will you seem to run into many more allies and opportunities to aid you in accomplishing this endeavour, you alsofind that your intelligence, charisma, and physical prowess are noticeably greater when acting to achieve it. Be aware, though, that oath breakers may suffer the direst of consequences."
600,Heir(ess) of Fools,Kill 6 Billion Demons,Providence,"The monomyth begins with the Fool and ends with the World. YISUN has always loved the Journey in between for it is Shapeless. You have been enlightened to the narrative of the Wheel. You can see where it will lead. You can choose to Conform or to Break. Regardless of your choice, you will grow exponentially in the ways needed to reach your destination. This will not work if you refuse to participate entirely."
600,Uncovering Mysterious Circumstances,Triune Scriptures,Providence,"Cultivation is fundamentally a path. It is not one that needs to be walked alone. You have perhaps the
greatest gift in Existence - the power to connect to people. There exists in the back of your mind the
faintest of tugging sensations, one that draws you off into seemingly random directions. Follow that tug,
and you will inevitably stumble across someone in need of aid - an elderly woman walking through the
woods, a man starving by the roadside, a messenger who was struck down and begs you to deliver his
letters, them and so many more. What they have to offer you in return for your help may not seem like
much, and in many cases it might not even be worth it. But the longer you follow this instinct, the more
that will change. After a year of helping It might suddenly become that the old lady was a masterful
witch. After a decade, that the starving man was a Sheikah monk. After a century, that letter will see
you drawn into a battle between worlds. And the rewards for aiding under those circumstances? The
treasures of a True Deity might even be on the table."
600,The Spirit Hunter,Good Hunting,Providence,"When standing against supernatural threats you will find that their powers are weaker than
they should be when turned against you, the fire of a dragon would burn less hot and the
petrifying gaze of a gorgon would merely slow your movements. Powers of entrancement,
enthrallment or other mind control are especially weakened, enough so that you can ignore it
from all but the most powerful of wielders, and you will always have a chance to resist it with
your willpower. Supernatural enemies also make more mistakes when facing you, especially
if they think you are but a normal human, and tend to underestimate your capabilities and guile."
600,Upheaval,Manyuu Hikenchou,Providence,"It’s a cruel world, but maybe you can do something about that. Like the rebel
Chifusa or the mysterious Breast Robin Hood, you have the power to undermine the
establishment and cause lasting societal change. You could encourage acceptance by fighting
against an oppressive government, or inspire compassion with your own good deeds. Act
consistently and you’ll cause a cascade of change in the people around you.
This effect also applies to individual interactions. Treat an opponent with honor and they
will act honorable in return. Make an honest effort to help someone and more often than not
they will accept your help. Even harsh enemies can be swayed by this power, letting you turn
old rivals into powerful allies in your fight for a better world.
This perk is centered around changing peoples’ minds. This can be on a grand scale, like inspiring
altruism, or on the individual scale, like turning old enemies into allies."
600,Our Word is Law,Manyuu Hikenchou,Providence,"The powerful don’t just flourish in their society, they define it. With this
perk, you gain the ability to fundamentally alter each world you visit. Upon entering a setting,
you may change the society of that setting to suit your wishes. You could use this like the
Manyuu did, making a physical attribute into a life-defining status symbol. You could choose to
elevate a group of people, or tear down such rankings if they already exist. You could even
affect political systems, replacing democracies and cooperation with a world where the strong rule the weak.
This doesn’t determine your place in this new society; if you want to thrive, you’ll need to
live up to the ideals you set. But when it comes to reshaping civilization, your power can’t be
overstated. You may make this change at the start of each future jump.
This perk offers a chance to alter the meta-narrative of a setting at the start of each Jump.
Rather than slowly shift a society organically, you can rewrite history with the snap of your
fingers. Just make sure you’re willing to follow the rules you set for everyone."
600,I'd Like to Buy Your Robot,Real Steel,Providence,"Ah, the fabled power of money. It seems it is far greater for you than others since
people literally cannot refuse to sell things to you when you ask them. Not only that,
but the price will be quite fair with them never hiking it up too much."
600,The Power to Defy Death,Tunic,Providence,"In ancient times, the first civilization in these lands ventured to the Far Shore to seek the eldritch powers there. Within the Far Shore they discovered Fossils of themselves from the future and developed ways to utilize their potential. Using this potential, the civilization believed they found the Power to Defy Death. While they found something similar, it was not revival, but delay. That is not to say such a power does not exist, it is instead a ritual that one must complete once they have passed on.

When your body would otherwise expire, your soul will remain on the physical plane, or be ejected there if you were on another plane. In this form, you lack many of the abilities of your physical body, but it offers a chance. Throughout the world you are in there will be six places of power that you alone can enter. Each of these places will be relatively close to the place of your death. By entering these places you can reclaim a portion of your true power. By claiming all six pieces your body will be restored, fully reviving you. This revival can occur once per ten years, or once per jump, whichever comes first. An added benefit, revival this way usually also involves gaining a new ability or item you would not otherwise be able to find.
This mechanism is powerful yet dangerous, be careful lest you draw the attention of that which dwells within the Far Shore."
600,Cernunnos,Arawn,Providence,"Kern was the most in tune with the natural world out of all of Siamh’s
sons, the most reasonable, and the most reluctant to shed blood. He was also the most druidic, for he
wielded the Staff of Sylves. All this resulted in his resurrection at the hands of the Mother Goddess, the
goddess of women, nature, life, and fertility. You are her beloved, and possess powers relating to such.
You may transform into a majestic white stag at will, and even sport beautiful antlers in human form.
You are as a demigod in wild, natural places such as forests, and the surrounding plant life growing to
follow your every command. Wherever you go, nature and life will follow. Even death cannot conquer
you entirely, for the love of the Mother Goddess will revive you like spring conquering winter. This will
only happen once a year, and most likely in the spring. This blessing is not spent forever after use—it
renews each year, as surely as the seasons turn. It’s the circle of life."
600,To Strike Goliath,Luther Strode,Providence,"The Students of the Hercules Method are not invincible. Although in ancient times there were as
gods by strength of will and the strength of their arms, humanity has learned to compensate by
clever tools and tactics, the power of modernity and technology. You may now hold a chance,
however slim, of overcoming impossible odds and opponents with advanced technology. This may
require you to create that tool from scratch."
600,Damocles,Ryse: Son of Rome,Providence,"You won’t die until you get your revenge; this makes you immortal until you complete your goals. Like Marius when he became Damocles, you can survive multiple killing blows such as surviving poison or getting stabbed in vital points. Marius was never shown to survive decapitation, so that is the only way to put you down; everything else will just regenerate. Additional benefits are that you will survive techniques that normally result in your death, such as opening the 8th inner gate from Naruto or soul attacks, so long as the head isn’t destroyed in the attack."
600,Ruthless Is Mercy Upon Ourselves,Ryse: Son of Rome,Providence,"Sometimes charisma isn’t enough and requires you to slit a few throats. This grants you protection from suspicion to an extent; for example, you can send your elite guard dressed up as barbarians, with them revealing insider information such as knowing someone is the son of a general despite being, well, barbarians, and get away with it unless your idiot son reveals the truth."
800,Evasive Maneuver,Tekken,Providence,Your reflexes and ability to avoid damage are nigh unrivalled. It’s almost as if Time slows down for you when you’re about to get attacked. When you’re injured this Perk will become all the more effective and could allow you to turn the tide. They can’t beat you if they can’t hit you.