CP Cost,Name,Jumpdoc,Chapter,Description
Free,A Home,Katana Zero,Realm,"It’s an apartment for you. It’s somewhere that can get to most
locations in New Mecca (or your starting location in other jumps) in reasonable
timeframes, and the place itself is fully furnished and well-off compared to other
options. No need to pay bills, so all that’s left is to just maintain it yourself."
50,Durian Tree,Samurai 7,Realm,"This patch of garden exists as a warehouse expansion, or else
appearing attached to some dimension or property you possess (failing that just appearing
near your start location in a jump). In this patch of garden is a terrible smelling durian
tree which will regularly bear fruit. Despite the odor, the fruit is quite delicious, and the
tree seems to be able to grow and thrive without care in any sort of environment from the
most desolate desert to verdant rainforest where the canopy chokes out all sunlight to an
underground cave or even on an asteroid in the vacuum of space. Trees grown from its
fruit will not possess this special advantage."
100,Spirit Farm,A Will Eternal,Realm,"What every good sect needs is an area that they can grow and raise the more domestic
variety of spiritual fauna and flora. Adventuring to gain rare resources is all well and good,
but they also need a stable income of cultivation material. This is your one. A moderately
large area of farmland. There is space for farming crops, though do try to look after the soil
for the results. There is also grassland for animals, complete with a chicken pen filled with a
plethora of spirit tailed chickens which are delicious to eat, helps with your cultivation, and
whose feathers can be burned to produce two-colour flames. Renovate this grassland as
you wish to take care of different farm animals."
100,Store,A Will Eternal,Realm,"What some would call a quaint store from which you are able to sell your wares. Not much to
say about this, as it really is just what it says on the tin. A small store, with shelves for
displaying items, and a storage area in the back for storing the products. This is something
that helps get a small foothold wherever you may place it, allowing for an influx of currency.
This store can be quite easily packed up in a crystal and transported to other locations,
where it can then be released again."
100,Noble Title and Demesne,Asura's Wrath,Realm,"As a citizen of Shinkoku Trastrium, you benefit from all the scientific advances in health and the like-
You are at the peak of healthy and age at a rate of 1 physical year every 10 years, assuming you go out of your
way to engage in truly legendary bouts of sloth or hedonism. A balanced lifestyle keeps you at the prime of
your life. You also have an opulent heavenly estate that follows you for the rest of your life."
100,My Office,Katana Zero,Realm,"A pretty sizable office, and a cozy one to boot. Bookshelves, two seats at the center for psychiatry needs, and a
calming fireplace. Makes things feel real professional."
100,Swimming Pool,Saint Seiya: The Original Series,Realm,"What better way to practice being a warrior of the Sea
God than to just unwind and go for a swim every now and then? It’s an ordinary swimming pool
that either joins as a Warehouse attachment or can be set down in a property you own. It will
always be clean and can switch from freshwater to saltwater at will. Convenient!"
100,Flower Garden,Saint Seiya: Omega,Realm,"You now possess a garden of flowers perpetually in bloom, nourished by the
continuous infusion of cosmo energy from living saints. This unique garden
ensures that the flowers will never wither or fade, retaining their vibrant beauty
indefinitely. As perfect adornments for any setting, these blossoms bring a touch
of everlasting elegance and grace, serving as a testament to the enduring vitality
of cosmo-infused nature."
100,Sea of Gold,Saint Seiya: Episode G,Realm,"There is a room attached to a property that you own now that holds the bounty of the gods. By this,
I refer to the vast wealth that the Gods collected over time. This room holds a small sea of gold and
treasure, enough to make you the richest being in the mortal world a hundred times over. While no
magical items are contained within the room, there is almost no limit to the variety of gorgeous
treasures and accessories that can be found within. Also, no one can see inside the room to see if
you’ve decided to have a swim through your literal hills and valleys of gold."
100,Bowling Hall,Tekken,Realm,This Bowling Hall is the perfect way to relax after a long day of fighting and will not require any upkeep. You can easily attach it to your Warehouse too. Just be careful not to go flying in the pins.
100,Barber Shop,Scissor Seven,Realm,"Every Barber needs a shop they can welcome customers in. Now you’ve got one too,
including a second floor apartment where you can live. All bills have been paid for a
period of 10 years and the place never seems to get dirty and all products seem to
replenish themselves. Pretty much every Barber's dream shop."
100,Croft,Ironsworn,Realm,"Home isn’t something most Ironsworn get, but you might
buck the trend. You have a small farm and a lovely cottage, which is secure and hidden."
100,Focus Shrine and Spirit Font,Jade Empire,Realm,"A Focus Shrine and Spirit appear in your warehouse, available for use"
100,An Abode,Duel Monsters - The Abyss,Realm,"This is a decently sized home that you possess. It is within wherever your starting area is located, is a safe and comfortable location, and can house yourself and a few others. There isn't anything really special about this place, except for one thing: No one can enter it without your permission. This, alongside the standard Item Protections, can make it a good place to bunker down if you have enough food to last you, or simply don't need food. After this Jump, it will become a part of your Warehouse."
100,A Piece of your Own!,Hajime no Ippo,Realm,"You now own and operate a charming boutique located in a bustling neighborhood. Whether it's a flower shop adorned with vibrant blooms or a quaint fishing tackle store stocked with the latest gear, your business exudes warmth and hospitality. With streamlined operations and a loyal customer base, the shop provides you with a steady source of income, affording you a comfortable lifestyle."
100,Camp!,Hajime no Ippo,Realm,"This exclusive training camp, nestled near a serene beachfront, provides a tranquil retreat for athletes seeking respite from the hustle and bustle of city life. Surrounded by pristine natural beauty, it offers a peaceful environment conducive to relaxation and rejuvenation. The camp features state-of-the-art training facilities, including outdoor training areas and specialized equipment tailored to boxing workouts."
100,A Good Home,Arawn,Realm,"A homestead much like the one the brothers grew up in. This is a large
roundhouse, with a few smaller ones to accompany it. It has a warm hearth and kitchen in the center, and
is surrounded with a forest with bountiful game. The local wildlife population is more than large
enough to sustainably hunt, and there’s a little mill to grind wheat and bake bread with as well."
100,Roman Bathouse,Ryse: Son of Rome,Realm,"The famous Roman Bathhouses were public Bathhouses that were multifunctional, consisting of a cold water room, a warm water room, a hot water room, and a steam room. Besides the baths they had an exercise yard, library, massage room, toilets, changing room, an open air swimming pool, outdoor gardens, and a lecture hall. All good things except historically, the water was muddy and full of sweat and required someone to throw wood inside a furnace all day for it to function. Thankfully this one is made by Jumpchan so unlike normal Roman Bathhouses the water is crystal clear and functions without the need of people throwing wood inside to make the water hot. The library is bigger on the inside with all the literature of the Roman Empire which updates in new jumps with books from that setting. The size of the library inside is increased without it affecting the outside each jump to fit in the new books. The massage room is staffed by skilled masseurs that are immortal and are basically NPC’s besides being good at massages. The exercise yard increases gains by two times and increases your willingness to exercise when in the yard. The swimming pool is cleaned daily and increases your enjoyment when inside which makes for a great pool party. The outdoor garden can add new plants to it if you bring the plant inside the garden with the intention of adding it. The layout of the garden can be updated by you at will but the size can’t be increased unless manually modified. The lecture hall has an effect where it encourages people to participate and people tend to have enlightening debates. Finally, people who you invite to the Roman Bathhouse don’t care about its hedonistic nature despite most modern people would reject going to one of these normally. This Roman Bathhouse is all yours and is off limits to others if you say so, even Emperor Nero and his two sons would accept this despite being tyrants."
150,The Megastage,Brütal Legend,Realm,"A huge rock and roll themed stage, perfect for you to rock out on. If you want to set up your own faction here, you’ll need one of these to function as your base during the Faction Battles. It can be temporarily upgraded as battles progress, provided you have enough Fans. Of course, you can’t just carry this thing around, you’ll need to set it up somewhere, and move it out when you’re on tour."
150,Spirit Forge,Legacy of Kain,Realm,"What‘re ya buying stranger? Sometime during your stay here you will stumble upon the eerie shop of the reclusive wraith smith. Should you be willing to pay the creature a bit of your blood as the one time entrance fee it will allow you access to its wares, which include rare or difficult to find items and materials of all sorts. And what they do not have they can create, provided they get paid their due. Despite both the sanctum‘s sinister architecture and the monstrous appearance of its master, you will never be refused or cheated in any deal you make here no matter your race or creed.

To make things even better the forge will follow you to other worlds, updating its inventory accordingly while still retaining those it had before. The entrance can be found either in your Warehouse or in some hard to reach place in the world, whichever suits you more. As for the price asked, well...the shop crafts its items from the wayward souls of others and I am sure you can see where this is going. Their wares will always be guaranteed to have something useful or desirable, assuming you do not mind paying with the lives of others."
200,The Oven,A Will Eternal,Realm,"Not quite what you might think. This is an entire pantry stocked fully with spiritual
ingredients, as well as the cooking instruments needed for preparing them for consumption.
Where these spiritual ingredients keep coming from is something of a mystery, but whatever
is supplying them keeps the pantry stocked with enough spiritual ingredients to supply a
small sect, provided they don’t gorge themselves. Just make sure whoever is cooking in
there isn’t stealing too many of the ingredients for themselves. If you see several overly
obese people wandering around with woks on their backs, you may have a problem"
200,Heavenspan Stream,A Will Eternal,Realm,"The Heavenspan Ocean and Rivers provide spiritual energy for half of the entire Arch-
Emperor realm. The golden liquid that makes up this energy source is so strong that it will
melt weak or mundane things. Purchasing this gives you access to a portion of this liquid. It
will come in two possible forms. The first is a small fountain, simple yet elegant in
appearance. A small stream of Heavenspan water will continuously gently spout out the top.
When buried up to its neck it will activate its secondary form, the water overflowing
rigorously and forming a small stream. The area near this liquid will be abundant in spiritual
energy. The greater the quantity of liquid, the greater the concentration of spiritual energy.
Accompanying this river are two spiritjade statues, which emanate spiritual energy too, much
like the fountain form."
200,Underworld River,A Will Eternal,Realm,"The river that carries the souls of the dead is a legend that spans multiple universes. In this
universe it is quite real, and you have been given access to a small portion of it. Upon silent
earth this deep black stream flows, only showing itself at night, when the sun is gone and
unable to burn away the spirits of the dead. This stream is relatively small compared to the
main Underworld River, comparable to a large normal river, but this does not detract from
the number of souls that flow through it. When it appears, souls can be extracted by the tens
of thousands each night. As it is part of the Underworld, just being near the stream will
nourish dead souls, and strengthen them. The placement of this river is changeable, as it is
not strictly physical."
200,Vital Blood Fountain,A Will Eternal,Realm,"A strange, almost organic looking fountain in the shape of a large cracked finger the size of a
normal man. From the fissures of this fountain endlessly flows Undying Blood, the blood of
cultivators of the Undying Live Forever codex, within which powerful vital energy can be felt.
Surrounding this finger is a meter deep and meter wide basin into which the blood falls.
Absorbing this blood helps with the replenishment and cultivation of vital energy, a key
component in body cultivation. Utilising this fountain is sure to speed up body cultivation
several fold."
200,Retreat,Asura's Wrath,Realm,"You have access to an idyllic property somewhere in the world, which follows you from jump to jump.
There is a restorative hot­spring, and it is always stocked with enough food and refreshment to sate even a
demigod’s thirst for relaxation. In addition to these creature comforts, it also can serve as a fortified bunker
in the case of trouble."
200,All A Fighter Ever Needs,Baki The Grappler,Realm,"You can’t be fighting all the time, much as you may want to, you need somewhere to unwind from
time to time. Small, but cozy rent-free housing, with supplied meals no less. As a bonus, the
landlady is quite empathetic to your lifestyle, and even gave you a room above a secret personal
gym. The gym has all the equipment you could ever want, barring abnormally expensive pieces."
200,Backstage,Baki: Son Of Ogre,Realm,"Underneath any property you own, you’ll find an underground training room, about the size of a classroom. Every wall is coated with thick metal plates that are even more sturdy than their makeup would imply. You can go all out with your attacks without worry of damaging it. What’s more techniques based on visualization and imagination are exponentially more potent. You can create imaginary opponents so clear that even you can forget they aren’t real and receive almost all the same benefits of fighting a physical opponent."
200,Medical Laboratory,Fog Hill of Five Elements,Realm,"Every village needs a place where medicines are prepared and ingredients can be found. Now you are the proud owner of a medicine laboratory that is prepared enough to have the tools for either the elixirs or pills that the village requires with various plants, insects and different ingredients that will be needed for the preparation and likewise there are a few cages scattered around the compound with some chickens, some pigs and one or two other animals that you might need either because you need them for some medicine or because sometimes you need a test subject to know that the medicine will not kill your patients although they are normal animals nothing special and in the centre a small stone stretcher or altar if you want to see it that way where you can lay your patient or chain your ingredients if you need to."
200,Clock Tower,Saint Seiya: The Original Series,Realm,"A sizable clock tower with an aesthetic design of your
choosing, it will display nine flames - representing the life force of yourself and your
companions. The flames will shine brighter when one is in combat or a struggle of some kind, or
dim if they (or you) are in danger or on death’s door. Should you look into one of the flames, you
will see a hazy vision of where the person the flame represents is and what they’re doing. You
may attach this to any property you own or simply attach the clock by itself to your Warehouse."
200,Fancy Mansion,Saint Seiya: The Original Series,Realm,"A luxurious, three-story mansion fit for a king! Or
someone with way too much disposable income. It has all the basic amenities one could ask for,
as well as a household full of servants to maintain it and cater to whatever you happen to need.
These servants don’t follow you between jumps, but each new batch will have the same knowledges as the previous ones - though they don’t do much besides housekeeping and managing the mansion."
200,Peaceful Village,Saint Seiya: Lost Canvas,Realm,"A quiet and humble place, for the XVIII century that is. Close to your faction’s base or in a remote corner of the world, it is a good retreat for calm and rest, unless no less than war directly comes at its door. It adapts to the setting of future jump, and can serve as a gathering ground for other properties or for inactive companions to stay and live."
200,Smithing House,Demon Slayer,Realm,"This is a little shack out in the middle of nowhere, but it is your little shack in the middle of nowhere. This small house is both a place for you to live and a place for you to work, having a fully functioning smithy and workshop inside of it, always equipped with the tools you need to finish the project you are working on. This can be attached to your warehouse or inserted into the world at the beginning of every jump."
200,Safehouse,Samurai Jack,Realm,"A private home that’s completely hidden from both magical and technological detection. You’re the only person who knows about this place, and no one can enter without your permission. The safehouse is stocked with enough supplies to last you about six months."
200,Workshop,Samurai Jack,Realm,A small base filled with all the equipment you’ll need to work. This lab can be used for your choice of scientific or magical research.
200,Family Home,Ghost of Tsushima,Realm,"A standard sized Japanese styled family home with an upstairs loft area, spacious enough for a small family. This house is easily fortifiable and provides a buff to occupants when defending."
200,Family Estate,Ghost of Tsushima,Realm,"For an additional 200 cp, you can upgrade into the estate which grants you a large main house and several smaller buildings such as servant quarters, storage houses/sheds, and a horse stable sitting on several acres of land.

Requires ""Family Home"" to Purchase"
200,Basic Camp,Ghost of Tsushima,Realm,"A single large tent spacious enough for a few of your companions/followers. It has the same benefits as the
standard tent mentioned in the essentials on top of being puncture/piercing resistant."
200,Commander's Tent,Ghost of Tsushima,Realm,"For another 200 cp, you can upgrade into the command tent which grants a larger tent and comes
with a few of the basic camp tents for housing over a dozen people, supplies and war spoils.

Requires ""Basic Camp"" to Purchase"
200,Business Stand,Ghost of Tsushima,Realm,"A simple but highly functional business kiosk that is easy to setup, dismantle, and move; it also has a tendency to draw potential customer’s attention to itself."
200,Storefront,Ghost of Tsushima,Realm,"For another 200 cp, you can upgrade into a finely built and designed two story building with ample space inside for a salesfloor/customer area, workroom(s) for whatever you need, and storage.

Requires ""Storefront"" to Purchase"
200,Hideout,Ghost of Tsushima,Realm,A large cave or abandoned property that used to house a den of big animals. Though outfitted minimally it has anything essential that you may need. It is also very well-hidden and off the beaten path but still readily accessible to you making it easier to dodge pursuers.
200,Smuggler's Cove,Ghost of Tsushima,Realm,"For another 200 cp, you can upgrade into a smuggler’s cove which grants a location cut into the side of a mountain directly leading into the sea, also has a small and sturdy makeshift marina to dock vessels at.

Requires ""Hideout"" to Purchase"
200,Gym Membership,Fights in Tight Spaces,Realm,"Wherever your missions might take you, from gang bars to high rises to the depths of prison, you will be able to stumble across a series of gyms. These gyms may look somewhat rundown and nondescript, but don’t let the appearance fool you. Training at these gyms will be many times more effective than training elsewhere. For a small fee, you can practice different combat techniques, polishing and perfecting them to eventually reach nigh-superhuman levels, improving both the power and effects as well as the ease of use of your various techniques. In future Jumps, you can track down these gyms in any area with just a few minutes of looking."
200,Hot Spring,Sword of the Stranger,Realm,"You have found a hot spring somewhere in the mountains of Japan, which no-one else seems to know about. The water is always hot and clear, bringing rest and relief to aching muscles, and something about the place seems to help clear the mind and help people open up, to themselves and others."
200,Home and Hearth,Sword of the Stranger,Realm,"For all the chaos of this era, it is possible to find some rest in between the wars. This is your little slice of peace; a nicely-appointed home for a well-to-do retainer. Something about the place seems to bring a sense of peace of mind, and help to smooth over interpersonal conflicts. A place to retreat from the struggles of war and ambition, and appreciate what you have."
200,Peaceful Dojo,Fist of the North Star,Realm,"This is an old, solemn temple like structure in which you can train your body
and mind to further perfect your fighting arts. When the time comes you can also use it as the perfect
place to train your successor in Hokuto Shinken. This building follows you into future Jumps and is
always located far from civilization in a location nearly inaccessible to anyone without rigorous martial
training or the ability to fly."
200,Market,Vinland Saga,Realm,"This trading hub may start small, but quickly attracts merchants who can have
anything you could possibly want to sell or buy, from food to jewelry. You may decide what you
want to be sold at your market, so you dont have to allow the slave trade of this time to operate
out of your new hub of commerce."
200,Hall,Vinland Saga,Realm,"A mighty and large viking age style hall, which comes with all the amenities such
a place should have. Comes fully staffed and is capable of supporting dozens of guests at any given moment."
200,Exile Island,Katanagatari,Realm,"An island of your own, as far as any legal body is concerned anyway. It’s not all that big, maybe a few
kilometres across in each direction, but it’s covered in lush forests that have a wide variety of
wildlife, including some stuff that went extinct a few centuries ago. The island can fully support an
entire family of humans with ease, being filled to the brim with edible, natural sources of food and
clean water without any effort on your part to maintain these sources. It’s also surprisingly hard to
reach, being surrounded by deep and treacherous waters, and filled with reefs and whirlpools.
Makes for a lovely diving experience from the island beachside though."
200,Stage Select,Bloody Roar,Realm,"You can bring forth a battlefield 20 meters x 20 meters x 20 meters in volume, matching your own specifications - either three-dimensional and operating on such physical laws, or two-dimensional and operating on the physics of a classic arcade fighting game. Anyone inside it has to play by its rules, including you."
200,Item Shop,Mushoku Tensei,Realm,"Even if you have the goods to sell it would be hard if you don’t have a shop or booth to sell it from. This gives
you a shop merged with your warehouse where you can deploy it to any location that you want or merge with
an existing building. The building is made of resistant materials that can resist Emperor-Rank Magic or Physical
attacks along with it being inscribed with Magic-Circles that emit Healing Magic at Saint-Rank that is capable
of healing most injuries aside from lost-limbs. This Item Shop has the tools you need to build any Magic-Tools
that you plan to build and the quality of the tools start off as master-crafted and it would improve from there as you improve your crafting skills. Should you don’t want to stand around all day to attend your shop this shop comes with a humanlike automation that would become your clerk and with it being smart enough to pass off as a human and be left alone for a long time if you want to go on an adventure. Post-Jump in modern settings this takes the form of a hardware store and once you deploy or merge it the paperwork for it is hand waved and already finished and legal too."
200,Adventurer's Guild,Mushoku Tensei,Realm,"Being an adventurer is good and all but should you retire you're unlikely to find jobs fit your skill set other than
joining the military of your country. This gives you the ownership of a branch of Adventurers Guild in the
major city of your starting along with it being staffed by locals of the city or a humanlike automation if you like.
The building is made of resistant materials that can resist Emperor-Rank Magic or Physical attacks along with it
being inscribed with Magic-Circles that emit Healing Magic at Saint-Rank that is capable of healing most
injuries aside from lost-limbs. This Guild building has a restaurant built in it that grants you a minimum month
revenue of a thousand Gold Coins where the tenth of it goes into your pocket and the rest goes to the salary of
the staff, maintenance of the building and reserve for rainy days. Post-Jump this building would merge with
your warehouse and you can deploy it to any location that you want or merge with an existing building. In
modern settings this takes the form as a mercenary or private company and once you deploy or merge it the
paperwork for it is hand waved and already finished and legal too."
200,Fortress City,Mushoku Tensei,Realm,"Nobles tend to have higher stations and have important occupations or rule certain locations. This grants you a
Fortress City with a population of hundred thousand and protected by heavily fortified walls that can resist any
invasion and attack. The walls, floor and castle are made of resistant materials that can resist Emperor-Rank
Magic or Physical attacks along with it being inscribed with Magic-Circles that emit Healing Magic at Saint-
Rank that is capable of healing most injuries aside from lost-limbs. The soldiers are also trained quite well with
foot-soldiers being a thousand Advanced-Rank Warriors with ten Saint-Rank Warriors and they can be local or
humanlike automation if you like. This city is a central hub of trade and commerce that produces revenue and
tax with a minimum of ten thousand Gold Coins monthly with the tenth of it goes into your pocket and the rest
goes to the salary of the staff, maintenance of the building and reserve for rainy days. Post-Jump this city would
merge with your warehouse and you can deploy it to any location that you want or merge with an existing city.
In modern settings this takes the form as a private land with a private city that you develop and once you deploy or merge it the paperwork for it is hand waved and already finished and legal too."
200,Shrine of Mist Vslley,Duel Monsters - Duel Terminals I,Realm,"A shrine dedicated to a god, or perhaps an ideal should that offend your sensibilities, of your choice. You are, on a mystical level, its high priest(ess). Any magics you work while on the lands this shrine overlooks of a divine nature, or which involve the wind, are boosted by a small amount. Besides that minor boon, this shrine makes its domain very welcoming and comfortable to gods and those with divine power inside them."
200,Factory,Duel Monsters - Duel Terminals I,Realm,"You were made somewhere, after all. This factory is capable of producing hundreds of generic Ally of Justice models in a single day, and is automated enough to run indefinitely without the aid of an actual person so long as it has enough resources available. Even if its stores run down, it can produce Allies of Justice to harvest materials from elsewhere, whether by looting and recycling or mining and harvesting. It can’t do this by itself, however, requiring your explicit authorization to actually send out robots. Not unless you mess with its programming, anyway."
200,The Fabled Stable,Duel Monsters - Duel Terminals I,Realm,"The Fabled and The Fabled are not the same. The Fabled are the rulers and citizens, while The Fabled are mere steeds and beasts of war. Also beloved pets, sometimes. Regardless, you own your own stable of The Fabled creatures. Examples include snakes, sacred cows, pegasi, and unicorns. While they remain infantile for decades, once they finally hit maturity, they become quite formidable on the battlefield. Even in comparison to elite Fabled warriors. It would actually be quite concerning if they weren’t rather dim. By dim we mean they’re animals. Anyway, the stable comes with a few magical sigils and reagents to summon or create more of them if you ever fall below a breeding population, as well as several imps to maintain the place."
200,Aquamirror Meditation Chamber,Duel Monsters - Duel Terminals II,Realm,"A secret chamber housed within a secure location, or one of your properties. Besides having a magical circle and various magical candles that can be easily repurposed for whatever ritual or spell you’d like to cast, the chamber itself is ever so slightly out of tune with the rest of the world. As any proper Gishki would guess, this greatly eases the casting of spells relating to other dimensions and strengthens them at no risk to the caster. Where before a creature might have torn your mind apart as you forced it into your body, it will find its attempts to escape impotent."
200,Noble Estate,Duel Monsters - The Heroes,Realm,"One way or another, a mansion of respectable size has become yours. It’s a really rustic one, the type only old money has, but it’s yours and it’s been taken good care of. Besides being a good living space and being able to support many people, it has a clock tower. While you don’t have to let it do its thing (which would make living here rather tiring), you can also use it as an odd prison. So long as whoever is in there wants to be imprisoned, they will find themselves unable to break out. Should they suffer some sort of affliction that alters how they think, they will only be able to leave if their true self would want to leave, even if they find themselves raging at their imprisonment. Post-jump, this will be an attachment to your Warehouse, but you may deign to inherit a similar mansion which will, in turn, inherit any changes you’ve done to the original."
200,Gates of a Dark World,Duel Monsters - The Heroes,Realm,"This is... strange. This isn’t a gate to the actual Dark World, but it’s on the same level. This gate, which is located in a safe and secret spot in the wilderness away from whichever city you’ve chosen to start in, will take you to a pocket dimension. This tiny universe has nothing of note besides a small wasteland with enough space to set up a military camp or a single fortress. While you can use this as a hideout or a place to build an army, no one will be able to actually notice its existence until you actually do something big with any resources amassed here. Post-jump, the gate will exist in a similarly safe location or simply be moved to your Warehouse at your discretion."
200,A Humble Abode,Sword & Sorcery,Realm,"A wanderer sacrifices many of the benefits of a stationary home, but that has hardly stopped one
such as you before. This is a simple dwelling appropriate to this place whose nature and location
shiftsto whatever is convenient for you. You can find it in any unclaimed or untamed space, waiting
as if it had been built there years ago and untouched by the ravages of nature. Its interior is simple
if comfortable, large enough to house yourself and perhaps a small group of companions. It has a
small larder filled with basic but filling food and a firepit with pot and cookware to make something
that will fill your belly. A small collection of barrels provide water in plentiful quantities and smaller
quantities of ales, beers, and wines. Its hearth is always amply stocked with wood that will burn
warmly and richly, which combined with it’s simple furnishings provide a humble but always
welcome refuge from the tribulations of the road."
200,Great Library,Elric Saga,Realm,"This dusty old library could easily be the result of a great scholar’s life work, so
packed is it with shelf upon shelf of old tomes, bound manuscripts and withering scrolls, even some
articles carved from stone and clay. While you won’t find any complete and accurate recollection of
history or the nature of existence, nor some book containing forbidden and world-shattering magical
spells, it is nonetheless an excellent source of information on just about anything you would want to
know about, both general knowledge and some mystic wisdom concerning the magical traditions of
different cultures around the world. If you dig deep enough for a topic you want to learn more about
you’ll find that someone has in fact written a book about it, as long as it has nothing to do with the
previously stated more over the top examples."
200,Tabernacle,Mad Max,Realm,"Ah yes, Saint! A place much like my beloved sanctum, where blackfingers can
carry out their holy work! A hidden place, perfect for building holy machines, and provides rest for the
weary blackfinger. A miniature hidden stronghold, with the scrap pile, machine shop, quarters and garage
upgrades. If imported into the Stronghold customization section, it does not get the stipend."
200,Oasis,Primal,Realm,"This is a pleasant place. A river feeds into a crystal clear lake with plentiful fish and there could even be a waterfall. There’s a sandy shore, making a freshwater beach front, and it’s surrounded by a patch of forest with naturally occurring fruit bearing trees and prey animals. No matter how much you overfish or overhunt the forest the ecological damage won’t be permanent, new fish or prey forming after a few weeks. If you cut down the trees it might take a few years, but any ecological damage done by you or others will fix itself within a few years.

The oasis can exist as an add-on to your warehouse, or insert into a location in new jumps; this choice can be re-selected each jump. In the latter case its climate will be pleasant and hospitable even if it inserts into a frozen tundra or another hostile earthly environment, and it will be resistant to contamination from invasive species or outside pollutants. This effect isn’t strong enough to keep it habitable to human life if placed on the Moon or Venus, there’s still some atmospheric bleed, and while it will be harder for humans to find it (how else do you keep one of the greatest invasive species ever known out) it won’t be truly impossible especially if they follow you there."
200,Rematch Arena,Worldless,Realm,"If you instead spend 600 AP for this, a small arena will be grafted onto either your Warehouse or the Nexus (if purchased). Here, you can find the markers of any enemy you’ve previously defeated. You won’t gain anything from defeating them here beyond practice and self-satisfaction. Naturally, you don’t have to worry about losing access to their marker if you defeat these simulations. Feel free to fight them as many times as you want. Though you still need to worry about keeping yourself alive.

Requires ""Rematch"" and ""Nexus"" to Purchase"
200,Vorador's Mansion,Legacy of Kain,Realm,"If you ever wanted to combine opulence and seclusion, look no further. This enormous mansion, a copy of the one currently nestled deep within the swampy heart of the Black Forest, now counts you as its owner. Filled with lavish furniture and precious art pieces, this giant structure also has its own catacombs, water reservoir and garden. It also houses a giant library where you can discover books on various subjects, including historical records that most likely have been long since lost or destroyed everywhere else and books on magical theory, giving anyone interested in the craft a good starting point.

There is also the local equivalent of a panic room warded off by magic and hidden behind a strong stone slab, in case you needed someplace to hold a last stand. And it would not be complete without a fully stocked larder – at your discretion it can be full of either human captives to feed on, a more conventional version or a hybrid between the two that has a bit of both, allowing you to satisfy guests of various sorts. It all restocks so no need to hold back. The entire place is looked after by a staff of ghostly servitors, so do not worry about maintenance. This place can be placed anywhere you wish when you enter a new world, but will usually default to someplace quiet and out of the way. And if it does come under siege it houses six stone golems to repel invaders, though keep in mind that while powerful and durable their slow moving speed can leave them vulnerable to more intelligent foes."
200,Vault of Variegating Value,Kill 6 Billion Demons,Realm,"You gain a vault that contains various valuables such as precious metals, gems, art pieces, and other treasures. The total worth of this horde is 1,000,000 US dollars. This can be purchased multiple times (with Discounts still applying) and every time you do, it multiplies the value by 10. Which basically means the vault gets bigger and you get more of what was mentioned."
200,Chamber of Moksha,Kill 6 Billion Demons,Realm,"A fairly large room that combines both a bedroom and a laboratory. It’s intended for small-scale experiments for personal pleasure rather than the all-consuming drive for knowledge. In short, to isolate yourself from worldly matters. Spending time here allows your mind to rest and settle no matter what mood or mental state you were in before you entered here. If you spend at least an hour here and you leave, you will find your mind sharpened to a razor’s edge and you’re able to leverage the full capacity of your mental potential regardless if your pursuit is academic or martial in nature. Memory, reflexes, creativity, comprehension, and more are raised to the absolute maximum you’re capable of before it settles down back to normal after 24 hours."
200,Nice House!,Hajime no Ippo,Realm,"This house combines traditional charm with modern comforts. Inside, you'll find normal amenities, floors, and a cozy living area. The compact kitchen is equipped with modern appliances, while the bedrooms offer a serene space."
200,Sparring Ring!,Hajime no Ippo,Realm,"This innovative sparring ring is designed to maximize the effectiveness of training sessions while minimizing the risk of injury. Equipped with advanced safety features and responsive padding, it provides a controlled environment for fighters to practice and refine their skills without fear of sustaining serious harm."
200,Nature Provides,Triune Scriptures,Realm,"Body cultivation is not precisely one of Farore’s domains, but it is associated with her rather heavily. For this reason, locations that are in line with her actual domains are considered to be ideal for the purposes of training the Body. While searching for such a place, you stumbled across a small clearing in a nearby forest - the tree’s form a roof of sorts, fallen logs provide suitable resting places, and a small stream carries clean water should you grow thirsty. All things considered, it may not have all the modern conveniences that a sect would try to shove into their training grounds, but it is perfectly acceptable nonetheless. Better still, the air here is rich with Ki thanks to the passage of various spirits and their ilk - not only does this provide you with all the Ki an initiate could need, but occasionally you might even be able to beg healing from a Fairy should you push past your limits in a less than stable or safe manner."
200,Royal Archives,Triune Scriptures,Realm,"Mind cultivation relies first and foremost upon the mind - to strengthen your intellect or ability to recall
curios is to strengthen the magic that you can call upon. However, dry and withered texts that expound
upon the tax rates from one hundred years ago don’t tend to be the most useful for that. No, this small
corner of the castle library - that I have generously arranged for you to be granted access to - is full of
personal journals from kings, princesses, and the odd baker or blacksmith from hundreds to thousands
of years ago. Their life and times, the dreams they dreamt and the nightmares they suffered from, the
places their mind wandered, and more than a few attempts at poetry. Most of it bad. Still, you’ll find
that they had a way with words, of looking at the world from a vastly different perspective than your
own. And that? That is something you can use, possibly even weaponize."
200,Heroine Shrine,Triune Scriptures,Realm,"During your travels as a cultivator, you stumbled across a small temple hidden away in the cliffs of a
maze-like plateau sitting at the edge of a desert. Inside are eight statues of Gerudo warriors several
times the height of a man, one of which was heavily damaged. The remaining ones all have their
hands outstretched as if to hold a weapon or accept an offering. Further investigation would reveal that
the seven intact statues are also putting out small amounts of elemental essence. Upon placing a
small trinket into the hands of one of the statues, you would see it dissolve into so much aether and the
statue put out an additional amount of essence for a short time. The more valuable the offering and the
more suitable for a given essence, the more will be produced. Sadly, the eight statue is heavily
damaged and as such puts out no essence at all. ...Although, perhaps the eighth heroine could be repaired?"
200,Stronghold Of The Dark,Triune Scriptures,Realm,"During your travels as a cultivator, you stumbled across a small temple hidden away in the cliffs of a
maze-like plateau sitting at the edge of a desert. Inside are eight statues of Gerudo warriors several
times the height of a man, one of which was heavily damaged. The remaining ones all have their
hands outstretched as if to hold a weapon or accept an offering. Further investigation would reveal that
the seven intact statues are also putting out small amounts of elemental essence. Upon placing a
small trinket into the hands of one of the statues, you would see it dissolve into so much aether and the
statue put out an additional amount of essence for a short time. The more valuable the offering and the
more suitable for a given essence, the more will be produced. Sadly, the eight statue is heavily
damaged and as such puts out no essence at all. ...Although, perhaps the eighth heroine could be repaired?"
200,Old Church,Good Hunting,Realm,"An old, partly run down and overgrown, church. It creates a sense of peace and comfort for
those who reside within and also steers away people who get close to it, remaining
unobtrusive and seemingly unimportant enough for most people without supernatural powers
for them to completely ignore its presence. This Item can also be the/a gateway to the
Sanctuary-Item if you have bought it."
200,Master's Manse,Good Hunting,Realm,"A surprisingly large mansion with an extensive underground complex of rooms and secret
routes. It is staffed by multiple automata workers that maintain themselves without your input."
200,Far Shores Apartment,Tunic,Realm,"A small room all for you. Within is an average lofted bed with a desk and dresser
beneath. Like the bed, the chair is of average quality. Other than those items and a
small connected bathroom, there is little else. Overall, while its possible to move
around it is fairly cramped.
For an additional 100CP, you instead have a more complete apartment. This includes
a bedroom large enough for a separate desk, dresser, and bed. As well as a kitchen,
and second room that can be furnished to accomplish various needs.
In either case, as the space lies within the Far Shore, it is more immediately useful for
Owners, though it is possible for others to arrive, given enough effort. Enough food and
drink is delivered daily for those living within. Though varied, there is no one to make
orders for specific dishes, instead the food mysteriously appears and is cleaned up
after consumption or enough time passes.
In the future, some mechanism for access to this apartment is available. Frequently by
pushing or pulling a door to a domicile the wrong way, but alternative means can be
arranged upon request at the start of a jump."
200,Slorm Pen,Tunic,Realm,"Slorm are octopus-like creatures that will spin to defend themselves, and explode on death. Frogs keep a number of Slorms on hand for a variety of purposes like food, but they are also capable of being used as minor explosives if they are injured. They can be dangerous due to this explosive nature in some circumstances, but they are cute enough to keep despite the danger
By purchasing this you receive a small pen with half a dozen Slorm, you are free to do with them as you will."
200,Forge,Arawn,Realm,"Bran was a blacksmith. He built Dag a forge, with which he created the Cauldron of
Blood. Both the forge and the skills to work it would be passed down to his son, Arawn (well, everybody
was allowed to use the forge in Siamh’s household, but the only person who did was Arawn). This is a
medieval forge, with all the tools you need and a replenishing supply of mundane metal. It’s strangely
receptive to magic as well, and you’ll find it significantly easier to create magic artifacts here."
200,Cain's Shrine,Luther Strode,Realm,"Students of Cain tend to ritualise and remember their kills. The Shrine is wherever the Student
places trophies of their kills, whether cultivating bone gardens, galleries of ID cards or even
atriums of sculpted meat. The Shrine grows to accommodate these trophies, and fights in these
arenas grant the victor higher power and skill, the lessons of Cain coming swifter to them."
200,Temple of the Form,Luther Strode,Realm,"A safehouse. A gymnasium. A bastion. Your own home away from the humdrum, a place to find
focus and perfect your crafts, from planning strikes on enemy strongholds or practicing those ten
thousand kicks. This place easily blends forms of combat together, letting them contribute to your
training. Meditation, dance, putting holes into paper targets, so long as they focus mind and body."
200,Family Villa,Ryse: Son of Rome,Realm,"Perhaps your father was a general in the Roman Empire, as you have inherited a luxurious family villa equal to the one owned by Marius Titus. If you purchase this, your villa is tax‑free, along with all other expenses related to it."
300,Arcane Pocket Realm,A Will Eternal,Realm,"The mysterious arcane realm of the Spirit-Stream sect, empty of any people, a world of grey
in which thought can be given form. It clears the minds of any inside it, and makes
enlightenment many times faster while inside. The only downside to this pocket realm is that
it is quite energy intensive to keep open for prolonged periods of time. As such, the original
was only opened for a chosen few on special occasions, for a day at most. As the entrance
closes, those inside are instantaneously teleported out."
300,Cloudy Sect Mountain,A Will Eternal,Realm,"Where there are cultivators, there are sects. Groups of cultivators who stick together, train
new blood, and form formidable forces. One of the favourite places for these sects to be
places is atop mountains, distant from the mortals below. This is your very own mountain top
sect, or rather the infrastructure for one. It currently lacks any inhabitants. This is a massive
steep mountain with a dense cloud layer half way up. At the peak is a sect hall filled with
training equipment and sleeping quarters, as well as a study hall filled with scrolls containing
the knowledge of the basics of cultivation. A few thousand people could live comfortably up
here, only having to make trips to get food from lower down the mountain. In future jumps,
this mountain can be placed somewhere of your choice."
300,Wild Prison,A Will Eternal,Realm,"A giant prison to chain up powerful evil cultivators. When in chains, their cultivation is
suppressed to the mortal level, although their longevity will remain. Those trapped in this
prison are also unable to cultivate while trapped, meaning that they will only grow weaker as
their energy slowly drains away. The walls themselves are reinforced to the point of blocking
nascent soul cultivators, to prevent break-ins. There are enough cells to imprison a good few thousand people."
300,Personal Thunderstorm,A Will Eternal,Realm,"You will receive a large stone gate. Going through this gate will take you to a strange domain
of space consisting of large lightning storms, a few dozen kilometers in diameter. Anything
that comes near these clouds will be struck by powerful lightning, that get stronger and more
numerous as one gets closer to the centre. While dangerous, these clouds also present an
opportunity, as the lightning can be used to temper the body, and each bolt contains a tiny
bit of life force that can be absorbed. At its most dangerous, this would be able to kill a weak
Demigod through attrition if nothing else."
300,Mythical Forge,Jade Empire,Realm,"You have obtained a forge capable of creating gems, as well as upgrading any of your weapons to their
fullest potential. The staff known as Golden Star can become Tien’s Justice, the sword known as
Fortune’s Favorite can become the Demon Sword.
Furthermore, this forge can upgrade your own weapons, increasing the skill it takes to use them, but
enhancing their abilities by 50% ... provided you are willing to think of a cool name and backstory for
them. The forge is a stickler for tradition."
300,Peaceful Estate,Kimmetsu no Yaiba,Realm,"You own a shack in the middle of nowhere that has basic amenities and
always goes overlooked by hostile parties as long as they're not hunting for you specifically and have some
other source of knowledge for its location. This comes with seven-foot-tall walls around
the whole thing, and a backyard that's perfect for things like training, playing with dogs, chasing your
friends/coworkers in circles..."
300,Stronghold,Mad Max,Realm,"A refuge of safety that keeps the unholy hordes of the Scrotus at bay!
Access to the Jump's stronghold customization section with standard points."
300,Malek's Bastion,Legacy of Kain,Realm,"Where the mansion was build with comfort in mind, this place was designed as a veritable fortress where only the most foolish would dare enter. Located on top of an enormous mountain where the snow remains throughout the entire year and usually surrounded by a raging blizzard, the bastion is a glorified death trap to trespassers, with various deadly traps located all throughout the building and wrathful ghosts patrolling its ramparts. Most humans would freeze to death in short order even before being stopped by one of the other hazards. So what is the value in such a place you might ask?

Aside from being a well defended and hidden hideout this place also houses a secret factory underneath it, one powered by magical energy, that slowly but continuously assembles and churns out mechanical soldiers in the form of animated armor. Don‘t ask me where it gets the materials. And though they would be more effective if they had souls bound to them or were through some other means made more intelligent, even at their base level these automatons are reasonably strong if not particularly bright fighters with an unquestionable loyalty towards their owner – that being you by the way. Given their ever growing numbers and casual indifference to concepts like fear, hunger or pain, this slowly but ceaselessly growing army will be sure to strike fear into the hearts of those that oppose you. Hope you got that evil laugh ready."
400,Star and Night Wonder Realm,Against The Gods,Realm,"A realm of your very own! This is a space many thousands of times the total surface area of Blue Pole Star, accessible only to you and those you expressly give permission to.
The land is completely livable, and possesses a wide variety of terrains, complete with myriad flora
and fauna. You can bring more, of course. Things like sunlight and air are all taken care of magically.
You can enter any point in this realm at will, but upon leaving you’re directed to the spot you left from.
To take people with you, you have to be physical contact with them at the time, or give them your
explicit permission, after which they can do it as easily as you, at least until you retract said permission.
Finally, you have complete control over the inside of this realm, and can change it however you
want, except creating sapient life."
400,Cultivation Spot,Against The Gods,Realm,"The best space to practice cultivation, bar none. This is a small forest
clearing, about the size of a small lawn. The important thing about it is that this place is full of the
best and richest possible energies, letting a person cultivate much more easily and rapidly than
anywhere else. To be clear, this place always has the energies and laws of exactly one realm above whatever you deploy it in, which changes as you move to different realms. Post jump it can become a warehouse attachment, in which case it’s always one realm above what you have currently cultivated to."
400,Trial Grounds,Against The Gods,Realm,"Time to time, you may want to pass on some of your powers to people for
whatever reason. Finding a worthy bearer can be problematic and troublesome, quite extremely so.
Not with these grounds. You may decide whatever of your powers or skills or abilities you want to
hand out, and package them into a single bundle.
This bundle then acquires a rudimentary sentience, and occupies these grounds. They take
whatever form is appropriate with the powers you’re using them for, although you can override this.
This sentience will generate appropriate tests according you guidelines you set and reward whoever
passes with the powers you hand out. If you wish, you can discard this and set the exact tests yourself.
Any number of people can get powers through this, but imbuing these lands with your power
weakens them proportionately for a fairly extended period, depending on how much you have left.
They do recover, though, in time."
400,Snake Fortress,Grant Morrison's 18 Days,Realm,"Rather less ‘glorious’ than most items on this list. This is an incredibly strong, unbelievably
advanced fortress, quite possibly the most advanced Yajnatek citadel ever built. Chock-full of
laboratories for all kinds of research, auto-generated test subjects, with a gigantic arsenal of
defenses and traps and guarded by a legion of Naga Warriors, it’s the ideal place to conduct any
and all blasphemous, heretical experiment and studies one might be in the mood to engage in.
What might help is that the power of your benefactor makes it so that it’s really, staggeringly
unlikely and difficult for this place to be found by anyone who would be hostile to you, be they
man or god. Not impossible, but... yeah. On the other hand anyone who wants a favor or to
conduct business can get here as easily as any other place. It also looks like a giant iron cobra...
the whole fortress. Because of course it does."
400,Fighting The Inner Battle,Baki The Grappler,Realm,"It’s a tad cliché, but effective all the same. You have exclusive access to a large mountain, perfect
for training. Whether you’re learning how to fend for yourself, or simply building up your body, any
training here is nearly twice as effective. This land is filled with countless natural hazards to test
yourself with, including some beasts comparable to mythological creatures, rather than any real-
world animal. Though, you’ll only come face to face with such threats when you go looking for them."
400,Dream On!,Baki The Grappler,Realm,"What child doesn’t dream of having their own amusement park? Well, now you do! This amusement
park can be run and maintained single-handedly (aside from food service and the like). Still, I’m
sure that’s not what you want to hear about. This amusement park makes for the perfect arena.
Letting fighters battle across countless different terrains. All damages are repaired daily, and so
long as there are no other visitors, even the most flashy or illegal battles hosted here will never
attract any unwanted outside attention, no matter how much evidence of it leads back to you."
400,The Bad One,Baki: Son Of Ogre,Realm,"You are in possession of a spiritually significant location with ambiguously
supernatural properties. Perhaps life thrives or dies in the vicinity, perhaps
humans think clearer than ever before. It’s unclear whether this phenomenon
is mystical or chemical in nature, but this location will greatly enhance the
mental, physical, and even spiritual results of training done here."
400,The Only One of Its Kind,Baki: Son Of Ogre,Realm,"As a young entrepreneur, you stumbled, onto an incredible formation of nature,
and decided to build a hotel around it. This could have been a waterfall, a
sprawling cave, a colossal tree. This is normally quite profitable, but once a year
or so, this, this formation becomes exponentially more deadly. Such as rapid
tides or the encroachment of beasts. It becomes a death trap, but also a place
for thrill-seekers who wish to test their mettle."
400,Volcanic Island,Saint Seiya: The Original Series,Realm,"Well, that’s one way to handle the ‘need to train
your Cosmo’ problem. This is a volcanic and absolutely hellish island with a hostile environment
and incredibly dangerous terrain. It also tends to erupt semi-regularly, though it somehow avoid
affecting the environment outside of it...maybe it’s a curse? Either way, training on this island
will help unlock a better understanding of both Cosmo and the ways of combat. This bonus also
applies to anyone you teach or train on said island. Just try not to get yourself killed early on.
Post-jump, this island either becomes a Warehouse attachment or you may have it rest on an
isolated spot in the nearest ocean."
400,Temple,Saint Seiya: Lost Canvas,Realm,"Your own temple on your respective bastion, as well as your duty to protect it for this jump. Sturdy enough to withstand a battle between Gold-tier opponents without major damage, it prevents nearly any form of teleportation from and to the place it guards, forcing invaders and allies to pass through them no matter what. It follows you in future jumps, to be placed as a checkpoint to another property of yours, and keep the warding against teleportation."
400,Cape Sunion Prison,Saint Seiya: Omega,Realm,"You've acquired a replica of Cape Sunion Prison, a high-security penitentiary nestled on the rugged cliffs of Cape Sunion. Strategically positioned to overlook the Aegean Sea, it stands as one of the most formidable and secure facilities in the region. Cape Sunion Prison boasts nearly impenetrable defenses. Escape from its confines is deemed nearly impossible, as only individuals possessing the power of a god or goddess could conceivably breach its walls. This replica serves as a tangible reminder of the prison's formidable reputation and its ability to confine even the most formidable of beings."
400,Hidden Ninja Village,Saint Seiya: Omega,Realm,"You are now the head of a Hidden village. The Hidden Ninja Village is a clandestine settlement concealed within the dense forests and treacherous terrain of an undisclosed location. Shrouded in secrecy and protected by natural barriers, it serves as a sanctuary for skilled shinobi and practitioners of the ninja arts.Access to the Hidden Ninja Village is carefully guarded, with concealed entrances and intricate traps deterring unwelcome intruders. Those who seek refuge within its confines undergo rigorous training in stealth, combat, and espionage, honing their skills to become elite operatives."
400,Witches Components,Saint Seiya: Omega,Realm,"As a witch, having components to cast your spells is of utmost importance.
Without them, you may not be able to cast your spells at all, and even if you
could, the success rate would drop significantly. That's why you now own a
workshop filled with components, magic circles, and other materials essential for
spellcasting. Additionally, every material in this workshop will restock
automatically and is compatible with all schools of magic from future worlds."
400,Personal Land,Saint Seiya: Episode G,Realm,"Hidden from the eyes of even the Gods themselves, this is your personal Sanctuary. Impossible to
find or get to for any you do not yourself purposefully lead to the place, it is a peaceful land of
bountiful nature and ever-lasting calm. Being here is enough to calm even the most turbulent spirits
and placate the most rageful souls, as well as to greatly aid any attempts to heal the wounded or
sick. It is a safe place and quite large, measuring at least a dozen miles in each direction from the
centre and surrounded by thick natural barriers beyond that distance on all sides, such as dense
forest or mountain ranges. The hide-away also includes a number of constructed buildings with
simple supplies and furnishings. It might not be luxurious but it is certainly liveable and the nature
around you should be luxury enough. The small area will retain any changes you make, in case you
want to start a garden of your own or improve the homes here. In future, you may have this place
either within the world in a similar location or attached to your warehouse."
400,The Fight Box,Saint Seiya: Episode G,Realm,"You may not think very much of the Earth and its inhabitants but it’s often necessary to not just
outright destroy it just as collateral. Thus you learnt how to take your battles into a special place,
one where you can fight as you please. You are able to bring everything within a few hundred feet of
you to a pocket universe that your power created for your use. This dimensions is, at the moment,
merely the size of a galaxy and a bit and is largely empty of anything save for the odd star or lifeless
rock floating about. As your power grows, so will the size of this dimension and the size of the space
you can drag over to it. It is exceedingly difficult to escape from this dimension and any power used
within will not leak out, leaving you free to fight at your best even when using attacks stronger than
the size of this plane."
400,House of Flowers,Demon Slayer,Realm,"This compound is a small mansion that is well hidden from any prying eyes, even those that would normally see people running on top of the fence over and over again. This place can function as a small hospital and laboratory, being equipped with a few workers that will gladly take up care of anyone that you bring in for treatment. Anyone brought here will find their recovery time being many times faster than it would normally be and may even come out better than they were before being injured."
400,Sunlight Mountain,Demon Slayer,Realm,"Usually this would be the mountain that the swordsmiths get their precious ore from, but you appear to have an identical one that is filled to the brim with the various minerals. Not only does this reset every jump, but it only seems to get bigger as it will randomly adopt unique metals from any jumps you go to, but which ones it gains is random. This can be put into a separate dimension connected to your warehouse after this jump or you may import it somewhere in future worlds."
400,[无极] Limitless Sage,Nine Sols,Realm,"Through meditation, you can enter a strange and limitless
realm, very close to the Tao. While within this realm you need no nourishment, time passes
strangely, and you may encounter phantoms of times long past, visions of sages in their
youth, or speak with spirits who have not yet quite passed on. This realm is peaceful,
conducive to meditation and contemplation, and can serve as an excellent training ground,
considering its mutable nature. While within it, you may also reach out to others and draw
them in, to teach or communicate with them across time and space, so long as they are
willing - the process is slow enough that they can draw away if need be. Be cautious,
however; if you or others spend too long here, you may fade into a spirit, unable to leave
and inevitably destined to join the Tao.
In this jump, entering the Limitless Realm requires contact with the Primordial Roots, but in
future jumps you can do this through connection with nature at large."
400,Vital Sanctum,Nine Sols,Realm,"A combination of an advanced cryosleep device, capable of entirely
halting all bodily processes, and an even more-advanced computing device, the Vital
Sanctum allows you to preserve your body and life indefinitely, halting the progress of any
disease, poison or curse so long as you remain within it. Up to nine people, including you,
may rest within the Sanctum at once. Additionally, while within your Sanctum, your mind is
sustained in a simulated dream-world, the Soulscape. Here, you can simulate anything you
like - though it is limited by the knowledge of those within the Sanctum, or data loaded into
its computer. If you conjure up a book you never read, the pages will be blank, and while you
can train indefinitely against simulated enemies, this won’t reveal unfamiliar moves to you.
This version of the Vital Sanctum has been perfected, so as to remove any risk of causing an
inability to distinguish illusion and reality, or with leaving blissful dreams behind. Comes
with the schematics to make more - though doing so is expensive, and will require a
powerful computing substrate."
400,Four Seasons Pavillion,Nine Sols,Realm,"Safely tucked away in an area of New Kunlun is a palatial
manse, a home to call your own. The estate is surrounded by a system that controls local
weather conditions on your grounds, which has been modified for manual control of the
day-night cycle. The building itself is a regal three-story building, with enough food and
board to house more than a few people. It possesses a branch of the Primordial Roots, and
also boasts substantial facilities for craftsmanship; including a dedicated, state-of-the-art
workshop and an advanced 3D printer. In future jumps, this can either appear in the world
or be an attachment to the cosmic warehouse."
400,Battle Memories,Nine Sols,Realm,"Would you like to face your foes again, once you’ve vanquished
them? Well, you can do that in the video game. More seriously, that’s what this simulation is
for. This highly advanced virtual environment is equipped with a unique Root Node. While
it’s not connected to Fusang as a whole, it can do everything else it’s supposed to do.
Connecting to it allows you to simulate fighting adversaries you’ve defeated before. You
can face up to eight different opponents with the simulation. The simulator retains previous
enemies, but gains eight new “slots” you can fill with defeated enemies in every new jump."
400,Haotian Sphere (Boosted),Nine Sols,Realm,"For an additional 400 CP, undiscounted, your copy of the Haotian Sphere also includes the
more sinister additions made by the warlord Jietong: Rhizomatic cannons capable of
melting skyscrapers to slag and devastating cities from their position in orbit.

Requires ""Haotian Sphere"" to Purchase"
400,Dojo,Samurai of Huyga,Realm,"A small building with wooden floors and sliding doors, made to facilitate the teaching of a sword
style. Yet to you it’s something more akin to a second home. Simply being near the premises of
the dojo would bring your mind lucidity, even if it had been regressed to an animal like state for
the last five years. Within the dojo itself your mind begins to enter a state of tranquility and
nostalgia; training will become more efficient, katas drilled faster, the body strengthened even
more, and thinking up new techniques will be easier."
400,Medical Garden,Scissor Seven,Realm,"A self-sufficient Medical Garden containing Qi-filled Herbs and other ingredients for
natural plant remedies. You can add plants to the garden by simply placing new plants
into its earth. Each new plant added expands the place by a bit, there will thus always be
sufficient place for all planted plants to prosper, no matter their size. The plants within
will not decay once past their ripe age, and instead steadily become better with age. This
will be added to your Warehouse. If you don’t have a Warehouse then this Medical
Garden will become accessible by knocking thrice on the nearest tree, thus creating a door leading to it."
400,Hidden Temple,Sword of the Stranger,Realm,"This little old temple is hidden away in some cleft of the mountains, and although no
worshippers now come here, perhaps a little of the Buddha’s grace still remains.
Although it may not be the most comfortable of homes, those with hostile intentions
seem always to be led astray if they try to follow someone there, or otherwise unable to
find them while they hide here."
400,Portable Shack,Kenshi,Realm,"This small shack is a small but sturdy place to sleep for the night. It has enough
room to fit eight beds, and is very handy in protecting you and your party from acid rain, dust storms, or other
environmental hazards. This shack is extremely portable, requiring less than a minute to take down and the
same amount of time to set it back up. The components of it are surprisingly compact, and easily fit in a normal backpack."
400,Portable Watchtower,Kenshi,Realm,"This is a four floor watch tower, perfect for keeping an eye out for targets far
away. Each floor doesn’t have much room but does have basic furniture, including tables and beds for resting.
This Watchtower is portable; it can be broken down into its components in about one hour, and set up again in
the same amount of time. All of the parts that make up the Watchtower are surprisingly compact, and will fit
snugly inside a large backpack."
400,Portable Shop,Kenshi,Realm,"This is your own personal shop, a spacious building the size of a normal storm house. It includes a workshop with smithing tools, plenty of storage, a shop counter, and enough room that you could set up your bed on the roof if you’d like. Notably, this shop is designed to be portable; it takes about one hour to break down the components of the shop, and one hour to set it back up. The building parts of the shop are surprisingly compact, and will fit snugly inside a large backpack."
400,Portable Stationhouse,Kenshi,Realm,"This enormous building is perfect for use as a barracks or base of
operations. It has six mounted crossbows on its roof, and enough space to house multiple squads of
mercenaries. This is the perfect building for fortifying a position against a large number of foes. It’s designed to
be somewhat portable, requiring two hours to break down and two hours to set up. The component parts of this building could be stored snugly in two large backpacks."
400,Grand Palace,Fist of the North Star,Realm,"You must have amazing fortune to be living in a place like this. You are the
proud owner of a sprawling palace with towering walls that could keep out an army, a spring that
provides all the water anyone could need, and fertile fields to grow any food you want. An army of
kings could live here and not feel slighted by having poor accomedations. How you got this place is a
mystery and despite the opulence it is surprisingly hard to find for people you don't trust. It is located
within a day's travel from your starting location this Jump and may be attached to the Warehouse or
placed in a new location every Jump."
400,Farming Land,Vinland Saga,Realm,"You now own land that is considered a regional breadbasket, capable
of feeding a massive population. This scales based on the setting you find yourself in. For
example, in 40k, it could be an agri-world capable of feeding several star systems, while in this
setting, it can feed much of Scandinavia. You may decide what kind of food your land produces
and in what ratios. Comes staffed by followers."
400,Homestead,Vinland Saga,Realm,"This little homestead in an aesthetic of your choice will always remain
hidden from those you desire to keep away, and is located in a naturally beautiful area that you
will personally enjoy. While here you will generally be at peace. The homestead itself is large
enough for several people to reside in it, and comes with a plot of land suitable for any type of
farming and capable of keeping you self-sufficient. Comes with modern amenities shoudl you desire them"
400,Castle,Vinland Saga,Realm,"While not as large as a castle of stone, this fortress is based off of the
tonbridge castle, and is surprisingly defensible, with morale being unbreakable within the walls.
This fortress scales to be formidable no matter the setting it finds itself in, upgrading it’s tech
and defenders accordingly."
400,Paradise,Samurai 7,Realm,"This warehouse attachment is several chambers and bedrooms filled
with beautiful women (and/or men). Don’t worry about them being fed, or needing to
leave these chambers. They never seem to do either, and in fact can’t leave these
chambers. They are however extremely fond of you, all of them rather devotedly in love
with you, and eager to serve your needs or just help make you feel more comfortable and at peace.

If you don’t have a warehouse they may attach to a personal dimension you possess, or
some other property you own."
400,Temple of Jumper,Soul Calibur,Realm,"Designed according to your specifications, this temple is the perfect place for
meditation and for passing on your teachings. When in this temple, your senses and skills
are heightened and there is a calming force on you, allowing you to focus on everything as
best as you can no matter what. A man would be a fool if he dared to fight you in here.
When it comes to teaching others, your skills in that regard improve at least twice
over while in this temple. Your students will learn faster, they’ll learn more and by the end
of their training, they should be far better than they were before. Of course, it’s not only your
students who are affected by this. Even you seem to learn faster than before, learning twice
as fast as you normally would whenever you train here."
400,Laboratory,Furi,Realm,"A special laboratory, geared towards designing and maintaining
superstructures like the prison. It comes equipped with advanced simulators and holographic
displays to help you test your ideas before devoting vast amounts of resources to constructing
the final products. It also features construction drones that can aid in the building of any
structures you decide to make. The lab has the ability to simulate certain environmental
conditions, making it possible to test ideas for the decontamination of poisoned worlds."
400,Sword School,Katanagatari,Realm,"A school like this is normally only owned by old swords masters who have long since proven their
worth and earned their reputation. You might not have done any of that yet but your new Sword
School has the sort of reputation that reflects you having done so anyway. A huge building with
enough room for dozens of students to live at the school alongside you, it has a reputation for being
the school helmed by a true master of the art of the blade and several experienced teachers under
your command there already. Donations and payments from the students have made you no small
amount of wealth and being the headmaster of this school also brings a fair amount of status to your
name amongst the warrior and noble castes. It’ll continue to appear in future worlds though in those
worlds it will take on a more suitable focus, such as a marksmanship school in modern worlds."
400,A Humble Shack,Blue Eye Samurai,Realm,"Or a small store, or a traveling cart, or whatever else is most appropriate for a trade of your choice. It contains the tools needed for you to ply one art, as well as a replenishing supply of materials for it. The tools are simple and matching the local tech level, but it keeps upgrades and new tools brought in. In future Jumps you may have this be a Warehouse attachment, attach it to another property, or have it appear on the world. If it’s in the world, you may choose to have its location known, attracting customers depending on your skill."
400,Tower of the Jumper,Conan,Realm,"This is a fortified tower 150 ft tall with walls so smooth
they could be likened to glass. Designed to get airflow to the lower levels from above, so
that the windows and doors of these lower levels can be completely and perfectly sealed,
unable to be opened from the outside when properly closed and with no seam to mark
their presence. The upper levels aren’t quite so easily sealed, but it’d take a rather skilled
thief to climb up to those windows.
It comes with an outer wall surrounding it and its courtyard. In future jumps it will insert
into the world at an appropriate location."
400,Armored Sky Fortress,Mushoku Tensei,Realm,"This is a flying island with a large and extremely lavish castle that replicates the sky castle of Perugius. The sky
castle is large enough to house a thousand people comfortably with a lot of space to spare for other facilities and it even has its own function to produce and generate its own water and electricity if you need it along with the function that automatically cleans itself. The sky castle is also made from a physically and magically resistant material making it incredibly durable that it can resist a God-Class Magic Spell with little damage. Any damage it sustains that didn’t destroy it would slowly be repaired in hours along with any changes and modifications that you made would be remembered."
400,Jumper Academy,Mushoku Tensei,Realm,"The Academy is for learning and what would be the point of it if it can’t do that. This gives you a academy
merged with your warehouse where you can deploy it to any location that you want. The building is made of
resistant materials that can resist Emperor-Rank Magic or Physical attacks along with it being inscribed with
Magic-Circles that emit Healing Magic at Saint-Rank that is capable of healing most injuries aside from lost-
limbs. The academy is staffed by really human looking automatons that can teach students of martial arts and
magic that you know and have access to even general knowledge like math to physics grated that if you have
that knowledge. The students that learn and attend here can reach Saint-Rank of either Warrior or Magician at
minimum within five years of attending and PhD for certain subjects should you have access to it. The deployed
Academy has multiple magic-circles inscribed that it can resist a siege from God-Rank Magic-Spells or
Physical Attacks, and the academy is emitting a Saint-Rank Healing-Spells that heals anyone inside. Post-Jump
it would leave a copy in the previous worlds that you deployed it so that it won’t magically disappear when time flows normal after you attain your spark."
400,Memories of Mist Valley,Duel Monsters - Duel Terminals I,Realm,"The Mist Valley is your home... would you really accept abandoning it? After your stay in this world is over, you shall gain a copy of the Mist Valley itself as a property that will follow you from Jump to Jump. The Valley’s copy will be as it was at the end of this Jump, and will retain changes from setting to setting. In either case, inhabitants who lack true selfhood such as the Mist Wurm or the less evolved avians shall follow you from world to world, while those like the birdmen or Dragunity will require other means to be taken along."
400,City of Fire and Flames,Duel Monsters - Duel Terminals I,Realm,"Heat makes for good livin’, friend. Other tribes might think the idea ridiculous, but living in an active volcano builds character. What you have here is a very large city built on a stable but still burning volcano, constructed in such a way as to match your original world’s modern standards of living despite being choked in ashen smoke and hot enough to boil unattended water. Very comfortable for Flamvell, but I reckon other tribes would find some trouble invading this place. The volcano and attached city will follow you from Jump to Jump, also retaining any changes."
400,Lost World,Duel Monsters - Duel Terminals I,Realm,"An underground paradise for you to live in, with its own massive volcano at the center and icy mountain ranges forming a protective ring around the lush jungles and lakes. The cavern is utterly massive, giving more than enough space for your airborne brethren to thrive, which combined with the many tunnels lying upon the mountains circulates enough air to simulate the feel of the outside. As for the tunnels themselves, they are the only way in or out that does not involve thinking with portals or destroying the entire cavern. Simply by looking for one of them while outside this paradise, you will find one nearby, which will take you through winding passages and abyssal chambers to this place in a matter of minutes even should such make no sense. Those you personally consider welcome here shall be capable of doing the same, but anyone else will utterly fail to navigate the path and find themselves back outside... if they’re lucky. It’s easy to get lost in places like these, after all."
400,Natural Power Station,Duel Monsters - Duel Terminals I,Realm,"I gotta say. This is just weird. You’ve found and claimed a naturally occurring power plant of whichever type you prefer. Hydroelectric, coal, nuclear, geothermal, anything’s fine so long as it fits the same elemental specifications as the Genex. Besides producing enough electricity to keep an entire city running day and night, Genex life forms with the same elemental alignent as the power station will naturally form from the excess energy and waste. These Genex will be naturally predisposed to listen to you, and will follow your orders so long as you don’t do anything like outright tell them to self-terminate. These Genex will not follow you from Jump to Jump, not unless you employ another option to do so, but being able to explore the wider world alone is really just fine by them."
400,The Realm of Jumpers,Duel Monsters - Duel Terminals I,Realm,"The world of the Fabled is divided into the Realms of Demons, Beasts, and Gods, but it seems there’s yet another dimension off to the side. Your Realm, of course. While it’s only the size of a small city, the Realm has whatever physical features you might want, within reason. Want snowy hills to lay side by side with rivers of lava? No problem. Want an endless abyss, with the actual landmasses you live on floating in the chaotic darkness? As you wish, my master. Want a cozy hut? I’ll build it by hand if I have to. However, you can’t use this to gain access to rare materials from specific settings, sadly. The Realm also has a native population of The Fabled appropriate to its nature, such as aquatic monsters for a realm with many bodies of water, or great birds for a ravine where flight is almost mandatory for locomotion, but no proper Fabled kinsmen. Should you wish such company, you’ll have to acquire it yourself. One last note is that this place is only accessible through magic. You’ll be capable of casting a spell to take yourself and a few companions here and back out even if you do not have access to Fabled magics, but mind any hostile magicians."
400,Molten Conduction Field,Duel Monsters - Duel Terminals II,Realm,"To leave one’s home behind would be so dissapointing, wouldn’t it? What you have here is a plot of land the size of a city taken directly from Laval lands. Is it a burning forest, running with eternal lava flows? A volcano range, spewing delightful fumes every day of the year? So long as it holds to the aesthetics of the Lavals, and follows from a natural biome you could find on Earth, you may have it. Perhaps even a mix, if you’d be willing to dedicate less space to each type. No matter your choice, any non-Lavals who are cremated by these environments will rise again days after, transformed into a Laval of power and nature equivalent to what they were before."
400,Abandoned Railyard,Duel Monsters - The Heroes,Realm,"This old train station has somehow fallen into your care. While it might seem useless, the trains still stored here have a surprisingly varied and useful store of components, both for everyday engineering and construction work, and for more daring constructs you might wish to make. There is also a basement level, which can be used to perform more grandiose projects in peace and secrecy, or to store something you already have. Post-jump, this functions as an attachment to your Warehouse, but should you wish it, you may somehow gain ownership of a different train station that will inexplicably and unnoticeably be replaced with the original."
400,A House in Swordsmith Village,Kimmetsu no Yaiba,Realm,"There are many who can say they'd like to know where their
swords were made, and a few who have seen for themselves...but you have them beat by far. Whenever
you want to get away from the world, and maybe get a few kinks worked out of your sword, you can whisk
yourself and any travelling companions you wish away to your house in Swordsmith Village, a location so
otherwise removed from the action it might as well be a form of paradise. There, the people are eccentric
but amiable once you make allowance for this, the weather is relaxing, and you can get your weapons
repaired and ready to go for practically nothing. When you're done, you can simply transport you and your
friends back to where you were before; time will have passed as normal, but you and your cohort will never
have to rough it in the wilderness again."
400,Lair,Kimmetsu no Yaiba,Realm,"There's a place you call home; you may not have lived there long, but you're still connected
to it on a deep level. Your lair can cover anything from a dilapidated two-story mansion to a forest on a
mountainside, and while there may be rumors about your presence there, unless you are seen there by
someone who lives to tell the tale, you're guaranteed anonymity as long as you want it. Absent-minded
travellers will wander within ambushing range on a daily basis, regardless of any reputation it acquires, and
should you desire, more ambitious than qualified Demon Slayers will also approach infrequently to test their
mettle against you. You can alter its layout at-will-knock trees into people, dig trenches where there were
none, and otherwise change it as you see fit. Lastly, with a moment's thought, you can teleport here from
anywhere within the same plane of existence."
400,Brokkr's Forge,Jotun,Realm,"You gain a copy of the selfsame forge of the great dwarven smith Brokkr, which he used to create many priceless treasures of mythology. Even without any talent, someone could use this forge to create quality weapons, the very concept of craftsmanship imbued into every last inch of its surface. But in the hands of someone who took “Dwarven Smithing”, it shows its true potential. Using such a forge, someone with that perk could create masterpieces that rival famed works such as Gungnir, the spear of Odin which never misses; Mjölnir, the mighty hammer of Thor; Gleipnir, a chain so strong it will hold down Fenrir until the days of Ragnarok; Draupnir, a golden ring that duplicates itself; or Gullinbursti, a living boar forged from gold.
The forge also comes with a refilling supply of impossible ingredients, such as the sound of a cat’s footstep or the roots of a mountain."
400,Mímir's Well,Jotun,Realm,"This well holds the head of the wise man Mímir; once, one could sacrifice a part of themselves here in exchange for vast wisdom, but after being carried around as a severed head by Odin, Mímir decided to branch out into healing instead. By standing before the well, the water will be converted into healing power and completely recover someone from all their wounds and ailments. However, it can only be used in this fashion once a day, as the water needs to refill. Mímir can still talk, but has an infuriating way of avoiding saying anything important. If you want any advice from him, you will need to sacrifice a body part to the well, and he will give you wisdom-by-proxy.

You can “deploy” the Well at any location in a jump world at your desire."
400,Incinerator,Sundered,Realm,"Unlike a normal incinerator, this takes in any material and burns it as fuel to produce energy. Even fragments of eldritch power can be put in and destroyed, the incinerator won’t even flinch."
400,A Mighty Keep,Sword & Sorcery,Realm,"While battle of mighty hosts upon open ground might be the stuff of glory and legend, war
demands more than mere butchery on an open plain. This stronghold while far from what one of
the mightiest empires of this land might construct is still large enough to garrison several hundred
fighting men and fend off assaults by many times that number. Its interior has deep and
inexhaustible wells and replenishing stockpiles of supplies to ensure that it could hold out
indefinitely should your foes not be able to break open it’s gates or scale the walls. More
importantly it is furnished well enough to hold you and your men in comfort. To an ambitious man
such a stronghold could be the foundation needed for conquest of an entire region. More
interestingly its location is not fixed. So long as you can reasonably claim that an area is within
your control you may have this keep simply appear overnight when no one is paying attention."
400,An Arcane Chamber,Sword & Sorcery,Realm,"A ritual chamber that is perfectly shaped and aspected towards your own individual essence. It is
the perfect site for occult workings that fall in line with your identity, soul, and magical
preferences. It is large enough to house yourself and forty additional participants with room to
spare and contains a decent amount of storage space for the reagents and tools your art might
require. While within this world it is a part of some abode of yours, whether that be a tower, an
old tomb, or some other lair. Post-Jump this shall be accessible through a door in your warehouse
and may be briefly called into being in the outer world with a simple ritual for magical purposes.
Whether it be a bone riddled crypt where talking skulls echo your incantations or a temple of beautiful carved stone to channel the power of your faith and virtue it matters not. Here you shall work wonders."
400,Beast Caves,Elric Saga,Realm,"Somewhere below your domain lies a set of caves, carved halls and paths
acting as a home to an array of fierce beasts. Though not exactly magical in nature like the bound
creatures of a magic user, they are much larger and more powerful than an ordinary man, and the
two dozen belonging to you are enough to enhance the power of any mortal army. They follow your
commands well enough and can be either ridden or sent out on the battlefield on their own, though
they’re more effective in a fight when directed by a skilled rider. Normally the only advantage of
these beasts would be their overwhelming size and strength, but if you wish to instead give them
other, greater advantages like the flight and burning venom of Melniboné’s dragons they will also
suffer from the same problems as those great monsters, their terrible lethargy causing them to sleep
a hundred years for every day they are awake."
400,Sweet Tanelorn,Elric Saga,Realm,"Unusual as it may seem for a warrior like yourself, you’ve come into
possession of a city of peace and tranquil joy. But perhaps that is exactly why Tanelorn has decided
to become yours, considering its transformative nature. Existing in Elric's world at the most remote
edge of the earth, that Tanelorn is only a single manifestation of an archetypal place that exists
throughout the multiverse, though in some realms it is merely an idea rather than a physical
location. But in those worlds where it is, many a downtrodden and jaded warrior will search for it to
find peace, and perhaps reach it as well, if they're lucky. It has an unusual but pleasant air about it,
at once comforting and familiar, putting one's mind at rest and washing even the heaviest of mental
burdens away — with one notable exception, though Champions of the Balance are ever a special
case. Anyone besides will be able to become at peace with themselves and others, their newfound
happiness additionally protected by the influence that Balance exercises over this place. More
specifically, beings of great power that align themselves closely to anything that isn't Neutrality are
barred from entering, meaning that even the mightiest Lords of Law and Chaos are forced to act
through lesser servants to interact with it and its inhabitants in any meaningful way. Since the
existence of Tanelorn is a varied one, you can freely choose its appearance, though it will rarely not
be beautiful. Already home to quite a few former warriors and adventurers if you wish it, these men
and women will count as followers, though they're not keen on fighting again unless it's for the sake
of their city. In future jumps, Tanelorn will appear wherever you'd like."
400,Graveyard,Primal,Realm,"This is a graveyard used by your species here. Though you’ll be
able to use it even if you’re no longer a member of that species. Besides having a large
collection of bones from your species, in its isolated valley, it seems to be shielded from
those who would do harm to the dead interred here. Graverobbers don’t find it.
Necromantic effects to raise the dead don’t affect those inside of it. Hellish lords of the
underworld won’t be able to drag their soul down for eternal torment among rivers of
flame, or to make infernal deals granting them power and a second chance in exchange
for being their minion. It protects the dead interred here from harm.
But this protection only extends to the dead and their remains. If you try and store
treasure here, those seeking it may find it and they could decide to opportunistically take
some bones. If you try to hide here from foes it won’t help you. It only protects the dead.
This can insert into an isolated region in a jump, such as a well sheltered valley, or it can
exist as a warehouse add-on. This choice isn’t permanent but made at the start of each jump."
400,Nexus,Worldless,Realm,"You are able to enter the bizarre void between spaces in this and even future worlds. Every major area you come across will have a door somewhere that warps to a central nexus within the void that you can use to access any of these portals (until post-Spark each nexus is Jump-specific). You’ll often come across liminal spaces that connect locations in impossible ways, like exiting one area and looping around to enter a completely different area in the opposite direction"
400,Godbone Orchard,Kill 6 Billion Demons,Realm,"This body of a long dead god is peculiar do its nature of growing continuously long after their death.
Much like the human body each part of the god has different properties and characteristics suitable
for different purposes.
Hard bones like the skull and ribcage would make suitable material for sturdy construction. Soft
bones like the clavicles suitable for soft creations and can even be weaved into a fiber-like material.
Calcified brain matter can be made into processors. Left over blood within the marrows can be used
for inking. Teeth can be made into powerful bludgeons or sharpened into incredible blades. The
nerves are the best power cabling that can be devised and so forth.
Each part is imbued with pure divinity that can take anything made with it to godlike levels. You
know the exact techniques needed to shape and knit the different body parts for the sort of crafting
you're performing. This comes with a workshop for just any kind of crafting you can conceive of."
400,A Haven of Fighters,Hajime no Ippo,Realm,"This cutting-edge gym facility not only boasts top-of-the-line training equipment but also fosters a positive and supportive community atmosphere. With spacious training areas and an experienced coaching staff, it provides a comprehensive environment for talent cultivation and athletic excellence. For coaches, a personalized office space allows for customization and convenience. This versatile gym is a haven for both aspiring and professional boxers and fitness enthusiasts alike."
400,Trials Of Mastery,Triune Scriptures,Realm,"The greatest sword ever made isn’t something that just anyone can hope to wield, let alone hope to
even look upon. To that end, a series of trials were created by the sword itself. In a small temple
hidden away deep in a forest lies a pedestal. Sometimes, that pedestal holds a sword. Before you can
reach the sword, however, there are trials. Puzzles, riddles, the bones of ancient monsters that will
return to life just long enough to test your mettle, all of that await you and more in these hallowed halls.
Succeed and the Master Sword will be yours, for as long as you have a need of its power... Or the
blade grows bored of you, something that is unfortunately likely to happen as every wielder to date has
failed to measure up to the Shining Saint. Fail its tests... Well, there will still be rewards for what trials
you have managed to pass, but the sword itself will be beyond your reach."
400,Automated Workshop,Good Hunting,Realm,"This advanced workshop contains near endless parts, equal to dozens of large warehouses’
(regular warehouses) worth, needed for your craft and refills every week. Dozens of people
would have to work days on end for most of the week to truly deplete what lies here to begin
with. It can automatically build any designs you put into it."
400,Hot Spring Inn,Manyuu Hikenchou,Realm,"Built on a natural hot spring, this lovely inn would be a welcome sight to
any weary traveler. With comfortable living accommodations, a soothing sauna, and a fully
stocked kitchen and dining room, this structure contains anything a wandering noble or traveling
merchant could ever ask for. Despite how extensive these facilities are, some strange power
allows them to be operated by a single innkeeper."
400,The Great Library,Tunic,Realm,"A long time ago there was a library that stood to the south of the peninsula. Over time
the base of the structure crumbled, though the top remained where it was, suspended
in the air. By purchasing this, you gain ownership of the floating library and the
materials it had within when the rest of the library collapsed.
While primarily used for the storage of books, there are a few spacious and
comfortable rooms for sleeping and hosting.
In future jumps this can be inserted and will have some method of access available
from ground level, or it can be added to your warehouse."
400,Coliseum,Ryse: Son of Rome,Realm,"The Coliseum was incredible in the game, and now you can take it with you. You receive the Roman Coliseum as shown in the game, able to shift into various landscapes and structures at will, allowing you to host different types of games beyond simple bloodshed. These landscapes can include trees, water, rocks, and even massive buildings.
This Coliseum is completely legal, with killing permitted as long as it occurs inside the arena. If you issue a challenge to someone, they will accept it, allowing you to kill or humiliate them without consequences—anything that happens in the arena stays in the arena."
500,All Places and All Times,Live A Live,Realm,"Your Warehouse now contains replicas of each chapter’s
main location, which you may access via a geometrically confusing elevator. There’s Ode Iou’s
castle, Success Town, the entire kingdom of Lucretia, and so on. They’re all devoid of life and
loot, and the terrain and sky that seem to surround them are just an illusion, but most of them
are pretty big, and you can repurpose them for pretty much anything. Once per Jump, you may
also move each of them to another location connected to your Warehouse or into the current
Jump, in which case they are disconnected from the elevator and the illusion surrounding them vanishes."
500,Vinland,Vinland Saga,Realm,"Not necessarily Vinland, but a massive expanse of rich land and nature
completely unexplored and untainted by war. You may decide if this land has people already
there or if it is uninhabited, though the people are not beholden to you. Either way, this land will
scale based on what jump you are in in the same way that the farm item scales. This expanse is
about the size of northeastern Canada, with flora, fauna, and climate being customizable to a degree."
500,Harvest Fortress,Samurai 7,Realm,"This is a replica of one of the Harvest Fortresses used by the
Nobuseri. It is a floating battle tower, and while it lacks the heavy weapons of the
Imperial Capital, it is a troop carrier and unlike the Capital available here it comes fully
manned. The exact numbers are unclear, but it has a dozen or so full sized nobuseri, along
with numerous smaller trash can mechs, robotic foot soldiers, and the scout units used by
the nobuseri. While normally the trash can mechs would be piloted by flesh and blood
humans, these have been fully mechanized. All of these mechanical warriors have had
their souls removed leaving them as nothing more than obedient machines - though this
does impact their combat abilities somewhat.
Lost soldiers will be replaced over time, taking a year to fully replace them if they are all wiped out."
600,Jumper-Emperor Realm,A Will Eternal,Realm,"You are the creator and owner of the starry sky. Well, a starry sky. This is your own personal
pocket dimension, with the potential to grow to be massive in size and filled with basic plant
and animal life. The exact appearance and layout of this realm is somewhat malleable and
up to you to decide. Do you wish for an endless desert, dotted with spiritual wells as
Oasis’s? A gigantic ocean with islands scattered about? It’s up to you. The size of this world
will grow with your own power. At Qi condensation, it wouldn’t be much larger than a small
hut. By the time you reach the level of Archaean it would be about equal to that of the Arch-
Emperor Realm. Contained within a five meter tall statue of Jumper is this land, with people
being able to enter by simply placing their hand on it and channelling spiritual energy.
Leaving is similarly as easy as channelling ones spiritual energy in a set pattern, akin to a
‘key’. Alternatively you could set a Gravekeeper, an artificial being born of the realms
spiritual power, as the guardian, who decides who may enter or leave the realm, other than
those you whitelist."
600,Supreme Emerald Spirit Garden,Against The Gods,Realm,"This is a garden worthy of being in legends, Jumper. A
vast expanse of earth richly covered with grass, located in either an attachment to your warehouse,
one of your other pocket dimensions or on a real world spot of your choice, this has exactly as
much space as needed for its purposes. Which are twofold.
Firstly, it has prime, finest-quality samples of every single herb, flower etc in existence. It doesn’t
matter how rare or valuable they are, you can find at least one of every one, and potentially many
more. Plants breed and spread at rates proportional to their rarity and rates of breeding in the
outside world. Something like the Emperor Awakening Heart Lotus, a plant normally found once in
centuries or millennia, takes a full year to bloom, and others take proportionately lesser time.
In future jumps the garden won’t acquire any plants that are absolutely unique, like Yggdrasil in
Norse Myth, but everything else is fair game, even divine or mythical plants of all types. And as for
those plants, you need to find a seed and sow them here, at which point they become as any other plants.
Additionally, this garden has the property of ‘adapting’ any plants seeded here to the local settings.
That is, a fruit that provides ki or magical energy in its original world would provide Profound
Energy in this one, and the equivalent in future settings. They retain the ability to provide any
previous ‘versions’ at your will."
600,Heavenly Azure Profound Jungle,Against The Gods,Realm,"Pills, pellets and crystals are a cornerstone of
cultivation. Even one or two powerful pills can redefine the fates of entire clans or sects, as it so
happens. Equally important, however, are Profound Beasts, or rather their bodies. There is the
blood, which is a great tool in cultivation, the flesh and bones, used for their own purposes, but the
most special are the Profound Cores found within these beasts that make life in so many parts of
these worlds so difficult.
You have something completely amazing, in that regard. This is a dense jungle, filled with all sorts of
dangerous profound beasts. As a matter of fact, it has one of every single species and race of
Profound Beasts in this setting, all ready and waiting for you. Because you see, while the blood,
flesh, bones, core and everything of these beasts is at the level they’re supposed to be, their actual
fighting abilities are dramatically lower. Three entire realms lower, as a matter of fact. That is, the
Emperor level monsters can only do damage on the level of a True Realm monster, and so on.
This doesn’t apply to beasts below the Sky Profound Realm, so the weakest any of them get is to
Elementary. Also, each Realm monsters are isolated in their own 'zone’ of the Jungle they practically
never leave, with the weakest ones on the outermost circle and so on. The numbers of the beasts
inside are proportional to how rare they are in the outside world, as is the rate of replenishment if
killed. Even the rarest beasts only take a few months, though, maybe a full year for the absolute
rarest of them.
In future worlds, the Jungle provides beasts from the local setting instead, although it remains
capable of providing previous versions."
600,Fighter's Holy Land,Baki The Grappler,Realm,"Looks like the Tokyo Dome arena had a copycat this whole time. You have ownership of a secret
underground arena, completely concealed from the public. If you’d like, this can even be hidden
underneath a monument of your choosing. Even without money being exchanged, fighters from all
around will come to your arena in search of glory. What’s more, it’s all but impossible for those with the intention of reveling your arena to the world to succeed in finding or entering it."
600,On The Other Side Of The Door,Baki The Grappler,Realm,"With so many beastly fighters running around, someone needs to take the liberty of caging up all the ones that rampage out of control. You are the owner of your own high-security prison. Maybe it’s equipped with all kinds of specially-made containment cells, maybe it’s actually a submarine at the bottom of the sea, or a decommissioned missile silo. Whatever form it takes, it’s equipment and staff is top of the line, ready to contain all but the most inhuman of prisoners. As you can’t take non-companions with you, a copy of your prison will be left behind in each jump you leave. Just to make sure that, if your chain reaches its conclusion in one way or another, your captives won’t be free to run rampant as soon as time resumes."
600,"New Arena, New Rules",Baki: Son Of Ogre,Realm,"Not satisfied with how the old man ran his operation, you decided to buy your
own fully staffed venue and start your own fighting circuit. You’ll never have to
worry about legal or financial trouble from this. The rules are up to you, will you
follow the Tokyo Dome’s rules or proper anything-goes death matches? You’ll
never be short on contestants or an audience to watch them."
600,Sanctuary,Saint Seiya: The Original Series,Realm,"You’ve acquired your own piece of Sanctuary, a
collection of Greek-style temples that act as the fortress for Athena and her Saints, personalized
for you and any companions you have. The building is strong enough to withstand an exchange
of blows between the Gold Saints, and will remain hidden from sight should you do wish it.
Post-jump, you may place the Sanctuary in a place outside of civilization of your choosing, or
make it into a Warehouse attachment."
600,Underwater Temple,Saint Seiya: The Original Series,Realm,"Located within an air pocket deep in the
bottom of the ocean is an Underwater Temple, styled almost identically to the one that Poseidon
and his seal rest within. It can withstand anything short of a planet-destroying attack and is
comfortable to live within as well - sea life will avoid or outright ignore the bubble of safety
around it. Post-jump, this may become a Warehouse attachment or set down in an oceanic
bubble of your choosing. Regardless, you may access it at any time simply by diving
somewhere into the ocean with the intent to go there - the currents will shift and you will reach
your destination in a short amount of time, regardless of distance."
600,Castle of the Dead,Saint Seiya: The Original Series,Realm,"This is a tall, stone castle that is in ruin and in
need of repair...though that is not what is special about it. In a hidden room, there is a trapdoor
with a deathly chill, and following it will take you to an isolated pocket of the Underworld, a land
full of the dead without a sun shining above. Despite this, the oppressive air almost feels
soothing to you and your companions, and there is a fully-completed and luxurious castle -
identical to the one on the surface - waiting for you below, with a repertoire of skeletal servants
and guards looking after it for you. While the rest of the Underworld beyond your castle is
inaccessible post-jump, you may set this property down in any isolated location, or use it as a
Warehouse attachment as per normal."
600,Sanctuary,Saint Seiya: Omega,Realm,"You now possess a replica of the Sanctuary, a stunning assembly of Greek-style
temples serving as the bastion for Athena and her devoted Saints. This
stronghold exhibits unparalleled resilience, capable of withstanding the chaos of
a thousand wars without faltering. Moreover, the Sanctuary retains its ability to
remain concealed, shrouded from the sight of those who may seek to uncover its
secrets, ensuring its continued secrecy and safeguarding its occupants."
600,Elemental Temples,Saint Seiya: Omega,Realm,"You possess a small orb, and now you choose one element: fire, water, earth,
lightning, wind, light, or darkness. This orb contains a temple dedicated to that
element. When you find a land rich in the cosmo of your temple's element, you
can smash the orb. In its place, a giant temple materializes, beginning to absorb
the cosmo of the surrounding land. Be warned, this process will ultimately lead to
the land's demise after a year of harvesting. However, in exchange, you gain the
pure elemental cosmo of your chosen element in storage. This cosmo can be
used to heal people from near-death experiences or enrich another land by
terraforming it with the chosen element's cosmo.
You can purchase this orb multiple times for each element. After a land is completely absorbed of the chosen element, a new orb will appear."
600,Floating Temple,Saint Seiya: Omega,Realm,"You now possess a remarkable spacecraft, akin to a floating temple, whose
origins remain shrouded in mystery. Adorned with a magnificent frontal facade
and a central pond, the grandeur of this vessel reflects the aesthetics of Roman
culture. Equipped with a force field that sustains a breathable atmosphere and
maintains gravity, it enables comfortable habitation and travel. Its remarkable
speed allows it to traverse vast distances, soaring from Earth to Saturn in mere
seconds, offering unparalleled mobility and exploration capabilities."
600,Holy Houses,Saint Seiya: Episode G,Realm,"An immense flying castle has appeared in the sky, a gigantic sanctuary akin to the ones used by all
the Titans themselves. Formed of a gigantic castle connected to eleven smaller houses, each of
which must be gone through in order before one can approach the castle itself. Covered in powerful
magical protections and filled to the brim with weapons of all different kinds, it’s a flying fortress like
no other. Sadly, it has none of the powerful artefacts that the original Titan Fortress held but it is
automatically run and maintained according to your own will, requiring no extra power to work. It is
also able to output a massive wave that drives all humans for many hundreds of miles around it to
become fight loving berserkers that tear each other apart."
600,Hidden Home,Demon Slayer,Realm,"Everyone needs a home to feel safe, even demons, and now you have your very own place here you can be left alone. This is your very own dimension, a small one to be sure, despite seeming to be endless, but your own dimension nonetheless. This can be designed in any way that you want, from a complex castle to simple but vast fields of grass, anything you decide at the beginning of every jump. This can be accessed by simply opening any door and can be left by wishing it, exiting from the same door you went in from or from the door of any property you own. Post-jump it will continue to grow bigger with every new world you visit, perhaps in a couple dozen jumps you may have your very own planet."
600,Haotian Sphere,Nine Sols,Realm,"Built during the Turbulent Era, supposedly as a peaceful
research satellite, the Haotian Sphere is a construction to rival New Kunlun itself. An
enormous, hollow sphere several kilometres across, equipped with powerful telescopes
capable of reaching across interstellar distances, and identifying even such details as the
presence and nature of life on other planets five hundred light years away. Its internal
structure has laboratories, quarters for researchers and all manner of other amenities,
suited for such a grand scientific endeavour."
600,Old Dojo,Tekken,Realm,"This Dojo is stacked with anything a fighter could want or need to train their skills.
You also find that any training you do here will be boosted to be much more effective. You could
Master a Fighting style and unlearn one in a year if you put the effort in. The Dojo can be easily
added to your Warehouse or into any Future Jumps."
600,Treasure Cave,Tekken,Realm,"You have access to a hidden Cave in which is a haunted Pirate Ship, loaded with
Gold. While you cant take any of the Gold this ship has one ability... to make you rich with training.
See... its haunted by copies of Fighters you have encountered in your Journey so far. In here you can
refight them. Any attack of sufficient damage dealt to the copy will result in Gold, as well as
defeating them. The stronger they are the more Money you get. This Cave can be attached to your
Warehouse and/or imported into new Jumps."
600,Brimstone & Fire,Tekken,Realm,"This active Volcano will be the Place for
the Final Showdown between Heihachi and Kazuya Mishima in Tekken 7. Now an identical copy can
be yours to possess and take with you in addition to your warehouse and inserted in any Jump.
However unlike the original Volcano this Stage has one extra added and potentially very powerful
effect. Symbolizing the end of the Battle between Father and Son and the Ultimate demise of one of
them after decades of hate, in this Volcano everything can die.

A sort of field is around the area that negates any and all immortality or immunity or backups
everyone inside has for coming back after death. Anything can die here and if it dies here will STAY dead.

Its going to be up to you to actually finish the job however in a Battle within the Volcano and keep in
mind your own immortality should you possess it will also be deactivated. Though who knows maybe
you can find a way to manipulate this field."
600,Dojo,Okami,Realm,"Within the walls of this small dojo, you can teach any martial art you understand well, even if
you are not yourself physically capable. Comes with an endless supply of training dummies."
600,Forest of Deception,Okami,Realm,"This forest, like Wep’keer, changes endlessly, and any living thing that spends too long inside
will find themselves wandering out at the same point they entered. All except for you. At the
centre of the forest is a small house that no-one can find without your invitation. The forest can
be imported into future jumps or left as a warehouse attachment."
600,Celestial Plain,Okami,Realm,"A floating island where the weather is always perfect and plants bloom all year round – sounds
like paradise, right? You now have an island the size of Kyushu to call your own, complete with
whatever landscape, animals, and buildings you see fit to place on it. It will follow you into future
jumps, whether as a warehouse attachment or placed in the world."
600,Oni Island,Okami,Realm,"Every self-respecting demon has a secret base and Oni Island is
yours. It has everything for a properly dramatic setting; the many-storeyed castle has pits of lava
as a moat and lightning storms coil eternally in the sky overhead. To cap it off, it moves its
location every sunset within a region you designate, so finding it becomes a trial for your enemies.
Post-Jump, it becomes a warehouse attachment, or can be placed anywhere in the world that
has room for it with no effects on the climate or the surrounding seas. And it won’t show up on satellites either."
600,Peaceful Settlement,Vinland Saga,Realm,"This small settlement is completely away from the misery of the
world at large. War will never find this small secluded place, nor will disease or famine. This
remote little piece of paradise could be described as heaven built on earth. This does not mean
the people there will grow weak, complacent, or naive, however. This effect can expand up to
1,000 square miles, and support several thousand people."
600,Machinist's Workshop,Samurai 7,Realm,"This isolated and unassuming building seems to be a
scrap or junk shop. Of course appearances are somewhat deceiving. This building is fully
equipped to serve as a mechanic’s garage as well as a swordsmith’s forge, possessing a
strangely schizotech mix of tools and machinery to help with both space age and
medieval constructions. In addition to tools and worksites, it possesses a steady supply of
junk and scrap to help you repair or build what you need, and in case you’re not the
engineering type yourself, there is an old mechanic here who is good at fixing up any
technology or weapons you bring him, at least as long as an ordinary (but well trained)
human could fix it, or if it was purchased directly from a jump doc. And when it was
called isolated and unassuming we meant that. People seem to pass by it without noticing
it, or just to ignore it. This effect won’t stand up to a well maintained or disciplined
search of the area, but people are less likely to bother you here, and they’ll take longer to
check it than normal in such a rigorous search."
600,Capital,Samurai 7,Realm,"This is a large flying battleship which has been repurposed as an
imperial palace. Yours doesn’t come with courtiers, or a crew, though it does seem to be
largely automated so it doesn’t require that large of a crew, but you’ll have to find a way
to man it yourself. Still it possesses richly appointed living spaces, imperial throne
chambers, and of course weaponry. While it does not have a great number of guns, those
it does fire energy blasts large enough to mostly cover the body of a larger nobuseri -
easily several meters wide - with a forward main cannon capable of firing a beam which
can blast through an entire swarm of such mechs, a beam which at close range and full
power has a diameter measured in the tens - possibly more than a hundred - meters
though from extreme range such as the very edge of the horizon as a flying palace would
be seen from a mountain top it can be reduced to merely larger than a man is tall. This
beam is also slow enough that people could observe it wiping out enemies on its way
towards them, seeming to be closer to an arrow - or thrown spear - in speed than to a
bullet or much less a laser. It’s big and powerful enough that that shouldn’t usually
matter, but beware some samurai can parry energy beams."
600,Firefly House,Samurai 7,Realm,"Well maybe it’s not the Firefly House, but it is a similar
establishment. This is an inn in the traditional Japanese style. There is a common room
where entertainment and dining are available, as well as more private dining chambers,
and of course rooms for people to stay at. The inn is fully staffed by several fine and
respectable serving girls, who also help to entertain guests. A capable manager is
included to oversee the staff and inn in case you don’t want to run it yourself.

Though there is something a touch special about this place. It is a place where people let
loose, sing and dance, and forget the cares of the world. Those who come here without
ulterior motives will find themselves relaxing and enjoying themselves more easily than
they normally would. Beyond that once inside social class doesn’t matter, or at least it
matters a lot less than it normally would as people find themselves all equal in the act of
seeking freedom from worry... at least as long as they have the cash to afford it."
600,Jumper's Castle,Soul Calibur,Realm,"A warrior will always be in need of a home but there is nothing stopping you from
having a home fit for a king. Located near your starting location or found within your
warehouse, this castle of yours is truly an imposing sight.
The castle is staffed with over a hundred people, enough to ensure that the castle
remains prim and proper at all times. Of course, the castle itself is defended by a hundred
well-trained soldiers. You need not fear betrayal from any of these men. They will serve you
until their dying breath.
And yet, that is not the castle’s most powerful trait. So long as you stand within the
castle’s walls, your abilities and physical traits are tripled. The castle’s greatest defense is
you. Let no one stop you in your own home.
In future worlds, the castle can remain in your warehouse or dropped off in a location of your choosing."
600,Jumper's Ninja Village,Soul Calibur,Realm,"This is a simple village of around a thousand people, either near your starting location
or in your Warehouse. Much like the rest of this world, there is more to this village than meets the eye.
Most of the people who call this place their home are little more than civilians,
farmers, blacksmiths, and the like. However, a small fraction of them, around a hundred or
so, are secretly shinobi. Some of them utilize techniques from the Manji Clan, others from
the Fu-Ma Clan and there are a few utilizing techniques neither clan has shown. Each and
every single of one these souls who call this place their home is loyal to you until their dying breath.
If you move on to other worlds, you may drop off your village in a location of your
choice or keep it in your Warehouse."
600,The Prison,Furi,Realm,"A multi-tiered prison, consisting of separate ‘floors’, floating islands that
hover above the planet. The deepest level of the prison is the floor furthest from the planet’s
surface, and in order to escape, the prisoner must fight their way through each floor and defeat
the guardians living there. Powers that would allow them to depart by any other means are
sealed away while they are within the prison. The number of floors is equal to the number of
Jumps you have been on, with new floors being added upon the completion of a new Jump.
Each floor is protected by a perfect replica of a single memorable opponent or individual from
the Jump their floor is based on. These guardians may not leave their floors, and will respawn
24 hours after their deaths. The guardians will never work to free whatever prisoners you place
inside, regardless of what their original personalities would be like. You may make the guardian
of the final floor a copy of yourself if you want to."
600,Sand Castle,Katanagatari,Realm,"An old, grand castle of your own. Passed down from a distant relative who had no other heirs, the
huge Japanese castle comes with a minor noble title. That’s not terribly important, especially in light
of what the castle can do. It has two main functions. The first is to spread a terrain of your choice for
dozens of kilometres in every direction. If you wish it to turn the surrounding state into lifeless
desert, it can do that as easily as turning it into lush jungle. An entire kilometre will be changed with
each week, up to around a hundred kilometres away from the castle at the centre at max. The Castle
also draws strong challengers to it if you wish, enticing or sometimes even creating powerful
warriors that challenge, test and expand your own skills in their attempt to take the castle from you."
600,Dojo,Blue Eye Samurai,Realm,"Your very own martial arts dojo in a region of Japan of your choice, anything from a small family
one barely able to handle a few students to something as obnoxiously large as the Shindo dojo,
and as humble or as ostentatious as you wish. It can be empty, or full of students and teachers
of varying levels of skill in any teachable styles of your choice that you know, with you as the
Dojo’s grandmaster.
If it has students and teachers, they are drawn from the local population, which could grant you
considerable influence if it’s a large and prestigious dojo. Their skill level depends on their
potential and your teaching skills, although you may set this lower. The dojo’s reputation,
income, and quality of students it attracts vary depending on this.
At the start of each Jump you can have it be a Warehouse attachment empty of students and
teachers (unless you are traveling around with a large-enough population), or you can set it on
the world or attached to a property you own. The size, ostentatiousness, theme, which style(s) it
teaches and so on can be changed at this time as well.
If the dojo was in the world, you may leave behind a mundane copy of it when you leave."
600,Tanabe Castle,Blue Eye Samurai,Realm,"A feudal fortress of your own on a location of your choice, built like a gilded prison like the one on Tanabe Island or as a more conventional fortress. It’s filled to the brim with traps that make you question how they’re possible with the available technology, including a rudimentary surveillance system based on mirrors and lenses, and can contain more exotic traps if you so desire like monkeys trained to pretend to be cute and harmless right before drugging the victim and beating them to death.
If you have The Thousand Claws, it’s automatically guarded by it, alongside all the regular
staffing to keep it operational and keep everyone fed, if you have The Four Fangs, you’ll have
the best bodyguard money can buy added to your protection, if you have Every Stop A
Surprise And A Delight, you can have such luxuries delivered to the fortress whenever you desire.
The fortress keeps any upgrades and changes you want, in future Jumps, it can change its
aesthetics and base tech level to match the local setting."
600,Ancient Arcology,Conan,Realm,"This is a city similar to Xuchotl. The entire ‘city’ is a great palace of several stories, with an area to equal that of a city. Glowing stones known as ‘fire-jewels’ light much of the city, though other portions are left in shadow and darkness, though the outer and upper levels possess windows of sorts and skylights which are made of some transparent, but durable material which could keep out a determined man trying to break it, should one manage to climb up onto the slanted and hard to climb rooftops. And unlike Xuchotl the bolts on the city’s gates haven’t rusted from long lack of attention so the giant city-palace should prove rather fortifiable if you possessed a source of food. It does seem to have its own internal wells and water sources. Also unlike Xuchotl it does not possess the secret lore and relics of ancient sorcerers buried beneath it. In future jumps it will insert into the world at an appropriate location."
600,One's Homeland,Duel Monsters - The Abyss,Realm,"There are many places in this world. And as such, you may want tto take one with you, especially one you've grown up within. Now, when you finish this Jump, you can take a copy of the entirety of the Location you have started in with you. It becomes a part of your warehouse, in whatever its current state is and with any of the inhabitants that you would wish to take along.
Additionally, due to the nested nature of them, if you choose at the Swordsoul Sacred Summit or the Icejade Cenote Enion Cradle, you receive both. It would be odd to receive a Mountain without its core or vice versa, after all. If you wish, you can also import your land into any future Jump at will.
Can be Purchased Multiple Times"
600,A Walled City,Sword & Sorcery,Realm,"There are countless great cities in this land, teeming with the fruits and fires of civilization in equal
measure. It seems that either through birth or conquest you have found yourself the rightful King
of one of these bastions of mankind. This city-state is constructed around your central fortified
and walled palace, with the rest of the city sprawling from there and contained within its own
large and mighty walls. Outside of the walls the lands around it are rich, fertile, and teeming with
people who work fields and rear livestock to provide the city with its food and drink. Here you rule
and are regarded as the rightful king, with the cities culture and organization a perfect match to
your preferences. Your guards and soldiers easily number five thousand strong at any one time, a
mighty and fearsome fighting force even if it alone wouldn’t be enough to match the might of
ancient empires. If purchased with A Mighty Keep then your central palace has all the same
qualities as the Keep, barring its ability to change its location. It shall follow you forwards into
other worlds as your journey continues. Whether you rule well or poorly is on your shoulders, but
you are indeed a King."
600,Open Sesame,Sword & Sorcery,Realm,"There are few safe havens for thieves and scoundrels. The civilized peoples are ever quick to meet
them with knives, ropes, and imprisonment. All the better that you have no such concern. You
have a magic phrase or incantation that when spoken while touching any large enough face of
stone will cause it to shift and open into a massive and sprawling hidden grotto. Within is an
incredible collection of riches and replenishing supplies of quality food and drink, such that you
could lounge in luxury at your leisure. More importantly no matter where you open the entrance
it shall always lead to the same grotto, and you may even share the magical phrase to others who
will be able to do the same so long as you permit them. The entrance closes behind someone as
they enter, and when a person leaves, they shall find themselves returned to where they left.
While it wouldn’t match the size of even the smallest normal kingdoms you could grant thieves
from a hundred lands refuge and an oasis for scoundrels to enjoy the fruits of their labors."
600,Jumper's Isle,Elric Saga,Realm,"Imrryr the Beautiful, the Dreaming City resting on the coast of the Dragon Isle,
once the center of an empire whose rulers could call themselves the emperor of the entire world.
Tall towers and imposing spires stretch to the heavens, shining a thousand different colors and
encapsulating perfectly the immense and decadent artistry of the city as a whole. Every pleasure
and every vice is indulged in by the inhuman nobles of the city, whose wealth and magical power
remains beyond measure even while their empire is ready to fade into the annals of history forever.
Imrryr is one of a kind, with even Pan-Tang’s imitation of Melnibonéan greatness paling in
comparison. You can easily declare yourself an emperor or any other distinguished title if you wish
it, knowing that you now own a city as great as that one, built on an island the size of the Dragon
Isle. Both are recognized as your sovereign territory by its denizens, among them a thousand
servants and artisans and laborers, defended valiantly by an army of dutiful soldiers equal to the
contingent stationed in Imrryr. Any other aspect is entirely up to your own preferences, from the
architecture to the city to the luxuries that can be found there, and the exact composition of the
inhabitants is likewise up to you. One massive fortress staffed entirely by experienced knights is an
entirely valid option, as is a city that doubles as an academy for mighty sorcerers. And if you want to
claim a heritage as great as that of Melniboné, this city could very well have been the capital of a
once world-spanning empire too. In future jumps, the isle will appear wherever you'd like."
600,Body Chambers,Elric Saga,Realm,"A large building of your preferred appearance, by default looking like a
strange metal construction whose round shapes almost make it seem like the body of a living being.
Its interior is similarly up to you, but one feature that will always be a present is a room with a pool
containing some strange substance. While in this room you possess complete knowledge of
everything going on inside and near the building, immediately alerted to the presence of intruders
and also being able to respond to them, because with a thought you can rearrange the rooms and
hallways of the place to turn the entire thing into one hellish maze. You are also not alone in your
defense of this building, strange amorphous creatures emerging from walls, floors, and ceilings to
meet any attackers and stop them in their tracks. But should your enemy be outside, you can take
more drastic measures by immersing yourself inside of the pool, causing the entire construction to
twist into the form of a creature which can be commanded as if it’s your own body, crushing
anything in its way with its immense size. Anything inside of the building will remain intact during
this, and any damage inflicted to this building will repair itself over the course of a month."
600,Jumper's Realm,Elric Saga,Realm,"It sways before you in an infinite array of colors, writhing and pulsating
abnormally in a way that could both enchant a mortal and drive them insane from the sight of it. It is
the very stuff of Chaos, raw and unformed, the same chaotic proto-matter from which all of the earth
that humanity inhabits was once molded. Claimed for yourself by chance or maybe stolen from a
less worthy being, it is the building blocks of something that could belong to you alone. Not merely in
the sense that humans commonly imply, but on an existential level. This personal aberration takes
the form of a space outside but existing closely next to the dimension that humans inhabit,
technically unformed but existent enough that you can travel to and from it at will. By focusing your
mind, you’ll be able to give definite shape to the constantly fluctuating Chaos-stuff and create a
landscape of your choosing; anything from a peaceful meadow to the slope of an active volcano or
the bottom of an ocean. Regardless of its actual appearance, the dimension is only around the size
of a small city, and going too far in one direction will result in simply looping back to the other side,
but you maintain your control even after the terrain has taken shape, meaning that you could
alternate between the given examples or its original state in an instant. With further focus,
constructs can be formed from the natural terrain, such as a fortress made of ice, but any truly
sophisticated structures would have to be produced by hand. The creation of life is unfortunately
beyond your power, but you can transport any willing to go with you to and from the dimension, and
even intruders unwilling to leave can be instantly banished if they do not possess more power than you do."
600,Mansion,Primal,Realm,"This is a fine, 19th century British mansion or manor house. It has
multiple floors, many rooms, and is well decorated. It will insert into future jumps at a
fitting location and you possess legal ownership of it with all taxes and fees associated
with that ownership already paid; of course many places will care little about laws but
where they rule it will be recognized. The mansion will repair itself if damaged, and the
furnishing will always be of the finest and highest quality befitting landed nobility of the
British empire complete with libraries, interior gardens, and more."
600,Village,Primal,Realm,"This is a simple human village. The technological level is low, similar to any of the other smaller villages you’d find in this world. You can design the culture and society for yourself, and there will be about a hundred inhabitants of the village. You’re recognized as the village’s leader or chieftain. If the population is reduced below its starting level individuals will be replaced between jumps. In future jumps you may choose to have the village insert into the jump at an appropriate location, or you may choose to have it exist as a warehouse add-on in a pocket dimension including enough lands to support the original village in relative ease and comfort with its original development level. You may choose a tribe of ape-men or even neanderthals instead of true humans. If you have the upgraded version of the Witch perk you may even choose to have a whole village of witches where they each have the benefits of the Witch perk’s base level."
600,Lord's Property,For Honor,Realm,"You gain a sizable fortress, complete with a decently sized garrison of troops with their own equipment and a small hamlet in close proximity to it. The troops will not be able to leave the premises of the fort, going only as far as a couple of miles from the hamlet around it, but they can be trained and rearmed with whatever you see fit. As the rightful lord, you are entitled to the taxes from the peasants living below. The keep retains modifications, allowing you to modernize it as you see fit later. The keep also restores itself about a week after being destroyed, should it come to that, but anything stolen that was stored inside is gone.
Additionaly, you may freely pick from any of the benefits available.
●  You are entitled to higher taxes than usual.
●  Your troops more somewhat more numerous and better trained.
● The hamlet is more sizable and even the populace are strong and hardy warriors."
600,Hyperbowling Lion Chamber,Kill 6 Billion Demons,Realm,"...How did they typo a mis—? Anyway. This chamber is a completely separate pocket dimension. While in it,
any occupant has no need for food, water, or sleep. This space can only be exclusively used for
training and will actively reject any other use. Any training performed while inside is a hundred times
more effective and all wounds are miraculously healed at the end of any bout or session. As a side
effect, it's far easier to be enlightened while inside."
600,A Shard of the Void,Kill 6 Billion Demons,Realm,"The Void is endless, eternal, and ready to become something. You gain an untouched section of the
Void to make it whatever you will. Simply stand at its edge and then speak your story. That story will
burn a line through it. Once it reaches the end (i.e., the conclusion of your story), that line will be a
spoke as part of the Wheel. The universe will become the story that you told. This won’t kill you like
the gods of Multiplicity. In future Jumps, it will be an alternate dimension that you can access through
your Warehouse or Personal Reality."
600,Fort of the Unbroken Sun Guild,Kill 6 Billion Demons,Realm,"The previous option that provides a guild that provides a service that is satisfactory but not necessarily luxury or high class. At least not on the multiversal scale. On the other hand, this guild has the most affluent beings on the multiverse scrambling on their doorstep. The Fort of the Unbroken Sun Guild consists of some the greatest craftsmen in all of the Wheel. While they can make all kinds of things if you ask, they primarily specialize in defensive structures meant to house one’s wealth.

They can create giant death traps such as labyrinths of constantly shifting rooms, dimensionally phasing corridors that move through both space and time, mind-breaking puzzles that can cause the greatest minds of the universe to go mad from the memetic hazards, things of that nature. Even then, their work is never done. They’re always expanding on your treasure fortress to add additional layers and new inventive forms of dissuasion for invaders. Naturally, they have both class and honor. They could seal it entirely so that nobody but you and those you allow to get through, but their own pride would never allow it. There’s always add some way that an intruder could pass through and the guild is on constant watch to observe and research how they do it so that they can counter it.

If you’re wondering how you can get through... well, the trick is that you don’t have to. When you enter your fortress, you can at will go to whatever room you wish to. You can permit or bar anyone from going anywhere as you please. On the profit side of things, this guild has an annual revenue of 10 trillion US dollars a year. They are highly in demand."
600,Food Shop,Kung Fu Panda,Realm,"A fully stocked local business placed in your
starting localization. Also comes in a wheeled mobile version. The store tends to
magically repair itself and can once a month restock for free (although you would
probably still need local vendors between restocking, especially if you do really well). In
further jumps this location can be placed in a new jump, in a manner that fits local
standards and equipment if you wish. A wheeled mobile version may become a food
truck, and so on. Although will always have a Chinese aesthetic to it."
600,Training Hall,Kung Fu Panda,Realm,"A training area/dojo fully made to test and hone one's skills. Full of areas to fight in and even a fully automated obstacle course full of moving dangers and obstacles. Along with other training areas with dummies, areas for bow and ranged weapon training, and even sleeping quarters and servants to clean and keep the place. Don't let mad inventors inside however, or you might find yourself fighting your own Training Hall. Starts off connected to your warehouse but can be placed once per jump in any starting area. Will change to fit local levels of standards and technology if you wish it to, although will always have a Chinese aesthetic to it"
600,In The Realm Of Demons,Triune Scriptures,Realm,"In the space between the worlds that the Golden Goddess have created lie small stains on Existence,
miniscule blobs of Nothingness that have formed their own worlds - a Demon Realm. Everything a
Demon could ever want can be found here - raw power in the form of the world itself, a thousand things
to break, and more than a few Demonic Cultivators who would be happy to share whatever style they
practice. Best of all? Merely being here is a massive boon to those Demonic arts, and heavily blunts
the use of Saint arts. A home field advantage is not something to be underestimated. Sadly, this
Demon Realm is relatively small “only” the size of a continent that might be found on a Bronze World. It
can grow as you drain the Existence out of it, but for now it is small. And... as I said, within its heart
can be found a small portion of Nothingness. If you were brave and foolish, you might attempt to fish a
Primordial Demon out of it."
600,Sanctuary,Good Hunting,Realm,"A village hidden from the rest of the world where creatures like you can find Sanctuary,
where magic still lives and breathes strong. You can decide the requirements for entering it,
perhaps by stepping through a newly created puddle in a certain region when it is first
touched by the sun, but it needs to be something even a normal person could do. If a
magical creature leaves this place they won’t lose their abilities instantly, though they will
start to weaken (if the rest of the world is bereft of magic that is). Worlds where magic is very
prevalent will instead heal magical-creatures and make them temporarily stronger while they
reside in this village. As the owner you can enter or exit this world by simply concentrating
for a few seconds, and can bring anyone you are touching with you as well."
600,City of Wonders,Good Hunting,Realm,"A sprawling, technological and cultural metropolis that neatly cuts out its own slice out of the
region it is inserted into. You are its leader, free from the influences of any country, and the
broad strokes of the cultural and societal aspects are up to you to decide, though it will adapt
to whatever world and time-period the jump takes place in. Great people ahead in their field,
especially scientists and engineers, will often be drawn to this place, meaning technology
here will be exciting and always changing, and trade flourishes even without your influence"
600,Singularity,Kajiri Kamui Kagura,Realm,"The Throne is normally houses in a tear in reality called the Singularity. This is an
extradimensional space connected to but wholly separate from the rest of the multiverse. From
here a Hadou God’s Law might paint all of reality while they sit upon the Throne. It is a handy
space as it is infinite and not beholden to the Law of a God. Here, multiple Hadou Gods might
talk or fight and no matter how larged the conflict or abilities being used, the Singularity will
always be safe from destruction and no level of collateral damage can escape into the rest of
reality. Have your God brawls here please. If you purchased the Throne it can be placed in the
Singularity. This will only be connected to the local multiverse of your current reality in a Jump
until post spark, where it can then be wired up to all of reality. Have fun."
600,Clan Castle,Manyuu Hikenchou,Realm,"A powerful family needs a fortress to rule from. This impressive estate
features durable battlements, a sturdy outer wall, and accommodations befitting one of the most
noble clans in Japan. Staffed by loyal servants and soldiers, this strongpoint would make the
perfect center of your fiefdom. Also included in this purchase is a sizable amount of land
surrounding your estate. You may choose whether this land is an undeveloped nature preserve
or an agricultural community to support your castle each time you import this property."
600,Factory,Manyuu Hikenchou,Realm,"You seem especially industrious! Your commercial success has made you the
proud owner of the first factory in Japan. While this facility may seem modest, its production
capabilities in what is essentially a preindustrial country give you a huge advantage over your
competitors. Upon purchasing this item, you may decide what goods your factory produces,
from simple textiles to advanced machinery or anything in between. You receive all the
necessary equipment and space for the production of this good, as well as a skilled staff of loyal
followers to operate your factory. You’ll still need to source raw materials and manage the
shipping of your products, but your manufacturing methods will be decades if not centuries
ahead of your business rivals.

You may change the product your factory manufactures at the start of each jump,
and will receive the necessary staff and equipment to produce this product. The factory can
retain changes made during a Jump, but can also be reverted to lower technology levels should
you want to incorporate it into a historical or fantasy setting. This item does not include the raw
materials needed for your chosen product or the means to transport the finished goods to your
markets. You will need to use your business sense (or other perks and items) to solve these problems."
600,Secret Village,Manyuu Hikenchou,Realm,"In a nation steeped in civil strife, it’s nice to have a place protected from
conflict. Like the Munamori Clan, you are now the proud owner of a secluded village, hidden
from its neighbors by local geography. Whether this settlement is masked by a natural valley, an
uncrossable desert, or a thick forest, the fertile farmland and pristine landscape make this the
perfect place to build a community. Upon purchasing this item, you may also decide whether to
receive a group of followers to populate your village. Should you import the village into future
worlds, you may decide whether to retain any changes made between jumps or to keep the
village peaceful and agrarian. Regardless of your choice, the village will always be difficult to
find by those you wish to keep it hidden from, and will always offer some degree of protection
from any parties looking to find you."
600,Chop Shop,Real Steel,Realm,"An operating theater full of all sorts of surgery tools as well as a large number of
different drugs. The main feature of this place is a gene-editing pod that can quickly
and deeply change any being placed in it with introduced blueprints."
600,Mechanical Workshop,Real Steel,Realm,"A warehouse that is the best local robot building facility and mass production factory
in one. Any bot that has been crafted here once can be produced material-free here
at a speed of one a day."
600,Personal Domain,Tunic,Realm,"The depths of the Frog’s Domain are a complex cave structure that provides both
shelter and protection. A great number of alternate passages help its denizens evade
an invading force, but can also make it harder to find a single crafty invader. Many
passages and rooms are accessible only to someone with access to a grappling hook,
the Frogs can manage without by using their tongues.
A similar cavern is yours. Your domain possesses a similar array of passages for
maneuvering, along with a few passages that make use of any of your somewhat unique
movement abilities. In future jumps you are able to import this location as appropriate
or add it to your warehouse."
600,Kingdom,Arawn,Realm,"Pick England, Scotland, Wales, or Ireland. You are now the ruler of that kingdom,
numbering around 2 million subjects. Whether this is because you’re the hereditary monarch or because
you killed the last ruler and took over is irrelevant. It’s all yours, and you have no political opponents
vying for the throne from within. There is remarkably little courtly intrigue or scheming going on
within your land. All of that simpering, honey-tongued cowardice is beneath the MANLY
WARRIOR-KING you surely are. In fact, the kingdom practically runs itself, with you on top. It will
fall into disrepair if you sit around in a depressive stupor and do nothing, though, and your vassals will
start getting ideas. Your reign is absolute. Unlike real life, all of these kingdoms are roughly evenly
matched, so taking England doesn’t net you an advantage over the others. You possess a large,
well-fortified castle keep and an army of over ten thousand soldiers. Soon, you may have to fight one of
the brothers over the throne. After this jump, this kingdom will exist as a warehouse attachment."
600,Sacred Land,Ryse: Son of Rome,Realm,"You gain a massive cave hidden in the wilderness, large enough to house an entire army. It also provides the added benefit of doubling the strength of rituals performed within it. The interior temperature can be controlled through your willpower, and the cave includes an indoor waterfall and river."
600,Roman Palace,Ryse: Son of Rome,Realm,"You gain a copy of the Roman Palace that Emperor Nero lives in. Beyond its peak luxury, it contains a secret chamber hidden behind the throne that is indestructible and completely undetectable. Even if the palace is razed to the ground, anyone searching will assume you died. This palace comes with the ""Roman Bathhouse"" item included and is filled with paintings and statues of you and your companions"