CP Cost,Name,Jumpdoc,Chapter,Description
Free,Meat Grinder,Katana Zero,Enhancement,"Can’t send you into this violent place without some way to defend yourself. So here; you’re now strong enough to just about kill any normal person with a single swing, whether that be with a crowbar or your own fists. You aren’t shrugging off bullets with this, though."
Free,Do You Think That It's So Strange?,Baki The Grappler,Enhancement,"All fighters wish for their brawls to be the stuff of legend, but unfortunately, the human body is so rife with limitations. At least, it’s supposed to be. All who make their way to the Tokyo Dome arena seem to share the same quality of being absurdly hard to kill.

You can ignore injuries that would leave most crumpled over in pain, power through those that should cripple for life, and potentially recover from those that really should kill you. The extent of this durability depends on your own constitution. This doesn’t make you invincible, it just raises the bar for how much damage your body can take before giving in, and lowers the bar for how much medical treatment you actually need to recover from an injury. Incidentally, this doesn’t stop you from developing scars. Wouldn’t want to rob a champion of his trophies, now would we?"
Free,If it Brings you to Death's Door,Baki: Son Of Ogre,Enhancement,"Like many fighters, you possess a body that stubbornly refuses to die. Damage that should cripple
you only bruises, damage that should kill you only cripple. Broken spine, severed hand, slit throat,
these things don’t kill you nearly as fast as they should, and as long as you have all the pieces,
any above-average surgeon can put you back together, good as new. Naturally, you can still be
killed by a truly excessive amount of violence."
Free,Fieldwork,Fog Hill of Five Elements,Enhancement,"You are a normal villager, not much different from the one you meet day to day, in different villages and just like them you have a worked out mentality about the effort you put into your work or the hard work you do, it is simple you have a mind that accepts and puts effort into the everyday day to day things, sure you will find it annoying to work as a villager and what is required, But that does not mean that you will procrastinate or that you will not give your all to the work after all things like going out to sow seeds, prepare the land and all that follows, if you do not work at something else it must be done with effort and care after all, it is what you and your family depend on to make a living."
Free,Evolution is Filled with Swords,Swords,Enhancement,"You have a physique that is significantly fitting for surviving a universe of swords, where each and every individual cell is armed to the teeth. Not only does this enhance your durability, but it gives you a rugged, striking appearance that elevates any scars into badges of honor and has any grime amplifying a wild allure."
Free,Iron Vow,Ironsworn,Enhancement,"The source of an Ironsworn’s power, their limitless growth. As an Ironsworn you may swear a sacred oath on a piece of iron, a weapon or piece of armor. To slay an enemy, avenge a wrong, see the world, a suitable quest. When you fulfill this vow, or even reach a major milestone you gain experience based on how difficult it was (troublesome, dangerous, formidable, extreme or epic, 1-5). Experience can be traded in for suitable rewards, either material, to rapidly learn new skills or to refine and improve upon existing capabilities, pretty much without limit. Should you forsake the vow, you must abandon the item on which it was sworn forever. Use your own judgment, but you won’t gain experience if the quest isn’t at least moderately inconvenient or dangerous, nor is every errand worthy of a sacred vow to complete."
Free,Healthy People,Kenshi,Enhancement,"So long as you don’t die, no matter how injured you get in this world, with the
application of medical care you’ll eventually get better. Your wounds heal faster, and with bandaging and
treatment, even the worst injuries are mostly healed after a couple of days of rest on a proper bed. This only
applies to parts of your body you still have though, so if you lose a leg you’d best look into getting a prosthetic."
Free,Body and Soul,Soul Calibur,Enhancement,"During your time here, you’ll surely notice that many of the warriors are far stronger
than they appear. Now you’ll have enough strength, durability, and speed to keep up with
most of them and with time and training, you’ll be able to keep up with the strongest among
the warriors of this land, even those who are closer to gods themselves."
Free,Nature Red in Fang and Spear,Primal,Enhancement,"Life was not easy in the past, nor is it easy in the world of Primal. Creature comforts are few and far between, and violence is common and intense. Whether you’ve grown up in this world, or appeared from nowhere, you’ll find that you have been hardened. You are accustomed to violence, and to the discomforts of life in a primitive world. This won’t completely inure you to the act of killing, it won’t even stop you from finding yourself hesitating to defend yourself against a child, but you’ve had enough hardening not to freeze up in panic when a dinosaur charges towards you, or to have experience killing in a battle before. Similarly roughing it cross country will not be pleasant, but living in a primitive village without climate control, comfortable chairs, or your social media and electronic devices will at least be tolerable."
Free,Everlasting Will,Legacy of Kain,Enhancement,"Putting it bluntly, this is a pretty bleak place to be even at the best of times and things have a habit of getting worse all the time. And while it is up to you to deal with the fallout however you see fit, this will help you bear some of the burden. Think of it as being better equipped to endure continuous setbacks, long term suffering and generally being better at enduring miserable conditions. More direct threats like mind control or possession however? That is on you to deal with."
50,Only I am Male,Baki: Son Of Ogre,Enhancement,"Your testosterone has reached inhuman levels, to the point that you have difficulty
perceiving anyone other than yourself as male. This removes your hesitation to fight any
opponent based on age or gender. To minimize the awkwardness, you’ve developed a
mental technique to make your eye’s reality match your brain’s. Can be toggled."
50,Face Danger,Ironsworn,Enhancement,"Some men lose their nerve in a fight, or act irrationally when set on fire, but such men do not live to become Ironsworn. Adrenaline doesn’t make you sloppy or skittery, it makes you sharp. You hit faster, run faster and longer. You’re generally ‘in the zone’ when facing dramatic and death-defying odds, able to meet them with your very best."
50,Intelligent Beast,Primal,Enhancement,"One must wonder how intelligent the beasts of this land are. They’re not tool makers like humans, or society builders, but Fang at least is no dumb creature. Still when you’re taking species and shapes with altered brains it can be problematic. You’ll find that you can retain humanlike intelligence even in forms that should have subhuman intelligence such as because they have brains too underdeveloped for it, or don’t even have brains at all."
100,Bottomless Stomach,A Will Eternal,Enhancement,"Your ancestry must have had many members from the Ovens in it. All that eating of spiritual
foods has had a strange effect. You never seem to get full no matter how much you eat. You
are no longer limited in how much you can eat in one sitting. On top of that, it never seems
to go to your waist. No more limiting your cultivation simply because you can’t eat anything more."
100,Heavenly God's Spiritual Veins,Against The Gods,Enhancement,"Discard the roll for Profound Entrances. With this perk, you have all of them open, meaning your cultivation is thrice as fast as the average person. This perk is free for those who take Supreme Saint of Medicine. You get equivalent effects in all future worlds where these things are relevant."
100,Rank and File Cybernetics,Asura's Wrath,Enhancement,"You have the basic cybernetic enhancements of the Demigod armies­ you do not age notably, and
your body is effortlessly easy to repair by swapping intact parts for broken ones. You can be killed, but your
tolerance for damage is much higher."
100,Are You Ready?,Grant Morrison's 18 Days,Enhancement,"Is a man ever ready to commit the atrocities the gods of war require? To, if the need arises,
murder those he once played with as a child? Yes. In your case. You are ready. You have to be.

You possess the will to do what must be done, the foresight to see what that is clearly and
without bias, and the strength of heart and arm to see you stand against whatever foe comes
your way. You will never shy from battle and cowardice holds no sway upon you."
100,Standard Memory Upgrade,Tales Of Demons and Gods,Enhancement,"Alchemy is not well understood. In this world, Alchemists are meant to memorize thousands of recipes and to be able to reproduce them. This is what distinguishes various alchemists of different caliber: how much they memorized. It is different from cutting edge chemistry from the modern world: “Propose the mechanism for Bimolecular Nucleophilic Substitutions” becomes “What happens if I put cabbages and sausages together?”

Now, you too can play their dumb game, your memory gets boosted enough to the point that memorizing any amount of formulas become trivial. It can be any type of formula, Cultivation formulas, Mathematical formulas, Alchemical formulas, anything, as long as it is a formula."
100,Night Eye,Sekiro Shadows Die Twice,Enhancement,"Training in this world is not as simple as repetition or ingraining habits. There are many forms of
training that have mystical means to them, often imparting supernatural effects to the
practitioner. One of these supernatural effects is the ninja’s Night Eye. Just by being in the dark,
you’ll be able to see up to 1 meter as if in bright light. You will also be able to distinguish
silhouettes in the dark beyond the 1-meter limit. Your eyes will glow when Night Eye is active.
As a bonus, this will increase your awareness of things that are hidden. Things like a disguised
ninja or a fake wall can appear obvious to you."
100,When The Light's Shining (Boosted),Baki The Grappler,Enhancement,"For an additional 100CP, you may extend this to any additional senses you lose in the future. If you lost all
your normal senses, who knows what might happen.

Requires ""When The Light's Shining"" to Purchase"
100,Like Angels In Heaven,Baki The Grappler,Enhancement,"Floating like a butterfly is one thing, but that likely wasn’t meant literally. You have a body built for
almost inconceivable levels of agility, allowing you to swing from trees like a monkey, balance on
a tightrope, stealthily dash around unobservant fighters, and jump nearly two meters into the air.
You can even adapt your martial arts for mid-air, making you almost appearing to levitate, and slow
your descent for several seconds. Few martial artists are prepared to deal with attacks from
directly above them, and with leg muscles like yours, each graceful kick hits like a sack of bricks."
100,A Truly Abnormal Specimen,Baki: Son Of Ogre,Enhancement,"For 100cp, this deformity provides a slight boost to actions related to that body part. Maybe a spine that helps with sword swings, back muscles to help with strikes, long legs to help with running.

Requires ""A Truly Abnormal Specimen (Aestethic)"" to Purchase"
100,A Truly Abnormal Specimen (Boosted),Baki: Son Of Ogre,Enhancement,"For 200cp, your whole stature is affected, whether it makes you abnormally tall, your arms abnormally thick, your shoulders abnormally wide, etc. With a matching boost to your overall strength.

Requires ""A Truly Abnormal Specimen"" to Purchase"
100,Animalistic Senses,Fog Hill of Five Elements,Enhancement,"Some theories suggest that demons were once animals or share a common ancestor with them. Regardless of the truth behind these claims, this connection manifests in the heightened acuity of your senses. All five of them will be drastically enhanced, far surpassing those of an ordinary human. You will be able to hear sounds from unimaginable distances, see with a clarity and range beyond human capability, and perceive details that others would never notice.

Additionally, this heightened perception extends to spiritual energy—you will be able to sense it, sometimes hear it, and even see it. While its usefulness in combat may be questionable, it will undoubtedly grant you an advantage in everyday life, allowing you to detect when energy is being used around you and when it is not."
100,From The Tides,Saint Seiya: The Original Series,Enhancement,"The servants of Poseidon are certainly not
landlubbers, and neither are you. You have fantastic swimming abilities and even possess the
ability to breathe underwater just as easily as you do on land, and you suffer no ill effects from
being in the water for too long."
100,Weather The Storm,Saint Seiya: The Original Series,Enhancement,"Through rain or storm, the warriors of the mighty
Sea God must be both vigilant and sturdy against both the elements and their own God’s wrath
upon nature. Outside of battle, your body is a little bit tougher and possesses more stamina for
the purposes of survival or withstanding the elements, letting you walk through a raging storm
as easily as you would a bright and sunny day."
100,Spartan Discipline,Saint Seiya: Omega,Enhancement,"As a devout follower of Mars, you adhere to the teachings and battle tactics of
the legendary Spartans. Embracing the grueling training regimen of these ancient
warriors, you have honed both your soul and body to the pinnacle of human
endurance. Through relentless discipline and unwavering dedication, you have
forged yourself into a formidable warrior, capable of withstanding the harshest of
trials and emerging victorious against all odds. Moreover, your extensive
knowledge of Spartan battle tactics and weaponry empowers you to excel in
combat, utilizing age-old strategies and techniques to outmaneuver and
overpower your adversaries with ruthless efficiency."
100,Enhance Senses,Saint Seiya: Omega,Enhancement,"Congratulations on gaining an enhanced sense, a common trait within the Pallas
army. Choose one of the five normal senses—hearing, touch, smell, taste, or
sight—and it will now be elevated to superhuman levels."
100,Acrobatics,Samurai Jack,Enhancement,"You can easily run across rooftops, vault over obstacles, and run though busy streets without stopping. While your acrobatic feats are impressive, they’re not superhuman."
100,A Keen Nose Indeed,Live A Live,Enhancement,"Your sense of smell is improved a whole lot. If something emits
any smell at all, you can tell which way it is, and you can differentiate between different smells
easily. This perk can be toggled on and off at will, mostly because you probably don't want the
full-smell experience in any pre-hygiene settings."
100,Stundent's Potential,Live A Live,Enhancement,"No one is born a master. Even you probably started out as a
novice. But you have something most people don’t have: Potential. With this perk, tutelage from
a competent master will always result in some kind of useful lesson for you, so you’ll never find
yourself completely unable to improve. Any teachers you trust will also gain an intuitive
understanding of how they should adjust their teaching style in order to play to your strengths."
100,Cybernetically Enhanced,Tekken,Enhancement,"Your new body is far more powerful than most humans. Thanks to
the new metal in you, gunfire will be at best an annoyance for you. You are durable enough to take a
missile from a tank with ease and could rip of its canon afterwards. Your fast enough to contend with
military helicopters. Your natural lifespan is also increased."
100,Amazonian Durability,Ranma 1/2,Providence,"You've been training so long that you've learned how to take a hit and keep going. When most people think “take a hit” they think punches and kicks. You tend to think more in terms of very large rocks, and the occasional automobile, because you're that tough. Being thrown through a few walls, trees, and the occasional stone fountain won't hurt you much."
100,Joujuu Senjin,Joujuu Senjin Mushibugyo,Enhancement,"This battle cry is more than it meets the eye. Using this “Constant Battlefield” will grant you
various boosts. Firstly, it will increase your focus and senses, letting you fight hordes of
enemies as if you were facing just one, with no power downsides. Secondly, it will temporally
double your overall power (strength, speed, reflexes, stamina, etc.) for the duration of the
battle, giving you an edge over whatever enemy you are facing. Lastly, it will let you ignore
any wounds or negative ailments you may have, making you able to fight at 100% of your ability."
100,Unshakeable Will,Joujuu Senjin Mushibugyo,Enhancement,"Defeat? Giving up? Retreat? Such stupid words are not in your dictionary. Well, they are, but
only when it applies to enemies. Your willpower is increased to astounding heights, making
you able to tank blows that would kill others and still get up and fight. To take killing trainings
in stride to increase your power. Or even small things like sticking to your routines. Only
Tsukishima Jinbei or his father could boast to be as gutsy as you are."
100,Fighting Spirit,Swords,Enhancement,"In a world where swords have been refined and advanced from prehistoric times, it isn’t usually the weakness of the blade which loses a fight but the weakness of the wielder. Luckily enough, you have the state of mind to fight even the greatest of monsters and eldritch abominations with nary a blink."
100,Footwork,Samurai of Hyuga,Enhancement,"Sometimes a Ronin will bite off more than they can chew. That doesn’t mean you have to bite
the dust though. Though a proper samurai would disagree, a running ronin is much better off
than a dead one. Thus you are very good at running and have one hell of a kick."
100,Strong Back,Samurai of Hyuga,Enhancement,"For those not born into wealth and unwilling to turn to crime, there is no other choice but to work
until your hands bleed and feet blister. This way of living has brought you neither great
prosperity nor fame, but it has taught you persistence and trained your body. Long days out in
the fields, gruelling and taxing as they may be, are something that you’re used to."
100,Capability,Ironsworn,Enhancement,"In Ironsworn there are five stats, rated only to three. By default you are assumed to be at least one - above average - in each, for an ordinary Ironsworn will swiftly become an ordinary corpse. For 50 cp, you may upgrade one to be exceptional, among the best there are. For 100 cp, you may be legendary, of superhuman capability in this one area. You gain two free upgrades you may use to bump two stats to exceptional, or one to legendary. These are:
- Edge: speed, precision and agility
- Heart: charisma, courage and willpower
- Iron: strength, resilience, and intimidation
- Shadow: cunning, stealth and deception
- Wits: intelligence, knowledge and resourcefulness"
100,Conditioned Body,Fights in Tight Spaces,Enhancement,"Your body has been conditioned to be able to take more punishment
in general. This is most obvious in your ability to block attacks better than most, and in addition,
if you plant yourself firmly, it becomes far harder for foes’ attacks to knock you around."
100,Pushback,Fights in Tight Spaces,Enhancement,"Your attacks hit harder than most. Not necessarily in terms of damage, but
rather in terms of pushing your foes around. Whether you are knocking them off edges,
smashing them into each other, bouncing them off solid objects, or just smacking them back to
give yourself some breathing room, most of your strikes can knock your foes reeling."
100,Combo Chain,Fights in Tight Spaces,Enhancement,"The longer you can stay on the attack, the stronger your blows will
become. With each blow that you land without stepping away, blocking, dodging, or otherwise
breaking off from your offensive, you will find that your following blows land just a bit harder,
almost like you have built up a charge of ‘combo energy’ of some kind. And, when you do finish
up your assault, you can pour all of that energy into one final, even more powerful blow."
100,Borrowed Power...,Sword of the Stranger,Enhancement,"...May not be as good as power you have yourself, but it’s better than nothing. When
you’re acting in the service of someone else, you’re better able to use their authority,
taking advantage of your position to get more than perhaps you ought."
100,The Wall,Hanachirasu,Enhancement,"There are many schools of fighting, even those that are utterly devoted to
technique above all. The one trained in is the complete opposite, much like the
guards of the Ichikawa Corporation, your pursuit started with the training of
your body. Seemingly based around the american training for special forces, you
underwent a hellish training – and obtained a body that is incomparable with the
average fighter here. Not to say that you are only slow muscle, as your speed,
vitality, and resilience increased to match your towering mass."
100,Decreased Needs,Kenshi,Enhancement,"Food and water is far from a guarantee in this harsh world, but with this you’ll find
you need less than normal. Your hunger and thirst is sated with 1⁄4 of the normal amount of food and water
you’d eat, and you can get by with sleeping two hours less every night."
100,Dedicated Training,Fist Of The North Star,Enhancement,"You know the secret to being strong and not only have you under gone
the training needed to become as powerful as the local masters of martial arts, but you can put other
people through this training. They may not know how to fight just because of this training, but in pure
physical ability they'll be incredible."
100,Natural Talent,Fist Of The North Star,Enhancement,"In both body and mind you are simply better than others. You learn quicker
and remember more while your physical training is more effective, showing improvements in less time
and making gains faster. It isn't much, perhaps just 1.1 times what your should have, but for someone
with drive even that small edge can be an overwhelming advantage in the long run."
100,Native,Fist Of The North Star,Enhancement,"You live in this damned world and do so surprisingly well. You can survive off a
fraction of the food and water a normal human being would need and can get a full night's sleep even if
you are sleeping on rocks out in the cold."
100,Tenryuu Kokuu Hou,Fist Of The North Star,Enhancement,"Ordinary men can only use 30% of their muscle's strength, but with
the Art of Dragon's Breathing you can unleash 100% of your body's power at will without little to no
strain. At will you can force yourself to use your maximum power, this is indicated by a glowing aura
and may cause any clothing on your upper body to be disintegrated by your surging muscles."
100,Indefatigable,Anima Beyond Fantasy,Enhancement,"Psionics has a cost of it’s own however. It is not so easy to call
upon as the flow of souls, or the strength of your body. A failed mental matrix will tire you... but
not for long. You recover from exhaustion quickly, recovering from the strain without any concern for it."
100,Willpower,Vinland Saga,Enhancement,"You now have an insane amount of resolve and willpower. Getting beaten
to a pulp would see you not strike back once and break your ideals if you’re a pacifist.
Additionally, this willpower vastly increases your pain tolerance, enough to shrug off having bits
of your body cut off with little issue."
100,Indefatigable Spirit,Samurai 7,Enhancement,"You’re hard to get down. You just seem to have a
wellspring of hope and self-confidence which doesn’t fade easily. This won’t prevent you
from correctly estimating your chances, but it will help you to avoid dwelling on past
failures, or allowing them to drag you down instead of using them to grow and move
ahead in life to something more and greater. You will find that you are more resistant to
feelings of envy, sadness, or dread. You can still feel such things, but their pangs, and
excess heights are reduced so that while you can feel it they are less able to rule you."
100,Perserverance is Our Birthright,Samurai 7,Enhancement,"The life of a peasant is a hard one. Long
hours of work, and living on millet gruel is not an easy combination. You need less food,
and water, to survive now, suffering less detrimental effects from malnutrition, or
exposure to the elements. You’re in general able to survive and thrive in worse conditions
than normal. This protection from exposure to the elements also extends to comfort; you
could wear, show, a crop top, and a skirt while kneeling in the snow to break the ice over
a frozen lake and not only be in no particular danger of hypothermia but actually be
mostly comfortable. It only extends so far, so try and avoid arctic conditions unless you
can layer a bit, though even then you’ll cope better than a normal human, but maybe wear a coat."
100,Searching for Redemption,Soul Calibur,Enhancement,"When you have a mission, your will is the stuff of legends. If you were seeking
redemption, you would have the will to keep on fighting for months on end with barely any
rest. You will keep on going until what you seek is within your hands."
100,White Giant,Soul Calibur,Enhancement,"Your stamina is absurd, ridiculously so. Much like the rumored White Giant within
the New World, you’ll be able to keep on going for hours, maybe even days at a time, no
matter the activity, be it fighting or other endeavors. Perhaps if you put your full effort into
it, you could even swim across entire oceans and still be ready to fight once you land back
ashore with minimal, if any, signs of exhaustion."
100,Tough as Nails,Darkstalkers,Enhancement,"You’re tough enough to keep coming no matter what you’re facing. This perk increases your overall
resistance to damage, allowing you to withstand action­movie stunts, falls and impacts. You can still be injured,
but a lot of it doesn’t slow you down.
As an added benefit, you have the option of upgrading your physique to a more heroic figure­ or not."
100,I'll Sleep When I'm Dead,Darkstalkers,Enhancement,"Dealing with monsters, friend or foe, is tough on most normal schedules. This perk ensures that you can
get by with just four hours of sleep per night (and a few cups of coffee maybe).
In addition, you can fall asleep without fail by counting backwards from ten, and wake instantly, fully
alert. You are only lazy when you choose to be­ your body never feels heavy and sluggish on waking."
100,Extra Heath,Furi,Enhancement,"Maybe you want to be a little more durable than you already are? For each
purchase of this perk, you can increase your current vitality by a third of what it was before this Jump.

Can be Purchased Multiple Times"
100,The Ancient Animal Part of The Brain,Furi,Enhancement,"When it’s for the people you love, your
intelligence and problem-solving skills receive a boost, allowing you to find a solution to
previously unsolvable problems. Of course, there’s a fine line between love and madness, and
some problems are impossible to solve without paying a terrible price."
100,Encase Yourself In Ice,Katanagatari,Enhancement,"You’ve found your goal in life, the thing you have to achieve no matter what it costs. Emotions and
bonds, those things are just going to get in the way now and you’ve learnt how to work past them. You can force yourself to go to any lengths and use anybody for your goals, dulling entirely the
feelings of guilt and regret that may prevent you from doing just those awful things until you find a
place you can safely deal with the regret on your own terms, if ever. You can even use this to lock
your feelings about someone to a single state, preventing you from ever coming to care more for
someone than you do at that moment."
100,Rule of Iron,Katanagatari,Enhancement,"Your childhood was a strict one, building up your skill from day after day of strenuous training and
living. You could not allow yourself luxuries or comforts, for fear of losing that razor edge you had so
carefully honed. Now that you are an adult, your long years of refraining have become a true talent
for resisting temptation. No matter how dearly you desire it or how much it tempts you, you can
quite easily ignore the appeal of things. You can still let yourself go to enjoy tempting things but it
will never be a struggle for you to refuse when you know you should not."
100,Juggernaut,Bloody Roar,Enhancement,"The human body's physical limitations are shattered by you upon breathing. For now, your physical limits are at the peak of human physique: You match the strongest, the fastest, the toughest, and the most dextrous humans alive. With effort, you can easily break their records, and far beyond even that."
100,Tools For Hands,Blue Eye Samurai,Enhancement,"You are very capable of making up for disabilities, for example if you were rendered blind by a fire, you’d
quickly develop your hearing and touch to make up for it, to the point it doesn’t hinder your craft any. If
you were to lose your hands, you’d quickly develop enough dexterity with prosthetics or even just tools
tied to your stumps that you could do nearly everything you could do before, and particularly any fine work."
100,Cut to The Chase,Cradle,Enhancement,"Squeamishness doesn't become a Soulsmith, they have to work
with the bloody organs of arcane monsters on a daily basis and turn them into something
beautiful on a budget and a time limit. There's no time to dawdle on things like puking your guts
out over the smell of sulphur and sweet rot coming off some Remnant. Your stomach is one of
iron, you will never feel discomfort from things like blood, bad smells, etc ever again."
100,Iron Body,Cradle,Enhancement,"While it's possible to advance to Iron without
obtaining a specific Iron Body, and even go beyond it without doing such, it puts you at a
significant disadvantage compared to the majority of other Sacred Artists, as you will be lacking
the benefits beyond a general strength and durability increase. By purchasing this, you may
create a custom Iron Body ability without having to suffer through whatever it takes to get said
body. Examples include: Extreme Regeneration and Poison Immunity, Scaling Strength that
grows with Advancement and time spent in combat, Perfect Kinesthetics allowing for Advanced
Acrobatics, Supremely Enhanced Reflexes such that you ""can step into a storm without a
raindrop touching you"", and more. You can pick any of these existing Iron Bodies or create your own."
100,Peak Performance,Mushoku Tensei,Enhancement,"The results of training your mind, body, skills and magic reached perfection which allowed your skills to be
ingrained into the very core of your being. This elevates your physical abilities to be roughly equal to an
Advance-Rank Warrior or Peak Human without Battle Aura and you can maintain this peak form without
further training and can only improve from there. Your mind has also improved, granting you an eidetic
memory with perfect recall and indexing and you can also process a lot more information faster and seal away
any undesirable memories. This also stops any of your physical, mental and magical energy and skills along
with any other aspect of yourself from degrading or atrophying due to lack of use or time."
100,Will of Steel,Thunderbolt Fantasy,Enhancement,"You possess a will of steel; the kind that would allow you to willingly
become the enemy of an entire nation if it meant doing what you believed is right. Your
ideals are ironclad, and no amount of pain, torture, or humiliation will make you hesitate
when it comes to enforcing your will on the world."
100,Twenty Sabers,Duel Monsters - Duel Terminal I,Enhancement,"To cast your comrades’ lives away like trash... that is unacceptable. A single warrior might seem undefeatable, but when we stand together, we truly are unbreakable. This is the ideal of the XX-Sabers: the two “X” standing proud at each other’s side. You may form a duo with one other person, which will heighten your teamwork to such a level others might assume you’ve become one of mind. But that is only the beginning. The more you fight together, the greater you will become together. If one were an untrained teenager and the other an accomplished warrior capable of breaking rocks with their bare hands, the younger one’s muscles would burn and swell such that by the time the battle was over, they would match their partner in strength. If one were a brute who can barely swing a sword straight and the other a true master of finesse, the brute would find their grip more accurate and their hands more precise such that by the time the battle was over, they would match their partner in skills. Even once the duo has reached equilibrium, they will continue to learn and train together, their abilities growing in tandem. Where one grows even mightier, the other will certainly find their strength rising. Where the other masters yet another weapon, the one will surely wield it just as well. With spirit and technique, your strength will rip the mountains. Flawless and firm, your swords will split the water. Your names will reach the imperial villa, and though you may yet fail to hold the heavens together, those who behold you will certainly think otherwise."
100,Giganoto: VENGEANCE,Duel Monsters - Duel Terminal I,Enhancement,"The Jurrac are family. Yes, they are wild, and lack many of the concepts the more “civilized” tribes take for granted as necessary for emotion and thought. But that does not mean they can’t grieve. The Jurrac do not forget their dead. They’ll move on without the grand displays of grief others so adore, but that does not mean they care not for their fallen brothers and sisters. These emotions... this grief, this rage, this hatred for that which took them will simply remain. The heart will simmer, and once the root cause of loss appears, it will ignite. You will simply be strengthened by loss. Every death inflicted by your enemies upon those you love or ally with will make you run faster, strike harder, take more pain without flinching. Even things such as the flames you can invoke as a Jurrac will strengthen, as will any other abilities you may hold. It might seem minor, at first. But much like the mark those lost left upon your heart, this strength will not disappear. Never forget them, Jumper."
100,Noble,Duel Monsters - Duel Terminal I,Enhancement,"The Worms are not content to simply be. Every little bit of stimulus received is recorded, and when the time of birth has come, the next generation shall learn to overcome that which previously stifled the Worms. But you are not some simple footsoldier, a mere part of the equation which ends in the eternal dominance of your kind over the cosmos. When you are hurt, your body will not simply accept such an affront. Behold, as in a matter of minutes, limbs grow back together. To close a deep gash or gaping hole would take only seconds. But you’ll find you shall not leave it be at something as simple as healing. Your DNA will understand that which harmed you, and will warp, so that when it heals again it shall be more resistant to what first wounded it. Perhaps even immune, should you face it a few more times. But mind that, barring any outside improvements you may have, this will likely come at some costs. Binding cells together more tightly in order to form a sort of armor could make the relevant parts more brittle, for example. Still, the body does not forget. Should the appropriate stimulus return, even if in a much weaker form, your body can recall the adaptations in one cycle. Of course, you may also force this regenesis to happen, allowing you to preemptively adapt to attacks you’ve faced before."
100,Hail to the King,Duel Monsters - Duel Terminal I,Enhancement,"As if you need any annoying study. All you need is the first step, and you’ll put all the lives you’re claiming to good use. Rather than research additional spells to make use of the life claiming formula that forms the basis of Fabled magic, you’ve developed an innate ability to convert life into pure physical power. This comes in two forms, one temporary, and one permanent. The temporary form could allow you to use a single (mundane) human sacrifice to add the physical abilities of ten men to yourself for a short time, while the permanent version could increase yours by the abilities of a single one forevermore. Of course, you don’t need to claim lives in full. A healthy regimen of self-harm could see you gaining small increases to your abilities, while dedicating the wounds you take in a fight to this magic could let you power up like a maniac for brief moments. Considering the power and quality of the sacrifice increases the effects it’ll have, that masochistic attitude might actually work rather well..."
100,Blooming Ritualist,Duel Monsters - Duel Terminal II,Enhancement,"Truly, your teachers must be blessed to have someone like you. Your ability to retain information, take a genuine interest in any intellectual task, as well as simply pay attention and properly understand what is being conveyed to you is incredible. Where a normal person might need a course lasting years to properly become a professional in a certain field, you could achieve it in months, assuming you were actually allowed to make use of your superior faculties."
100,Chorus of Heaven,Duel Monsters - Duel Terminal II,Enhancement,"The problem with communion is that it is all too easy to be lost amidst the sea of thought. Though your kind should be too competently designed to fall for this, it would not hurt to be safe. Your sense of self is strengthened, allowing you to more confidently seek out your own goals as well as resist the beguilings words or mind-bending powers of others. This sense of self also allows you to choose exactly what parts of your mind and ego interact with any hiveminds you might join, allowing you to keep secrets and preserve your identity even if such things would normally be washed away by the masses."
100,Dark Calling,Duel Monsters - The Heroes,Enhancement,"There’s a reason for all of this, isn’t there? A cause that brought you to darkness, whether one of justice or selfishness. This cause is engraved in your very heart, an eternal source of willpower and bravery against those who would try to stop you, allowing you to carry on when others would have simply accepted defeat and relegated themselves to a live of imprisonment. Should you truly and genuinely desire change, or this cause no longer mean anything to you, then the marks upon your heart shall disappear until you find a new reason to fight."
100,The Mighty Roadie,Brütal Legend,Enhancement,"It takes some strength and stamina to carry all of a band's gear wherever they need it. With this perk, you've got the stamina needed to haul heavy loads to their destination and not even be winded."
100,My Purpose,Kimetsu no Yaiba,Enhancement,"You're not just a demon, you're a demon who can hold themselves back - which,
in this world, is an amazingly rare thing. The willpower to resist even the most instinctual cravings takes
focus, of course; you have something, whether it be a bond with another individual, a personal ideal you
held before your transformation, or a deep essential innocence, that pushes you to overcome the seemingly
impossible obstacle of self-control required to live alongside humans as a demon without devouring them
on sight. For those without such cravings, well, a strong mind is still a useful thing to have..."
100,Heavy Attack,Jotun,Enhancement,"Your might is far beyond what could be expected of any human being. You can sever trees as thick as you are tall with a single swing (although you’ll need some wind up and both your hands to manage such a feat), and even your normal slashes are enough to send clusters of dwarves flying in pieces through the air. Using both your hands, you could even fell a giant in a single blow. However, such power is still weak in comparison to a jotun, and it will still take a great many blows to so much as sever a single limb, much less actually kill one."
100,To Truly Live,Sword & Sorcery,Enhancement,"Let others be wracked by existential dread and the petty self-doubt that plague lesser men. You
possess a heart that burns brighter and freer than any flame, yet not uncontrolled. Sights seem
clearer, scents richer, and flavors more vivid. It is like the mental and emotional fog that rests upon
the minds and hearts of others has been banished from you to leave the world open. You know
who you are and are unfettered in being true to yourself. This seemingly superhuman vibrancy will
be obvious to others whenever you allow it. No one can look upon you thus and not see that while
others exist, you truly live."
100,Born to be Mighty,Sword & Sorcery,Enhancement,"The simplest and most primal of all blessings that might elevate one above the common man.
Perhaps from a quirk of birth, a blessing from the gods, or merely the whim of fate you possess a
body overflowing with strength and vitality. Naturally hale, hearty, and strong you will find that
should you push yourself your might could dwarf even those who would claim to be your peers.
Let the thieves skulk in darkness and the peasants cower in fear of their own weakness. You stand
strong and proud."
100,The Will to Live,Sword & Sorcery,Enhancement,"The world will push you mercilessly like it has all others before you. Why would you let it force you
to kneel before it? You possess an incredible willpower, especially regarding enduring harsh
conditions and circumstances. Pain that would drive other warriors to their knees will just make
you fight harder for another precious day of life, and even the privations of blistering heat, bone
chilling cold, hunger, and thirst you can endure where other men would surrender. You are not
some dumb animal to die unheard and unsung. Death may take you one day, but it will have cause
to remember the struggle it took to claim you."
100,One of the Wise,Sword & Sorcery,Enhancement,"The warriors trade blood and sweat for the petty glory to be gained from the thrashing of beasts.
Let them sneer. You possess the most dangerous faculty man has ever known. That of the mind,
and insight. Your mind is innately suited to peering beyond the commonsense world of men into
the folds and crevices hidden within the world. With time and naught but the faculties of your
mind there is precious little that may escape your understanding. A philosopher, mathematician,
sorcerer, and a thousand more names they may whisper in hushed tones. They will fear you. For
you can see what they do not."
100,A Hardy Sort,Elric Saga,Enhancement,"You wouldn’t have lasted as long as you have in your line of work if you didn’t
have the basic requirements for it. Besides a good deal of experience with your weapon of choice,
you possess both a warrior’s constitution and mind, tiring less quickly than others and handling
extreme conditions much better than they would. While you couldn’t wander naked through a
desert or a blizzard without food and water, the sun doesn’t burn quite as hot on your skin and the
cold doesn’t bite quite as hard, and half as much food and water as an ordinary man would require
will do just fine for you. You’re also not immune to pain or torture, but never truly break and are
quite scary when it comes to bouncing back from the severe mental and bodily fatigue inflicted by it."
100,Mind of Ice,Elric Saga,Enhancement,"Focus is integral when weaving a spell, and the disturbance of once’s train of
thought when attempting to call upon mystical power will ensure that the entire construction of the
mental runes will collapse in an instant. Sometimes this will mean little, but in other situations
suddenly losing your grip on condensed magical energy could have disastrous results. You won’t
have to fear a fireball erupting in your face or a summoned beast denying your control due to a lack
of focus, since your mind enters a state of tranquility when you’re busy using any magic, persisting
even under strenuous circumstances so that nothing short of being struck by an enemy’s attack will
throw you off. As a side effect, you’re good at focusing on things that would otherwise be dull and
aren’t easily distracted by more enjoyable pursuits, perfect for getting through all of those dusty old tomes."
100,Adaptation,Mad Max,Enhancement,"Water, Food and medicine are very hard to come by here, so your body has adapted to needing much less to keep you healthy. Also you never seem to sunburn."
100,Nice Pecs Bro,For Honor,Enhancement,"You’re amazingly fit, and have the muscles to show for it. After all, vikings are a rough and hardy people, and milk drinkers don’t exactly fit in here...at all. You could probably pick up an average man over your head without any problems, even if he was wearing armor..."
100,Exceptional,Worldless,Enhancement,"Even within the same species, creatures can devise completely different survival strategies. You have completely mastered one of your natural attributes or abilities but have had to make a significant sacrifice in some other area. This can be applied to any personal, non-meta, combat-relevant ability or attribute.

Perhaps you can set up 9 durable shields in an instant but are completely defenseless against anyone who manages to breach them. Or you can do substantial retaliation damage but must leave yourself defenseless at the start of combat as you slowly generate the limbs to retaliate with.

Buying a higher tier of this doesn’t preclude you from making purchases of lower tiers for any traits you haven’t already singled out with the 100 AP or 200 AP tiers."
100,Crusade,Darkest Dungeon,Enhancement,"“Behold- righteousness and zealotry- gleaming in the morning sun.”

There are few things that can be said about the Light; that it is anathema to the wandering dead is one of them. Although not necessarily opposed to the eldritch- which may have some disturbing theological implications if one thinks about it- the Light does indeed scour the clattering bones and rotting flesh of the undead and the unholy beyond what ordinary swings of a weapon should accomplish. As one of its champions, you will find yourself capable of imbuing your attacks with its power to bring the Light’s judgement to forgotten crypts and the lairs of necromancers. Furthermore the rigors of long campaigns has strengthened your body, giving some small protection against blade, arrow, and other physical methods of spilling blood."
100,Gaze of the Abyss,Darkest Dungeon,Enhancement,"“The abyss returns even the boldest gaze.”

It is said that when you gaze into the abyss, the abyss gazes back. But you will not be the first to blink. Your mind is made of sterner stuff, and fear and panic has less sway- even eldritch forces will not distort your sanity as it would the uninitiated. Your own spells and blows also seem to cut especially well against eldritch forces, perhaps as a consequence of your familiarity with them. But be wary; a death of a thousand cracks in the mind can kill just as easily as a thousand cuts to the flesh."
100,Planned ofensive,Darkest Dungeon,Enhancement,"“Every creature has a weakness. The wise hero trains for what she will face.”

Poison and acid for the eldritch and unholy, and cutting weapons to bleed out the living and diseased. A strong hammer and chisel for dismantling beasts and automatons with stony hides. You have a good sense for what methods of attack will work, and which will prove ineffective, against any particular foe you happen to face. Some of this is logical- after all, you can’t pull blood from a stone, or a skeleton- but your sense of intuition will also point out less obvious strengths and vulnerabilities, like how bloodsuckers are easily bled but are more resistant to blight. Less physical weaknesses- an opponent being left open after attack, for instance- are also easier to spot and exploit."
100,Transcended Intellect,Kill 6 Billion Demons,Enhancement,"As befitting the Mind, you are of a multiversal intelligence that can build a post-scarcity civilization
from the ground up. But that's merely potential, you don't have all that knowledge just yet."
100,I Want to Dive!,Hajime no Ippo,Enhancement,"For most people in this series, boxing holds a special place in their hearts. From saving them from going down a dark path to giving them the confidence to be more than what they are, it's something they think about a lot. With this perk, you’ll have the same passion as them pushing you forward, seeing every win in the ring as fuel to make you even better and every loss as a lesson to learn from."
100,Iron Body Style,Kung Fu Panda,Enhancement,"Hard training focusing on toughness and strength has made the warrior extremely hard, even hitting a warrior with Iron Body can hurt the attacker, just as a person punching a iron wall with all of their strength. You lose most tactile sensation and feeling pain however. "
100,Rubber Body Style,Kung Fu Panda,Enhancement,"Whether you possess a fat blubbery body or are tall and lanky your body is rubbery to a ridiculous extreme. Able to distort, bounce, and absorb tremendous force before rebounding back into your limbs to deliver intense blows. Training this gift can lead you to an inhuman level of durability and rebounding, and many techniques that focus on your body and chi will fail to take hold"
100,Dreaming Of Who You Could Be,Triune Scriptures,Enhancement,"To cultivate is to become more. More powerful, more intelligent, even more real in a way that nobody
truly understands. To achieve this, you need more than just grit and determination. More than just
patience and self confidence. My gift to you is a dream, a whisper of what your life could be like if you
had more, a glimpse of peace and tranquility for no longer being bound by things like hunger and old
age. My gift to you is hope, the ability to recover from having your will completely broken or your smile
shattered. The strength of character needed to pick yourself up from out of the mud day in and day out
on the promise that tomorrow you won’t have to. To push through these things is admirable. To let
them pass through you without even slowing you down is the first step of being divine."
100,Weakness Leaves The Body,Triune Scriptures,Enhancement,"The path of a Body cultivator is strewn with pain. To become an existence that defies nothingness, an
endless number of breakings to build back up will be required. And it will hurt every single time. For
this reason, the most useful trait you could possess is the sheer stubbornness to push through these
trials. The force of will to stand back up on broken legs to practice another thousand kicks, to withstand
a thousand hammer strikes as you forge your bones surpass the strength of steel. Stubbornness,
devotion, willpower, this ephemeral quality has a dozen names, and you have it in spades. When the
consequences of a single mistake can turn your blood to acid in your veins, most would prefer to
advance at a snail's pace, or simply not advance at all. You? You blaze ahead with reckless abandon,
and reap the rewards of doing so."
100,Pride Enough To Fall,Triune Scriptures,Enhancement,"To be a cultivator is to become greater - this is not some vague statement of ancient wisdom or even a
joke - in a cosmological sense, cultivators quite literally matter more than ordinary people. Combine
that with the need for material resources of one kind or another, and Soul cultivators have an unerring
tendency to either live like kings surrounded by wealth, or to be utterly broke such that they can barely
afford rags because they spent it all on their cultivation. The greatest virtue that you could have in such
a situation thus, is ambition. The desire to grow stronger, the push to go from rags to riches, and the
strength of will to go back again when you could be living in the lap of luxury. The ability to balance the
needs of yourself against a village that you somehow ended up in charge of while seeking some hidden
resource that you wanted, and to hopefully bow out gracefully having left them better off than before
your arrival... and hopefully not because they chased you out. Keep your tomorrow in mind at all
times, and it will see you through many trials."
100,No Signs of Cubs,Good Hunting,Enhancement,"To all there comes a point in their life when they are faced with a decision that puts
conflicting desires against each other. Most at that point seek comfort in discarding their
freedom of choice by adhering to group pressure or what others have told them to do. You
possess a willpower and sense of self sufficient to always go your own way if needed, to
make the choice that you want despite what expectations or demands rest upon your shoulders"
100,Self Love,Kajiri Kamui Kagura,Enhancement,"Due to Hajun’s Law spreading across the multiverse as he sits upon the Throne, no one in this
world cares about anyone but themselves. Any “friends” or “family” are just there to be used for
your own amoral purposes. While here, this perk is free and mandatory, but you can spend the
points to make it a toggleable ability post jump if you need to turn off emotions or feelings for
others in order to do difficult things."
100,The Power of a Legion,Kajiri Kamui Kagura,Enhancement,"Tenma Yato is a powerful Hadou God able to absolutely stop time on a multiversal scale.
Usually, this would be enough to defeat any foe, but he seeks to topple Hajun, a much more
powerful Hadou god who simply seeks to erase everything that is not himself. Yato has had to
do many things just to stay alive and one of these is raising the souls of former comrades to his
same level of power, creating a Legion, all of equal power but different abilities. As part of the
Legion you are the same level of Yato and his friends. This also give you the ability to do the
same, sharing power with your closest comrades and making you all equal. It can be draining
though, so doing it for too long will weaken all of you and after extreme usages you might need
to cut the connection for awhile. Added benefit: you do not have to own their dead souls to use
this on your comrades like Yato does."
100,Multifaceted Miners,Tunic,Enhancement,"The Scavengers have been digging away at the Quarry for a long time. Their leader
wishes to access the ziggurat deep within. Such an excavation task would take
considerable coordination to prevent accidents and still make meaningful progress. It
should be noted, that they are not miners by trade, they merely became so to complete
their task. They are much closer to bandits and plunderers usually.
Day in and day out of uninterrupted mining has given you quite a bit of stamina.
Outside of mining you have also not shied away from your other duty of keeping
intruders away. You are capable of being an imposing figure if need be, at least
wielding your weapon will give your foes a momentary pause."
100,The Guile of Heroes,Arawn,Enhancement,"A feared warrior does not just possess good technical skills and
strength. They are also an adaptable, versatile, and intelligent fighter, often able to wrest victory from
the (literal) jaws of death and defeat. When faced with a foe with an unusual advantage over you, such as
a petrifying gaze, an armored hide, or regeneration, you are quick to adapt and come up with a new plan
to fight them on even or advantageous terms."
100,Survivor's Intuition,Arawn,Enhancement,"Even now, years later, Siamh is hunted and harried by the shamans
who are still in search of the Bones of Fate. She stole those from them long ago, and they want revenge.
She certainly hasn’t survived this long by being dumb. Long years of solitude have honed your survival
instincts, to the point where you almost have a sense for when you are being pursued by enemies, their
number, and how best to combat them."
100,Natural Armor,Arawn,Enhancement,"Every inch of your form is covered by a tough hide, or perhaps it’s feathers
or scales instead. While you are far from invincible, the many mundane weapons of many mortal men
will find themselves turned away by your armor. It’s not like tenfold shields. Maybe five. Whatever the
case, most arrows, spears, swords, axes, and other arms won’t do much to you. But remember that your
insides aren’t so tough, and your eyes are unprotected..."
100,Limits,Luther Strode,Enhancement,"You did not survive this world by biting off more than you can chew. You know when you’d be in
over your head, whether the opponent is beyond your skill or the charity ball above your paygrade."
100,Restraint,Luther Strode,Enhancement,"There is a time and a place for lethal measures, you have learned to practice restraint and temper
your strength. This allows you to gauge the power in your strikes, so that you may topple a tree
one second yet juggle eggs the next. Consequently, you also have more stamina to spare due to
wasting less energy."
100,Brutality,Luther Strode,Enhancement,"The path of Cain grants great strength. You can tap into deeper and more primal urges, drawing on
reserves of berserker fury. Your entire posture changes at this moment, and observers will liken
you more to a wild animal than a predictable human."
100,Repose,Luther Strode,Enhancement,"A constant state of berserk anger may have its uses, and so does a calm and steady mind. You can
always find a way to relax your anger, and swiftly return to a calm mind and peaceful stance. This
is a skill useful for all walks of life."
100,Cunning Fighter,Volgarr the Viking,Enhancement,"A great fighter is not only brave and strong, but cunning as well. You possess this third virtue
in spades, allowing you to easily solve puzzles or problems thrown at you. It also helps you
find easier ways of doing things, why bother fighting that evil dragon when you can just burst
through his window and decapitate him before he transforms!?"
100,Brave Viking,Volgarr the Viking,Enhancement,"A giant snake? A floating skeleton? A MASSIVE dragon!? Nothing can face you, for you are without fear. This also helps you ignore pain and squeamishness, which there will be aplenty waiting for you on the battlefield."
100,Patient Guardian,Volgarr the Viking,Enhancement,"Having to wait for the Hero to arrive seems like a bit of a bother, and still the monsters who
inhabit the worlds are all capable of waiting patiently, holding their positions and ambushes
until any intruder gets close. With this perk your patience is improved to match them, able to
wait patiently for days on end if need be."
100,Courage,Ryse: Son of Rome,Enhancement,"You may not be Marius but you are just like the rest of the 14th legion, you have balls of steel. Like them you can charge a fortress with catapult fire around you, like them you can still fight despite seeing your fellow soldiers burned alive, like them you can handle pain."
100,Cruelty,Ryse: Son of Rome,Enhancement,"Although the Celts tried to justify their cruelty as them just doing the same thing the Romans did to them, it doesn’t make anything they did any less cruel. Now you too can kill and torture innocent people without feeling guilty or disgusted."
200,What Handicap?,A Will Eternal,Enhancement,"Spiritual energy is not a constant. Some areas will have more than others, and conversely some areas will be extremely sparse, like the Wildlands. If the amount of energy in the environment is lacking, your body responds by taking in energy from a much larger radius. Acting similar to a black hole, your body will pull as much as possible towards you, gulping it in like a man dying of thirst. Why should your cultivation speed be any slower than those silver spooned Heavenspan cultivators?"
200,Supremenly Ancient Experienced Elder,Against The Gods,Enhancement,"These young brats all think they’re hot shit. What
do they know? You were already old before they were born. But that doesn’t mean you’re any weaker.
With this perk, your skills remain in top form, regardless of how old you are or how long it has been
since you used them last. You never forget a trick, and your talents never wane. You could sit in the
lotus position cultivating for half a millennium, and come out twirling your sword, ready to cut down
all who oppose you. This perk also prevents you from permanently losing potential through injury.
While you can be set back, you can always regain it with time and effort."
200,Beatdown,Katana Zero,Enhancement,"You’re a tough bastard, aren’t you? You can take at least a dozen slashes from a katana with ease, and aren’t even so much as slowed down by the wounds. Bullets shouldn’t be much of an issue either; unlike a NULL V killed, 7 bullets from a high-caliber sniper rifle won’t cause you to slowly bleed to death. Just watch out for helicopter crashes."
200,Fake Heavenly God Technique,Tales Of Demons and Gods,Enhancement,"Just like the Heavenly God Technique users, you can house more than one spirit in your Soul Realm, at each rank you gain the capacity for one more, starting from Silver Rank - meaning that you can house two spirits at Silver Rank. The maximum amount of spirits you can house, with this perk alone, is still 7."
200,Body Fitness Unlocked,Tales Of Demons and Gods,Enhancement,"You will find it easier to gain strength. Your physical training will always give you two times the normal gains. Additionally, you will not become huge physically if you don’t want to, and this will have no effect on your strength."
200,When The Light's Shining,Baki The Grappler,Enhancement,"You are blind. Not metaphorically, or partially, but truly blind. You lose
zero functionality from your “disability” and in fact, the return of your
sight would be an objective downgrade. You always have a complete 360o grasp of your
surroundings, and naturally intuit details that others might miss, or seem impossible to deduct. For
any techniques or abilities that require you to see your target, their effects will adapt to your new
range of awareness. You may decide whether to be blind or not at the start of every jump."
200,Beautiful Beast,Baki The Grappler,Enhancement,"Sex and violence often go hand in hand. In your case, your ability to pleasure your partner is directly
tied to your combat skills. Most impressively, losing your virginity within a jump will grant a
substantial boost to your fighting ability, proportional to the duration and feelings involved. For a
one night stand with a stranger, the difference would be negligible. Several days of sweet embrace
with the person you love above all others will let you effortlessly smack around several opponents,
who would have been able to do the same to you individually just a few days prior.
This can only happen once per jump, and only if you are still a virgin, relative to that
jump. This can also allow you to alter your history in future jumps, to ensure you always start as a virgin."
200,Etcetera Etcetera Etcetera,Baki The Grappler,Enhancement,"Any place, any time, it should go without saying that a brawler is always ready for a fight. No matter
how low your guard should be, the second a fight has started, you’re ready to fight back. You don’t
get disorientated from the surprise of a sneak attack, nor do you let yourself get distracted by self-
pity, or even annoyance. If you’re attacked, whether it’s in your sleep, on the toilet, in bed with a
woman, all that’s left is to fight back. You can sustain this readiness at all times, without the slightest
drain on your concentration, stress, or general mental health. It was going to happen sooner or
later, so why bother throwing a fit about it, when you can just enjoy your life in the meantime?"
200,In Man's Image,Baki The Grappler,Enhancement,"There is no “right” or “wrong” when it comes to survival, only
“dead” or “alive”. You happen to be a master of survival, able to keep yourself alive in the long or
short term in almost any environment. Your instincts let you easily intuit how to preserve your life
for as long as possible with the resources available to you, no matter how foreign the location you
find yourself in. That said, you know just how raw real life and death matters can be. Going forward,
matters of disgust or repulsion are simply luxuries to you, not necessities. When it comes to matters
of life or death, whether that means protecting your life, or ensuring someone else’s death, you
won’t hesitate to rely on the most grotesque methods to make it happen. Naturally, inflicting torture
on others is no issue, when the need arises. Obviously, if it’s not necessary, not committing crimes
against humanity is another pleasant luxury you have, but disgust will never be an obstacle for you
getting what you want. Incidentally, as long as you don’t commit any atrocities unprovoked, those
who share a bond with you are often inclined not to hold such actions against you, seeing it as a
matter of “survival”. Even if said bonds are formed over the course of your attempts to kill them."
200,"Be Loud, Be Loud, Be Loud",Baki The Grappler,Enhancement,"For fighters on your level, the fraction of a second it takes you to breath can mean life or death.
You’ve mastered the art of breathless movements. Your lung capacity is in itself astounding, letting
you swim from the bottom of the ocean to the surface without any equipment. Most terrifyingly, you
don’t need any additional oxygen to punch with your full force. You can unleash an endless series
of full-force punches for five minutes without breathing or even slowing down. This also greatly
enhances your endurance overall, letting you run around an entire city at full speed all day without
rest, or letting loose enough continuous punches to shatter the statue of liberty in a single night."
200,"It's Called ""Solidity""",Baki: Son Of Ogre,Enhancement,"The destructive power of a punch can be thought of as weight X speed X grip = destructive force.
Your grip allows you to fold a coin like paper or rip the middle out of a full deck of cards. Think of
this like 3 boosts to your hands from If it Makes you Stronger, That’s What you Do. Not only does
this make your grip strength scale to always be disproportionately strong to the rest of your body,
but also provides a massive boost to any and all destructive acts involving your hands. A punch
could shatter stone, a sword could slice through metal, a grab could crumple nails into a perfect
sphere, maybe even your shooting is a bit more accurate, and the results only become more intense as your grip gets stronger."
200,"Playmates, Opponents, Prey",Baki: Son Of Ogre,Enhancement,"A beast is at their strongest when starving. Rather than fatiguing your body, the craving
makes you movement and senses sharper than ever, though it still impedes your rational
thinking somewhat. When your body feels like it reached its limit, the presence of food
can let you tap into deep stores of strength and energy you didn’t know you had."
200,Is 10 Seconds Long?,Baki: Son Of Ogre,Enhancement,"Like a runner, your true might is best shown in spurts, rather than drawn-out conflicts.
This is only a brief range, about 10 seconds, within a couple meters of yourself, but within
that compressed time and space, you can exert over 100% of your power. Even in daily
life, you instinctively sense anything that gets within this 2-meter range"
200,Dominated By Triangles,Baki: Son Of Ogre,Enhancement,"You have a grasp of your own center of balance and that of your opponent that lets you
render the notions of weight classes all but meaningless. You can move like a lightweight
while dealing hits like a heavyweight, due to how you distribute your mass. This may even
fool the opponents’ senses to think they’re fighting a giant or a puff of smoke."
200,I Will Protect You,Baki: Son Of Ogre,Enhancement,"You have a keen sense for detecting traps and killing intent, and how to hide your own.
Your mind is rarely not on war, such that you are always analyzing your surroundings,
always thinking about other’s strengths and weaknesses, and making sure you always
have a library of backup plans to take down or escape anyone you meet."
200,Kids are Cruel,Metal Gear Rising: Revengeance,Enhancement,"And you are very in touch with your inner child. Now
every life you take strengthens you, increasing your abilities exponentially (x2, x4, x8,
etc...). However, this boost only lasts a few minutes before it resets."
200,Believe,Saint Seiya: The Original Series,Enhancement,"Power is nothing without something worth fighting for! At
the start of a new journey or quest, you may devote yourself to a single ideal or belief of your
choosing. When fighting for this ideal in any fashion, your willpower becomes tempered and
stronger. As Cosmo is enhanced by willpower and emotion, this adds fuel to the fire of your
heart, giving you a slight boost in burning said Cosmo."
200,Crane’s Cool,Saint Seiya: Lost Canvas,Enhancement,"In front of evil, it is normal to be afraid. To fear is to be human, to rise above it like you is a feat. You always keep your head cool in most situations, not to say every, able to think clearly even in the heat of combat. Unless your entire family is murdered in front of you or someone medle with your mind, you’ll never make a mistake because of the heat of the action."
200,Behemoth's Resilience,Saint Seiya: Lost Canvas,Enhancement,"To better serve Hades and the three Judges, some nurture their mind, while others refine their technique. You however took a more… straightforward way. You trained your body again and again, enough so that when confronted with someone in your league, you can reasonably expect to be more resilient and stronger physically than him."
200,High Martian,Saint Seiya: Omega,Enhancement,"Congratulations on achieving the esteemed rank of High Martian, the third
highest position within Mars' formidable army. With your newfound authority and
power, you stand as a formidable force on the battlefield, surpassing even the
mightiest of Silver Saints within Athena's army. Indeed, a group of five Silver
Saints would find themselves utterly incapable of scratching you, such is the extent of your prowess and resilience. Yet, your leadership qualities further distinguish you from your peers, as you possess the keen ability to command your soldiers efficiently and effectively."
200,Blind Shortcut,Saint Seiya: Episode G,Enhancement,"Maybe not the most immediately intuitive of ways to train but depriving yourself of one or more of
your senses seems to be quite effective. You’re able to seal off one or more of your five main senses
at will, preventing them from working at all until released, and in exchange you are able to speed up
the overall growth of your power. Each sense sealed is a fair boost to the growth speed but they will
not make a world of different, being around a fifth of your normal growth speed as a boost to each sealed sense. You are able to unseal any of your sealed senses with a few seconds of concentration for each one."
200,Huge Will,Saint Seiya: Episode G,Enhancement,"You’ve gained an impressive, some might even say large, willpower beyond what most can imagine.
There is little to no form of stress, pressure or control that can break you or force you to act in a way
you disagree with. Even when they are about to die, a true god would never bend the knee to any he
did not genuinely wish to declare loyalty to. Even if one of the primordial gods descended before you
and tried to take over your mind, your sheer, gigantic will would rebuff his attempts."
200,Born Better,Demon Slayer,Enhancement,"The main cast aren’t the only ones that have been blessed with an enhanced version of one of the five senses, as seen with Tengen Uzui, and now you. You may choose one of your five senses to enhance, not just in the regular way, but also in a unique one, such as Tanjiro’s opening threads, Inosuke’s gaze feeling, or even Genya’s demon eating taste. You may choose how this manifests."
200,Grew up in the Wilds,Demon Slayer,Enhancement,"You were raised in the mountains, maybe even by wild animals that accepted you as one of their own, but in either case you are now more adaptable than others would normally be. Your body is more resistant to poison, you are very flexible, and you have an aura that allows you to understand and command normal animals, easily able to join the pack or become the leader."
200,To the Last Breath,Demon Slayer,Enhancement,"Say what you will, but the most dedicated demon slayers have something that drives them forward more than others. This gives you the unbreakable willpower to continue on even if everyone else would be driven to despair, remaining calm in the face of a superior enemy, allowing you to push through and make the hard decisions, you would even be able to continue fighting with a fist through your gut, so long as it doesn’t instantly kill you. "
200,Eating Healthy,Demon Slayer,Enhancement,"Just like any demon you can get stronger by eating the flesh and blood of living beings. This only applies to those that are living but you can survive on corpses if needed, however you will only gain strength from those that are fresh. The increase is small for an individual, and even smaller for animals, but higher quality flesh will count as multiple meals in one, and who knows, in a few decades or centuries you might be able to rival the upper moons. So long as you continue to eat, the stronger you can get, slow and steady wins the race."
200,Enhanced Senses,Samurai Jack,Enhancement,"Your sense of smell, sight and hearing are enhanced to near supernatural levels. You can detect extremely faint scent trails to track people, hear an arrow coming at you from the other side of a forest clearing and see with 20/10 vision."
200,Natural Weapon,Samurai Jack,Enhancement,"You possess an organic weapon that’s attached to your body. This can be any natural defensive mechanism, such as claws, a tail, quills, or even a weak electrical field. Can be purchased multiple times."
200,Enhanced Stamina,Samurai Jack,Enhancement,"You’re able to keep going for long periods of time, you could climb a mountain with hardly any rest or fight off an opponent for hours without tiring."
200,Enhanced Agility,Samurai Jack,Enhancement,Jump good. Your sense of balance is drastically improved and you’ve gained the ability to propel yourself to superhuman heights.
200,"Stillness, Overcome Motion",Nine Sols,Enhancement,"A duel is like the Solarian game of Qiankun. Both are
contests of figuring out your opponent’s moves and strategy before they figure out yours.
It’s here where you excel, as you’re a natural at reading the attack patterns and fighting
styles of those you observe, and precisely timing your strikes and parries to best fight
against them. While you may not win the first duel, you’ll certainly win the last if you’re
intelligent about it. Coincidentally, this doesn’t just apply to physical combat, but games of strategy as well."
200,Power of Rage,Tekken,Enhancement,"An Animal fights at their strongest when cornered. When pushed to your limits
and nearing defeat you find your Rage giving you strength. Your attacks will be more powerful than
before in this state and you could focus all your Energy in a final attack trying to take your opponent
out but it would leave you without the Rage boost for the Rest of the Fight so make it count."
200,Animal Instinct,Tekken,Enhancement,"You have a primal side. Maybe you’re even an Animal? Either way you find
yourself having strong natural instincts. When there is a danger you can’t beat you know when to run
away. Your reflexes are greatly enhanced, and you can talk with other animals."
200,Resolve,Okami,Enhancement,Fix yourself on a task - any task - and you will have the willpower to see it through to completion. No matter what.
200,Dangan Express,Okami,Enhancement,"You have effectively limitless stamina, and can run like an Olympic-level sprinter more or less
indefinitely - with no worries about tripping up."
200,Disproportionate Strenght,Okami,Enhancement,"You are far stronger than you have any right to be for your size, to the point you can carry
something fifty times your weight with little effort."
200,Immortal,Okami,Enhancement,People of the moon are exceptionally long-lived; now you cease to age entirely.
200,Dungheap Slimebucket Goulash,Okami,Enhancement,"You now have a demon's iron digestive tract. Rotten meat? Bits of other demons? Human flesh?
You can stomach it, no problem! Doesn't necessarily mean it tastes good, though..."
200,Inner Resolve,Ghost of Tsushima,Enhancement,"You now possess the incredible skill of finding and bolstering one’s
own resolve. By simply taking a second to focus your mind and will you can harden your
resolve, recovering your stamina, health and fighting condition by a significant amount as well
as alleviating any stress, battle pressure, fear or despair you may be experiencing. This perk
also provides a boost to willpower and endurance. This ability can only be used so many
times in a row before it needs to “recharge” via striking, parrying, and defeating enemies--you
start with three instances. With more experience and diligent training, the limits on this skill can be improved."
200,True Grit,Ghost of Tsushima,Enhancement,"You are one tough sonofabitch, you find yourself more capable of
shrugging off pain, damage, and exhaustion. You need only concentrate and will yourself to
keep moving onward towards your goal or objective--doing this also gradually recovers your
overall fighting condition allowing you to fight on for longer periods of time. This also
provides a moderate increase to your general willpower and endurance. Keep in mind though
that this ability is not unlimited involving the consumption of one “charge” for each use though
the number of “charges” and their potency can be improved over time with practice and
experience--you start with three."
200,Determination,Scissor Seven,Enhancement,"Something brought you onto this path, be it a Tragic PastTM, a grudge or the dental
benefits and insurance. In any case, you’re here to see it through. Whether you’re in
extreme pain, on death’s door, being mentally controlled or paralyzed, you can resist with
sheer willpower, forged by your Determination of which you’ve got plenty of. You also
thrive in serious situations where you find yourself in peak condition when facing
possibly life-ending threats even while being severely injured. This serves as a strong willpower booster."
200,Agressive Blitz,Fights in Tight Spaces,Enhancement,"Hit them hard, hit them fast, and even better, do both at once. You are
extremely skilled at attacking quickly and accurately without sacrificing the power behind your
attacks. You could lash out, punching one foe, kicking another, and then uppercutting a third,
before any one of them could manage to attack you once, and have each of the strikes have
your full committed strength behind it."
200,Cunning Monster,Hanachirasu,Enhancement,"After reaching certain level of skill, sword fighting stops being a simple contest of
technique, initiative or physical specs. It becomes a metal battle of deception. To
hide your intentions while reading the opponent’s. Will he use his right or left
hand? He wants sen or go-no-sen? What’s the reach of his blade? Even those with
considerable skill will struggle and fail unless they can overcome this wall. Of
course, you count within the numbers of those who have done so already."
200,Deadened Nerves,Jade Empire,Enhancement,"Life is struggle, and the only way to overcome it is to endure it. Your training has made you tougher.
Poisons or beatings; whatever you face, you are stronger overall to any harm your enemies may deliver,
as well as much more alert to any future plots they may try to ensnare you in"
200,Trade Routes,Kenshi,Enhancement,"The roads can be long and harsh, beset with dangerous beak things and roving
bandits. With this perk you don’t have to worry as much about long distance travel, since you’ll be moving
nearly twice as fast as you normally could. With this speed, you could safely establish a trade route to Mongrel,
easily outrunning any of the dreaded Fogmen. This applies strictly to long distance travel with a specific
destination in mind, it doesn’t make you twice as fast in combat."
200,Unencumbered,Kenshi,Enhancement,"The heaviest armour can protect you from even advanced harpoon turrets, with the
downside of being extremely heavy and encumbering. With this however, the weight of properly fitted armour
no longer encumbers you at all."
200,Courage of Shek,Kenshi,Enhancement,"The Shek don’t believe in running from a fight, and consider dying in battle the
ideal death. You gain the courage of these people. While you’ll acknowledge danger when it arises, fear won’t
ever cause you to hesitate or falter."
200,Hive Mind,Kenshi,Enhancement,"You and your companions and followers work well together, almost able to read each
other's actions before they happen. Even in hectic combat, you and your companions easily avoid each other's
blows, and never get in each other's way."
200,Focused,Anima Beyond Fantasy,Enhancement,"Your focus is undeniable. No outside conditions will cause it to falter,
neither being injured, nor being forced to move, or strike out with your fists or blades."
200,Eternal Youth,Soul Calibur,Enhancement,"Throughout the ages, men have sought the secrets to everlasting life. One way or
another, you have found what countless others have sacrificed everything for. You are now
free from the ravages of time. Never again will you need to fear aging. You will remain in
your prime forever more and your skills will never fade and falter with time. Be careful,
however. Eternal youth is neither true immortality nor invincibility."
200,Pratical Application of Martial Philosophy and Theory,Soul Calibur,Enhancement,"A scholar needs to be well-versed in any subject, be it physical or mental. And so, you
have mastered the art of keeping balance between the physical and mental aspects of your
being. Now, whenever either your physical or mental attributes improve, the other will
increase as well. Not as much as your trained attribute but it improves enough that it is never
too far behind. You are a true scholar and you can prove it."
200,Comes The Dawn,Darkstalkers,Enhancement,"Commitment to any cause is hard on people, and you have first hand experience. This perk enhances
anything you do for downtime or relaxation, doubling how effective it is on reducing your overall stress levels.
Watching clouds for an hour is like a week long vacation, or a nice dinner with your friends a three month sabbatical. In any case, as long as you take a moment for yourself, you’ll find that you’re much sharper during stressful times."
200,Barbarian's Heart,Conan,Enhancement,"Born of the wild, and where men must earn their survival,
your heart is unfettered. Worries of the future do not weigh on you as they would men of
civilized lands, you do what you can and do not worry about what you cannot. Regrets of
the past do not claw at your heart; the dead are dead, and what has passed is done. It
cannot be changed, you will learn and grow from it, but you will not brood over what has
been. Instead you live in the now, a life more vibrant and full, experiencing every
moment to its fullest, letting emotion come easily to you, and without restraints on your heart.

This helps you recognize your own desires, cutting through second guessing and doubt,
and helping you to know in a moment what it is you truly want. You are able to clearly
see yourself without the myriad lies of civilization, helping you to avoid neuroses, and
helping you to resist the charisma of others, knowing well what you desire and whether it
aligns with their honeyed words. And this also helps you to resist magic which would
occlude your will; your own life is vibrant and full leaving your goals and will a raging
fire to the flickering torches of other men.

Finally this vibrancy of life is something others can recognize in you as well, giving you
a sort of wild charisma. You stand out and above the rest, as something vital, and alive.
Not some dreamy lotus-eater, neurosis filled artist, decadent city dweller, or morose
philosopher, you live and reach for the fullness of life."
200,Fighting Spirit,Cradle,Enhancement,"Something about combat is simply exhilarating for you. You'll never
shy away from a battle, but you simultaneously know your own limits, and what's actually worth
fighting for. As a more practical application of this Fighting Spirit, you'll find that your magical
and physical energy reserves often last far, far longer than they should, well past the point
where you should have faltered. Try not to squeal like a schoolgirl in the aftermath of a good
bout of arena fighting."
200,Core Expansion,Cradle,Enhancement,"The amount of Madra you can hold in your soul at any one time is
doubled, allowing you to use your abilities much longer without wearing down."
200,Impossible Dedication,Mushoku Tensei,Enhancement,"Your work ethic is legendary and your will is steel. In the middle of combat you are calm and collected and are
unlikely to lose composure no matter what situation you face. When you’re training or studying to improve
yourself, you’ll never grow bored no matter how tedious and repetitive the process is. This also allows you to
ignore pain and wounds, face despair head-on and become immune to temptation. You can push the limits of
your mind and body with willpower alone and pushing yourself in this way is rewarding and pushing your body
even further to the edge of death will result in great gains."
200,Lessons Learned,Mushoku Tensei,Enhancement,"Normally, when a person makes mistakes they would need time to fully understand its consequences and they can only try to never make the same mistake again. But with this you are different, whenever you make any mistakes in battlefield, politics or your everyday life you learn from them and always end up better than before. A mistake in the battlefield that left you wounded, a mistake in politics that left you vulnerable to be exploited by others, a mistake that broke your family and more would not happen again. This even tells you how to fix mistakes you’ve made and make sure they never happen again. You can set an ideal or role-model that you want to follow in order to become a better person and you will know what you need to do to become a better person and even recognize any action that would make you diverge from this path. This only tells you what you need to do; whether you actually do it is up to you. You can change your ideal and role-model if you find a better path."
200,Unified Speciality,Mushoku Tensei,Enhancement,"When someone tries to train and master Martial Arts and Magic they have to train them individually which
consumes a lot of time, but this would solve that problem. This unifies and links all of your physical and
magical attributes so that when one grows, the other grows to match it. This is not a recursive loop; it simply
balances things out such that whichever is lower is raised up to the level of the higher. In this case your Battle
Aura and Mana Reserves are always in balance thus a God-Rank Magician would have a Battle Aura and
Physical Feats of a God-Rank Warrior and vice versa. In future jumps, your physical attributes will scale to
match your magic and vice-versa."
200,Boundless Stamina,Mushoku Tensei,Enhancement,"Unlike the magicians who tend to be stationary during combat, the warriors need and use more stamina in
combat as they are more likely to run around the battlefield. With this, you have gained boundless stamina that will allow you to fight and train for a month without resting or sleeping and a year if you decide to push yourself. You would only need to rest or sleep an hour per month to fully recover your stamina and mental fatigue and return to peak condition and a full day should push yourself like fighting or training for an entire year. This also removes muscle pains and cramps from not exercising for too long or stretching first before doing a strenuous activity."
200,Silent-Casting,Mushoku Tensei,Enhancement,"Normally Magic-Spells require lengthy incantations and occasionally conjoining magic arrays, some talented
practitioners can use Truncated Spell-Casting to shorten the length to a few phrases, but you have taken this to
the next level and can manipulate mana just by feeling and a little concentration. This allows you to entirely
skip the lengthy incantations and silently cast Magic-Spells with just your thought by visualizing it and this also
gives you the ability to adjust the size, speed and potency of the Magic-Spells like giving a Beginner-Rank
Spell with an Emperor-Rank Spell potency. This also applies to other worlds Magic-Systems that needed
incantations or shouting the name of the spells. By default you have the ability to teach Silent-Casting to others
that don’t have the talent or ability to use it."
200,Watcher,Duel Monsters - Duel Terminal I,Enhancement,"Though some might argue about nature and nurture, your inheritance certainly lends credence to the first. You don’t necessarily have to take up the family business, but you’re still part of a family that has served as watchmen for generations, and you’ve inherited the right qualities for it. Though you might still need to wear protection during fierce storms, your eyes are utterly amazing, being able to see things kilometers away as if you were closely inspecting them. You can keep them open for hours on end without any trouble, and can discern details such as millimeter thin and deep grooves with a cursory glance. Nothing’s getting past you."
200,Magic Triangle,Duel Monsters - Duel Terminal I,Enhancement,"Two are better than one, so three must be even greater, right? Sayings aside, you’ve develop a trick for syncretic sorcery. By casting the same spell together, you can increase the overall effects much more than simply adding the two individual castings would imply. This becomes much more pronounced once you add a third member, forming a proper magic triangle, which further multiplies the end results of your grand spellcasting. It might make it rather obvious that something is up, seeing a big magic circle form under three magic users as power swells, but a smart opponent would probably go for the wizard first anyway."
200,Hunter Hunter,Duel Monsters - Duel Terminal I,Enhancement,"Even so... pain inflicted upon others isn’t something to be left alone. The filth of their sins mars their very soul, and it shall serve as fine fuel for the flames of hell. The fires you cast and command, whether from your nature as a Jurrac or some other means, shall burn the evil of those they strike. Every bit of harm inflicted upon another, every act of malice or selfishness towards others, every deed done that has made the world a little bit worse. All of it shall ignite, dealing grievous harm to another equal to the evils they themselves have committed. The laws of the wild will not allow such perversion to go unnoticed, O noble beast of flames."
200,Prey,Duel Monsters - Duel Terminal I,Enhancement,"Those who are not accustomed to the wild may think it heartless, but it is simply natural for a Jurrac to devour the dying and dead of their own kind. Even though they would prefer to live, it is simply natural to give up one’s life in order to help those they love. You are a big eater, being able to devour an entire Jurrac, bones and all, in a matter of seconds. But when you eat, you don’t simply gain sustenance. Life force, bio-electricity, mana, all of it that your prey may contain is added to your equivalent energy pools. Should you  currently be harmed, their mass will be directly used to reconstruct your flesh, as well. The strong prey on the weak, the old gives way to the new, all is right in the world."
200,Recycled,Duel Monsters - Duel Terminal I,Enhancement,"Waste not, want not. There’s no reason to let spare parts go to waste, right? It might feel weird, picking up what amounts to organs and flesh to your new body and absorbing it, but whatever works. You can take parts of other machines and subsume them, adding them to your body in order to mimic their functionality. What exactly you get depends on the part, of course. A power source will give you extra energy, while a cannon will give you... a cannon. Just mind the energy concerns, and that there’s only so much you can fit onto your chassis. About half your “base” mass, give or take? If you want more you’re gonna have to figure out a way to integrate what you’ve got the traditional way instead of brute forcing it with this. Or you could just give yourself more body to work with."
200,Death Leads to Beauty,Duel Monsters - Duel Terminal I,Enhancement,"Death is inevitable. There will always be something capable of ending one’s life... or so the necromancers say, anyway. Regardless of any such destined dooms, death does dearly desire to dance with you. The closer you are to death, the greater you become. Your strength, your speed, your beauty, your magic, your skill, all that is yours rises as the reaper steps closer and closer. It’s not some grand multiplication, but the boosts you’ll receive are still easily noticeable once you reach the halfway point to death. Just, a little bit of advice to you. This isn’t just about physical harm, you know. You can get closer to your delightful new friend through... other means, and it’ll work just fine."
200,Shattering Into Broken Hearts,Duel Monsters - Duel Terminal II,Enhancement,"Powerful as you might be, blindly charging towards your goal is liable to put you into a bad position. A refined demon like you must be subtle, and ensure your foes plunge the dagger into their own heart before you strike. Such malicious play has honed your mind, giving you an instinct for baiting those who might be useful or dangerous to you into acts you would find advantageous, as well as judging when they would be most vulnerable to your efforts."
200,Inverzted,Duel Monsters - Duel Terminal II,Enhancement,"The Steelswarm did not fall victim to the other Evilswarm, but instead bond with it, learning to cultivate and strengthen it inside their own bodies using raw malice and cannibalism. A fortunate circumstance you’ve learned to recreate. Any corruptive or empowering abilities of yours may be deeply bonded with their targets, allowing them to increase their borrowed power by becoming closer to you in mind, or by devouring others you’ve similarly empowered."
200,Inverztation,Duel Monsters - Duel Terminal II,Enhancement,"By overloading empowering or corruptive effects you’ve placed on others, you may severely increase the power your target gains from such at the cost of their natural abilities atrophying. Those who are already powerful in comparison to your boons will instead find their powers themselves being corrupted, slowly becoming no more than an extension of what you’ve granted them, and subsequently disappearing if you so desire it."
200,Comrades in Arms,Duel Monsters - The Abyss,Enhancement,"One of the key tenants of the Tri-Brigade is Coexistence and Cooperation. Compared to the Dogmatika, which despise and seek to eradicate everything that isn't them, the Tri-Brigade is an inclusive group that incorporates many different peoples that had previously been divided. While there are obvious benefits to these philosophies on their own, this Perk grants additional benefits. Firstly, this Perk passively assists cooperation between you and other people. Movements become more coordinated, intentions are easier to read and be read in turn, and actions taken when cooperating with others simply have a higher chance of working out. In addition, when working alongside people you truly and deeply trust and believe in, and who feel that way about you in turn, you and all of those people receive a multiplier to all of their base attributes. The multiplier follows the formula of M = n^1/2, where M is the multiplier everyone receives, and n is the number of other people you are working alongside that qualify. To put that in Non-Algebraic terms though, if you are working with 4 other people you truly and deeply trust and believe in, and who feel that way about you in turn, you all receive an x2 multiplier to all of your base attributes. This goes up to x3 at 9 other people, x4 at 16 other people, and so on. This Perk has the ability to grant immense power to both you and your allies, but only if you can successfully build your bonds up to the level required. Trust, both receiving it and giving it, can be your greatest obstacle to making the most of this Perk. The use of Mind Control, Mental Alteration, or any other method that would allow you to “Trust” others because you know they literally can't betray you disqualifies those parties from this Perk. It must be true mutual trust and belief."
200,Spiritual Purification,Duel Monsters - The Abyss,Enhancement,"An ability of the Icejade that is rather important is that of their ability to heal and purify things. It was used to prevent the Stigmata of Ecclesia from corrupting her, for one example. By taking this Perk, you too have gained this kind of power. Firstly, just by touching someone or having them reside within your home or within some water you have designated with this Perk, you can indefinitely prevent their condition from worsening. Additionally, from there, you can gradually cure others of any injury, poison, disease, corruption, or anything else. The more intense the infliction, the longer this will take to accomplish. However, so long as they remain in any of the above situations, they will be slowly healed. This Perk also has a second effect, though. If you are fighting against or opposing anyone that is corrupted, factually evil, using factually evil aligned energy/elements/powers, and/or are trying to harm those you are currently caring for in any regard, you receive an x2 Multiplier in the effectiveness of any and all actions you take against them. It wouldn't do for a place of healing to fall to the very forces they need healing from, after all. When in water you have designated for this Perk, it will also supplement any of their normal needs, making them able to be submerged indefinitely without need for food, water, or even breathing."
200,Power of Pain,Brütal Legend,Enhancement,"The pain of battle, of war, of life's daily struggles. No longer will they slow you down, or make you wince. Instead, you feel reinvigorated and refreshed each time pain spreads through your body. Strike back against your foes, with each wound they inflict serving as motivation and fuel for your rampage."
200,Not Just a Pretty Face,Kimetsu no Yaiba,Enhancement,"Because Inosuke's more than just a beautiful boy - seriously, have you
seen him arch his back? Whether it's a contortionist's flexibility, a skull hard enough to daze a demon
without doing the same to you, or another physical quirk that gives you an edge in a combat environment,
you've got it. This comes along with a generally faster, stronger, and tougher body (enough to let you make
the cut as a Corps initiate), with a focus on one of those that plays well with your natural advantage and
puts you noticeably above the rank-and-fodder in that regard."
200,Consumption,Kimetsu no Yaiba,Enhancement,"Ah, blood. Everyone needs it, but demons need it more than those pesky
humans. Well, demons want the flesh, too, I guess, and the bones make a nice crunch to go with the
sinewy muscle tissue, and...you get the point. Fortunately, eating people is more than just a lifestyle choice
- it's a way for you to grow more powerful. Each human (or in future jumps, any humanoid creature) you
devour increases your strength, although the precise amount is...well, there isn't one. The increase is
roughly logarithmic, in that it takes substantially more humans to reach new ""tiers,"" but unlike most demons,
you don't have a cap on how far this can take you. Hell, who even needs the First Demon's blood to make
them stronger; eat enough humans, and you might be able to defeat even them..."
200,Quick and Clever,Sword & Sorcery,Enhancement,"Every thief finds fortune a fickle mistress. But she is most enamored with those who find even her
crueler affections merely another day’s work. You’re quick and fleet of foot, able to leap and run
with an effortless grace that leaves watchers comparing you to a falcon on the wind. Even swifter
then your feet are your wits. You can think and react with an almost prescient cleverness. Rolling
with the punches and finding your feet is naught but reflex. May the poor fools trying to catch you
find solace from their failure in wine, for it would be easier to grasp smoke."
200,For Want of a Nail,Sword & Sorcery,Enhancement,"Too many men waste their energy and efforts in grand gestures when such energy would be better
served elsewhere. You possess the keen and discerning eye to spot the simple and clever solutions
to problems where others tend to waste time and all too often lives to no discernible effect. You
might throw open the doors of a fortress that armies have shattered themselves against to no avail
with naught but a rope, an old hunter’s dagger, a candle, a half-filled wineskin, and some quick
and clever movements to put yourself in position. You’d most likely still have enough wine left to
toast your victory as well when all was said and done. A Thief thrives when he sees the clever path,
and it is a skill that will serve you well should you cultivate it. Just hope your cleverness doesn’t
run out one day."
200,Kinslayer,Elric Saga,Enhancement,"Not all who tread the path of bloodshed fight alone. Many have allies to fight
alongside them, as oftentimes having multiple swords to cleave the enemy with will be more
effective than just one. The more they fight together, the more familiar they will become with one
another’s way of fighting, but you have a rather grim way of exploiting this knowledge. You are
incredibly skilled when it comes to fighting your own friends and allies, using all of your knowledge
of their fighting style and techniques to the greatest possible extent to crush them, and even
experience a surge of power when facing those who would usually be on your side. You’re unlikely
to be beaten by any ally you’ve spent enough time with unless the difference in ability is completely
insurmountable, and you can to some extent also use this knowledge when going up against
enemies whose way of fighting is very similar to one of your allies."
200,Primal Toughness,Primal,Enhancement,"If there’s one thing that Spear and Fang have in common, other than their shared loss, it’s being built dang tough. They both take blows that would kill those who are bigger and stronger than they are, and walk them off, not even needing medical care. They become pincushioned with dozens of arrows and continue fighting. And it’s not just them. It seems to apply to all the major characters. So now it applies to you as well. You can still be knocked out or killed, but you can take a lot of body blows, and seem generally harder to break than normal; you can lose more blood, take more wounds, and generally survive more damage that wouldn’t be instantly lethal. Having your stomach slashed open to let your guts spill out will barely slow you down. Blunt force trauma to your head tends to knock you out instead of killing you. This is especially effective against massed missile weapon assaults; a single arrow might pierce through your leg completely, but 30 men all firing in tandem will see the arrows simply stick in your skin, heads not fully piercing you.

Beyond your ability to take a major beating, you can even walk it off. Your wounds and injuries have a way of healing more quickly and without difficulties or complications. This includes brain damage from repeated cranial impacts. This won’t necessarily save you if you’re mortally wounded (that is wounded so badly the wound will kill you before it heals naturally) though the line for mortally wounded is a bit further for you than most, and this is a far cry from some comic book healing factor; you won’t be regrowing lost limbs or organs, or having wounds close in instants."
200,All Terrain Dinosaur,Primal,Enhancement,"Humans are an animal that is actually particularly well suited for a large range of terrain and climate. Tyrannosaurs do not seem to have been. This doesn’t change that Fang seems as capable, if not more capable, of dealing with various terrains and climate as Spear. Oh, Fang can’t climb like her friend, but she’s very much not made for swimming, and yet fights predators larger than her made for it just fine, and generally does as well if not better than Spear, and it was Spear, not Fang, at risk of dying from the cold in the Arctic and discomforted when walking through a desert.

You are similarly adaptive to wildly varying environments, climates, and forms of movement. Even if you’re a land predator you could use your limbs to swim with surprising effectiveness. You won’t be flying without wings, or climbing sheer cliffs as a t-rex, but you’ll get closer to both than should be possible for you. In general, your body seems to function better to move around a suboptimal environment than it should.

This also helps you survive in extreme environments, and even could adapt to arid conditions better than really should be possible. For every climate found on Earth less extreme than the poles or the Gobi desert, you’re able to survive with surprising ease.

You retain less or more heat, you eat less, and you need less water. You still need to eat and drink some, but in the desert you’ll retain water like a camel, and you can get by on surprisingly little food when you need to. This will still help outside of those ranges, but truly extreme conditions will not be easy with just this."
200,Tactical Withdrawal,For Honor,Enhancement,"Hey, it’s the tactical kind of retreat, not cravenly running away. There’s a big difference! When things aren’t going your way, you’re a lot faster with the legs, letting you gain some space space and then fight when you’re fresh again. Or just...stab them in the back when they forget about you. I guess that works too."
200,Truly Exceptional,Worldless,Enhancement,"Even within the same species, creatures can devise completely different survival
strategies. You have completely mastered one of your natural attributes or abilities
but have had to make a significant sacrifice in some other area. This can be applied to
any personal, non-meta, combat-relevant ability or attribute.

For 200 AP, you truly are exceptional, allowing you to enhance some specific trait to
the degree described above with no meaningful tradeoff.

Buying a higher tier of this doesn’t preclude you from making purchases of lower tiers
for any traits you haven’t already singled out with the 100 AP or 200 AP tiers."
200,Resurrection,Worldless,Enhancement,"When you are pushed to your limits in battle and seem to be on the brink of defeat, you are able to regain a second wind. In this “second phase” your attack strategy completely switches up and your Endurance and Absorption damage are instantly replenished. Your appearance might even change. You can only pull this once per fight, but it’s an excellent ace in the hole against an enemy who isn’t expecting it. However, if someone does expect it, this second phase always manifests in the same way."
200,Armored,Worldless,Enhancement,"Your body has some kind of thick armor that slowly grows around it. It is thick as solid stone, enhancing your physical damage and making you resistant to all damage. However, this armor greatly slows you down and can be broken with enough damage. Once shattered you lose all the protection it provided but are no longer slowed down by the weight. Once shattered this shell will slowly regrow over the next 24 hours, unless you’d prefer to go without it for a little while."
200,Phantom Meridian,Legacy of Kain,Enhancement,"Although less disturbing to look at than their later degenerate brethren, the vampires of previous eras were no less predatory in nature. And while lacking in some of their physical traits, they had other advantages instead. And now so do you, as shown by the following dark gifts.

First, similarly to the traitorous Sebastian, your body and reflexes become so finely tuned that you could move at great speeds, barely a blur for most people and that is just the starting point. Dodging bullets can become trivial if you continue to improve, as will other similar feats. Next is the gift of, well, jumping good. While that might seem underwhelming, let me know if your prey finds it amusing once they see your leaps covering entire streets worth of distance in an instant.

The last blessing bestowed by this perk allows you to better channel your rage, turning it into a means to aid you in combat. Every time you get hit in a fight your blows will carry just a bit more force than they should, gradually increasing the more damage you sustain. Once the fight is over this benefit will go away, but in a pinch even a bit of extra power can go a long way."
200,Solemnity,Darkest Dungeon,Enhancement,"""Strength, purpose, and peace- all can be found in the focused mind.”
Although typically used to support others, the power of the Light can also be channeled inwards. By taking a moment to focus in battle you can heal body and mind, closing wounds and soothing fears and other stresses. If rejuvenation is not what you desire, than you can instead hone your body and mind- increasing your resistances to various ailments for the duration of battle, or doing the same for the strength and accuracy of your arm. Doing this may leave you open to attack, however; so be sure you can afford to do so and that your efforts wouldn’t be better spent doing something else."
200,Virtuous,Darkest Dungeon,Enhancement,"“A moment of valor shines brightest against a backdrop of despair.”
Driven to the brink, and yet not broken. When stress and fear come to claim their due many fall to their dark whispers, driven mad by desperation and their own will to survive. But you? You tend to surge through it- gaining a second wind, a burst of inspiration, the will to fight. Most stresses fade away when this happens, to make room for your new-found resolve, and even your allies will take heart when they see the shining beacon you have become. For as long as your good mood lasts you will strike harder and faster, words of courage and bravado flowing from your tongue to further inspire your crew."
200,Sight Without Sight,Kill 6 Billion Demons,Enhancement,"All is but an illusion cast by the Flame Immortal. Through understanding this, you have foregone the
need of physical sight. So long as you have your Atum, you bear a kind of ""third eye"" that allows
complete spatial awareness around you up to the limits of your bodily senses and see past any illusion.
Additionally, by seeing through the illusion of your body, your Atum flows easier. Any soul-based
techniques are trivial for you to perform. For you, there’s no process. You merely do, but mastery is
another matter entirely. This can only open the first step for you."
200,Universal Resonance,Kill 6 Billion Demons,Enhancement,"Resonance is the architect of the Wheel. The foundation was formed from stories and the structures
built with song. You can hear this song and it cursed you with enlightenment. Though the Art is done
by lying to the universe, by instead speaking of one's own truths, it easily doubles the potency of any
magic you use. This can be taken further through careful self-reflection, meditation, and most
importantly of all, listening. Naturally, this lends one affinity to a certain category of spells which
depends entirely on one’s own nature and character."
200,Balancing the Books,Kill 6 Billion Demons,Enhancement,"You can’t do all the fighting. Not always. There’s always someone to fight on your behalf if you can pay them enough. Naturally, you can always hire mercenaries but most settings tend to have people who are far stronger than your average merc so this is where this Perk comes in. You can overpay your mercs starting from double their usual rates. When you overpay them, they will find a way to become stronger proportional to how much you overpay them and they’ll put that money you gave them to good use. They might go through an intense training montage, buy some new bleeding-edge equipment, or find a one-use WMD to get the job done."
200,Weightless Control,Hajime no Ippo,Enhancement,"Through hard discipline, natural talent, or the influence of some otherworldly being, you’ve developed an extraordinary ability to manage your body’s weight. This perk enables you to safely shed or gain weight rapidly without sacriûcing strength, endurance, or agility. You possess a near-intuitive understanding of how your body responds to different foods—a skill that typically takes years of trial and error for fighters to master. Your ability will leave less naturally talented fighters cursing you for not having to endure the struggles they face, especially when they see you effortlessly achieving your desired physique in no time at all."
200,Lightning Strike Me If I Lie,Triune Scriptures,Enhancement,"The Tribulations of Heaven are myriad and varied, but always have a commonality to them. The search
for a weak point, to strike true at cracks in your mind, body, and soul that most would consider to be so
minor as to be invisible - and to hammer as much force upon these fracture points such that you either
fix them and ascend, or break. To this end, I give you the greatest gift I can think of - the ability to see
these flaws. Insight into one's character, both yourself and others, the ability to ascertain the meaning
behind a thousand and one warnings with no explanations, and perhaps most important of all, the
beginnings of how to fix these things. Understanding oneself can be a task more painful than any
torture, but if you can manage it you’ll find that the Tributions will have little to nothing to hold onto."
200,Inspiration,Good Hunting,Enhancement,"With this you are able to immerse yourself in your work, to love it and to be constantly struck
by inspiration, new ideas flowing endlessly. While this can make any task enjoyable and one
you can quickly advance your capabilities in, do take care not to lose yourself in your hobbies Jumper..."
200,Mermaid,Manyuu Hikenchou,Enhancement,"Did you grow up in Matsue Village? Because you’re a natural seafarer. You can
swim better than most fish, dive for impressively long spans of time, and have been fortified by a
life of physical labor. Even a petite peasant could push boulders around with this perk! In
addition, you'll no longer be hindered by your own body, its proportions, or even the clothing you
wear. You could dive for pearls with floats the size of Chifusa’s, or chase down your enemies in
an absurd costume like Kagefusa. Let other women worry about the weight on their spines. You
stay cheerful and perky no matter what lies in store!"
200,Hard Wired With a Will to Go On,Real Steel,Enhancement,"Your determination is unlimited, and your will to go on allows you to push through far
more damage than should be possible. You could get beaten within an inch of your life
and continue to fight and probably even survive the ordeal in perfect health if you
get medical help soon after."
200,Sentinel,Tunic,Enhancement,"In addition to their role in combat, the Rudelings were tasked with guarding various
locales from intruders and interlopers. They weren’t tireless, but were well known for
maintaining their vigilance for extended periods of time.
This tireless dedication is something you share. You can dedicate yourself to a task
and give it your full dedicated attention for up to a third of a day without issue. You will
find that you will not become fatigued or bored during the time you are utilizing this."
200,Giant,Arawn,Enhancement,"An even simpler option. You are big and proportionally strong. You would stand at a
height of forty or fifty good feet as a humanoid being. Large enough to cram a man in your mouth and
feel the crunch of his bones and taste his blood as you bite down, or to reduce a mounted warrior and his
horse to nothing but a bloody smear on the Earth. The most obvious benefit of this is strength, as even
the mightiest men cannot match you in a contest of brute strength, though they certainly could still
harm you. Only the Tuatha dé Danann eclipse your stature, and that’s only when they wish to."
200,Regeneration,Arawn,Enhancement,"Some would call you unkillable, with the prodigious rate at which
you recover from even lethal wounds. Those wounds aren’t in fact so deadly when it comes to you, after
all. You heal at incredible speeds, flesh knitting itself together mere seconds after a split skull or
decapitation. Losing limbs, being run through with swords, and other such grievous injuries are dealt
with just as well. However, your healing factor can be nullified if the wound is cauterized, so you would
be wary of fire or warriors with red-hot weapons."
200,Regeneration (Darach),Arawn,Enhancement,"For an additional 200 points, you are akin to the dragon Darach, who Math faced on his trial. Darach
was more of a hydra than a dragon, for each time Math chopped off its head, two took its place. You,
too, have this regenerative ability, to come back with double the heads each time you are decapitated.
Requires ""Regeneration"" to Purchase"
200,Awareness,Luther Strode,Enhancement,"The path of Cain is not one of pure strength. The entire body is heightened and perfected, senses
sharpened to match new inputs. Even in the thick of battle or in a blind haze of confusion, you
may still focus on the situation by relying on other senses. If it means reducing collateral damage
or avoiding possible blind spots, you have it covered."
200,Warrior of Odin,Volgarr the Viking,Enhancement,"As a warrior in the service of the Allfather, your physical abilities far surpass the peak of a
normal man. Rippling with muscle you possess strength enough to shear a lizardman
(stronger and tougher than normal humans) in half with a swing of your sword or impale a
spear in stone with a throw. You are also very agile, capable of leaping more than twice your
own height, effortlessly balance on a spear stuck in a wall as well as performing spinning
attacks mid-air with your sword that makes you a deadly opponent. You have enough
stamina to do the above for days on end without seeing a decline in your performance. With
this you could face armies of men on your own and survive, through sheer physical might."
300,The Ultimate,Baki The Grappler,Enhancement,"It could be said that all combat exists across a boundary, between violence and technique, between
force and control. You can now shift between this binary, allowing you to sacrifice your strength for
skill, or skill for strength. This can take between a few days and several months, depending on the
extent of the shift. You may even go as far as completely sacrificing one, to become the pinnacle of
the other. Specializing in violence may let you destroy armored cars with a punch, while specializing
in technique would let you nullify almost the entire force of such a punch. Additionally, this makes
you age far slower, and ensures you never lose any combat ability to age, physically or mentally."
300,Relic,Baki: Son Of Ogre,Enhancement,"Were you perhaps reincarnated? Or maybe cloned in some lab through dark science? Whatever the justification, for 300cp, you have brought forth the power and skill of one of history’s greatest warriors into the modern age. This comes with an enormous boost to your skills, tactics, and physical abilities to a degree that’s superhuman even by the metric of this world’s fighters, even if you have no prior combat experience. The nature of this boost depends on who your past life was. A famous samurai may be able to cleave through metal, a sumo may be able to push through muscles and pulverize bones with a light squeeze.

You retain some of the original’s battle instincts to help you make use of your power. However, whether you retain all your past life’s memories and experience will be left up to your own discretion, as this disconnect with the common sense of the modern age may be just as much of a weakness as a boon."
300,Good As New,Metal Gear Rising: Revengeance,Enhancement,It seems you can heal up simply by defeating your enemies. Whenever you kill an enemy your health and energy levels will be recharged based on the power of the foe. A common foot soldier will only heal cuts and bruises but killing a building sized monster will bring you back from the brink of death.
300,Cause To Die For,Metal Gear Rising: Revengeance,Enhancement,What do you fight for? Money? Power? Freedom? Well whatever it is when you fight for that cause you find your abilities boosted greatly and your willpower massively increased. Not even losing both your arms can stop you from fighting for what you believe in.
300,Four Heavenly Kings,Saint Seiya: Omega,Enhancement,"With your Cosmo and power now transcending even the legendary Gold Saints, you have ascended to a level akin to the Palasite Four Heavenly Kings. Your strength surpasses that of a normal Gold Saint by at least threefold, placing you among the most elite ranks of your faction.

Requires ""7th Sense"" to Purchase"
300,Take a Hiatus,Ironsworn,Enhancement,"Whenever you spend an extended period of time resting, your spirit recovers from stress, your body heals itself of wounds and purges itself of sickness. By morning, you’ll feel like a new man."
300,Reveal Danger,Ironsworn,Enhancement,"You have keen instincts. Pause when they scream at you. Close your eyes and picture everything that could go wrong. Traps, ambush, wild animals sneaking up. If they’re there, you will notice them."
300,The Art of Yun-Woo,Generic Wuxia,Enhancement,"Your reactions and dexterity is incredible, and you’re excellent at dodging and returning fire with thrown weapons. You position yourself just so in fights, moving between daggers. It’s just a shame that there aren’t any really powerful things that you could use to return fire at range..."
400,I WILL Live Forever,A Will Eternal,Enhancement,"A cultivate needs something to chase after. A Dao that guides them along their path of cultivation. For some this could be the constant wish for more power, for them to stand at the very top of the pyramid. For others this could be the endless chase for eternal life. Whatever it is, as long as they follow it, they will never stop, never deter from their path. Their determination is unshakable. A determination that you share too. Provided you have your own Dao to follow, your determination will be as solid as the very earth beneath you. Even with eyes bloodshot and a body on the brink of collapse, you will just keep persevering."
400,Sovereign Arm,A Will Eternal,Enhancement,"You have fused one of your limbs with the intact remains of a mysterious powerful cultivator. Not much was left, but what was there has imbued your body with a sliver of their power. One of your limbs is one cultivation level higher than your current level, and will remain so as you progress. Its fleshy body power can be used as if you were at that level, and will be able to channel what spiritual energy you have more easily, and in greater quantities. This will not affect your general cultivation level."
400,Wild Devil Screaming at the Heavens,Against The Gods,Enhancement,"As things happen, you may end up undergoing a lot of things that would leave normal people with broken minds and crushed souls. Not you. You have boundless willpower, meaning you can keep yourself going through pain, terror or horror simply out of sheer stubbornness. It also helps you in quickly recovering from old trauma, letting you forget and/or move on unbelievably quickly. Also, you’re good at insulting people."
400,Adaptability,Tales Of Demons and Gods,Enhancement,"Under strenuous circumstances, your body will temporarily adapt to alleviate any damages you might receive. Someone blew fire in your face? Your skin will become resistant to fire. Someone shove you under the sea and let you soak there for three hours? Your body will use less oxygen, enough so that you can live.
This will not make you immune to anything, it will just provide a boost big enough to guarantee there are no irreversible damages. A strong enough attack directed at you can still kill."
400,He Who drew The Sword,Baki The Grappler,Enhancement,"You’ve been inches away from death, but although you were saved at the last second, you’ve become
a changed man. You’ve seized control over your body’s ability to produce adrenaline. In effect, this
allows you to enhance your physical abilities at your own discretion. You can effortlessly break
any and all Olympic records you please, with flawless precision and agility to match your brute
strength and speed. Your ability to enhance your physical capabilities are limited only by how much
strain your heart can bear."
400,Always Ready to Rumble,Baki The Grappler,Enhancement,"Retirement? What’s that, some kind of chokehold? Why would you ever stop doing what you love,
especially when the crowd loves you just as much? Or maybe they hate you. Doesn’t matter; the
moment you’re in front of a crowd, your wit, strength, speed, flexibility, etc. will be restored to the
point where they where at their prime in your life so far. This even goes as far as replenishing your
stamina, and obliterating minor injuries and pains, though nothing more serious than a slight fracture.
You’re always at your pinnacle when you’re in the spotlight, though only for the fight’s duration."
400,Mountain Climbing,Baki The Grappler,Enhancement,"Who’s ever heard of a sneak attack from a walking fortress of muscle like you? Well, I suppose the martial arts world has seen stranger sights. You’re fast, impossibly so. In boxing terms, you’re like a heavyweight with speed and grace like a fly- or straw-weight, without any loss in power, that’s a difference of 16 weight classes, and at least 100 pounds. No matter how massive or bulky your body, you’ll maintain a similar ratio of power to speed. You’re the type who could get the drop on a fighter half your size. If you train diligently, you can work your punches and kicks to the point that they hit too fast for the brain to even process."
400,Perfect Human Body,Baki The Grappler,Enhancement,"The human body is truly without limits, but by extension, that means true perfection is forever out
of reach. Still, you make for a convincing substitute. You’ve been gifted, or perhaps engineered, a
perfectly balanced body. The speed, flexibility, durability, strength, endurance in all of your muscles
are perfectly balanced for all areas of physical exertion. You can still make a concentrated effort
to strengthen certain specific muscles over others, but you’ll still find these five qualities perfectly
balanced in that part. When you do show priority to one muscle over the others, you’ll find that it takes roughly half as much effort to get the rest of your muscles up to speed with the outlier, if you felt so inclined."
400,There Was Nothing I Could not Cut,Baki: Son Of Ogre,Enhancement,"Flesh is relatively soft, but what about stone or metal? Your destructive might is disproportionately effective against inanimate objects. You can cleanly cut steel without denting your blade, squeeze coal into a diamond with sufficient superhuman strength, pierce through wood with just your fingers, etc. This doesn’t boost your effectiveness against living opponents, but what foe won’t be shocked to see their body armor torn like cloth, and their gun split in two in their hands."
400,The Cretaceous Man,Baki: Son Of Ogre,Enhancement,"You are someone who can call the likes of Dinosaurs your prey, and your rivals, and it shows. If it’s bite is weaker than a tyrannosaurus, you can survive it, if it flies slower than a pterodactyl, you can catch it, if it’s less sturdy than a triceratops, you can break it. An opponent who cannot rival or surpass the might of the monsters you’ve already felled can hardly challenge you. Of course, this hardly impacts a foe who relies on trickery, weapons, or techniques well beyond anything the Cretaceous period could muster."
400,The Kindest Game in the World,Baki: Son Of Ogre,Enhancement,"Some fight for themselves, some for those they hold dear. For those you who love you,
your displays of affection can push them to grow as a fighter by leaps and bounds,
transcending their original limits. This could be expressed through sexual interactions, but
what matters most is the feelings, so cuddling and the like may work just as well."
400,The Wall of Sound,Baki: Son Of Ogre,Enhancement,"Using your body as a weapon has its drawbacks. When using attacks that places immense
strain on your body, you’ll find it significantly easier to use on future attempts with a
negligible loss of power. An attack that completely destroyed your arm initially could
afterwards be used repeatedly at 80% power, and maybe 100% soon enough."
400,A Capricious Man You Are,Baki: Son Of Ogre,Enhancement,"Sometimes the simplest solution is the best. You are tough, impossibly so. Your bones are
like steel, and your muscles are dense enough to take buckshot with only a few scratches,
and your metabolism will instantly heal that with a single hearty meal. With just a little
practice, you can develop advanced muscle control."
400,The Whole of One is Half,Fog Hill of Five Elements,Enhancement,"I'm going to tell you something Jumper, the seal that keeps the three venerable demons locked up
must be constantly maintained with the energy of the elemental ambassadors, the ambassadors
that stay close to the seals constantly use half of their power to be able to maintain the seal, this
is why only the strongest are considered fit to be elemental ambassadors, only they have enough
power to be able to maintain the seal that contains the three venerable ones and fight to keep the
demons confined inside the mountain, what this allows you to do is quite simple, when you fight
using half your power it is the same when you fight using all your power, it does not make you
more powerful, but since the other half of your power is still there you can use it for whatever
you want like saving it for a second air that will surely surprise your enemies if that is not what
you want you can also use it to power some technique or gadget that would normally need to use
all your energy to work, because just like the 50% you use to fight that other 50% will also be
handled as if it was all your power, basically there are two of you fighting Jumper."
400,The Truest of Tributes,Baki: Son Of Ogre,Enhancement,"Bonds between fighters are a beautiful thing. Forming a close bond with someone will let
you learn their fighting style abnormally fast and merge it into your own. Transplanting
part of their body onto your own will result in no rejection or incongruity, and you’ll even
receive the original owner’s muscle memory through the transplant."
400,Dangerous Dragon,Saint Seiya: The Original Series,Enhancement,"The common way of fighting with Cosmo is
doing so while supplemented by the armor granted by the Gods (or replicas made by human
hands), but a certain desperation tactic involves one shedding their armor and burning a large
amount of Cosmo at once to unleash a final attack. This is along those lines, and you’ve
become an expert at it - you have a natural talent for channeling Cosmo into your physical form
and the power of your hand-to-hand strikes, letting you keep up with a skilled Saint in Bronze
Armor without any difficulty...perhaps even being able to catch a Gold Saint off guard, if you’re lucky."
400,Sagitarius’ Last Stand ,Saint Seiya Lost Canvas,Enhancement,"Are you letting them down ? Leaving the weaker behind you to their demise ? Not as long as you breath ! During a climatic battle against foes equal or stronger than you, when the stakes are too high, you can go on where many would have backed away, given up or died, ignoring pain and injuries as long as your soul shines and your cosmo burns. This doesn’t help you once it is over, and you may very well die for good once you beat him, but unless he literally pulverizes you, you won’t go down first. "
400,The Doorstep to Victory,Saint Seiya: Episode G,Enhancement,"That moment when you arrive at the doorstep of death, just a hair away from defeat and thus
destruction, that’s the point where your power really comes out to the fore. What your foes might
think is the beginning of the end is just one last chance for you to turn the tide. Whenever you’ve
been brought to the edge of defeat, you receive a large boost in overall power and skill to multiply
what you had before by two or even three times. If you are instead about to die, rather than just
mere defeat, this might be closer to ten times the normal boost. Be very careful when you utilise
this, as while the increase in power will not endanger you, using it to continue a fight could result in
your death as it will not heal you. If you manage to survive or even win, that increased power and
skill will fade away until it is needed once more."
400,"Ran Raw, Running Red",Saint Seiya: Episode G,Enhancement,"Muscles torn, bones splintered, eyes going hazy and yet your burning will has only gotten brighter.
No matter how grievously you’ve been injured or even if you’ve had parts taken out entirely, you’re
still able to fight at your very best until you drop unconscious entirely. Injuries and fatigue no longer
detract from your performance quality, in a fight or outside of it, though you will still take that
damage and exhaustion. If it becomes too much, you may just fall into a coma or die on the spot,
though even then your body won’t fall onto the ground if it was still standing. You’ll still be aware of
how tired and hurt you are, you just won’t be held back by it."
400,Holy Punishment,Saint Seiya: Episode G,Enhancement,"Sinners shall be punished in accordance to their crimes, so says the divine will. That your will is that
divine will makes little difference to your opponents, who now find that their sins against you and
your beliefs empower your blows against them. The worse a man has sinned against your personal
moral code, the more you find your attacks against them to become stronger and stronger. While
some foes that are already stronger than you may not see much difference, you yourself will find
that against great enough sinners, your attacks are several times stronger than they would normally be."
400,Wisteria Body,Demon Slayer,Enhancement,"What have you done to yourself? You’ve somehow infused every part of yourself with wisteria, something that is poisonous to demons, even the upper ranks. Your very blood would cause any demon that touches it to melt, your breath keeping the average demons away. Post-jump this can affect any demonic or evil creature, and if you are a demon taking this, it will instead count to any holy or orderly creatures."
400,Talent and Muscles,Demon Slayer,Enhancement,"Much like a certain Hashira you have a special constitution, your muscles being around eight times more dense than normal, giving you a significant increase in both strength and endurance without looking any different. Not only this, but you have a talent for breathing and fighting techniques, able to learn and train up about 5 times faster than you normally would."
400,Enhanced Strenght,Samurai Jack,Enhancement,You can lift man-sized rocks and punch through robots with your incredible strength.
400,Enhanced Speed,Samurai Jack,Enhancement,"Your natural movement speeds are enhanced, allowing you to sprint fast enough to keep up with speeding vehicles and react so quickly time will seem to slow down, giving you a few extra seconds to think or move."
400,Enhanced Flexibility,Samurai Jack,Enhancement,"Your body is more than just limber, it can flex and even compress or stretch well beyond normal human limits. Eat meals bigger than your head, fit through gaps a cat would reject and surprise your enemies when they think they’re safely out of your reach."
400,Enhanced Durability,Samurai Jack,Enhancement,"Mundane foes and weapons barely phase you anymore. You can easily shake of beatings from several men at once and hits from large weapons that would normally break bones will only leave you with minor injuries. You could probably even survive a small explosion that would turn most people into gore, however an attack like that would still leave you bloody and unconcious"
400,Hunter of Terrors,Joujuu Senjin Mushibugyo,Enhancement,"A Mushi is only a big insect at the end of the day, nothing but prey to your eyes. To help you
with such, this blessing will ensure that your gains are exponentially increased, tenfold for
your ‘normal’ training regimen and even more when you actually push yourself to your limits.
Of course, you also become far stronger when your fight and defeat strong opponents, the
more powerful they are, the gains will also be greater. Don’t be afraid, because here, those
who fight the hardest also win the most."
400,Imp,Okami,Enhancement,"You’re hard to kill, to the point you can be cut in half and spring back together
with no ill effects. Take too much damage, however, and you will still die."
400,Honed Vision,Ghost of Tsushima,Enhancement,"You have the eye now, piercing vision that can see what others miss
and may not notice. Let’s elaborate--you are now much more perceptive of your foes’
placement/position and your surroundings; you are an expert at discovering your opponents’
weak points and exploiting them to great effect. You can also apply this talent to your
surroundings and environment and even structures, making great use of both to gain the
advantage in virtually any scenario."
400,A Wolf Among Dogs,Samurai of Hyuga,Enhancement,"They call you uncouth, uncivilized, without mercy. Yet, it is you who knows the truth of this
world. To live is to take and you are very good at living. Your body has become lithe, capable of
surviving off meagre, uncooked scraps, yet still muscular enough to break the skulls of those
who get in your way. This feral nature of yours makes you unchained by mercy or morality,
letting you strike figurative and literal weak points instinctively and your movements in combat,
wild and undisciplined as they may be, are unpredictable to the traditionally trained eye giving
you a near insurmountable advantage against the trash that comprise a typical noble’s entourage."
400,"100 Push-ups, 100 Sit-ups, 100 Squats, and 10km Running",Scissor Seven,Enhancement,"By starting a workout routine for the first time and doing it persistently, all following
workout routines will give exactly the same progress. As such when training, your body
seems to go on auto-pilot with all negative sensations falling away, simply going through
the movements without any problems. This way if you repeat the same workout every
day, you’ll progress by the same amount every day. Although it’s a flat increase, your
body won’t have a hard limit on how strong it can get."
400,Remove Limiter,Scissor Seven,Enhancement,"You can remove either the time or range limitation. For powers where time or range is an inherent quality like Time Stopping or Area Perception where removing the limiter would make it into an overpowered ability, like perception of an area extending to the whole planet it would only be possible to either relax the limit by a bit, thus extending time/range by 5-10 times, or change aspects of it, like Time Stopping becoming useable on others, thus removing the limitation of only applying to oneself."
400,Sacrifice Play,Fights in Tight Spaces,Enhancement,"No pain, no gain applies to more than just exercise. You understand that
sometimes, you have to get injured to complete the mission. Firstly, this perk grants you the
willpower to work through pain. It doesn’t erase the pain, but allows you to maintain your focus
and keep moving and acting regardless of the pain you are in. Secondly, it amplifies the benefits
of ‘sacrifice plays’ you make during your fights. If you take a blow to land a blow, or throw a
punch hard enough to tear open an old wound or fracture a bone in your hand, the level of pain
and injury you have caused yourself will multiply the power of the attack that resulted from your
sacrifice. A small or temporary wound can cause a small boost, somewhere in the range of an
additional 10 to 20 percent or so. A larger or more long-lasting injury, such as a broken bone,
can multiply the result several times over, up to a couple orders of magnitude in power. Thirdly,
this power can allow you to deliberately cause wounds to yourself in the process of attacking,
allowing the second portion of the perk to kick in."
400,Prodigal User,Hanachirasu,Enhancement,"Techniques are, in the end, just forms and movements designed for certain situations in a battle. By themselves, they aren’t that impressive, no matter their level or reach. Any idiot could eventually get them by practicing. But real skill is needed for a technique to shine, to use flow of battle to force those forms into action. It’s not enough to wait for an opening, you must create the opening. That was engraved in your mind and body during training, making you excel at it.,"
400,Progression,Kenshi,Enhancement,"Just like in the game of Kenshi, all of your actions now level up stats associated with
them. This progression isn’t fast or even immediately noticeable, but the incremental progression adds up
more than you’d think over time. Think months and years rather than days and weeks. This effect stacks with
any natural learning and ability you already have."
400,Heavy Weapon Specialist,Kenshi,Enhancement,"While all Shek are quite strong, you’re something special. You’re a
heavy weapon specialist, able to swing a 40kg [Falling Star] sword without breaking proper form. You can
carry more weight, and the force behind your blows are especially meaty."
400,Limb Reinforcement,Kenshi,Enhancement,"Ordinarily, Hivers are notorious for being a relatively fragile species. One
wack from a sword will see their limbs flying off into the sky. Your limb’s bones, ligaments, and joints are now
reinforced, and will never be completely destroyed. Even if your arm gets chomped by an Elder Beak Thing, it
will remain attached to your body (although probably in a sorry state)."
400,Likfe-Like Model,Kenshi,Enhancement,"Your parts are now upgraded above the normal standard for skeletons. Your body is
sturdier and more efficient, and your head now has realistic moving parts for facial features and expressions.
From far away, you could pass as an oddly colored human, even. This upgrade applies to prosthetics and
cybernetics, upgrading their capabilities as well as making them appear more life-like. A human with a
prosthetic arm and this perk could easily pass as normal in the Holy Nation, but skeletons are still obviously
robotic up close."
400,Huge,Fist Of The North Star,Enhancement,"For some reason your body is naturally bigger than everyone else. It could be fat,
muscle, or you simply have a gigantic frame. Whatever the case is you now stand at between seven
and twenty feet tall with strength over twice what your monstrous size suggests."
400,Ki Recovery,Anima Beyond Fantasy,Enhancement,"You are inexhaustible, your strength returning in mere moments.
Your ki recharges unnaturally fast, permitting you to regain in seconds what others would take
minutes to restore. And remember, though the Church may imply otherwise, the power of Ki is
not the same thing as that of magic, such as Zeon. The arts are as different as night and day,
though the Church will hunt you the same."
400,Perfect Accumulation,Anima Beyond Fantasy,Enhancement,"The strength of Ki is increased by your harmony to the
world around you. No matter what action you take, it will not decrease the speed at which your
ki can be gathered for use in your techniques, and when standing still, it shall gather faster than
any other can claim."
400,Mental Efficiency,Anima Beyond Fantasy,Enhancement,"Your mind is honed, sharp as a blade. When you strain
yourself to strengthen a power, calling upon the mental potential that lies within your mind, your
powers will gain twice the strength they otherwise would."
400,Psychic Recovery,Anima Beyond Fantasy,Enhancement,"Though you may claim the power of the mind is unlimited, that
is not... quite true. You may be able to strike out all day long, but you have a limited ability to
enhance your mental blows. Most would recover that mental strength in hours: You recover it in mere seconds."
400,The Crow,Anima Beyond Fantasy,Enhancement,"A psychic crystal in your brain combined with a minor replacement of
your blood with a strange black fluid has given you increased strength, speed, and a talent for
psychic abilities, making them easier to advance, and increasing them all to a half more than
they would have otherwise been. Why Wissenschaft has not found you and called you back into
it’s fold, I dare not guess, nor how you can survive without black fluid or how your lifespan remains the same."
400,Roll With the Punches,Vinland Saga,Enhancement,"You can take one hell of a beating. You now understand how
to minimize damage to yourself when taking hits, to the point that getting punched in the face
over and over would see the guy hitting you in worse shape from exhaustion than you from the beating."
400,Carve Your Own Fate,Soul Calibur,Enhancement,"Across all of history, countless men and women have sought to take control of Soul
Edge and use the cursed sword for their own ends. None have succeeded, save for one, a
king whose name is lost to the sands of time. Now, you can consider yourself in the same
league as the nameless king, at least in regard to willpower. Thanks to your will, you are
immune to mental manipulation, whether it be through mind control, possession or any
other method.
You have also gained the ability to let any weapon work for you. If a weapon had a
restriction preventing you from using it, you can break past that restriction and the weapon
would work just as well in your hands as it would in the hands of its rightful owner. So long
as you can wield it in your hands, nothing can stop you from using it.
Your willpower also allows you to keep on going when others would fall. You will not
bend. You will not break. You will stand and fight no matter what. Let all others know that
you will carve your own fate!"
400,Wyrd Strenght,Darkstalkers,Enhancement,"Maybe you’re a mummy powered by magic, or your zombie muscles can’t feel pain. Regardless, this
perk greatly enhances your strength, speed and endurance. You can lift main battle tanks, and can punch or
claw holes through steel plate. Further­ while you can be injured from overexertion, you no longer feel sore or
debilitating pain from it­ you know when to stop, but pain won’t be what stops you."
400,Regeneration,Furi,Enhancement,"Your body repairs itself at a rapid pace when out of battle, requiring mere
minutes to restore itself to perfect condition. When in battle however, your body devotes most of
its energy to actively fighting, limiting this regeneration. As such, whenever you push your
adversary past a certain threshold of their own vitality, you will regain a third of your full vitality
instantly. The exact threshold depends on the opponent, with opponents possessing greater
overall volumes of vitality having more thresholds at smaller fractions of their health. If you have
the ""Parry"" perk, your body also regains a small amount of vitality with each perfectly blocked attack."
400,The Darkened Blade,Katanagatari,Enhancement,"A state of total zen is necessary for certain rarefied techniques. While you never managed to learn
from your teacher these specific techniques, you did take their meditation teachings to a level far
beyond what they themselves reached. You not only find it effortless to go into a state of total
calmness, you are also constantly in such a state of zen in regards to your combat abilities. You are
totally unreadable in battle. No matter how skilled the opponent or even if they have special abilities
to predict your attacks, every move you make is a total surprise. Even hours of fighting you will give
them no progress towards understanding your fighting style, not unless you purposefully drop out of
this state for them. Given that they cannot understand your attacks, this also renders it impossible
for them to copy or imitate them, at least from you directly."
400,The Unchained Beast,Katanagatari,Enhancement,"No matter how great you are or how vast your power, there’s always a limit to what you can handle
safely. A point where your body or spirit gives out even if your mind still wants to go on. This fixes
that and ensures that your form won’t ever fail you just because of the massive power you have. Your own power cannot harm or strain you, no matter how much you have of it. Even pushing
yourself beyond your own limits will only ever exhaust you instead of damage you or risk your life. The worst you’ll ever face is falling unconscious for a while at the end of a battle and there’ll never
be lasting complications or ongoing stress from dealing with all the power you have or the limits you
push yourself towards."
400,The Past Three Hundred Years,Katanagatari,Enhancement,"In the distant past, you performed a rite that allowed you to extend your own lifespan indefinitely, remaining in the prime of your youth eternally. You do not age past your prime anymore, having
become immortal in regards to old age and the passage of time. You also have the odd quirk of being
able to perfectly focus on a single task even over many centuries, such as taking vengeance on a
single person or serving a single family, whilst ignoring the mental ravages of time even you would
normally be subject to."
400,Skinwalker,Katanagatari,Enhancement,"It’s so much easier to get in close to the enemy when you look, talk and walk like their lover. You can
freely shape shift your physical form to any human shape with just a short but disturbing
transformation, complete with cracking and snapping sounds. Even changing your hair or size is
possible, so long as the end result is humanly possible. Or at least possible for whatever race you are
at the time. If you get a chance to see a specific person, you can even decide to turn into an exact
replica of them, down to the little quirks you can’t even see. Even the way they move or sound of
their voice can be perfectly copied, though you won’t gain any knowledge that they had."
400,Adaptation,Bloody Roar,Enhancement,"Beasts have had to adapt to many things, such as climate changes and environmental destruction. You reflect this ability to change, as your body not only unconsclously modifies itself to best suit the environment it's in within minutes, but your mind also switches gears to expect the unexpected from every turn in your environment. Coupled with this, you know how to use your environment against any opponent, be It in the middle of a street brawl or a battle of words and politics."
400,"The More Pure Yhe Steel, The Harder It Is",Blue Eye Samurai,Enhancement,"Your will is like iron, you have the dogged persistence to pursue your goals, pushing past injuries and setbacks to a ridiculous degree. You could be drowned, strangled, stabbed, smashed, tortured, drugged, and been far too close to explosions, and yet you’ll still get up and keep going.
This comes with a significant boost to your fighting prowess, and the ability to push aside your existing injuries while fighting. You might have been limping all the way there, yet still go jumping and swinging your sword the moment the fight starts, or catch a second wind.
Your injuries won't be as aggravated as they ought to be from this, it'll take a surprising amount of time to bleed out, and your chances of full recovery are great: if you survived and they didn’t outright slice off a limb or something, you’ll likely heal back to full.
Take care, however. Steel that is too pure is brittle."
400,Impurity In The Right Place Is A Quality,Blue Eye Samurai,Enhancement,"The lesson Mizu is still in the process of learning: focus is all well and good, but it blinds you,
and discarding everything about yourself for a goal makes you weaker, brittle. You no longer
suffer from this problem, no matter how infinite your willpower or persistence may be, you know
how to stop, to consider it’s enough, to look at a situation and understand when following this
drive is likely going to cause far more problems for you or everyone else than it’s worth, to keep
it from compromising your morals and identity unless it is something you actually desire, and
even if you did at one point, to be able to come back from this brink when you’d no longer want to."
400,Barbarian Instrincts,Conan,Enhancement,"Your senses are keen beyond any civilized man’s. You may not have a dog’s nose, but you can identify a man’s perfume after one meeting from several paces, even if to most people of civilization it’d be barely discernible even close up. You may not have a cat’s eyes, but you can see by the moon and stars well enough, and are able to fight and act in the night, and spot creatures in the shadows. Your senses may not truly match the greatest in the animal kingdom, but they do seem more keen than human, save for Conan’s own peerless sensory prowess.

These senses are especially finely tuned and receptive to potential dangers. Whether it’s sight, hearing, olfaction, or something else you pick up on the smallest signs of danger to you, and can assess them without conscious thought. This gives you practically inhuman situational awareness; if you were suddenly plunged in darkness you could fight almost as well as with the lights around you for at least a short time based off of extrapolation of where people would have been and likely responses.

But you are not limited to the normal senses of a human in this matter as you seem to possess something akin to a sixth sense for danger to your life. Wandering in utter darkness your gut would tell you of a pit before you stumbled into it, or warn you of a trap you might have sprung, and hunted by a lion you would feel its killing intent even should you somehow fail to hear or see it sneaking up behind you. Even an invisible and intangible intelligence could be felt by this keen sense, at least if it was malicious towards you. Needless to say this does much for your reflexes, and even if you were not consciously aware of danger, you can dodge nearly as well as if you were.

And this isn’t merely the danger of a drawn blade or a wild beast. You can get a feel for when a plot targeting you is afoot just as you can a beast that sees you as prey. Such plots may be a little harder to tell exactly how and when they will strike, but when danger is in the air you will know it, and be at least somewhat ready for it."
400,Tiger in Man's Flesh,Conan,Enhancement,"Yours is a body of steel-spring muscles. You may not have the keen mind of the Cimmerian hero, nor the talents of a born fighting-man, but you possess a physique that could be said to be his equal. Strong enough to split a good helmet in two with a single blow of your sword, coupled with the cat-like swiftness to blur the eye that tries to follow your movement. Compared to the weak men of the modern age you are faster, stronger, hardier, and tougher, a prime physical specimen among prime physical specimens. You could quickly choke out a massive, gorilla of a man, and easily overpower even men who would be considered impressively and excessively strong in pure physical mastery, all without reducing your speed and agility. And as strong as you are, your reflexes and reaction times may be more impressive, especially when coupled with such strength.

But strength and agility both pale compared to the vitality and endurance of the wilds. You can survive where civilized men would find only death. Your resistance to pain, blood loss, and injury seem almost inhuman, able to fight on even through wounds that would have brought strong warriors to unconsciousness or death through pain, shock, and blood loss. Your sheer ability to continue through wounds and injury is almost monstrous; crucified in a desert for a day, you would not only have the vitality needed to try and fight back against the buzzards with your teeth should one be so unwary as to approach your mouth, but if someone cut down the cross not only could you survive the impact of the wood against the ground, but once the stakes were removed from your hands you could use the same tool yourself to pry them from your feet.

Of course surviving wounds is useless if you cannot recover from them. While you won’t be regrowing lost appendages or organs, you do heal remarkably well. While you can scar, your scars are light for your wounds, and relatively clean. Your broken bones set surprisingly clean. In general, you seem to recover and heal much faster than an ordinary man and with fewer complications.

You are able to last longer without food, rest, or water as well. You could row a boat throughout the night without a break, or could go days without water in the desert sun, naked to its rays, and still have strength at the end to walk, run, and fight as if you were fresh as long as there is hope of life. While you may not have his tiger-like speed and strength, nor his strong-souled will, but you are a match for Conan himself when it comes to endurance and ability to survive physical hardships. This also reduces your general need for sleep, and makes you a light sleeper.

Should you be something other than human, you will be comparable to the norm of the species as Conan is to the normal man of the Hyborian Age."
400,Sorcerer's Spirit,Conan,Enhancement,"Epemitreus the Sage has been dead for fifteen hundred years, yet he still exists and can act upon the world, and other mages who deal in darker arts have managed to do similarly. As a first benefit you possess magics which can extend your corporeal life indefinitely, though it may be harder to extend your youth; the former you may be able to do in morally acceptable means, the latter you may expect to require the consumption of the life of others young and beautiful. Still these same magics will grant you an unnatural vitality, allowing you to survive wounds and suffering that would kill normal individuals. This won’t make it hurt less and this won’t make you function better while badly wounded, but you do not die easily and only the most grievous of wounds short of those which are instantly fatal may prove something that you cannot survive, and eventually heal from assuming a human could heal such an injury. But that is not the real purpose of this perk.

You are able to survive your bodily death for even if your flesh is slain your spirit will continue to exist in the Unseen world. In this state you can get a sense for portions of the world which was of great importance to you in your corporeal life, things like the nation you called home and protected, or perhaps your family, and with great effort you can reach into the dreams of the living and through them affect the material world through your magic and spiritual powers. This won’t save you from something that rends or destroys your spirit, merely your corporeal death.

If you seek power, though, you can grow the strength of this spiritual form with the worship of the living. This would require long and sustained years, centuries even potentially millennia, to have much noticeable effect. But the sacrifice of the living and other, dark, and horrible rites can speed this up significantly. With this power you could manifest your will in a semi-corporeal form in the waking world, and even act magically upon it with far greater ease potentially not needing a dreaming conduit. But this additional power will be lost if not sustained by the same acts which had fed it. With this power, and sufficient Sorcerous Might, it might even be possible to return to corporeal life."
400,The Dragon Advances,Cradle,Enhancement,"Cultivation requires a lot of things beyond raw resources.
Patience, willpower, spiritual determination, many other words for similar things. You've got it in
spades. Where most others would give up and attempt something easier, you'll bash your head
straight into the brick wall until you slam right through the barriers holding you back. Long nights
studying won't wear you down like they should, if anything they almost energize you. The same
can be said of training sessions of any other kind, especially if you're showing visible progress."
400,The Embarassing Truths,Cradle,Enhancement,"The higher tiers of advancement within Cradle's magics
require some deep introspection, and oftentimes those turn out to be some embarrassing
answers to seemingly simple questions. ""Why do I practice the sacred arts?"" leads to things like
""So I’m not worthless"" and other sappy thoughts. Some might find this sort of introspection to be
a roadblock to growing in strength. Not you. You never have to shy away from your true self
ever again. In later Jumps, you'll instantly know things like your True Name, your Soul's Nature,
your own reasonings behind everything you do. Here, you'll instantly know the answers to the
questions asked of the Lord Class to advance, and even the later tiers such as Sage and Herald are less difficult."
400,Dedication of The Student,Cradle,Enhancement,"All of the benefits that come from training, be it your mind,
spirit, or body, are not only doubled, but training your magic will make your body stronger, and
vis versa, though not at the same rate as if you'd been directly focusing on it. You can keep your
muscle mass even while doing nothing but sitting lotus position and cultivating, or do nothing but
body-weight exercises to maintain your magical strength."
400,Iron Guard,Mushoku Tensei,Enhancement,"Your childhood was a nightmare as you were often left in the woods to train to survive the wilderness and as a
result became perceptive of your surroundings. This grants you an incredible spatial awareness that you are
always aware of your surroundings allowing you to sense and locate people and monsters without using your
five senses. This also makes you skilled at luring or gaining your opponents attention and focusing their agro
towards you and leaving them vulnerable for your companions. When you are protecting someone, you know
where to position yourself, where you can defend them from every threat and intercept attacks meant for you or them even without looking at it."
400,Edgeless Blade,Thunderbolt Fantasy,Enhancement,"By channeling Ki throughout your meridians, you can accelerate your
body's healing process, allowing wounds that would heal in days to instead heal in
minutes. Poison, curses, diseases, and mundane sicknesses can easily be purged by
meditating and circulating your Ki. Should you choose to channel your Ki outwards and
into the weapon you wield in your hands, you could enhance your weapon to such an
extent that it could easily cleave through bone, steel, and demonic hides with ease.
When using this technique, even a mere stick would be strong enough to replicate these
effects, while a stronger weapon would easily be strong enough to pierce through the
defenses of a Demigod or a Demon King."
400,Ally Mind,Duel Monsters - Duel Terminal I,Enhancement,"One of the greater advances made thanks to study of the Worms was the usage of a new alien material in the construction of better computers. Normally, these would be installed inside Ally Minds that would then use Tuning to boost the processing power of other Allies of Justice... but this wonder material was directly used in your construction! Thanks to it, your thinking ability has jumped by a mile. Raw brainpower, deductive reasoning, thinking speed, memory retention, all of these and more have been increased a few times over thanks to your artificial brain’s vastly enhanced clock speed. Now you’re learning with power!"
400,The World is Swallowed Up in Chaos,Duel Monsters - Duel Terminal I,Enhancement,"Kyahahahahahaha! Reeeeeeeeeally!? Do they really think a strategy as lukewarm as that could ever take you down? Hahahaha, as if! You’ve spent centuries fighting and warring already, trying anything as droll as what a single lifetime’s experience in tactics can come up with is just insulting. They’d have to really shake things up to ever best your strategical and tactical skills, and even then, that’s just a reason to party! Getting impaled by some hero, cutting down their loved one, being thrown straight through a mountain by some epic spell, it’s the best! The pain just makes you and your powers excited for a good fight, causing others suffering takes away the fatigue building in you, and when the good guys use the power of friendship to finally reach your level? It feels like there’s a Goddess watching over you to make sure you have a good time, with how much harder your fists and swords and spells will be hitting! Sure, sure, you can still make the conscious decision to not get caught up in how fun it is to play the villain like that, but why would you? Bah, that’s just not fun. Not fun at all."
400,Dual Slasher,Duel Monsters - Duel Terminal II,Enhancement,"How... how dare they! Striking down your allies, your friends, your family! This is unforgivable! Those who dare to raise their hands against those important to you shall learn the folly of such idiocy. The more someone has harmed someone on your side, be they mere allies or true friends, the more you can hurt them. When striking them, your attacks and spells quicken, and you bypass small portions of their defenses, allowing you to cut them down like the trash they are. It would take a disgustingly impressive act of mass murder for someone to find you ignoring their protections entirely and attacking them hundreds of times where you previously could only strike once, but anyone who would do such a thing certainly deserves such a cruel death."
400,Twinkle,Duel Monsters - Duel Terminal II,Enhancement,"The light of the cluster that blessed you shines brighter, and can either grant you even more strength or empower those you choose. The former would allow you to assume a single form right out of legend similar to Ptolemy M7, increasing your strength as a Constellar thrice over and giving you a single ability capable of changing entire wars, such as the power to create massive fields that heal and strengthen the living. The latter would allow you to split its light to turn 13 others into lower-ranking Constellars. While you will need to rescind these blessings or return to your normal form to change what your stars are doing, you may do so simply by speaking to the night sky, as they shall now follow you from world to world."
400,Terminus,Duel Monsters - Duel Terminal II,Enhancement,"An infestation may end when it is purged, but it can also be deemed over when it becomes the status quo. Thus, there can be no hesitation. You will strike forward with all you have, and become the future all souls walk towards. When you commit to a battle or confrontation, this commitment will increase the efficacy of not just your own personal efforts but that of anything you put towards it. Burning through energy gathered over years in a single battle would see that energy grant you far more than it normally should. Marching all of your armies into a single battlefield would see them fighting with greater skill and power than they ever could have commanded alone. You might be left vulnerable after the dust settles, but if you chose the correct battle to fight like this, there won’t be anyone or anything left to stop you."
400,Azure Resolve,Duel Monsters - The Abyss,Enhancement,"As you may have noticed by now in the previous images of members of the Tri-Brigade, they all wield weapons that are powered by glowing blue energy and all wear blur scraps of cloth tied around themselves. Despite not sharing an origin, this has formed a rather distinct visual identity for the Tri-Brigade, a symbol of their resolve. This Perk has granted you some of the power of each part of this symbol.

Firstly, this Perk grants you the resolve of their deep blue cloth. It is a symbol of the Tri-Brigade, that despite their different tribes they all stand together to fight for what is right. This grants you and any of your allies an immunity to any supernatural fear effects, makes it significantly harder for morale to break in combat, and greatly assists in helping your allies keep their focus, soundness of mind, and not getting overwhelmed by the chaos of battle. Lastly, this passively reduces all in-fighting and prejudice in those around you, simply by existing in the general area. Naturally, you can turn any or all of this off or suppress it to a lower level at will.

Secondly, this Perk grants you the power of their bright blue energy that powers their weaponry. While originally, this was a power source that was simply used to power their weaponry, it was eventually found to suppress the abilities of the Stigmata, and eventually the Hole as well. This is now a power you have obtained as well. Now, you can imbue any of your items, weapons, or attacks with an Azure Glow / Coloration. While doing so, your attacks deal severe damage to, suppress any powers granted by or held by, and bypass all protections and defences on and from both Divine and Extra-Dimensional beings. No matter how beyond you they may think themselves to be, you will at last have a chance to strike them down."
400,Relentless,Kimetsu no Yaiba,Enhancement,"They'll try to knock you down, stomp you in the dirt, convince you you aren't cut out for the task set before you...but honestly? Whatever they might think your limits are, your will to fight on goes beyond your body's ability to fight, to the point where it will fix itself faster just to keep up. Only when you've been worn to the absolute end of your rope, with wounds that would truly be fatal to another person, do you relent, but you know you'll be able to get back up again. You have to, after all. In short, this increases your injury limit in proportion to your willpower, allowing those of strong heart to fight through toxins and wounds that leave lesser men gasping (just get treated afterward) and cutting your injury recovery by just enough to matter. With a week's rehabilitation, you can go from mortal injury to fighting form again."
400,A Sixth Fifth Sense,Kimetsu no Yaiba,Enhancement,"The Corps seems to attract individuals with unusually strong senses;
whether it be a sense of smell strong enough to track objects for miles, hearing that can listen to thoughts
or distinguish mortal from Demon by differing body rhythms, or touch that can detect a person's gaze
through nothing but air vibrations. You have a similarly strengthened sense of (choose one) hearing, smell,
sight, taste, or touch, allowing you to predict your opponent's attacks, distinguish between Demons and
humans, and intuit the intentions of those around you. Your choice of sense comes with an additional ability,
like Tanjiro's ""opening threads"" or Zenitsu's thought-hearing."
400,"Sleep Well, My Child",Kimetsu no Yaiba,Enhancement,"In a truly extraordinary turn, your mind is now so strong that your body has to
obey. Firstly, you can ""sleep off"" injuries, exhaustion, or even the need for sustenance, by going into a
coma-like state; a day's calories can be ignored with a full 8 hours rest, while otherwise mortal wounds
simply need a few weeks' of being fully out of it to heal. However, this is not the limit of your power - nay,
you could say it is the source, in a way. In combat, you have a somewhat sluggish form of regeneration, like
other demons, but yours is stronger, in that you grow a little tougher with each blow, a little stronger with
each recovery. This is a steadier, if admittedly slower, form of power increase than most demons have, but
it'll get the job done."
400,Rain of Steel,Sword & Sorcery,Enhancement,"The sing of a broadsword as it parts the air, the whistle of an arrow, these are sounds sweeter then
harps and lyres. You strike like lightning in battle, raining down blows faster then any other man
might keep pace. Where one warrior might land one blow you will land five, and should you be
surrounded you could almost duel each man at the same time such is your ferocity and swiftness.
This speed sacrifices none of your strength or skill, cleaving bone, and meat in twain with nary an
eye-blink for your foes to realize what's happened. Perhaps one day traveler they might speak of
you reaping men like wheat during the harvest."
400,A Real Weapon,Elric Saga,Enhancement,"The weak use many methods to empower themselves, and those born frail
and sickly might require such methods to sustain their very life. The mighty, too, are occasionally in
need of an extra source of power to increase the effectiveness of their efforts. You need no
magical drugs or restorative potions however, since whenever you’re in mortal danger and need
some additional fount of energy to draw upon, you can instead substitute whatever you would
usually require with the raw force of your affection for another person. The power of love itself will
course through your veins, granting you just enough energy to get out of your current predicament,
perhaps even exceeding your normal limits just a bit to do so. Not enough to perform acts
otherwise completely impossible for you, and some time will need to pass for it to happen again,
but nonetheless a testament to the might of human emotion. As a side effect to your unshakable
belief in the power of love, your mind is better at resisting supernatural influence as well, not easily
affected by things like madness-inducing spells or memory-erasing potions."
400,Waters of Life,Mad Max,Enhancement,"The liquid of life, Aqua Cola, Adam’s Ale, H2O. One of the
fundamental needs of every living thing left on this blasted earth. And it seems to have a restorative
effect on you, stranger, far more than normal. When you drink clean water, your wounds heal four times
faster, scars fade and broken bones knit in hours."
400,Top Dog,Mad Max,Enhancement,"You’re not some skinny war pup, destined to be crushed into paste,
no you’re a massive War Dog, over six feet tall and covered in corded muscle. You can use massive and
unwieldy weapons as though they were a tenth of their weight."
400,Nose for Danger,Primal,Enhancement,"You possess a sense for danger. Specifically an olfactory one. You seem to be able to smell danger on the wind. It’s relatively minor from mundane danger, but as long as you’re alert and not sleeping or overly relaxed it’ll give you a whiff of it to help warn you to prepare for battle. Supernatural danger seems to be give a more serious odor, as you seem to be able to smell it from much further away. This won’t tell you the precise nature, but it will give you at least an idea of the magnitude of supernatural dangers around you, and if they’re coming closer."
400,Extraordinary,Worldless,Enhancement,"Even within the same species, creatures can devise completely different survival
strategies. You have completely mastered one of your natural attributes or abilities
but have had to make a significant sacrifice in some other area. This can be applied to
any personal, non-meta, combat-relevant ability or attribute.

For 400 AP, you are simply a monster. Rather than excelling in a specific area, you
are all-around significantly larger and stronger than most creatures around you. You
couldn’t hope to be said in the same breath as the likes of Summum, but you can
consider yourself on the same level as The Demon, The Angel, Yin-Yang, or Duality.

Buying a higher tier of this doesn’t preclude you from making purchases of lower tiers
for any traits you haven’t already singled out with the 100 AP or 200 AP tiers."
400,Enlightened,Worldless,Enhancement,"Power and wisdom aren’t as far apart as one might expect. You find that the greater your power grows, the deeper secrets of the universe you intuitively grasp. You’ll be able to comprehend and grasp details of the true nature of the universe. Just look at Summum. His power somehow gave him wisdom of the general plans of THOSE FROM ABOVE, and the intelligence to emulate the telepathy of the Neutral beings. This only accounts for strength gained within a given jump."
400,"From Sickness, Strenght",Darkest Dungeon,Enhancement,"""Suffer not the lame horse, nor the broken man.”
When medicine fails true paragons find the strength to carry on through faith, and sheer willpower. As the bile flows, the blood boils; as the limbs shake, they become strong; as the mind falters, the heart strikes true! When disease wracks the body and mind, you’ll find yourself strengthening in other ways to face the adversity within and without. The common cold may provide paltry gains, but a leper could shed blood like rain with this using naught but a broken blade. Paradoxically, being strengthened in this way typically staves off death from illness- though not necessarily the suffering it causes. But even when insanity claims your mind, making you erratic, you tend to act more of than not in your best interests- and with more vigor, unhinged as it may be."
400,Savage Strenght,Darkest Dungeon,Enhancement,"“Anger is power- unleash it!”
The mercenaries gathered here have their tricks, powers, and steel to wield in battle; but few have command of their own raw brutality and as you do. The strength in your limbs in matched only by the ferocity in your heart as you charge into the enemy like a beast possessed, ripping and tearing through their lines. It would not be an exaggeration to say that you could cut a man in half with the right weapon. Such is the fire running through your veins that taking a moment to focus your rage would not only increase your precision, but also result in minor wounds, cuts, and even poisons disappearing; melting away in the depths of your wild rage. At this point, a scream from your throat could bring paralyzing terror even to the eldritch. The only downside is that entering such rages tends to tire the body, though this can be mitigated with time spent outside of battle."
400,A Step Beyond Death's Grasp,Kill 6 Billion Demons,Enhancement,"You have an extraordinary will and luck when it comes avoiding death. You always just barely make it. But that’s not all. For you, a brush with death is the kick in the ass needed to push you to the next level. Every time you come back from death’s door, you’re far stronger than you were before. At times physically, others mentally, and sometimes even spiritually. Who you were before your near-death pales to what you become after."
400,Enslaved by Emotion,Kill 6 Billion Demons,Enhancement,"Continuing the theme of truths, there is one truth above all that the Art is most sensitive to: the truth of
expression. By tapping into powerful emotions such as rage, sadness, or love, it increases the power
of your magic proportionally. The emotion in question can even change the nature of your spells such
as hate turning a healing spell to one that can cause cancer growths or compassion turning a water
spell into a salve of healing.
Over the course of a minute, you can dial-up or down the intensity of a single emotion you can
experience up to ten times or back to normal levels."
400,Speed Star!,Hajime no Ippo,Enhancement,"Through dedicated training, your footwork is honed to a razor's edge, accompanied by heightened reflexes and timing. You now have the potential and talent to ascend to the ranks of the fastest fighters in your weight class, with movements that, if properly honed, can be so swift they become a blur to most observers, leaving them struggling to keep up with your lightning-quick strikes and evasive maneuvers."
400,No Pain Trance!,Hajime no Ippo,Enhancement,"You often hear athletes talk about that special moment when the body is hyper-aware, everything slows down, and they know exactly what tto do at just the right moment. You have unlocked that state. For a moment, you can focus solely on defeating your opponent; everything grays out, everyone slows down, and people will see a glow in your eye. This state can help you land that one knockout blow or dodge a fight-ending punch. However, be warned: this state is taxing for the mind, so don’t use it recklessly. It takes the best fighters in this world considerable training to gain the power to switch it on and off."
400,Dynamite Punch!,Hajime no Ippo,Enhancement,"Your fists are akin to carved stone, possessing one of the most potent punches in your weight class. Despite lacking formal training, your natural punching power delivers impactful blows that catch opponents off guard. Your punches, even when blocked, carry a kinetic force that can still make others reel in pain. With enough experience, it might come to be known that your punches can be likened to a small explosion hitting their face due to the pain they inflict."
400,I Didn't Feel a Thing!,Hajime no Ippo,Enhancement,"For all the talk about how important technique and good footwork are in deciding fights, you know that the most crucial attribute for a fighter to have is guts, which you now possess in spades! You have an insanely high pain tolerance and a cast-iron jaw, able to take several of your opponent's best shots directly and get up with little issue, earning you a reputation as an incredibly tenacious fighter. Please note, however, that your body is made of more than just willpower; you might end up worse off faster than most people who take up the gloves if you get too comfortable."
400,Pure Brawler!,Hajime no Ippo,Enhancement,"Some people seem born for violence. While some fighters build up their strength through training, others rely on sheer instinct rather than technique to avoid and deal damage. You are now endowed with an animalistic sixth sense, turning you into a truly unpredictable fighter. You can throw strong and accurate punches from strange angles and predict your opponent’s moves, making you a formidable force in the ring."
400,Spirit Slap!,Hajime no Ippo,Enhancement,"Imagine this: in the late rounds, your fighter is exhausted and barely conscious after battling a formidable opponent. While a typical coach might consider throwing in the towel, you know a better way. With a quick, strong, and strategically painful slap to the back, you can reignite your fighter’s fighting spirit, giving them the energy they need to finish the remaining rounds. Their reaction to this unexpected motivation will depend on their personality."
400,The World Exists In Threes,Triune Scriptures,Enhancement,"Perfection is an ideal that many people struggle to reach. The perfect taste for your meal, the perfect
colors for your house, the perfect foundation for your cultivation. Most of them fall short. Even the
Golden Goddesses arguably do so as well, as they possess a mere one third of everything that exists.
To try and outdo them is an absurd thought. Cultivating one’s Mind, Body, and Soul in equal measure is
a painful and slow process, and yet... You seem to understand these paths to power in a way that
makes such a challenge seem trivial. Insights on the Mind flow easier and quicker, the elements
needed to empower your Soul are absorbed more efficiently, and your Body begins to learn techniques
from the simple act of watching them be used by someone else. Even for arts and crafts you have
never seen before, your skill with them is such that you would easily be assumed to have studied them
for three days before your first attempt - and perhaps gained thrice as much as a less absurd person
would have gleaned from that practice."
400,Destruction Is Its Own Reward,Triune Scriptures,Enhancement,"Not all Demons are Demonic cultivators. Not all Demonic cultivators are Demons. But as one might
expect, there is a level of overlap. When a Demon destroys something, they take part of it for
themselves. This method is the primary cultivation technique of Demonic cultivators. And naturally, as
a Demon, you may wield it. When you kill, a smidge of everything the dead never accomplished is
added to your own potential. When you raze a field, a tithe of all the growth that could have been
causes your own power to grow. You may even use this endless cycle of reckless destruction in place
of whatever cultivation you possess, trading endless hours of meditating on this or that for simply
crushing the object of your contemplation under your heel. Of course, it might be too dangerous to take
revenge yourself - in that case, you can also use this process to just make more demons. Make no
mistake, the world will be less for you doing this, but hey. If you die because you were too weak, it’s not
like the world will matter to you anymore now will it?"
400,Ouka,Manyuu Hikenchou,Enhancement,"Like the Manyuu’s most fearsome servant, your speed is unrivaled. Your attacks
fall so fast even skilled opponents will struggle to respond, and your reaction time makes
dodging their strikes almost trivial. Even your agility is bolstered by this perk, letting you easily
cut off an enemy’s escape or maneuver to a more advantageous position. No matter how your
abilities change, you’ll always be able to act with haste."
400,Get Up!,Real Steel,Enhancement,"Things you make are not only far more resilient and durable, with them being able to
take far more of a beating than before and continue working even with critical
damage, but also constantly fix themselves, returning to peak condition in 24 hours."
400,Big Guy,Tunic,Enhancement,"Most Rudelings are small, weak beings, though occasionally one would appear far
stronger than the others. It seems that you are built like one of those rare few. Perhaps
in an earlier age you would have been able to utilize your strength for more grand
combat and gain recognition to rise through the ranks.
The primary boon of this perk is that your physical abilities are greatly enhanced. You
are about twice the height of your contemporaries, granting you increased strength and
stamina. Additionally, you are notably harder to take down, taking quite a bit more punishment."
400,Walkthrough,Volgarr the Viking,Enhancement,"For any enemies you encounter it's like having a whole strategy guide in your mind,
containing all their special moves and usual tactics and how to best combat them (both in
general and with your current abilities). This is still general information, you would know that
taunting someone or using electricity against them could work but you wouldn’t know that
insulting their third cousin is the best way to go, and it doesn’t improve your own combat abilities."
400,ARMOR LOCK ARMOR LOCK ARMOR LOCK ARMOR L-,YOMI Hustle,Enhancement,"You have the ability to toggle hyper armor when you do an action. This lets you ignore any pain or damage taken while doing it, so long as it doesn't kill you. This has a pretty short cooldown."
400,Slow motion attacks,Ryse: Son of Rone,Enhancement,"Similar to the game, attacks come at you in slow motion. In a straight fight, unless the enemy is vastly stronger than you, making you unable to move fast enough, or they use a wide‑area attack, you are almost guaranteed to win since you can use this outside of executions unlike the game."
400,Berserker,Ryse: Son of Rone,Enhancement,"You are hard as hell to put down, you can ignore pain and are tanky as hell with sword strikes requiring multiple solid strikes to put you down. To be exact, you aren’t immortal, but if an attack doesn’t kill you instantly then you could still fight."
500,Jetstream,Metal Gear Rising: Revengeance,Enhancement,"It seems that you don’t need cybernetics to be strong just like a certain Brazillian samurai. Your physical abilities are enhanced to the point that you can fight off entire criminal organizations with just a sword and face off against a squad of soldiers. However, more powerful foes like Metal Gears and cyborgs will still be leagues ahead of you without aid.

Capstone Boosted: Or maybe not. Now your physical abilities have increased to the point that you could fight the likes of Raiden and Armstrong and have a good chance of winning. Just imagine how powerful you’ll be with cybernetics."
500,"Nanomachines, Son",Metal Gear Rising: Revengeance,Enhancement,"WHAT THE HELL ARE YOU? Why don’t they stick around and find out Jumper? You have now been injected with nanomachines that have enhanced your physical abilities to the point that advanced cyborgs like Raiden are nothing to you. Your nanomachines can also harden your body in response to physical trauma, increasing your durability to unimaginable levels although this does take time. And in the event that you are injured you can absorb energy from machines to heal yourself and in extreme cases reattach limbs. You also have the ability to superheat your nanomachines allowing you to create powerful explosive attacks and your newly upgraded heart acts as a nanomachine factory replenishing your supply of nanobots.

Capstone Boosted: Forget Raiden, not even Armstrong can keep up with you now with your abilities boosted to twice his full power. Your nanomachines require less time to harden your body and can stay hardened for an extended period of time. You can now launch blasts of heat from your hands and make your hardened body reactively explosive. You can also regenerate limbs instead of having to reattach them and require less energy to heal and use abilities. And should things get dicey you have access to your own version of Raiden’s Ripper Mode that boosts your abilities even further."
500,King of Creeps,Darkstalkers,Enhancement,"Monstrosity laughs at the concept of damage ­ With this perk, you gain the traditionally monstrous
quality of being able to endure ridiculous amounts of damage. You can weather dismemberment, and only lose
function of a given limb instead of a complete catastrophic injury.
This perk does not replace medical care, as zombies need to stitch themselves up, mummies re­wrap,
and vampires drink blood, etc. It does guarantee you’ll heal up perfectly though, with appropriate treatment."
500,Seal Guardian,Volgarr the Viking,Enhancement,"While your lifeforce isn’t tied to Fafnir’s tower-protections, you have somehow received a gift
similar to the other tower Guardians. Choose another perk you possess and have it
enhanced greatly by this perk, signifying you being gifted great strength, knowledge, special
powers or something else, look in the notes for examples (whatever you pick is supposed to
bring you to a “boss” level). Whatever you pick, you are also granted the capabilities needed
to rule a world of your own!"
600,Gifted of the Heaven-Blessed Body,Against The Gods,Enhancement,"One of the few things in the world that really
compares to having a True God Inheritance. And indeed, exceeds it. You have been blessed by the
heavens, with a body and cultivation possibility above and beyond what anyone else can imagine
having. You may pick one body from the following list per purchase: The Tyrannical Emperor’s Divine Veins, Nine Profound Exquisite Body, Heart of Snow Glazed Glass
If you want, you can also design your own separate body/mind instead, and have it be something equal to these."
600,The Tyrannical Emperor’s Divine Veins,Against The Gods,Enhancement,"Suited for highly aggressive, driven people, this gift bestows a body like that of the Primordial God of War on a mortal. Simply through your boundless aggression and ego, you are able to grow in leaps and bounds on the Profound Way. As soon as the veins are activated, an action that would take almost unmatched will to fight, extreme injuries for months on end and a limitless will, you are instantly propelled into the Tyrant realm, to be heralded by the world as an Overlord. From there your growth is similarly huge, allowing you to skip entire realms, but requires correspondingly more dire circumstances."
600,Nine Profound Exquisite Body,Against The Gods,Enhancement,"Your body is utterly exquisite and unmatched. You have a ‘small world’ inside you, which allows you to hold far more power within you than would otherwise be possible. Simply put, you can preserve your Profound Energy without needing to strain your Profound Veins, allowing you to perform techniques and measures requiring any level of Profound Cultivation without suffering the consequences anyone else would suffer in your place. The inner world in you can hold any quantities of energy of any and all kinds, and you can channel this energy without any damage to your body. But it doesn’t generate any energy by itself, requiring you to save it up."
600,Heart of Snow Glazed Glass,Against The Gods,Enhancement,"Your mind is extraordinary, allowing you to perfectly remember and
recall anything you have so much as seen or heard once, and your perception matches and
complements this perfectly. Not only are your natural senses massively boosted, you can also view
‘beyond the veil’, to see past even the greatest illusions and directly perceive and interact with the
‘laws’ of the world and see it as it really is, beyond what anyone else can.
This also gives you an extreme sensitivity to even the faintest concepts and skills, allowing you an
absolutely monstrous level of comprehension towards even the most complex ideas, codes or
patterns, allowing you to comprehend any and all techniques, whether or not you’re capable of
using them. Even techniques restricted to specific bloodlines or sects are open to you, although how
well you can use them depends on your other abilities.

Finally, you’re blessed by the heavens, meaning that you can instinctively sense danger in any
situation, and look into people’s hearts and see if they are good, evil or anywhere in between."
600,Body of the Reaction God,Against The Gods,Enhancement,"A very important way used to improve one’s strength and
abilities in this world is the use of herbs and medicines, and certain other substances such as
crystals and other supplements. Lesser known styles even use mystical aspects such as the Mystical
Yin or Yang of people, allowing for great benefits through sex.
You are especially fortunate in such things, possessing a body and soul that allows you to reap over
thrice the normal rewards from any such methods you use. Regardless of whether they affect your
body, soul or profound veins, the rewards are immense enough to leave even veteran experts
mind-boggled. At the same time, the harmful effects of any poisons or venoms you might have been
exposed to are entirely removed. Barring the absolute greatest threats like the Absolute God Slaying
Poison, nothing else holds a chance of affecting you."
600,Genius as Rare as Qilin Horns and Phoenix Feathers,Against The Gods,Enhancement,"To be the heir of a mighty clan, you must be a great genius like no other, even among the luminaries of your generation. You are undoubtedly one such figure.
Your rate of learning new things, techniques and ideas and even entirely new arts, is something
almost beyond imagining. You are a peerless genius, the kind of person who can master entire
martial styles, or new fields of magic or practice, in days, weeks at the most.
This doesn’t just affect your mind, either. Your body can keep up perfectly with everything your
mind learns, growing at an equal pace with every new insight you gain."
600,Full Confession,Katana Zero,Enhancement,"And even among the NULLs, there are those who stand
above everyone else; the Gammas. Trained and treated with Chronos since
childhood, the Gammas have few equals, and they push what is humanly possible to
such a degree that it can only be truly described as supernatural. Your combat skills
have been improved by an order of magnitude, at minimum allowing you to deflect
bullets, and your physicality has had a tremendous boost, in particular your agility.

The two NULLs who haven’t sustained a near-fatal head injury and amnesia have
shown that they can move so quickly they effectively teleport. The Dragon dashes a
good 10-20ft, even through lasers, with anything in that path being absolutely sliced
apart, while a NULL in the employ of Al-Qasim known as the Headhunter
just...teleports with absolutely no regard for ‘cooldowns’ or what not, while also
managing to do similar feats as the Dragon with her knife despite being practically in
Chronos withdrawal. SNOW might be able to go anywhere, but in combat a NULL
with this is nigh-unbeatable to anyone who isn’t a fellow Gamma.

Oh, and as an added bonus, any and all psychic abilities you may already have get a 3 times power boost."
600,Lightening Only Struck Me,Baki The Grappler,Enhancement,"The true limits of the human body, and the limits of human perception are lightyears apart. As proof,
you’ve come face to face with death, and unlocked the ability to control the release of endorphins,
allowing you to suppress your body’s warning signs with an intense natural high. This additionally
grants you inhuman kinesthetic vision and durability. As you push yourself to your limits time and
time again, you will find your body unveiling more and more of its secrets, perhaps your body will
adapt to execute your trained martial arts through pure reflex, or maybe you’ll gain control over
your own adrenaline, in the same fashion that you control your endorphins."
600,Dive Your Drive,Baki The Grappler,Enhancement,"If there’s such a thing as an unbreakable will, you’re as close as any human will likely get. Though
the body bears many built-in limits, you’ve found yourself able to shatter these limits through pure
bull-headedness. If your mind can bear the strain, your body will usually manage, to an extent. You
can hit with enough force to break your bones, force medical procedures to succeed through pure
refusal to die. Even the detrimental effects of overworking are just another wall to break through."
600,Violence Of A Buddha,Baki The Grappler,Enhancement,"Not every warrior has the privilege of potential. Some are blessed with natural might that makes
further improvement all but impossible, and yet, you refuse to be left behind. Instead of your body
or mind, some intangible, almost spiritual aspect of you is strengthened through battle. You are no
stronger, but your strikes hit harder, no smarter, but your words carry unfathomable wisdom, no
tougher, but the greatest swordsmen will struggle to cut your flesh. Even if your combat is no more
complex than caveman swinging their club, the profound purity of it will leave opponents in awe,
as if seeing the divine halo of a Buddha. This growth occurs regardless of your physical or mental
potential for growth, or lack thereof, but the extent of this refinement depends on the quantity,
duration, and brutality of your battles. After a single life-or death street fight, your fists that
formerly could only bruise will break bones with a few well-timed strikes. If you underwent
countless such battles, which pushed you near the limit of your mortality, and left you coated from
head to toe in scars, a single full-force punch would hold the might to destroy armored vehicles."
600,We Are Our Physique,Baki The Grappler,Enhancement,"You’ve reached a level of raw physical strength beyond what humanscshould be capable of. This can only be the result of a freak mutationcor human experimentation, or both. You could casually flip cars, or make grown men airborne with a slap. Your actual punches, on the other hand, are strong enough to be mistaken for, and arguably equal, grenade explosions. You’re tough enough to shrug off the same level of attacks you can dish out. This can also alter your height, making you either short enough to be mistaken for a child, or tall enough to be mistaken for a dinosaur. In the former case, you’re just as fast as you are strong, but making extensive use of your strength places agonizing, and potentially lethal strain on your body. In the latter case, you’re no faster than usual, but can make unlimited use of your strength. You may switch between the two between jumps. You can also choose either without the accompanying height change."
600,He Who Realised This Miracle,Baki: Son Of Ogre,Enhancement,"A selfish example you are, possessing both legs and arms of a champion. Henceforth, the
power of your arms will never fall behind that of your legs and vice versa, just as your
striking power will never fall behind your running speed and vice versa. Become the
greatest with one, and accomplishments in the other won’t be far behind."
600,The Divine Right of Kings,Baki: Son Of Ogre,Enhancement,"Who’s ever heard of a lion working out? At the start of a jump, you may choose to “front-
load” your strength. Which is to say, you’ll start with all the strength you would have
gotten over 10 years, though it’s not the absolute maximum growth you could reach. Do
note that your growth potential will be crippled for the remainder of that jump."
600,A Lover's Loyalty,Baki: Son Of Ogre,Enhancement,"Strength, technique, savagery, speed, whatever you’re just hurting yourself with all this
flirting. The fewer of these areas you devote yourself to, the greater your might and
growth in that area will grow proportionately. Singling out one area of combat at the
expense of everything else, will see exponential increases in that area."
600,"In for a Penny, In for a Pound of Flesh",Baki: Son Of Ogre,Enhancement,"Training? Guns? Numbers? All is for naut against true battle experience. You have no issue
taking on entire armed groups on your lonesome. The more you kill, the larger groups you
can take on, and the stronger individuals you can challenge. With a few wars under your
belt, taking on a small army or a stone-skinned monster is child’s play"
600,Scorpio's Flame,Saint Seiya: Lost Canvas,Enhancement,"The closer you are to dying, the less you have to lose, so… why hold back ? The longer you clash against the same enemy in one fight and the more you are hurt, the greater your strength will be. A short encounter where you scratch each other will yield a negligible difference, but a fight to the death that lasts for hours already might see your bodys and cosmo’s strength double or triple at times. It does nothing to help you recover though, and keep in mind you still have limits.

Capstone Boosted: Antares: When it comes to this level of stakes or desperation, you might as well give it all for it. You have the very special ability to empower one and only one of your attacks tremendously, so much so that when at the climax of a tiring battle it will have the strength of your prime, while at your prime it would let you surpass anything you’ve ever done. It however comes at the great cost of most of your life energy, a tiring process which, given the situation you’d have to be to rely on this… probably mean all you have left. For peace and victory, are you ready to give your life ?"
600,Number One,Saint Seia: Omega,Enhancement,"Congratulations, esteemed Palasite, for you have ascended to the pinnacle of your class. Whether you are classified as third, second, or first class, you now stand as the undisputed strongest among your peers. Your Cosmo power, strength, speed, and ferocity have surged to unprecedented levels, surpassing even the most formidable of your fellow Palasites by at least twofold. With this newfound power coursing through your veins, you are a force to be reckoned with on the battlefield, striking fear into the hearts of your enemies and commanding the respect of your allies."
600,Saintly Duty,Saint Seiya: Episode G,Enhancement,"A Saint’s duty is to protect all of mankind and they do so even beyond their normal limits. When you
find yourself directly protecting another person, your power will begin to increase and increase. The
more vulnerable the person or people you are protecting at that moment, the greater the increase
in power you’ll receive. A wounded comrade still able to fight would provide a noticeable leap in
power whilst a defenceless child being behind your back could let you leave gaping wounds in
people you couldn’t even scratch before. Those who have no need of protection will not increase
your power and once you have finished directly defending them, this increase will dissipate.
Protecting numerous people will give much less of an increase compared to the ‘quality’ of the one
in need. An entire orphanage would give only a small increase compared to what you would gain
from a single child."
600,Sealed Master,Saint Seiya: Episode G,Enhancement,"Most Saints have a few favourite techniques that they hone to perfection, rather than ranging
broadly with their cosmos they choose to focus it. The epitome of this ideal is the Sealed Technique.
An overwhelmingly powerful attack or technique that often comes with too much power to properly
control or with a danger to the user or their allies. You’re able to progress techniques or attack
moves that you know into this state. You may have one Sealed Technique at once, picking a
particular technique or move you know and massively empowering that technique, at least to the
upper level of what a Gold Saint can do if not higher if you are already beyond that level of power. In
return, that technique will take on drawbacks such as being near impossible to control, harming you
severely when activated or taking so much energy that it leaves you exhausted. With many long
hours of practicing with the technique, you can learn to train off these flaws. Once the technique has
had its flaws entirely removed or mastered, you may pick a new technique to make Sealed."
600,Martial Making,Saint Seiya: Episode G,Enhancement,"No technique is perfect when first created. Like any art form, it can always be improved with time
and experience. Coming back years later to your old techniques, the flaws and ways to improve it
become obvious, especially now that you have the means. You are able to reforge techniques to
become far stronger and even get rid of innate weaknesses or flaws by constantly using them in life
or death battles. Even when they should not become that much stronger, such as becoming better
without you putting in more energy, or when the flaws should not be things that you can train off,
such as a sacrificial attack needing you to sacrifice your own life, you can work through the suffering
and pain to reforge them into something much more powerful."
600,Raw Power,Saint Seiya: Episode G,Enhancement,"The shame and humiliation you felt when you were locked away by Zeus still burns in your heart.
The agony as you were tortured in the dark for millennia without ceasing has strengthened you, far
beyond any expectations. Your power grows over time as long as you are experiencing great pain, be
it physical pain or emotional. The greater the pain you feel, the more power you will gain. Your
cosmo will burn brighter, your body strengthen and solidify and even psychic powers grow mightier,
as the growth you receive stays with you even once you have dealt with the source of your agony."
600,Preying on Prey,Saint Seiya: Episode G,Enhancement,"The philosophy of the strong eating the weak is something you take into every serious battle you
enter. You take everything from those you kill or at least enough that most can’t tell the difference.
When you kill someone, you are able to take their raw power for your own and also include the
memories and skills along with that. While you do not get individual special abilities or traits of
being, you add just about everything else to your being and come out all the stronger for it. A
massed battle against you would only see you come out much stronger than before instead of tiring you at all."
600,Great Destroyer,Saint Seiya: Episode G,Enhancement,"It’s almost too much fun to watch a mortal lose all that hope they are so fond of gathering before
facing you. The realisation on their faces that they never had a chance? It’s worth all the effort it
takes to show them. Not that you need much effort. In fact, the more hopeful and filled with
determination that your foes are, the more powerful you yourself become. You are an embodiment
of the Great Destroyer, born to shatter their hopes and dreams. Against a single man with a flicker of
hope, you might not see any boost at all. But against a hundred warriors with hearts set aflame with
their eternal wills to never give up? You could take on small armies of people who would normally
just give you a hard fight on their own."
600,Demon Slayer Mark,Demon Slayer,Enhancement,"You have gained the symbol that proves that you really have reached the peak of demon slaying, the Demon Slayer Mark. This tattoo-like mark can appear anywhere on your body and will resemble the breathing style you practice(Or represents you if you don’t have a breathing style). This comes with quite a few abilities, the first and most prominent being a boost in your physical abilities and reaction speed, multiplying them to the point that you can go toe to toe with upper moons. The second is the Red Blade, you can cause the blade of your weapons to burn scarlet, making it so they gain increased sharpness and slow down any regeneration so that wounds would take several times longer and more energy to heal. The third is the Transparent World, allowing you to perceive other living beings as if they were transparent, only being able to see the inner workings of their bodies. Most notably, users are able to perceive the flow of blood, breathing, muscular contractions and joint movements of the creature they are looking at allowing you to predict their moves. The Transparent World can also erase one's presence from the battlefield, making their battle spirit, intent or emotions completely undetectable. Finally, the marks themselves increase your talent and skill when it comes to breathing and fighting techniques, allowing you to use them at a higher level than you normally would be able to. And as you’re buying this with CP, they will not shorten your lifespan.

Blessed by the Sun God: You did not awaken with the Demon Slayer Mark, you were born with it. Ever since you were young you have been stronger than most, and you only grew stronger over time. Because the mark is so deeply engraved into your body, it has undergone a change from the normal version, making you even stronger than it would make others along with a great increase in talent. Your Transparent World has gotten to the point where you can see individual blood vessels and sickness in people while also slowing the world down even more along with your thought processing being even faster. Most importantly, your Red Blade is much more potent, not only causing wounds to heal at a snail's pace for those with extremely fast regeneration and taking even more energy, but the wounds will continue to burn long after they have been healed, which will always leave nasty scars. Finally, those you train with will slowly be able to awaken their own marks, though only the first version."
600,Prodigal Genius,Samurai of Hyuga,Mundane Talent,"It truly is a shame for one such as yourself to possess such a brilliant mind. Whether it is
philosophy, politics, the arts or more grounded disciplines, you could become the greatest in
any field with enough dedication. The greatest swordsman in all of Hyuga, past and present,
would have a hard time avoiding running out of material to teach you and it wouldn’t take long to
equal his lifetime of experience with moves you came up with whilst idling."
600,Indomitable Will,Samurai Jack,Enhancement,"No matter what happens, no matter what misfortunes you suffer, you’ll always be able to find a way to carry on and complete your goals. You can endure excessive amounts psychological stress, shrug off depression, and overcome negative emotions like anger or sadness."
600,Berserk Rage,Samurai Jack,Enhancement,"Whenever you’re pissed off enough you can channel your fury to enhance your physical abilities. You’ll be temporarily stronger, tougher, faster and less vulnerable to pain, but you’ll have almost no control over actions until the target of your anger is gone."
600,Regeneration,Samurai Jack,Enhancement,"Your wounds heal at an accelerated rate. You’ll see cuts and other minor injuries disappear in a few seconds, witness broken bones, scars, and burs repair themselves after only a few hours, and see lost limbs regrow over the course of a few days."
600,[善变] Forged in Agony,Nine Sols,Enhancement,"Though a wasteland, the Jie Kingdom had great mineral wealth, and would have conquered Penglai if not foiled by the Fangshi Guild. One of their greatest technological advances, however, was the field of Transmutation - a science with which you are intimately familiar. Endowed with an astounding capability to endure and accept biological modification of all kinds, you have been subjected to the Crucibles many times and emerged... better, than you were before. You boast physical strength and resilience far above the normal limits for your kind. Furthermore, your ordeals have made pain a familiar companion, to be embraced rather than avoided. Instead of debilitating you, pain only invigorates you, sharpening your perceptions and waking your passion for the fight.

""Endure what others can't, for heroes are forged in agony."""
600,The Shatter of Universal Endings,Swords,Enhancement,"Ever since birth, you have been gifted with endless potential in all acts of destruction.
Especially combat involving the use of swords as its tools of destruction. With a great teacher, you will be able to quickly fast forward your combat proficiency to the point of surpassing your master in skill in just a few months. This aptitude for destruction gets overclocked the closer to your own demise you are and can unlock the ability to add the souls and power of all those you kill to your own soul"
600,Research & Devastation,Ghost of Tsushima,Enhancement,"When it comes to dissecting and analyzing others
specialties and secrets you are pretty much unrivalled. You are now able to witness any skill,
technique, method, tactic and technology and replicate its effects for your own usage, this
process will take some time and effort respective to how advanced and/or complex it is.
Moreover, you excel at combining these in different yet beneficial ways, improving upon what
you’ve learned (or stolen) to create new skills, techniques, technology and so forth that can at
the very least rival their sources and even eventually surpass them.

+Legendary Status: You now possess a superior physique above any mere human, strong enough to
shoulder-check a galloping horse and swing heavy and two-handed weapons in one hand and
hit enough force and strength to cleave through body sections and armor. You now also
carry with you a primal like force of personality enabling you to easily intimidate and even
instill fear into your foes with just your presence, this also lends itself well when negotiating
with others and converting others to your side. Additionally, you can choose to become one
of the Khan’s closer relatives similar to Khotun Khan granting you a higher rank and
matching prestige within the Mongol Invasion Force as well as the Empire itself. Lastly, you
are now adept at analyzing, comprehending and reverse-engineering advanced, alien, and
even esoteric techniques, skillsets, and technologies—let nothing be out of your reach."
600,"There are no bad powers, only bad power users",Scissor Seven,Enhancement,"Your creativity in how you use your power evolves, your power also becomes more
accommodating, as long as it’s theoretically possible for your power to achieve, you’ll be
able to someday use it in such a way. The rate it grows in sheer power stays the same and
it starts as weak as a Basic Ability, instead versatility is heavily increased and hard
limiters are removed. Although it will take a long while for anything difficult, like
controlling plants via water manipulation, it will become possible in time."
600,Need for Speed,Hanachirasu,Enhancement,"The two first openings in a duel are when you’re taken by surprise and when you
are committed to attack and thus aren’t thinking of defense. Those do not apply
to you. Not a supernatural happenstance, either, but a natural result of your
speed and honed instincts. Those two work together to let you immediately react
to attacks, even those that you don’t perceive directly. A preprogrammed
response. However, you must remember that if you opponent is fast enough, no
defense will save you from the cold steel of his blade. Be cautious."
600,Inorganic Regen,Kenshi,Enhancement,"Normally, all damage skeletons suffer must be repaired with special tools or at a
skeleton repair bed. For you however, your robotic parts slowly self-repair. This occurs much slower than an
organic race would naturally heal, but it’s much better than nothing. If you’re not a skeleton, this still applies to
any inorganic prosthetics or cybernetics you have. A near-completely destroyed arm would take more than a
week to fully recover."
600,Willpower,Fist Of The North Star,Enhancement,"You are the heir to a long, proud lineage of warriors and have gone through
grueling training to reach this point. You managed to get this far, overcoming any hardships life threw
at you because you have an indomitable will. Your will can let you withstand any pain or push on in
the face of certain death. You don't need a reason to do something besides your own desires, but such a
will can drive you even in the most hopeless of situations and only grows stronger if you have someone
to fight for. If there is someone you love at stake, you can bring yourself to go through with options
you would never consider, even to the bitter end if it means their happiness. You can even get up after
death to keep fighting for a brief time if you just need a little longer, but don't think you can cheat death with this."
600,Mighty,Anima Beyond Fantasy,Enhancement,"Your skills are mighty indeed, enough that few would dare to challenge you. A warrior has often mastered their
offense and a defense. Mentalists can potentially use, if not use well, near any second tier ability, while
mages have mastered a second path of magic and a branch of metamagic. Further, warriors may have
learned one of the Greater Ars Magnus or an Advanced Martial Art, while mages who focus on
summoning can incarnate as near any hero or invoke any Arcana lower in tier than that of Strength."
600,Multitasking,Cradle,Mundane Talent,"Need to juggle ten different expenditures of focus and magic at once,
and you don't have a second consciousness doing half the work for you? You might as well,
now. You can split up your mind to do up to twelve different things at once, even something as
complex as rapid-forging a piece of new equipment together mid-battle in a field of stabilizing
magic while also making sure your project isn't going to get shot before it's complete by weaving
out of the way of projectiles and explosives becomes almost effortless."
600,The Stranger,Furi,Enhancement,"You are enhanced, with a base movement speed of 73 kph and a resting
heart rate of 8 bpm. You are stronger, tougher, and more durable than normal humans. Even
using very simplistic weapons and attacks, you could bring down enemies that have spent a
lifetime training to keep you in a cage. You can also survive in an exoatmospheric environment
without any sort of protective equipment. If taken with Regeneration, this becomes a kind of
extra life, allowing you to revive twice after having your vitality fully depleted. If you want to, you
can choose to have your hair turn white and your skin brown when you purchase this perk."
600,Desperation Phase,Furi,Enhancement,"When your back is against the wall and your health is running low,
you can unleash an all-out attack. Your firing speed and attack speed increase by an order of
magnitude, allowing you to fill the battlefield with bullets or rain down countless blows upon your
foes. Despite being so close to death, exhaustion has no meaning to you during this attack,
allowing you to dish out your most powerful abilities regardless of how they should tax your
reserves. However, this attack can only last so long, a full sixty seconds in its current state, and
it will be unusable until your health rises above its activation threshold. Should you drop below
that threshold again in the same battle though, you will be free to unleash your Desperation Phase once again."
600,Wild Red Beast,Katanagatari,Enhancement,"You’re a beast, a genuine killing machine. A combination of sheer natural talent and a lifetime of
hellish training has turned you into a monster in combat. You’ve got enough raw physical strength to
split a castle in two with one blow and enough speed to leave multiple afterimages. You’re a master
martial artist and capable of going toe to toe with some of the best warriors this land has to offer. But you can go even higher still than this. By sacrificing your defence and losing all care to protecting
yourself, you can increase your offensive power to staggering heights, several times your normal
power. Be careful not to get hit, since your defence really does drop to near nothing in this time."
600,Bloody Samurai,Katanagatari,Enhancement,"It’d be nice if all battles between swordsmen ended in single strokes but all too often, they turn into
bloody slogs against each other. Too used to such things, you found a way to make it tip to your
advantage in these situations. By causing harm to yourself on purpose by your own hand, you can
greatly increase the power and speed afforded to you and your attacks. The greater the wound you
deal yourself, the greater the boost you’ll find yourself given. A broken finger could give you a
noticeable boost but it wouldn’t break any banks, whilst a paper cut would be barely noticeable. Crippling an arm could see you double in might while bringing yourself to the verge of death allows
you to crush opponents that could have crushed you at your best. While these self-wounds will
endanger you and only continue to give their effects whilst the wounds stay, they will also not slow
you down or negatively impact your performance until the battle is done. There is the risk of making
the wounds worse but at least you won’t lose out in skill in return for that added power and speed."
600,Master Smuggler,Blue Eye Samurai,Enhancement,"There’s smuggling a few very illegal guns past the noses of the authorities with the quiet
permission of the Shogun, and there’s getting an army worth of rifles past every attempt at
interception from people who know the land, have all the local contacts, and know the location,
time and date of them, all organized from the comfort of a gilded prison where your every move is watched.

Fowler’s inventiveness when it came to smuggling and combat never failed to take his foes by
surprise, and now you have them too, you have a physique at least as strong as his, and his
sheer inventiveness to use anything and everything in your environment to win.

This Perk enhances the other Perks of this tree, if you have Commerce, Tea... or ...Flesh,
Opium, Guns, the scale you can operate now extends all the way to the other side of the world,
and your skill increases to let you run circles around local players. And if you have To While
Away The Hours, you now have his quick mind too, the ability to look at a tattoo and swiftly
deduce whom Mizu had killed already, figure out her gender and where she came from from the
sound of her bones breaking, or know just what to say to fast talk his way out of being killed."
600,Keen Mind,Conan,Enhancement,"A barbarian survives on their wits as much as their body. You may not
be a genius when it comes to science, math, or sorcery, but you are no dullard. Your mind
is keen, and you think quickly, able to easily adapt to changing circumstances, and create
plans based on things happening around you. And while your mind is not particularly
attuned to the higher sciences or math, you do absorb information with relative ease, able
to learn the ins and outs of a society within weeks, and learn new practical skills at a rate
many times faster than an ordinary person. You could master almost every art of war,
battle, and adventure over the course of a life... and still learn to perform the dance of
politics after a lifetime as a vagabond warrior. This increased learning speed does not,
however, apply to higher maths and sciences, purely academic information and
knowledge, or the arts of magic."
600,Immortality,Mushoku Tensei,Enhancement,"Like those members of the demon race, you somehow managed to gain their form of immortality to yourself. This gives you agelessness allowing you to live for eternity without showing any signs of growing old past your prime. If you’re way past it then you would be returned to your prime. This also grants extremely powerful regeneration, so long as a portion of your body remains it would allow you to almost instantly regenerate in complete health and the lost parts, small cuts or fatal wounds would be healed instantly fast enough that you won’t even notice that you've been wounded. By default your children and their descendants  also gain this version of Immortality and you also gain an ability to give other people this Immortality. Post- Jump should you die, whether by having your body completely vaporized or your soul being destroyed or any other way, you would be revived instantly to the nearest safest location or in your warehouse, though your age would reset to the minimum of seven years old, this only happens once per jump and every ten years post-chain."
600,Ki Warrior,Thunderbolt Fantasy,Enhancement,"You can channel your Ki outside of your body and around yourself in a
massive aura consisting of runes and mandalas. While you’re in this state, all your
abilities are exponentially increased in raw power. Your reflexes and movement speed
are supersonic and a casual sword slash while in this form would be enough to create
shockwaves capable of destroying your surroundings, while a charged Ki Blast in this
form would be strong enough to rend buildings, topple mountains, and part oceans of water."
600,Catastor,Duel Monsters - Duel Terminal I,Enhancement,"The Allies of Justice are meant to eradicate the Worm menace and save the world. But what if something else attacked? Can we really just sit and hope our weapons won’t be needed? That’s foolish. Whether you’re heralding a new initiative, or are someone’s secret weapon, you’re capable of destroying much more than the Worm. See, abilities you hold that target specific types of entities... hit a lot more than you’d expect. It won’t be as effective or efficient compared to the output you’d get against the properly favored enemy, but you’ll still be getting boosts. Generally speaking, the closer they are to the actual target, the better it’ll do. Something completely different in every way would only be affected about a eighth of what the real deal is, to give you a benchmark. Still, you should probably keep this hidden unless its usage is necessary. People are already getting scared by the Ally of Justice researchers seriously thinking about incorporating Worms into their design methodology."
600,R-Genex,Duel Monsters - Duel Terminal I,Enhancement,"Stagnation is death. Even for entities as complacent as the Genex, this is an accepted fact. If one does not fight, one will not survive. Therefore, you will fight. If you can not overcome your current opponent, you will imagine the you that can do so, and become that person. Your body is not simple inert steel moved by technology. Rails, gears, pistons, springs, they are not simply there to move you in predetermined ways according to your mind. Every part of your body can change and warp, reconfiguring itself and moving to other sections of your body, all for the purpose of evolution. If you need some way to fire at opponents from far away to survive, then your body will change as much as it needs to in order to give you that capability. If you need to become tougher in order to survive, your body will warp and convulse as steel platings move to the outer areas and are reinforced through desperate chemical treatments in order to make you tough enough to live. Still, there are changes too large to be done in time, or simply impossible with the way your body currently functions. After a certain point, you might find you’ve hit the pinnacle of your current functioning, and the only way past is to introduce new factors into your body through others means. But once you break that wall, you’ll be back on track towards supremacy."
600,Zirconia,Duel Monsters - Duel Terminal II,Enhancement,"Power... sometimes, power is all that matters. You don’t need healing if you can destroy the enemy before you are harmed. You don’t need teleportation if you can reach the enemy anywhere in the planet. You don’t need precision if you can destroy the very country the enemy stands upon. At will, you may enter or exit a special transformed state. This state converts all powers you have into raw strength, durability, and speed. A fire ability capable of burning down a forest in one blast would give you the physical strength needed to break a forest in one punch, to give you an example. Unlike what a normal Gem-Knight could achieve with solo Fusion, this state has no risks or side effects."
600,Ecology 666,Duel Monsters - Duel Terminal II,Enhancement,"Steelswarm advance and evolve through cannibalism, devouring their brethren to increase and refine the Evilswarm inside them, gaining more and more power. They do not shy away from devouring others, either, but without the delicious wickedness inside their meal’s agony is worthless for more than pleasure. However, you are no normal Steelswarm. Skin them. Tear them. Devour them, and laugh as they desperately try to escape the only thing they were ever fit to do. Your body has adapted, gaining the ability to integrate the powers and energies of those you devour into your being. Those on this world’s surface might cry in fear upon seeing the Steelswarm dreck you’ve judged beneath your palate, but the true nightmare has yet to begin."
600,Champion's Spoils,Duel Monsters - The Abyss,Enhancement,"While the Springans may not enjoy fighting, they are certainly willing to do so. On the other hand, the Therions were literally made to fight and the Sprights do love it. This Perk is taking more from the Therion and Spright side of things, although it does still work with the Springans. Just like how the Therions take the parts of their defeated opponents and use their parts and abilities as your own, you now gain a similar ability. Now, whenever you defeat an enemy, lethally or otherwise, you will permanently gain a portion of their powers, traits, and/or body parts. This will generally be the most distinctive parts about them, and even if you do defeat someone non-lethally, you cannot just infinitely beat them over and over again to get stronger. It must be different each time. All of these will mesh perfectly together, even if it makes no sense, and will be perfectly integrated into yourself. If there are usually drawbacks or negatives associated with any of those, any passive ones are eliminated and any that would occur when actively using that powers, traits, and/or body parts are significantly reduced. If any of these don't mesh with your existence, such as physical body effects when you're an Elemental, you can apply it to an item you possess instead, such as a Robot you are residing in. Lastly, you can suppress any or all of the powers, traits, and/or body parts you have obtained at will, in case you didn't want some of them or don't want to be a chimera of near-infinite traits, powers, and body parts, either literally or just visually. To be clear, while the Therions may literally pick up fallen parts and plug it in, you don't need to do that. You can if you really want, but my default you just grow / obtain your
own version."
600,Tuning Potential,Duel Monsters - The Abyss,Enhancement,"Ultimately, the power of the Swordsoul is to awaken and refine the power that already exists deep within every person. By taking this Perk, you obtain the ability to do so yourself. Now, with some focus, effort, physical content, and consent, you are able to near-instantly awaken the potential within others. This could be something like unlocking new abilities, techniques, and/or attributes and/or helping them enhance existing ones. This can also allow them to gain universal access to abilities, techniques, and/or attributes they would normally only have through some other item, outside power, or technique. If this normal method of accessing their power has drawbacks or complications, like a Stigmata, this Perk also allows you to completely and permanently  remove any influence and connection between the one you are helping and that other thing. Otherwise, they can use that method to now reach even higher heights. And, of course, they can always train to further these enhancements. Unlocking their potential in this way doesn't mean they can't grow further, after all.

However, it isn't just in others that you can awaken potential in. This process described above automatically happens to you automatically, now and whenever you enter a new Jump. Additionally, you can resonate with your Sword of the Soul Item (should you possess it) with a second or two of focus. While in this state, the power of both yourself and your sword is increased by 50%, but you cannot maintain this state indefinitely. Upon a certain level of exhaustion or losing focus, this state will dissipate. Additionally, you gain access to a less. . . standard form of increasing your power. You can tune your own existence to that of someone else, and then transfer some level of power between the two of you. With this, the amount of power that can be transferred is related to how well the two of you are attuned. If done consensually, this is a temporary process that will allow you to enhance your allies or have them lend you their power. However, it is also possible to rip the power out of others and permanently add it to your own. That being said, utilizing it in this way will have consequences, such as permanent and drastic alterations to your physical and mental states, and as such this is very much not recommended. You can see one example of this below, if you want a visual indicator of what abusing this power can cause."
600,Double Attack,Brütal Legend,Enhancement,"Humans need to work together. And with friends like yours, you can achieve new heights... if you're willing to give them a lift. Simply put, you can perform powerful moves and combo attacks by grabbing a buddy. Have him hop on your shoulders and recite Braveheart and Conan for a huge morale boost, form a headbanging mosh pit that tramples nearly anything in its path, or let a lady use your head as a mobile sniper's perch. Teamwork makes the dream work, and it's much easier with your head in the clouds."
600,Demon Slayer Crest,Kimetsu no Yaiba,Enhancement,"At the zenith of a Demon Slayer's power, in one of the most intense
battles of their life, they may awaken a power not seen since the creator of the Breath of the Sun, the
original Slayer fighting style: the Demon Slayer Crest, a scar-like marking on your face or neck which
stylistically matches your fighting style. Simply possessing the mark puts your strength, agility, and
endurance in line with the strongest of the Upper Moons, making you one of the most formidable Slayers in
the Corps bar none. Additionally, you can see beneath the skin to the blood flow, joints, and muscles of
those around you, granting you the keenest of insight into their movements, and the world seems to slow
down around you, allowing you to react to attacks the instant your opponent's body begins to follow
through. Lastly, you can ignite your weapon with a blazing crimson aura. While not literal fire, this glow is an
amazingly powerful tool against creatures with regenerative properties because it substantially slows their
regeneration down; enemies which would regrow limbs in seconds take five times as long to repair damage
done by such attacks. All aspects of this perk - the appearance of the mark, the increased physical abilities,
the ""see-through world,"" and the crimson blade - can be toggled individually. Also, some people might think
that bearing the Demon Slayer Crest shortens your lifespan; this is false. Taking this Perk will not
negatively affect your lifespan."
600,Conqueror of Jotun,Jotun,Enhancement,"“The bigger they are, the harder they fall” is a maxim you could live by, as your own attacks become more powerful the more massive a target is in comparison to you. A normal human might hit a giant hard enough to make it reel back, but stabbing a jotun with a kitchen knife would leave a wound as though made by a sword instead of a dagger."
600,Resistance,Sundered,Enhancement,"Throughout your travels you are likely to encounter items that will grant you quick access to power. Some possess a will that tries to tempt you, and others simply being an item of great use. Either way, when you reject these shortcuts to power, your potential grows. Your basic abilities’ growth ceiling will be pushed a little to allow more growth to make up for passing up the item. Rarely, you will even discover new supplementary skills for forgoing these items. This additional growth and skills will disappear if you return to claim the item that granted the growth or use it later, however."
600,Embracement,Sundered,Enhancement,"While a twisted form awaits most those who are suddenly infused with eldritch energy, it isn’t the only way it can go. You are an example of this. With the combination of acclimation to a number of smaller infusions and the guidance of a patron, your form, while still vastly improved in power and granting new abilities like your lesser brethren, remains largely the same shape as it was before. You possess far greater physical and magical prowess than you did previously and you can choose to change your constituent matter into something else, even esoteric options like shadow or mana are allowed. You may choose a patron that guided this transformation, and in this jump and future jumps, that patron or those that share their name will treat you as one of their favored, whenever your paths cross."
600,The Heart of Man,Sword & Sorcery,Enhancement,"How many roads have you walked down only to continue on? The dust of the road has seen you
through many places traveler. An experience which seems to have left its mark upon you. You may
look upon societies and cultures with both the innate familiarity of their people, and the keen eye
of an outsider. Much greater than the sum of its parts, this skill lets you gaze upon them and see
all the virtues, flaws, strengths, and weaknesses of such things. More keenly this allows you to put
such things in perspective with yourself. To see who you are in relation to those around you and
accept that influence which is good, and to reject that which would lessen you. Look and learn
before you continue on wanderer. For you gaze upon humanity with new eyes."
600,Feet Like Wings,Sword & Sorcery,Enhancement,"While the heavens may be beyond the reach of all but the wings of birds you come closer than
any other man. You possess an inhuman balance and agility that lets you run, spring, and
practically dance where any other man would be plummeting screaming to his death merely from
trying to stand. You can leap, climb, and run along the walls and roofs of ancient temples and
sorcerer’s lairs, sprint across thin ropes, duck and dodge spears and spikes from ancient traps, and
do it all with a smile on your face. It would be easier to believe that you actually could fly. Even
the birds seem to look upon you with envy."
600,Bane and Breaker,Sword & Sorcery,Enhancement,"The wheel has yet to turn fully from the days when legends are made flesh. When faced with truly
incredible foes such as monsters, demons, or merely entire hosts of other warriors your might and
martial prowess seems to be magnified by your force of will to enable feats that should be
impossible. The adamant scales of dragons might still be sundered by the bite of your blade, the
mighty tendrils of a kraken might find their grip wrestled open by mortal thews, and a hundred or
more might fall at your feet before you begin to feel the fatigue. Should your courage and martial
spirit burn bright enough there is little indeed that you couldn’t overcome with nothing more than
the steel in your hand, the strength of your limbs, and the fire in your heart. Let the world bring
forth wonders and terrors that you might carve your legend from their flesh."
600,Fury,Mad Max,Enhancement,"I see the rage inside you, friend, bubbling beneath the skin, just waiting to
be unleashed. You can enter a state of controlled rage that strengthens your melee attacks and
enhances your reaction speed. The longer your uninterrupted combos go, the more damage you deal."
600,Primal Theory,Primal,Enhancement,"We are not so dissimilar than the primitive man whence we came. Of course we have multiple layers masking out our true inner selves. The uniforms of society, education in its highest forms, lavish indulgences. We have evolved beyond creation’s expectations. But under the right circumstances, facing a primeval threat, our evolution will revert back to its savage, primal form fighting for survival at the very cost of our humanity. Or at least yours will.

When you are actively fighting and struggling for your life against an immediate and deathly danger, such as a killer on the loose slaughtering your friends with you somewhere on the list, you will find that you become faster, stronger, tougher, hardier, and more brutally effective in battle. This is not a sudden immediate shift, but instead as the threat remains you will continuously grow, more and more primally powerful. You could be an aged man well past the bloom of his youth and manhood, and who was too peaceful and civilized to aim a gun at a man without shaking such that it’d miss, to being able to outspeed a man who could dodge bullets, and overpower him even if his strength was just as impressive, across the length of a battle were you to survive long enough and this might not be the height of your increasing power. There’s probably some limit, but a normal, civilized man could see himself killing the most physically powerful apex predators the world has known if the battle lasted long enough, and that’s from a normal man. Your enemies are best advised to end you quickly.

Once the danger is passed, though, you will quickly revert to your normal capabilities, and require building up to your full might once again."
600,Primal Warrior,Primal,Enhancement,"You are fit. As in killing prehistoric macrofauna with a spear fit. With nothing more than a spear and rocks from the ground you could fight many of the greatest creatures the world has ever known. But this isn’t a matter of stealth, and cunning. This is a matter of sheer, physical prowess. You can throw a spear hard enough to sink it deep into a tyrannosaurus or with a particularly good throw pass it through its torso completely, or break such a beast’s tooth with your hands and stab it deep into its flesh. This provides you with a similar level of toughness, letting you survive blows from such beasts.

This comes with combat instincts matching your power. You might not know the ‘proper’ way to box or some martial art, but you know how to beat a foe to death with your fists, how to take a rock and bring it in for a kill, and how to fight against the most fearsome predators the Earth ever produced. You’ve got the reflexes and reaction speed so you’re not just taking blows helplessly from a t-rex but can dodge as well, and have enough ability in battle to cut down slews of normal men should they try to fight you."
600,Must Be the Folds,For Honor,Enhancement,"Wait, wait, wait. Katanas aren’t meant to cut through armor. How the hell are you doing that? Well, it seems so long as the level of protection isn’t too great, your weapons will always find some purchase. Short swords will hurt a warrior in full plate and even arrows will punch through more armor. You won’t kill a Space Marine with a kitchen knife, but you’ll scratch the paint a LOT worse than he was expecting."
600,Summum,Worldless,Enhancement,"Even within the same species, creatures can devise completely different survival strategies. You have completely mastered one of your natural attributes or abilities but have had to make a significant sacrifice in some other area. This can be applied to any personal, non-meta, combat-relevant ability or attribute.

For 600 AP, you are the only being who could dare call Summum an equal. Your raw physical and mystical might make it impossible for all but the strongest beings to put up a fight against. Not just that, you share his ability to fly vast distances and track down a specific being’s energy signature from miles away. Even your Ping is so strong that it can bring most enemies around you to their knees.

Buying a higher tier of this doesn’t preclude you from making purchases of lower tiers for any traits you haven’t already singled out with the 100 AP or 200 AP tiers."
600,Dragon of Throne,Kill 6 Billion Demons,Enhancement,"You have been enlightened by the luster of gold. By hoarding your wealth, you grow in power. For the sake of scaling, having a net worth of a million dollars allows you to operate at peak human capacity and every ten times over a million doubles your power. I.e., having a net worth of a billion, you would be peak human multiplied by 24 To help with this, you gain affinity for revenue. What that means is: if it is to pursue profits, your intelligence and charisma will skyrocket. You can devise grand strategies to drive an economic system to personally enrich you and the sheer weight of your presence can tip any negotiation to your favor."
600,A Monster Alongside Monsters,Hajime no Ippo,Enhancement,"Deep within you lies a drive—a drive to be the one who stands atop the mountain of this sport, turning yourself into a champion who obliterates everything in your path, both in the ring and out, aiming to become the boxing champion of the whole damn world. This inborn ambition unlocks the focus needed to ascend to the realm of the greatest fighters. Your body becomes naturally suited for boxing, with your strength, speed, and technique improving rapidly at a seemingly infinite rate, making you a ruthless, unstoppable force destined to have a championship belt around your shoulders one day, regardless of your coach's quality. However, this rapid growth comes at a cost: as you win and keep winning, you lose an essential part of your humanity as you fully realize yourself as a monster. Your empathy deteriorates, replaced by a slow-growing arrogance, causing you to see everything as mere obstacles to your goals. Over time, the crowd and those once close to you may begin to resent or even hate you, leaving you an isolated figure despite your monumental success. But I suppose it doesn't matter compared to being seen as the best of the best to ever walk the ring."
600,Old Spirit,Good Hunting,Enhancement,"While a fox spirit might naturally grow more powerful with age you have the ability to apply
this process to any other supernatural species you become a part of. All your racial abilities
will increase with time, becoming stronger for each day you’ve counted yourself as one of
them (though only time spent in their form counts towards this). While the areas your species
focus on experience the greatest rate of growth, your basic physical abilities will also
increase over time (at a slower rate). Your appearance might change as well, a fox spirit’s
hide slowly turning from white to gold for example."
600,Berserker Rage,Manyuu Hikenchou,Enhancement,"Doomed be those who harm a man’s love. Like a certain unassuming
noble, you have a vengeful passion inside of you that can be harnessed to devastating effect.
Once a day, when something or someone you truly care about is threatened, you may enter a
state of unstoppable fury. In this condition your martial prowess overflows, allowing you to take
on a hundred opponents single-handedly. But beware the tunnel vision that accompanies this
power. Once you release the beast inside, it will not rest until those that threatened your beloved
are thoroughly vanquished."
800,The King of Iron Fist,Tekken,Enhancement,"You are truly worthy of the title. Your strength is incredible and will too
fight unwavering. When pushed to your limits you could match even Devils! Pain won’t stop you and
the art of Combat comes to you as natural as breathing. Ancient Masters will look like amateurs in
front of you. Your Ki is so powerful it could manifest in Lightning surging through your body and your
Aura is strong enough to be seen radiating of your body. Your Soul is so tenacious you could even
survive attacks meant to directly destroy it. Now go and claim your title!"
800,Focus,Jade Empire,Enhancement,"Not many learn how to use their minds so sharply during the heat of a battle, but for you, in the midst of
a chaotic brawl, time seems to slow down. Your breathing steadies and you move with speed most
would consider impossible. The smarter you are, the more pronounced this skill becomes.
Unfortunately, this is an incredibly mentally taxing exercise"
800,Dreadguy,Duel Monsters - The Heroes,Enhancement,"You are strong. Too strong. How can someone like this exist? Each sinew and muscle in your body is like an industrial power tool in terms of sheer power. Buildings barely count as obstacles to you, and even the greatest of bunkers can’t hold you for more than a few seconds. This is before you even use your true power, the strange ability known as Predator of Dreadnought. At any time, you may choose up to four nearby allies. So long as they are within your general vicinity, such as the same battlefield or city district, your physical strength increases by theirs. This does not confer any associated durability, but whatever mechanism allows for you to do this in the first place also allows you to directly add your physical strength to your physical durability."
800,Adaptability,Generic Wuxia,Enhancement,"Most martial arts are designed for a very specific circumstance; standard humans facing
standard humans. You, however, have the ability to adapt to when that situation is not
true. You can continue to use your forms despite being encased in inches of powered
armor, or being shaped like a dragon, or being a dragon in power armor. Further, you can
adapt joint locks, nerve strikes, and other attacks that target a human anatomy to beings
with a very different structure. You also are incredibly quick to adapt to new styles of
martial arts; within a few hours, you can pick up the basics of a new school, and just a
few days of hard training can make you a master."