CP Cost,Name,Jumpdoc,Chapter,Description
Free,Basic Weaponry,Katana Zero,Armory,"Whatever this is, it’s something. A gun (with replenishing
ammo), an axe, whatever. ‘Long as it isn’t too big, don’t go asking for a damn
minigun, but LMGs are your maximum here. If it’s broken, it’ll return to you within a day."
Free,HF Wooden Sword,Metal Gear Rising: Revengeance,Armory,"This is less a weapon and more of a blunt stick. You won’t be
dealing much damage to enemies unless you’re trying to be non-lethal. And if you are
trying to kill them you're gonna have to bludgeon them for a while. Useless against armored foes."
Free,Weapon,Fog Hill of Five Elements,Armory,"There is no martial artist without a weapon, or well, in some cases, for free you can get normal weapons like the sword of Jiao Wei or the spear of Shan Zi. Don't expect a weapon of legends, but it will be tough and won't let you down in combat."
Free,Bronze-Tier Armor,Saint Seiya: The Original Series,Armory,"This is the level your armor begins at, and will remain unless you take steps
to somehow upgrade it. Either akin to or being an actual Bronze Cloth, the armor is fairly light
and covers mainly vitals or individual limbs in small pieces, allowing for fairly easy movement
even with the bare minimum awareness of Cosmo. Some of these armors come with a simple
but powerful weapon - a (nearly) indestructible buckler-sized shield, a pair of sentient chains
that act as powerful offense and defense, and others along those lines - though their utility tends
to be limited."
Free,Bronze Grade Cloth,Saint Seiya: Lost Canvas,Armory,"Lightest and most fragile armors, mostly worn by the weaker cosmo users, though any normal human would still find its effect amazing. They cover the feet, forelegs, hands, forearms, shoulders, head bands, waist, and some vitals like the heart, but still don’t cover all the body. Anyone awakened to cosmo could use one, making such a user able to shatter stone, move and fight at mach1, and take equally powerful hits. Some have thematic items to supplement them, such as Andromeda’s chains or Dragon’s shield."
Free,Bronze,Saint Seiya: Omega,Armory,"This armor is better than steel level, as it has been given better enhancements
and power. However, it is far from the strongest armor out there.the armor is fairly
light and covers mainly vitals or individual limbs in small pieces, allowing for fairly
easy movement even with the bare minimum awareness of Cosmo."
Free,Armour,Saint Seiya: Episode G,Armory,"It’d be too strange if you didn’t pick up the very mark of your being. The magical armour used by the
most powerful factions of these worlds, be they the Cloths of the Saints or the Soma gifted to the
Titans. Whichever you are, you have received one of these as a birthright or as a mark of your
progress.
These armours act as multipliers for the power of the one wearing it and whilst the higher powered
armours require a certain amount of base power to use, they will never lose their use even if you
have ascended far beyond their normal level of wielder. They often even have unique abilities to
them, though you may need to discover these for yourself with practice.
As a Saint, especially one of the Gold class, you have received a Gold Cloth. This may be one of your
own specifications or a replica of an existing Gold Cloth. You may summon the armour, in full or in
its accompanying storage box, to you at any time. If it is broken, unlike normal, it will slowly repair
itself over time until it is back to being good as new.
If you are a Titan, you instead receive one of the Soma. Taking the form, at first, of a variety of pitch
black weapons, the Soma are in fact shape shifting artefacts that can change between weapon and
armour form, as well as significantly alter their shape in either state naturally too. A Soma is just as
strong as a Gold Cloth and even tougher to break than one too. As with the Gold Cloth, you may take
a replica of an existing Soma or design your own.
You may import an existing armour into this option if you desire for no added cost."
Free,Steel Weapon,Thunderbolt Fantasy,Armory,"A steel weapon of your choice. This weapon is unremarkable save for the fact that it won’t chip, break, or degrade over time."
Free,Sword of the Soul,Duel Monsters - The Abyss,Armory,"This is the titular Swordsoul of the Swordsoul Group. It is a Sword literally born from your soul and made of Icejade. As such, it is the highest quality of weapon you can find anywhere. It can have any shape you wish, including physics defying ones like being a whip-sword whose parts levitate without any connecting pieces, but it must still be a sword. This sword has an Elemental Ability of some kind and which element is your choice, and will amplify the power of any technique using it by 50%. Additionally, this sword will grow in power alongside you and your possessions, to the point where it will always be the most powerful and effective weapon you could be using at any point, and you can Dismiss and Summon this Sword at will. You can import any of your existing weapons into this if you desire.

Requires ""Wyrm's Form"" to Purchase"
Free,Crossbow,Mad Max,Armory,For free you get a choice between a full sized single shot crossbow or a smaller handbow. You also get a quiver of 20 bolts that respawn every day.
Free,Personal Weapon,For Honor,Armory,"You have a signature weapon that you’ll probably come to be known to use. Pikes, swords, maces, whatever medieval weapon tickles your fancy. I would suggest that this weapon be the same one that you picked to have skills for in your Class, if you don’t already have a weapon to use instead. Has to be plain in design.

Further Purchases cost 100 CP"
Free,Personal Armor,For Honor,Armory,"One suit of medieval armor largely up to your specifications, coming right up. It has to relate to your Background, but other than that you can use what you wish. It can only have a modest amount of prettying up, though. No crazy engravings or designs

Further Purchases cost 100 CP"
Free,Apprentice Equipment,Darkest Dungeon,Armory,"A weapon or two, and some sort of armor. This can be anything from a simple sword, to some sort of arcane implement; plate mail, or a pair of robes. Cracked, rusted, they are nonetheless sturdy enough to constitute the bare minimum of what is necessary for an adventurer. Bullets, arrows, and even grenades will never seem to run out when you carry this weapon."
Free,Starting Gear,Volgarr the Viking,Armory,"Some weapons on your journey, provided to you for Free from the armory of Odin (though
not really his best stuff). All are finely made but ordinary:
A steel blade and a wooden shield, a pair of daggers and a brutal-looking cudgel."
Free,Weapon,YOMI Hustle,Armory,"You need a weapon, of course. Unless you want to fight hand-to-hand that is, which I respect. You can get one generic weapon. Nothing specific, just something simple like ""sword"" or ""mace."" As a rule of thumb, if it's more than one word, it's off limits."
50,Mantra Prayer Wheel,Asura's Wrath,Armory,"This device lets you detect the ambient levels of mantra as well as its primary association. It can also
direct you to greater sources of mantra (usually communities). If it is lost or destroyed, a replacement
appears in the Warehouse. You also have the schematics."
50,Static Charges,Samurai Jack,Armory,Small magnetic grenades that can fry electronics and shock living enemies.
50,Throwing Knives,Samurai Jack,Armory,Twelve easily concealable steel blades that can be thrown and recovered with relative ease. They can also be used as conventional knives.
50,Combat Essentials,Live A Live,Armory,"A nice carry bag filled to the brim with bullets, shurikens, food,
batteries, bandages and other consumable items that tend to be somewhat useful in combat. No
special ammunition and such, but it refills automatically when it runs out of something.
Guaranteed to stay with you even through Select-A-Live."
50,Flame-throwing Staff,Ranma 1/2,Armory,"An old amazon treasure in the form of a staff with the head carved to look like a dragon. Acts as a flamethrower. Can only be used a few times without resting, or it will melt and break."
50,Lame,Swords,Armory,"These swords are those which are considered to be lame even by sword
enthusiasts. Examples being Sock Sword, Toe Nail Cutter, Sci-angle, kitchen sword,
and other swords in that category."
50,Arms and Armour,Anima Beyond Fantasy,Armory,"Traveler, did you think I would make you set out
on your own? The lords of this realm charge far too much for weapons, afraid of uprisings and
bandits, and many such things. A single weapon of good quality, and armor to match... take
them, and beware, for the world is not safe for one such as you."
50,Trash Can Mech,Samurai 7,Armory,"This is a small mech shaped like a giant trash can. It’s only a
little larger than a human, being shaped like a giant trash can a human can sit in. Besides
its main cylinder and lid, it does possess a pair of stubby legs that it can walk on, and a
pair of longer arms which can wield the large, cleaver-like sword it comes equipped with.
Its greatest value is probably its ability to fly. It’s not super fast, no faster than a human,
but it is a flying, piloted machine capable of wielding weapons.
Each additional purchase of this item triples the number of these so-called mechs you receive."
50,Mi-Go Shield,Sundered,Armory,"Upgraded for 50 CP, this will in addition to absorbing damage, reflect some of the damage back onto your enemies.

Requires ""Deflecting Shield"" to Purchase"
50,Prewar Crossbow,Mad Max,Armory,"For 50 GT you get a prewar version that can fire multiple times in a row without being recocked and has a 5 shot magazine, either way you get a quiver of 20 bolts that respawn every day."
50,Knuckle Dusters,Mad Max,Armory,"A pair of metal reinforced gloves that protect your fists all the way up to the elbow, great for unarmed brawling."
50,Melee Weapon,Mad Max,Armory,"A blade on a stick, a baseball bat with nails, a giant wrench, or just something to beat the brains out of any annoyances that cross your path. Pick a melee weapon of your choice per purchase."
50,Pipe Shotgun,Mad Max,Armory,A single barrel 12 gauge break action shotgun made from scrap. While very reliable it lacks the precision engineering to get the most out of its shells.
50,Thirstcutter,Mad Max,Armory,"Fast and agile like the night lizard, sharp as the chrome sliver of the crescent moon,
she cuts through the jugular of any and all, spraying those who thirst with glorious crimson."
50,Sword,Primal,Armory,"This is a sword of bronze age or early iron age construction and design.
Despite that it won’t break easily, it won’t dull easily, and is of the finest craftsmanship of
the age, and the bronze or steel used for it is of the highest quality, comparing favorably
to modern spring steel, and always sturdy enough for you to use it as a weapon. It is also
surprisingly easy to use. Basic proficiency seems almost intuitive, a caveman could pick
it up and instantly understand how to use it in a fight, which given how swords became
status symbols in part because unlike spears and axes you can’t do that with them, it’s a
distinctly not sword-like ability. As you become more skilled this will become less
important, but it will still always be somewhat lighter and easier to use in your hands. It
will repair and maintain itself over time if you manage to chip the blade or dull it, and if
destroyed or lost will be quickly replaced."
50,Spear,Primal,Armory,"While not unbreakable, this spear is far sturdier than it should be, and
will never dull or chip, and not break from use as a weapon, and generally require clear
and deliberate action to break it or a truly great strain – don’t try and prop up a skyscraper
with it, but you could probably prop up a dinosaur despite it being a relatively thin stick.
It is easily thrown, seeming to fly a bit further and straighter when thrown, and it feels
natural in your hand being somewhat easier for you to wield than another spear would be.
It will maintain and repair itself when not in use, and will be replaced soon if lost or destroyed."
50,"""Dane"" Axe",Primal,Armory,"This is a long handled axe. The shaft could be used as a quarterstaff. The head is not really that of a Dane axe, being longer, and heavier, a great, cleaver-like blade. It won’t break easily, it won’t dull easily, and is of the finest craftsmanship of the age, and the bronze or steel used for it is of the highest quality, comparing favorably to modern spring steel, and always sturdy enough for you to use it as a weapon. The weight of its head seems to be less of an issue than it should be, allowing you to easily swing it about as if it was near weightless, despite the heavy blows that its head can bring down. This axe seems to be a natural fit for your hand in general, being easier to wield for you than other similar axes; even if you’re strong enough that the weight is irrelevant. It will repair and maintain itself over time if you manage to chip the blade or dull it, and if destroyed or lost will be quickly replaced."
50,Basic Weapon,Generic Wuxia,Armory,"You have a well-maintained but simple weapon, such as a spear, an axe, or a jian."
50,Poison,Generic Wuxia,Armory,"You have 25 doses of an extremely dangerous poison. It may kill people, knock them
out, or paralyze them, according to dosage, and is strangely flexible in its delivery, usable
both by injection or wound and administered orally. While there is an antidote, you have
only 2 doses, and it could be difficult to gather the ingredients to get more."
50,Iron Sword,Legacy of Kain,Armory,"Forged by the legendary Seriolli, this iron weapon will never dull, chip or rust. And no matter how strong you will become this weapon will scale to retain its lethal capability. Its default form is that of a longsword, but feel free to pick any other plausible weapon, as per the Riddle of Steel perk rules."
50,Iron Armor,Legacy of Kain,Armory,"Although it might seem ordinary, this set of plate armor was borne from hellfire and tempered by magical energies. This ensures that it is considerably more durable than it would normally be, immune to to the passage of time and also provides a measure of protection against fire."
50,Bone Armor,Legacy of Kain,Armory,"Although made from the bones of dead humans this set of armor is no less functional or durable than its iron counterpart. While lacking the protection against flames, it has a peculiar quality of its own. Whilst wearing it unintelligent undead will ignore your presence and will not attack you unless directed to do so by an outside force or unless attacked first."
50,Flesh Armor,Legacy of Kain,Armory,"Wrought with the blood of noblemen, this sinister armor automatically absorbs any blood spilled onto it, transferring it to you. Useful for vampires, somewhat less so for others. Note that blood from less conventional sources like Xenomorphs might end up damaging you or worse instead. For extra 50 CP this problem will be solved and the armor will only absorb that which would be beneficial to you."
50,Standard Quality Weapons,Kung Fu Panda,Armory,"A collection of standard weapons one can use, from
swords, to bows, to shields. Changes to fit local standards in proceeding Jumps"
100,Purification Weapons,Asura's Wrath,Armory,"You have access to the grand armories of Shinkoku Trastrium­ You may select a heavy weapon like
a prayer gatling or anti­impurity weapon. The former is equivalent to a Gau­8 Avenger, while the latter is a
large energy projection cannon, firing single explosive plasma bursts.
Both fire harnessed prayer projectiles, and as such do increased damage to impure spirits and
similar things. They require Level 2 Mantra to fire.
If destroyed, a replacement will appear in your warehouse. You require Demigod Atelier to construct
additional copies."
100,Katana,Katana Zero,Armory,"It’s a very sharp katana, easily cutting through flesh and bone, and durable enough to deflect
anything up to and including .50 caliber rounds without so much as a scratch all day long.

This Weapon is Free for those with the ""SNOWflake"" Perk"
100,Savant Knife,Katana Zero,Armory,"It’s a knife. As well-made as the Katana, just as lethal, but much, much lighter. It’s still a knife, though, so the range is basically a bit more literal “in your face”."
100,Faithful Bane,One Finger Death Punch,Armory,"You have a simple weapon that you are never without. This is limited to traditional martial arts
weapons, such as swords, spears, chakram, bows, shovels and fish. Any time you lose it, a
replacement will be dropped from the sky. You may import a weapon to gain these properties."
100,Ruin Turning Cape,One Finger Death Punch,Armory,"It’s more of a sash, really. Woven with rich saffron and scarlet, wearing it protects you from one
backstab each stage or similar combat encounter, moving on its own to block any unseen attacks."
100,Woe Blocking Bracers,One Finger Death Punch,Armory,"A pair of limb encasing guards, forged with flexible metals and inscribed with protective mantras.
They block unavoidable front blows once a stage or similar encounter by moving to intercept."
100,Shikomizue,Sekiro Shadows Die Twice,Armory,"A sword disguised as a cane, or perhaps some other form of hidden blade. It’s unbreakable and
immune to rust. People assume the worst of strangers, and in this case, they rightly have cause
for suspicion if you ever surprise someone with this."
100,Nodachi & Greatbow,Sekiro Shadows Die Twice,Armory,"A large blade with a long reach. Its weight makes it unwieldy for most warriors to use, but
mastering it is well worth it. It’s unbreakable and immune to rest as well. If a katana could be
described as a fang, then a nodachi would be the serrated claw. You also get a fairly large bow
the size of yourself. Do not be fooled by its size, it can be used in close combat much like a short
bow, if necessary, with deadly effect."
100,Katana,Sekiro Shadows Die Twice,Armory,"The classic blade often carried by most swordsman. Lightweight and easy to wield. It can even
be used easily for assassination just as well as a tanto. The most balanced blade for ease of use
and effectiveness. Unbreakable and immune to rust."
100,Tachi & Wakizashi,Sekiro Shadows Die Twice,Armory,"Twin blades, one a long sword without a guard, and the other is a short sword. The way they
appear is like the maw of a beast clamping down. While there is a more dignified dual sword
style that is famous in history for its eccentric founder, these blades feel as if they’re meant for a
wilder wielder. They’re unbreakable and immune to rust."
100,Inexperienced Territory,Baki The Grappler,Armory,"A path that some warriors would call despicable, but a valid path all the same. You have a wide assortment of finely crafted melee weapons. From katanas, to shuriken, to kusarigama. They’re all sturdy, and incredibly deadly, but far from true masterpieces. Still, these will allow you to put many bare-handed fighters at a distinct disadvantage."
100,Appetizers,Baki: Son Of Ogre,Armory,"Most fighters won’t approve of this, but who am I to judge. You have an ample supply of smoke-bombs and deadly poison that you are free to use at your own discretion. The poison is deadly and colorless but can be smelled or tasted by anyone with decent senses. The smoke bombs are fairly mundane, but you never seem to have trouble not only hiding them on your person but deploying them so quickly that not even most masters will notice."
100,HF Blade,Metal Gear Rising: Revengeance,Armory,"This is the standard blade for Raiden and is quite reliable in the right
hands. A powerful electric current runs through the blade allowing it to weaken the
molecular bonds of objects and people to make them easier to cut."
100,Silver Grade Cloth,Saint Seiya: Lost Canvas,Armory,"Better, more covering armors than Bronze, with true helmets and propper upper chestplate. Tougher as well, pushing their users up to mach5 for the fastest, but the toll in cosmo makes it available only to the elite of humans that didn’t awaken their 7th sense. They can also have, more often than Bronze it seems, special qualities or items like a Medusa’s petrifying shield or Cerberus’ flail bolas thingys."
100,Silver,Saint Seiya: Omega,Armory,"This armor is a bit stronger than the bronze armor, and only a very few elite
followers with heightened Cosmo can wear such powerful armor of this level. As
they cover more of the body than the bronzes one.The power enhancements and
endurance that this armor provides are amazing. At a minimum, your punches
now reach speeds of Mach five and you can survive hits from divine beings while
barely clinging to life."
100,Perfect Weapon,Saint Seiya: Omega,Armory,"You have the ability to import any weapon here. This weapon, bestowed by
Pallas, is tailored perfectly for you, enhancing your attacking power beyond its
previous limits. Moreover, it only operates at its full potential when wielded by
you, ensuring unparalleled effectiveness in your hands."
100,Nichirin Blade,Demon Slayer,Armory,"The trademark weapon of a demon slayer, the Nichirin sword, also known as the “Color Changing Katanas”. This weapon is made of Scarlet Iron Sand and Scarlet ore, a material that is bathed in and absorbs sunlight all year round, giving it the ability to kill demons should they be decapitated. As the name suggests, the weapon will change into a color that represents you or your fighting style. This does not have to be a sword, but must be a bladed melee weapon"
100,Classic Weapon,Samurai Jack,Armory,"This can be any simple melee or ranged weapon, such as a sword, axe, crossbow, gun, or throwing spear."
100,Classic Armor,Samurai Jack,Armory,Old protective clothing such as leather or scale armor. It doesn’t have any advanced features but it’ll keep you safe from most threats.
100,Poison,Nine Sols,Armory,"Also scattered throughout New Kunlun are various toxic substances. Animals,
plants, ore, there’s a lot that can make you sick if ingested... or poison somebody else. The
true value of these, however, is revealed when given to someone with a special physiology.
Certain people possessing the Myriad Antidote Body perk can eat these just fine, and can
brew medicinal concoctions used to increase the vitality and resilience of those who drink.
You receive two different poisonous substances per purchase.
Can be Puechased Multiple times"
100,Azure Bow,Nine Sols,Armory,"A potent weapon, derived from the war-arts of the Fangshi
Guild. Able to collapse down into a bracelet, when activated it fires potent arrows
composed of Azure Sand; a nanomaterial used in many Solarian technologies. By default, it
only carries enough Azure Sand for two Cloud Piercer shots, which can pierce and briefly
stun enemies, but only deal moderate damage."
100,Azure Bow (Boosted),Nine Sols,Armory,"For 200 CP, it can instead make four shots, and you have access to both alternate arrow
modes, which can be switched between at will: the Thunder Buster (a bomb which creates a
region of deadly electricity on hit) and the Shadow Hunter (a homing projectile).
Requires ""Azure Bow"" to Purchase"
100,Blunt Thing to Hunt Thing,Live A Live,Armory,"A decidedly unimposing wooden cudgel. The bare
minimum has been done for it to be considered a weapon, but there’s far more useful things to
have in a fight. That said, there’s something this weapon really excels in: Hunting. Not only is
this club supernaturally effective against wild animals, it also has a special ability you can use
on any dead animal’s body: In a flash of light, it will be harvested for meat, hide, bones and any
other resources of your choice, and you’ll find them neatly sorted right next to the body."
100,Showdown Shot,Live A Live,Armory,"This is a Wild West-appropriate gun of your choice. Revolvers,
rifles, gatling guns – anything that doesn't seem too modern to walk into a saloon with. You may
also import a gun you own into this role, in which case it gains an appropriate camouflage and
becomes capable of shooting bullets if it wasn't already. Either way, this gun has a peculiar
ability you can activate at precisely 12 o'clock: For five minutes, it will guide your hand and do all
the aiming for you. It will be up to you to pull the trigger, but your aim will be flawless until the
five minutes are up."
100,Brawler's Gloves,Live A Live,Armory,"A pair of protective gloves optimized for unarmed combat. Using
psychic powers for everything can get pretty exhausting - in those cases, it’s nice to have a
more basic strategy to fall back on. While you’re wearing them, hitting enemies and breaking
objects with physical attacks replenishes your mental stamina. Also, they look pretty cool."
100,Ariel Armor,Live A Live,Armory,"A powerful set of armor blessed by some variety of holy being. Probably
the same one Uranus worships. Wearing just one of its five pieces grants you protection from
petrification spells and similarly nasty dark magic. Wearing the whole set not only offers even
greater protection, it also makes you exude an air of heroism, making people perceive you as
reliable, selfless and worthy of respect."
100,Ninja Supplements,Joujuu Senjin Mushibugyo,Armory,"Those specialized in the Chinpou style of ninjutsu are a sight to behold, being a ninja clan
that works with bombs and explosives rather more sthealty methods. Not as great when
having to assassinate in the dark of night, but grealy effective in war or against mushis. This
is a complete set with the reagents, instructions and notes to create their weapons, as well
as some tips on how to use them effectively. You get a new stock every month."
100,Weaponmaster's Prize,Okami,Armory,"It’s a regular two-edged straight sword, closer to a tsurugi or jian than a katana. What more could you want? ... or you could pick any other weapon that would conceivably be available. Either way, it’s the pinnacle of the maker’s art."
100,Denkomaru,Okami,Armory,"A sword fitted to your stature. Grows and shrinks to fit whatever body you happen to be
inhabiting at the time, be it small as an ant or large as a mountain. Also serves double duty as
an ink brush. Can be imported into, if you have a sword you really don’t want to give up."
100,Divine Instrument,Okami,Armory,"Gekigami's bow, Kazegami's fan, Tachigami's sword – all the Thirteen Brush Gods have an item that is emblematic of them. Now you do, too. Pick a thematically-appropriate item; it is now indestructible and can be used as a holy weapon. Should you possess a unique Brush Technique, using the item as a channel allows you to use the technique without using ink. Alternatively, you can have a Reflector, a Glaive or a Rosary, connected to Sunrise, Power Slash and Blizzard respectively. Can be imported into; swords count as Glaives."
100,Common,Swords,Armory,"Really common swords which everyone can get their hands on.
Mostly plain jane weaponry with a couple of mild enchantments, if any. Examples
being regular swords, broadswords, longswords, katanas, and the lukewarm shank."
100,Good Steel,Ghost of Tsushima,Armory,Your choice of melee weapon of decent make and quality. As a bonus this weapon is easy to repair and improve upon.
100,Shortbow,Ghost of Tsushima,Armory,"a traditional Japanese bow with decent stopping power, accuracy and range. This bow is easy to repair and can be improved upon."
100,Hardened Leather or Fur Armor,Ghost of Tsushima,Armory,"A simple set of light armor made from leather and/or fur
providing a small but noticeable amount of protection from damage and hazards. This armor
is easy to repair and can be improved upon."
100,Footsoldier's Armor,Ghost of Tsushima,Armory,"A slightly thick padded or studded leather jacket and leggings with a matching helmet. Provides a small
but noticeable amount of protection from both damage and hazards. This armor is easy to
repair and can be improved upon."
100,Basic Ghost Kit,Ghost of Tsushima,Armory,"This satchel includes tools and supplies for any beginning ghost such as kunai, smoke bombs, and windchimes. Also comes with instructions on how to craft more."
100,A Killing Edge,Samurai of Hyuga,Armory,"It’s a katana which, unlike a jitte or sasumata, is made to kill. It may have sentimental value to
you or it might just be an upgrade from the hunk of rust you were swinging around. Whatever
the case, you’ll need it for your profession."
100,Hair Wax No.7,Scissor Seven,Armory,"A container with Hair Wax that has an inbuilt switch, which releases a lethal dart in the
form of the ‘Seven’ character in chinese: 七. A perfect tool for stealth kills. The dart once
used gets replenished on the next day."
100,Armor,Ironsworn,Armory,"Finely made armor. No matter what, it will always be tougher than you, and in roughly the same proportion."
100,Sword,Ironsworn,Armory,"A master-crafted blade. You cannot break or lose it, and in fact, it seems to become sharper and more powerful as you do. Can instead be an ax or warhammer or other weapon."
100,Warrior's Soul,Hanachirasu,Armory,"This one is a simple, but sharp sword. Not necessarily a katana, it can be a
nodachi or a wakizashi. As expected, japanese swords would normally dull or
bend after being used a few times or after killing some enemies. If it’s a shoddy
work, it might even break during a fight. This one is a good one, however, good
enough to slay a few dozen men without losing edge. Comes with a free set to
clean, maintain and polish the blade. Minor reparations as well."
100,Hand Crafted Weapons,Jade Empire,Armory,You now possess weapons fit for a master of your style
100,Deadly Weapon,Fist of the North Star,Armory,"Pick any object that can be held in one hand and used in melee combat,
you now have one that will always find its way back to you if lost or destroyed"
100,Weapon,Vinland Saga,Armory,"A common weapon of any design, ranged or melee, from this era. It is
extremely durable and will return to you whenever it is lost. Examples would be a longbow or an ax."
100,Armor/Shield,Vinland Saga,Armory,"A set of either chainmail or gambison, with a helmet and a round
shield. This armor is sturdy enough to tank a good chunk of damage from a few arrows or blows
from blades, and repairs weekly."
100,Nobuseri Gun,Samurai 7,Armory,"This is a large handgun. Large enough to rest it across the
backs of three men, and firing projectiles larger than heads. If you couldn’t tell this is a
gun designed to be used by a giant robot. Given the recoil could knock down the three
men supporting it, and the man firing it, you’ll have to be a bit inventive if you want to
fire it, but as one of their weapons it could take down even one of the larger nobuseri mechs."
100,Mirror of Evil's Bane,Soul Calibur,Armory,"A gigantic mirror, about the size of two men, with a frame carved from jade-like stone
and designed in the style of ancient China. This mirror lies dormant for now but in the
presence of evil or those you deem evil, it shall awaken. Once awoken, all one must do is let
evil come into contact with the mirror and it shall unleash its power. It will banish the evil
into the depths of Astral Chaos and cleanse an area the size of a small village of evil, shutting
down any unwanted possession or other manipulations of evil, at least for a time. Even now,
the mirror still holds many secrets that none but the Guardians of the Spirit Sword are privy to."
100,Tools of the Trade,Darkstalkers,Armory,"Guns, Swords, Knives, Brass Knuckles­ this is a grab­bag of useful goodies. In fact it actually is a bag,
holster, or sheath, that can store several hundred weapons at once. You can only pull out one weapon at a
time, (unless they’re paired or similar), but you’ll never feel the weight of more than one on your back."
100,Sword,Furi,Armory,"Resembling a katana, this graphene composite saber is extraordinarily sharp and
durable. It is capable of channeling energy through its edge, causing it to flare with electrical
energy and enhancing its cutting power."
100,Basic Gear,Furi,Armory,"Your own unique outfit, designed to your specifications, though it will not
have any particularly special abilities. Maybe a set of three masks that change to match your
mood, or armor that flares with glowing green horns. This item comes with a simple melee
weapon; either a staff, a sword, or an oar."
100,Ninja Work,Katanagatari,Armory,"It’d be remiss of your village to not load you up on all the basic supplies a ninja needs before you
head out. All the bread and butter tools of the ninja job are bundled up in this easy to conceal sack. Shuriken, Kunai, ropes, dark outfits to blend into the night, it’s got everything a budding young
shinobi could ask for and even a few special treats snuck in to, like a smoke bomb or two and a few
vials of poison."
100,Deviant Blade: Zetto Kanna,Katanagatari,Armory,"The 12 creations of Kiki Shikizaki. The legendary 12 Deviant Blades are powerful weapons, especially
for this time in this land, but they come at a cost. Each blade possesses a poison that will corrupt the
wielder and make them obsessed with the blade and retaining ownership of it. Luckily for you, purchasing any of the blades below will render you immune to the poison of the specific purchased blade. Each purchase also comes with the skill to effectively use your Deviant Blade. Each Deviant Blade you gain will be a copy of an existing one and while it won’t be the original, people may still come after you if it becomes known you have one. Any broken blades will reappear a week later.

The first of the Deviant Blades. A completely straight sword, similar to western blades but without any hand guard. This blade was made to be ‘unbreakable/unbendable’ and while it is not truly unbreakable, it is close enough as to count as such for almost anything in this world. You’d have to be able to destroy castles with your bare fisted blows to shatter the blade. Kanna is best used in single slashes, with the user putting all their weight on the blade to cut through the foe."
100,Deviant Blade: Hakuto Hari,Katanagatari,Armory,"The 12 creations of Kiki Shikizaki. The legendary 12 Deviant Blades are powerful weapons, especially
for this time in this land, but they come at a cost. Each blade possesses a poison that will corrupt the
wielder and make them obsessed with the blade and retaining ownership of it. Luckily for you, purchasing any of the blades below will render you immune to the poison of the specific purchased blade. Each purchase also comes with the skill to effectively use your Deviant Blade. Each Deviant Blade you gain will be a copy of an existing one and while it won’t be the original, people may still come after you if it becomes known you have one. Any broken blades will reappear a week later.

The fourth of the Deviant Blades. A thin blade made entirely from glass, Hari has almost no weight to it and is thus effortless to control as the user desires. However, its material make it incredibly fragile and prone to breaking if moved in the incorrect way and a clash would another blade or piece of armour would almost assuredly shatter it. Purchase of the sword comes with the skill to properly use it, though only to the extent of a normal metal sword. Nonetheless this skill makes you an impeccable swordsman with normal metal swords."
100,Deviant Blade: Oto Nokogiri,Katanagatari,Armory,"The 12 creations of Kiki Shikizaki. The legendary 12 Deviant Blades are powerful weapons, especially
for this time in this land, but they come at a cost. Each blade possesses a poison that will corrupt the
wielder and make them obsessed with the blade and retaining ownership of it. Luckily for you, purchasing any of the blades below will render you immune to the poison of the specific purchased blade. Each purchase also comes with the skill to effectively use your Deviant Blade. Each Deviant Blade you gain will be a copy of an existing one and while it won’t be the original, people may still come after you if it becomes known you have one. Any broken blades will reappear a week later.

The ninth of the Deviant Blades. Nokogiri is a wooden sword, not something used for killing except by the most brutal of wielders. A peaceful sword, Nokogiri is able to cleanse the poison of the other blades and similar corruptive influence by touching those afflicted. Holding the blade will also give the wielder total zen and inner peace, bringing them to peace and calmness regardless of their prior state. Unlike the other blades, this one has no poison of its own."
100,Deviant Blade: Seito Hakari,Katanagatari,Armory,"The 12 creations of Kiki Shikizaki. The legendary 12 Deviant Blades are powerful weapons, especially
for this time in this land, but they come at a cost. Each blade possesses a poison that will corrupt the
wielder and make them obsessed with the blade and retaining ownership of it. Luckily for you, purchasing any of the blades below will render you immune to the poison of the specific purchased blade. Each purchase also comes with the skill to effectively use your Deviant Blade. Each Deviant Blade you gain will be a copy of an existing one and while it won’t be the original, people may still come after you if it becomes known you have one. Any broken blades will reappear a week later.

The tenth of the Deviant Blades. Hakari has no blade of its own, being a simple hilt. While pretty, it
lacks any cutting ability and thus is quite useless as a weapon. Long use of the hilt has made you into
an expert at evading the attacks of other people, making you particularly slippery and hard to hit in combat."
100,Brawler's Gear,Bloody Roar,Armory,"Fingerless brawler's gloves where the knuckles and back of the hand have been reinforced - either with pouches of buckshot sewn into them, or with layers of metal. Comes with shoes built with cleats that are capable of digging into even concrete, allowing for better traction and reducing the likelihood of being knocked back. Comes with a pair of shinguards and armguards built to take damage from a freight train without denting. All of this equipment regenerates if damaged, and is nigh unbreakable to begin with."
100,IMI Desert Eagle,Bloody Roar,Armory,"Do you seriously need a .50-caliber, gas-operated, semi-automatic pistol capable of firing at 200 meters? I think you do."
100,Master Eiji Sword,Blue Eye Samurai,Armory,"What is a Samurai without a sword? Here’s yours, crafted by Master Eiji himself, indestructible, it’ll never lose its edge, and of the ideal weight, shape, and balance for your fighting style, in fact, it’ll continue to adapt those to you at the start of every Jump. This can be a different type of mundane melee weapon, not just a katana, and if you wish, it can be made out of a meteor of the color of your choice, giving it a particular sheen, or out of a material provided by you."
100,Masterwork Weapon,Mushoku Tensei,Armory,"A sword is the soul of a warrior, especially a finely constructed one’s. This sword is a master crafted by the best
blacksmith of the kingdom and its qualities are that the sword that is ten times more durable and sharper than
any mundane sword and has the properties that it never dulls its edge. It also has defensive measures that only
you and those that have your permission to wield it as if not the sword would increase its weight that even a
supernaturally strong person can’t lift it. You could import existing weapons to gain these enchantments."
100,Magical Staff,Mushoku Tensei,Armory,"While relying on your own body to cast magic it would be better to have a magic staff to assist your magic
casting a lot easier and faster. This Magic Staff’s body is made from an especially rare magical wood and the
magical stone is made from an especially rare magical beast. Making this staff really attuned to your magic and
amplifying your spells of the magic systems that you have access with by five times more powerful while
needing a lot less mana to cast or maintain. The staff is durable enough to take quite a certain amount of beating and you may import existing items or equipment to gain the effects of this staff."
100,Quality Armor,Duel Monsters - The Abyss,Armory,"This is a set of quality metal armor, shining in white and gold, that is perfectly set to your size and covers all of your body. Which metal is genuinely unknown, but it is probably at least somewhat supernatural. It possesses no special properties outside of being armor, but it is self cleaning and functions well."
100,Disposable Shells,Duel Monsters - The Abyss,Armory,"As was described in many places, the Springans occupy disposable bodies that they literally turn into bullets and blow up for fun. By taking this Item, you receive an infinitely refilling stock of this kind of body. They aren't very complex or durable, but you have a lot of them and they're something you can possess at bare minimum. So, if you want to blow them up repeatedly, go ahead."
100,Custom Guitar,Brütal Legend,Armory,"Well now, you’ve got yourself a custom guitar. Never out of tune, lightweight, and feels perfect to play, you can choose how you’d like it to look. More importantly, it can cast spells here in the world of Heavy Metal."
100,Awesome Axe,Brütal Legend,Armory,"Or sword, or bow, or twirly nunchuck thing. Point is, it looks Metal as hell, kicks ass, and inspires respect from anyone who sees it."
100,Rockin Ride,Brütal Legend,Armory,"Hot damn, looks like you’ve got yourself a ride forged straight from Ormagöden’s blood. It’s fast, sturdy, doesn’t need fuel, and shoots fire from no less than five places. In other words, it’s great."
100,Exotic Armament,Kimetsu no Yaiba,Armory,"While the Corps' blades are certainly special, you have a...different style.
You have a weapon (import option available) which is as effective against Demons as a Nichirin blade, but
is clearly not one. Whether it's a sword with more in common with a saw than a katana, a gun that fires
Demon-piercing bullets, or something else that could conceivably be made with the materials available for
the times...just maybe not in Japan proper. Because the local monster populace is best adapted to fighting
the blade-wielding Corps, the sheer surprise factor of your choice of armament will give you a noticeable
edge against them."
100,Slayer's Garb,Kimetsu no Yaiba,Armory,"Every Corps member gets a customary set of equipment - their own Corps uniform, a Nichirin Blade forged by the Swordsmiths of Swordsmith Village fame, and a Messenger Crow. Of course, none of these is your typical starting gear-level item; the Uniform (which can have any clothing you want imported into it, including the clothes you receive from Gotōge's Style) itself is demon-resistant (not true armor, but still better than nothing), self-cleaning, self-repairing, and always looks perfect on you. Your Blade, colored however you wish, is forged from a legendary metal that absorbs sunlight, making it powerful enough to wound demons when used by someone with even rudimentary combat experience if they get a lucky shot in. This, of course, has its limits, as demons have a tendency to grow thicker and tougher skin as they devour more humans, but this is guaranteed to be effective against any demon weaker than the Moons and at least partially effective against even them, before any other factors. Last but not least, you have a crow with a quest sense; they can deliver messages to anyone you've met at least once before within three days' time, but their primary use by the Corps is to give Slayers their missions, and as such, this little guy knows where to find trouble should you be in the mood... or, if it's pressing, even if you're not."
100,A Worthy Weapon,Jotun,Armory,"You gain a single ancient weapon of your choice. The most useful option would be a hefty bladed weapon, such as a large, two-handed axe, as such a weapon would have the easiest time hacking through the bodies of the jotun."
100,Horned Helm,Jotun,Armory,"You gain a helmet. Besides being a sturdy helm in general, it has the special property of completely negating the risk of a concussion or dizziness from head injuries. It also absorbs the force from blows to your head, just enough to ensure that your neck doesn’t snap."
100,Deflecting Shield,Sundered,Armory,This functions as a personal shield that protects you from harm. When it isn’t actively expending energy to deflect attacks it will begin recharging on its own.
100,A Mighty Blade,Sword & Sorcery,Armory,"A weapon forged with the greatest skill this land can muster. There are no great enchantments
upon it, and as of yet no stories tied to this blade. It shall never dull, chip, bend, or break, and will
always find itself back to you in some manner or another. This may be any sort of ancient weapon
that you prefer, whether that be a sword or spear, bow or hammer. While without some arcane
power on your part it will always be mundane, you'll find that it slowly shifts to fit you better and
decorate itself slightly in a manner evocative of your skills and victories."
100,Hero's Armor,Elric Saga,Armory,"A set of shining armor for yourself and a steed, along with a handful of
weapons with the same blinding polish. Besides their flashy appearance, they’re comfortable to
wear and wield and seem just a little more effective than any mundane equivalent, the weapons
feeling light in your hand and cutting enemies just a little deeper than one would expect while the
weapons of your enemies glance off the armor just a tad more often than normal armor of its kind
would. It also seems to never rust or even lose its shine, and if any pieces happen to bend or break
they will repair themselves over the course of a day."
100,Quad Barrel Pipe Shotgun,Mad Max,Armory,"For 100 GT you instead may have the quad barrel pipe shotgun, capeable to devastating destruction, piercing even armored vehicles with a single shot."
100,Militia Outfit,Mad Max,Armory,"Military tactical rig, with plenty of pockets for storing a variety of items, also comes with a reinforced vest, elbow and knee pads, tough combat boots and a buttpack. Keeps the wearer cool, protecting them against heat exhaustion."
100,Faction Vehicles,Mad Max,Armory,"An armored up variant of one of the main faction's vehicles, such as the Speedster, the Crusher or the ram equipped SkullButt."
100,Harpoon,Mad Max,Armory,"A pneumatic launcher with a jagged tip that pierces metal easily, along with a spool of wire and a winch to allow you to pull down scarecrows, rip armor and wheels of vehicles and pincushion anyone stupid enough to expose themselves to you."
100,Thunderpoon,Mad Max,Armory,"The thunderstick’s bigger meaner brother, fires a
long range (for the wasteland anyway) armor piercing explosive that can turn most vehicles in the wastes
into little more than scrap metal with one shot. Comes with 15 thunderpoon caps that refill every 24 hours
Can be upgraded to be equal to a modern RPG for 100 more SP. Requires 'Harpoon' to Puchase"
100,Longshot,Mad Max,Armory,"A collapsible sniper rifle made out of scrap, fires .50 caliber rounds with pinpoint accuracy, though its large size and recoil makes it impractical to use on foot. Comes with a box of 100 rounds that refills every week."
100,Mine Dispenser,Mad Max,Armory,"Fires a series of 6 mines that detonate on contact with enemy vehicles or after
a short time. Stores up to 24 mines that refill every 24 hours."
100,Shredders,Mad Max,Armory,Hubcaps with strong jagged metal spikes that easily pop tires and grind hulls into scrap. Retractable and are undetectable while hidden.
100,High-Level Weapon,For Honor,Armory,"You may now upgrade either your personal weapon or an imported weapon to be slightly more damaging and be made or remade with the finest materials available. However, the most important enhancement is it’s look - it’s look is now entirely up to your design and probably incorporates no shortage of gold, with no harm to it’s performance. A blade worthy of legend."
100,High-Level Armor,For Honor,Armory,"Similarly to the weapon, the rule against having seriously flashy armor is now waived. Your armor was crafted by a great smith and artisan, and both of those skills show in it’s protectiveness and looks. A king would be jealous of how aesthetic it looks. You may also import other armor using this, and while power armor probably won’t protect much better, it certainly looks very nice!"
100,Advanced Weapon,Generic Wuxia,Armory,"You have a flashy and sophisticated weapon, such as a bladed fan, a set of emei piercers, a pair of hooked swords, or a staff that fires darts."
100,Frenzy Gas,Hawkmoon,Armory,"A strange and innocuous trinket, consisting of a long, hollow rod tipped on one end by a soft bulb, small enough to be inserted into a keyhole. By squeezing the bulb, a potent spray of poison, enough to affect a small room, is ejected from the other end. Once inhaled, the poison turns the victim mad, making them run wild and berserk before dying. The bulb can contain only one dose of the gas, which replenishes in full every day."
100,Flame-Lance,Hawkmoon,Armory,"The most advanced ranged weapon of the era, flame-lances appear much like metal muskets tipped with a spiralling nozzle. These are thermal weapons that shoot a beam of hot red light that splashes around the target’s body, often setting them alight. Unlike most such weapons, your flame-lance has an unlimited supply of ammunition, never requires reloading, and has no chance of overheating."
100,Spiked Mace,Legacy of Kain,Armory,"Why is this its own choice you ask? Especially since it has the same scaling and durability as the iron sword? Two reasons actually. For one it is imbued with a subtle enchantment that delivers a nasty but short lived shock to your opponents. Assuming they survive being hit you will thus find it easier to feed on them, should you be so inclined. And second it is also remarkably good at smashing stone, which will extend to any creatures made from it like golems. Why is a spiked mace a good instrument against stone you ask? Just don‘t, I have no idea either."
100,Havoc and Malice,Legacy of Kain,Armory,"Does being a lumberjack appeal to you Jumper? With these twin axes it just might I wager, for they are very good at doing just that. Be it trees or people (and especially tree people), they cut through them all with impunity, never dulling or chipping and just like the Iron Sword scale with your own strength. And just for the fun of it they cut extra well through plant-related creatures like Ents or dryads, even if you are unlikely to encounter such beings here. Their only drawback is requiring both hands to wield and thus casting spells is probably impossible whilst swinging them both around. Unless you can somehow get around that? Cutting through stone is also inadvisable."
100,Flay,Legacy of Kain,Armory,"Ever wanted someone to really suffer? Well look no further. When unleashed this curious item sends off a pair of whirling energy bolts that home in on a nearby enemy of your choice and try to eviscerate them upon impact, tearing away entire chunks of flesh even upon a glancing hit. And though the projectiles can be dodged or deflected, those thinking themselves clever by blocking them will be in for a gruesome and highly messy surprise...though usually not for long. Obviously ineffective against those lacking flesh to begin with. Though one has to wonder why this was not made into a spell instead."
100,Sun Cloak,Darkest Dungeon,Armory,"A defensive counterpart to the Sun Ring, this cloak enables its wearer to evade blows more easily- and softens those that land- when worn in dim or brighter light."
100,Moon Cloak,Darkest Dungeon,Armory,"Unsurprisingly, the Moon Cloak is an equivalent to the Sun Cloak that works only in darker conditions; it is almost thrice as effective in comparison when in the dark."
100,Brawler's Gloves,Darkest Dungeon,Armory," A set of gloves with spikes on the knuckles, increasing the lethality of the wearer in close combat; it provides a large boost to dealt damage when at the front of the party."
100,Aegis Scale,Darkest Dungeon,Armory,"A mysterious scale from the distant wastes; when used, it offers fierce protection and nullifies all damage from a single strike. You get one scale a week."
100,Preferred Shape,Kill 6 Billion Demons,Armory,"Choose a weapon of any type. It will not need maintenance, and it will be unbreakable. It's mundane otherwise. Alternatively, you can choose your own fists as a weapon and you will learn the Pattarm Sword Arm style at the intermediate level, granting the same unbreakable properties while using that style’s techniques. The school focuses on channeling your Atum to such a condensed form that it allows one to cut as finely as a sword with their bare hands. A master can cut a boulder as large as a house with their fingernail."
100,Fine Quality Weapons,Kung Fu Panda,Armory,"A higher standard of weapons and armor than the last bunch. These are the ones that most famous warriors would use, and in time may earn names of stories of their own"
100,The Initiates Blades,Triune Scriptures,Armory,"The universe is full of legendary weapons - the Four Sword, the Phantom Sword, the legendary Master Sword... but those blades belong to the warriors capable of wielding them, and you are not quite that powerful or that famous. Not yet at least. No, what you have been given is a simple steel blade. It is acceptably sharp, perfectly sized for your body, requires very little in the way of maintenance, and will never fail you of its own accord. Perhaps a spell to rust things in an instant may take the blade away from you, but anything short of active sabotage will simply not happen to the blade. Most importantly however, is that the use of this weapon allows you to get your blood pumping with ease, allowing you to enter “the zone”, a mindset ideal for Body cultivation, without the risk of live combat. If you desire a different weapon, you may also choose to receive another - a simple staff, a polearm of some kind, or perhaps a bow - such a weapon would receive the same benefits as described above, though you will find their use to be a dead end of sorts. There are precious few legendary weapons that are not swords, after all."
100,Expedition Gear,Kajiri Kamui Kagura,Armory,"We could not have you going on a dangerous expedition without any gear. This is a suit of
nicely crafted samurai armor, a finely honed weapon of any type you want so long as it is
Japanese (katana, naginata, what have you), a fine and very accurate bow with as many arrows
as you need, and a strong war horse. If destroyed or damaged, these will appear fully restored
in your warehouse within a week. We will also throw in enough extras of slightly lower quality to
equip 10000 samurai or Japanese peasants."
100,Blade,Manyuu Hikenchou,Armory,"These lands can be a dangerous place, so take this. Upon purchasing this item
you receive a well-made weapon in a style of your choosing, from the classic katana to the
strange monk’s spade. Forged from reliable steel, this weapon bears the symbol of your clan.
Use it to carve your destiny across these strange lands."
100,Cattle Prod,Real Steel,Armory,"A handheld device capable of delivering quite painful and even damaging electrical
shocks. Is effective against both organic beings and inorganic things."
100,Boxing Gloves,Real Steel,Armory,"A pair of classic competition boxing gloves in a color of your choice. They increase the
speed and strength of your punches slightly as well as offering great protection to your fists."
100,Melee Weapon,Tunic,Armory,"Rudelings use swords, and occasionally shields. Frogs use daggers and naginatas.
Scavengers use massive greatsword-pick hybrids. So on and so forth. While it is
possible to find these weapons throughout this world, having one you can call your own has its own merits.
A single purchase of this grants you a simple melee weapon or set of equipment.
Single items are of better individual quality compared to items purchased in sets. Some
examples of what can be purchased are a sword and shield, a hand-and-a-half sword, two daggers, a spear, etc."
100,Gifting Bomb Bags,Tunic,Armory,"There are three kinds of bombs made here: the Ice bomb, a glass jar filled with blue
powder made by fairies that freezes a wide area around them when they explode; the
Fire Bomb, a glass jar full of a flammable liquid that spreads quickly when the jar is
broken; and a Bang Bomb, a paper tube filled with Slorm gel that explodes with
concussive force. You may choose one of these kinds of bombs and receive a bag with
three of that kind of bomb in it. Bombs are replaced a week after they are used.
These bags have another quality though. When you use enough of a single kind of
bomb, you will start finding an extra of that kind in the bag after you have rested
overnight. These extra bombs are replaced daily. Each one of these extra bombs takes
increasingly more uses of that type of bomb before you earn another extra one.
Buying this a second time, you receive the other two kinds of bomb bags."
100,Armor,Tunic,Armory,"It seems that the mining done by the Scavengers has provided access to metals and
other materials. A combination of access and intent has allowed the creation of metal armor.
While there are a number of more potent ways to increase defense, this is one of the
easiest mundane options to do so. It seems that Scavenger engineering is something to
be lauded, as despite the expected bulk, this armor weighs very little."
100,A Good Blade,Arawn,Armory,"This is a weapon. There are many like it, but this one is yours. It is your life,
at least when you’re in battle. Take your pick of medieval weapon. A sword, spear, ax, a bow and its
quiver of arrows, or perhaps something stranger like a sickle. This is a decently forged one that will
serve you well in battle, made of good, reliable steel. It’ll last for a long time if you take care of it. Don’t
expect it to stand up to any special weapons, though. If lost, you’ll find a new one in a day."
100,Weapon of Choice,Luther Strode,Armory,"You may choose a single weapon. This must be a simple weapon with few moving parts, like
spears and knives, up to revolvers. It becomes stainless white and can withstand the forces that
you put it through. You may freely import a weapon. If you choose to be unarmed, you instead
gain reinforcing hand and foot wraps."
100,Blessed Spear,Volgarr the Viking,Armory,"A simple but well made spear with a wooden handle that possesses a very special quality. It
can be summoned to your hand at will, multiple copies of it can exist at the same time,
meaning you can spear-spam all you like. The copies will work as a normal spear would but
will disappear after a couple of minutes."
100,Lasso,YOMI Hustle,Armory,"Spiky rocks. Not much more to it, really. You throw them on the ground, someone steps on them, it hurts a lot."
100,Remote Bomb,YOMI Hustle,Armory,"A spherical bomb that can be bounced around. If taken with ""Directional Influence,"" you can determine the direction it goes in when you hit it. Has a remote that detonates the bomb after a short delay, or on contact."
100,Roman Soldier Essentials,Ryse: Son of Rome,Armory,"You receive the Roman Soldier Essentials: Roman armor, a pera (leather bag), a gladius, and a scutum. The Roman armor has the durability of regular iron armor, but it regenerates by the time a normal human would make their next strike. The gladius is indestructible and will never blunt. The scutum is also indestructible.

The pera contains regenerating supplies, including: - A wax tablet, A multi‑tool (a combination of a knife, spoon, fork, stylus for writing, a flat erasing surface, a threading hook, and a toothpick), A knife, Rations of dried meat, cheese, bread, olives, and nuts that regenerate every morning, noon, and night, Flint, steel, and tinder for warmth, An awl (a pointed tool used to punch holes in leather straps, sandals (caligae), belts, and scabbards), A needle and Thread, Leather patches, Small metal fittings for armor or sandals, Bandages, salves, and simple herbal remedies, A small waterskin, Salt and seasonings"
100,Fur and Arns,Ryse: Son of Rome,Armory,"You gain fur clothes that repair themselves quickly enough to be fully restored by the time a normal human would make their next strike. They also have the added benefit of being able to absorb other furs to increase their durability.

You also gain armaments of your choice that are indestructible, with the limitations that they must fit in your hands, you can only receive two of them, and they must be appropriate to the time period of the Roman Empire. Examples include a handheld axe and a hide shield, or a massive club and a dagger."
100,High Quality Toga and Sandals,Ryse: Son of Rome,Armory,"You gain a dozen high‑quality togas and calcei (Roman sandals for civilians). These are completely comfortable, self‑cleaning, and indestructible. They give others the impression that you know what you are talking about. People can still call you out if you are completely wrong, but their first impression will be that you sound knowledgeable until they realize otherwise. This also comes with an indestructible dagger."
150,Toybox,Baki: Son Of Ogre,Armory,"Take your pick of any antique weapon you can think of for 100cp. This can be two smaller weapons, like katanas or flintlocks, or a single larger weapon, like a battle-axe or halberd. Their construction is period-accurate, so they aren’t too durable, but if you pay an additional 50cp, they will be a masterfully crafted weapon that not only handles perfectly with impossible accuracy/cutting power but is borderline indestructible."
150,Violence of the Modern Age,Baki: Son Of Ogre,Armory,"These won’t help as much as you might think, but they won’t hurt either. For 100cp, this will net you either a single ranged weapon like a pistol or stun gun, or an assortment of mele weapons like batons, knifes, etc. These can have simple modifications, like adding a spring to launch the knife, or upping a stun-gun’s voltage. For another 50cp, you can instead get something semi-automatic, or with far mor stopping power like an AK-47 or shotgun."
150,Safety Net,Baki: Son Of Ogre,Armory,"A straightforward form of self-defense. For 100cp, you may receive either a bulky set of modern riot armor, or a more antique suit of armor that is far less protective but can fit almost invisibly under your clothes. For another 50cp, you may modify this to have explosive gel hidden throughout, to add power to your punches and kicks, or take out any would-be attackers. This does far less damage to you than the attacker, but not none."
150,Foreign Imports,Jade Empire,Armory,"In the savage lands across the Glass Sea, the Storm Islands are the only allies of the Jade Empire. You
now have received items made by their master craftsmen. Odd folded steel swords, scrolls depicting
stealthy styles, and bombs that cause smoke and blindness are all delivered to you the moment you arrive"
150,Flaming Sword,Legacy of Kain,Armory,"What better instrument of death than one that burns away all in your path? Upon purchase either import an eligible weapon or if you bought the other sword weapon options in this section above you may freely merge the two. If neither is appealing you may consider it a separate item. No matter your choice, the weapon in question is now imbued with the elemental power of fire, scorching those it is turned against. Particularly useful against the undead. You can also control what it slices or burns, preventing you from unintentionally harming allies or even yourself with the weapon. Just be careful not to burn your food to cinders with it, as it burns a bit too well in that regard."
150,Wraith Armor,Legacy of Kain,Armory,"Tempered in the seething agony of tortured souls, this jet-black set protects its wearer not only from conventional harm but also from more ethereal threats. Spectres and other incorporeal enemies will find their blows halted where every other armor would allow passage. Highly useful if you ever end up trapped in the Spectral Realm. In addition, whenever you are struck you may choose to let half the force transfer over to your magical reserves to lessen the damage, though this might eat through your inner reserves rather quickly if you are not a magical powerhouse already."
150,Malek's Helmet,Legacy of Kain,Armory,"This helmet, adorned with the braided hair torn from the victims of its original owner, holds a simple yet deceptively effective power. When in battle you will see your mental discipline and focus sharpened to their absolute peak and beyond, allowing you to fully concentrate on eliminating your foes. No taunts or mind-games will move you, nor will you slip and make a mistake due to any fault of yours. You could be a revenge-obsessed revenant and still face your hated nemesis with a mind clear of all unnecessary baggage. Supernatural attempts to read or influence your mind will also find it a bit more difficult to find purchase as long as the helmet remains on your head."
150,Putrescence,Legacy of Kain,Armory,"Somewhat similar to Flay, this artifact is perhaps even messier in effect. Though it produces only one projectile at a time, those hit will find themselves afflicted with a vile flesh-eating toxin that will immediately start rotting their bodies. And should they die from it they will
 dissolve into a large puddle of contaminated flesh, which can upon contact poison others and thus spread death even further. Fun for the whole family!"
150,Veteran Equipment,Darkest Dungeon,Armory,"More advanced equipment, suitable for a seasoned veteran than an apprentice fresh off the stage coach. More damaging and more protective, each article is worth hundreds or thousands of gold pieces, and would make early expeditions much easier. You can import a weapon and armor into this option, granting it the replenishing qualities mentioned above. "
200,High Quality Armor,Against The Gods,Armory,"This is Profound Armor, of the very highest quality. To be exact, it’s level is always at least two realms higher than your own. This armor looks however you want it to look, but it can block all types of mundane attacks, and also provides significant resistance to magical/supernatural ones. Bound to your soul, you can summon it at will, and dismiss it back to wherever with a thought too."
200,Profound Weapon,Against The Gods,Armory,"A sword, a spear, or maybe something exotic like a... ribbon? Whatever. This is a Profound Weapon of your very own, and the important thing about it is, it’s linked directly to your soul. Meaning you can have it in your hand with just a thought no matter where it may have been an instant ago, and perhaps more importantly, it grows with you. Not only does it perfectly channel any and all energies you can use, it even enriches and enhances them just by being passed through it. It’s also extraordinarily receptive to enhancements of any and all kinds, magical, technological or otherwise. For this world, it’s always exactly one Realm ahead of you, and the growth is similar in the future."
200,Mantra Fields and Firearms,Asura's Wrath,Armory,"You have the a specialized set of weapons and armor associated with your background. You know
how to maintain them, and the knowledge of how to make more. Such weapons include demigod­binding
spears, orb weapon platforms for heavy armaments, and so on."
200,Divinity Banishment Staff,Asura's Wrath,Armory,"You have a rare tool fashioned of the crystalized ire of Gaea combined with resonant sutra and
blessed materials. Striking someone with this staff immediately terminates all hostile possessions by
spirits. Striking someone empowered by prayer or similar energies immediately reduces their
effective Mantra Level or equivalent by 2. This effect does not stack."
200,Combat Mandala Array,Asura's Wrath,Armory,"You have a set of ornately carved spheres­ drones that can project sturdy energy fields, fire
concussive mantra bursts, or fly out and slam into foes in time with your own close combat attacks. If
destroyed, a new set appears in the Warehouse. They require Mantra Level 1 to function."
200,Celestial Armor,Grant Morrison's 18 Days,Armory,"Armor forged in the fires of six exploding suns and blessed by the lost gods, this is some of the
best protection anyone could ever ask for. While it may not stand against the God-Forged
Weaponry of the luminaries of this age for long, it remains undaunted against anything less, and
one magical feature of this armor is that so long as even one shred of it remains intact, not one
hair on your head can be harmed directly."
200,Shakti-Bows,Grant Morrison's 18 Days,Armory,"Every good general needs ranged weapons, and it’s just not feasible to outfit an entire army
with Astras. Well, Shakti-Bows are the next best thing. In modern parlance, every arrow fired
from one of these things hits with the force of a Tomahawk Missile and they never run out of
ammunition.

You get enough to outfit every KP/CP backed army you have and all the soldiers bought in this
document, and ten thousand more besides. Be aware that the Pandavas and Kuravas forces have
millions of them, for this is no mere battle of the Iron Age. This is the greatest and final battle
of the Copper Age. You may buy additional lots of 10,000 bows each for 100 CP."
200,Claymore Prototype,Katana Zero,Armory,"Or it could just be an axe, that’s fine. Either way, this is a heavy melee weapon that can
push through riot shields like no one’s business, and it can serve as an impromptu
shield itself if needed against multiple incoming projectiles. You aren’t swinging this
as finely as a katana though.

This Weapon is Discounted for thse with the ""A Fine Red Mist"" Perk"
200,Ball of Death,One Finger Death Punch,Armory,"An indestructible bouncing ball that can rebound with the strength of your attacks and returns to
you with each opponent struck. It seeks the nearest opponents whenever struck to help this process
but will lose momentum with each bounce. Comes with a carrying chain when not in use."
200,Shinobi Prostethic,Sekiro Shadows Die Twice,Armory,"A wooden prosthetic fitted with all manners of tools from grappling hooks to shuriken to axes to
poisoned blades to unbreakable umbrellas to even fans that can spirit people away. This arm is a
veritable multi-tool perfect for any and all combat situations. The throwables seem to be
produced infinitely. It can even store additional items (up to 5) in order to quickly pull them up for use.
If you don’t want this item to replace your arm, you can instead turn it into a forearm-bound gauntlet.

Can Be Bought Multiple times"
200,Shinobi Prostethic - Upgraded,Sekiro Shadows Die Twice,Armory,"For an additional 200 CP, all these tools will be upgraded to their
maximum potential and effectiveness as well as their variations such as fire and azurite, and it
can now store up to 10 additional items.

Requires ""Shinobi Prostethic"" to Purchase"
200,Ceremonial Tanto,Sekiro Shadows Die Twice,Armory,"A dagger with a white blade and hilt. It has the name, “Devoted Soul” inscribed into it. This
dagger was used to cut from one’s own life force as an offering to the dragon. You can use this
to cut from the life force of others to restore your resurrective power. Though this method is
painful, it is not fatal, and it will not spread the dragonrot. You can even use this to share your
own life force to heal others or restore their resurrective power should they share in your
Dragon’s Heritage."
200,The Lack Of Perfection,Baki The Grappler,Armory,"The best kept secret of the stage magician and criminal world alike. This small lighter-shaped
device is actually a dispenser for several meters of specially-made wire. It is thin enough to be
nearly invisible, and yet strong enough to support the entire body weight of even a giant of a man,
not to mention, sharp enough to cut a man’s arm clean off before they feel even a twinge of pain."
200,Blast Off And Ignite,Baki The Grappler,Armory,"A care package for the pyromaniac in all of us. A perpetually full gas canister, a flask of alchohol,
a lighter, matches, etc. Additionally, you have a couple explosives planted throughout your body,
like a grenade in your stomach, or a bomb in your wrist. The explosives will
be replenished yearly, and will never cause you any additional discomfort or harm when not in use."
200,The Monsters That Are Inside Of Me,Baki The Grappler,Armory,"You’ve undergone countless operations to become something bordering on a human weapon. You can deploy razor-sharp blades from any of your joints. An explosive is planted in your chest, that can blast away anyone in front of you.
You have a spring-like mechanism in your arm that lets you punch like a cannonball. In addition to all of this, you have an implant in your heart, that enhances your physical abilities far past their biological limits. You are in full control of all the mechanisms."
200,Metal Muscle,Baki: Son Of Ogre,Armory,"Somehow, you were given possession of the military’s experimental multi-purpose battle machine, The Power
Loader. This can be thought of as a small bipedal tank, sans actual artillery. This
machine is armed with pincers that can grip and rotate with enough force to
tear a grown lion in half, but can potentially act with the precision for knitting,
with enough practice. That, along with the thick armor plating makes it perfect
for lethally or non-lethally neutralizing almost any opponent."
200,HF Machete,Metal Gear Rising: Revengeance,Armory,"This blade is smaller than the HF Blade. But what it sacrifices in
range it makes up for in speed allowing you to attack faster. Aside from that there is little
difference between the two."
200,Stryker,Metal Gear Rising: Revengeance,Armory,"An armored combat vehicle that has eight-wheeled all wheel drive. It
comes fitted with seats for 6, armored chassis, air conditioning, and a 105mm cannon.
Despite its large size it is capable of traveling quite fast reaching speeds of up to 100mph"
200,Weapon (200),Fog Hill of Five Elements,Armory,"For 200 CP you can get more complete equipment such as blades and a bow, like Rongcheng Zeqi, or something more durable and durable with a few hidden tricks like Jiao Yin's fan."
200,Silver-Tier Armor,Saint Seiya: The Original Series,Armory,"A step up from the level of Bronze, this armor provides more protection and
covers a bit more of the user’s body, as well as being able to withstand more pressure and
physical punishment than a Bronze armor could. They may also possess a unique weapon or
ability, such as a powerful elemental attack or a shield that turns those who gaze upon it into
stone. However, it has a higher starting requirement than Bronze Armor - you will need to train
and refine your Cosmo a little to use this effectively."
200,Gold Grade Cloth,Saint Seiya: Lost Canvas,Armory,"The best a mortal could normally hope to wield or make. Covering the whole body short of some spots or articulations, they require no less than an awakened mastered 7th sense to operate. Should you have it and such a Cloth both however, you will be clad in an armor unbroken by any mortal since their creation, able to fight at the speed of light and shatter mountains barehanded, reaching heights where, more often than not, matchup, technique and wit is more important than your now ridiculous raw power. Beside the Gods and their Kamuis, few surpass a Gold warrior except another one."
200,Titanic Chariot,Saint Seiya: Episode G,Armory,"The humans, despite their inferiority, have made some rather enjoyable modes of transportation
since you were sealed. But there’s nothing that really matches the majesty of a divine chariot like
the one you own. You have a nigh unbreakable chariot pulled by 4 divine animals of your choice, so
long as you don’t get too crazy and ask for something like a quad of dragons. The divine beasts are
able to pull your chariot through the air or on the ground at the speed of light with ease. A relatively
slow pace for an awakened god but still enough to get you to most places in comfort. You may
import a chariot into this option."
200,Homemade Recipe,Demon Slayer,Armory,"Some find that fighting with swords isn’t for them, whether they be incapable or simply find other ways more enjoyable. What you have here is a special case/sheath for your weapon that contains many different kinds of poisons, allowing you to switch between them by resheathing your weapon. It has an opening at the bottom that will allow you to replace the poisons if you want to add or take any out."
200,Energy Weapon,Samurai Jack,Armory,"This can be anything from a laser rifle to a plasma sword to a shock staff. Energy weapons are immensely more powerful than conventional weapons but they consume massive amounts of power, fortunately you should be able to find plenty of batteries for this thing."
200,Modern Armour,Samurai Jack,Armory,Defensive clothing that is immune to conventional firearms but only offers limited protection against explosives and energy weapons. It can also come with an add-on such as a gas mask or a communicator.
200,Briefcase,Samurai Jack,Armory,"An incredibly complex multi-tool that looks like a simple briefcase. In addition to being able to hold things (Duh.) it comes with a built in scooter, flashlight and machine gun. It’s also durable enough to serve as a shield against bullets."
200,Mechanical Arm,Samurai Jack,Armory,"A huge robotic arm you can wear to enhance your strength. The arm triples your natural physical abilities, but still gives you enough control so that you don’t accidentally crush anything. Also unlike the original the battery in this one will last several hours."
200,Morotcicle,Samurai Jack,Armory,"A large heavily armored two seater motorbike. This beast can travel up to 200 mph and comes equipped with twin forward guns and retractable spikes built into the wheels. While it can easily tear through things like standard beetle drones, conventional forces and weaponry can still completely destroy this vehicle."
200,Azure Bow (Greater),Nine Sols,Armory,"For 400 CP, you have five shots, and all modes of the bow are upgraded, greatly increasing
their range, damage, the size of their explosion (for Thunder Buster) or their seeking ability (for Shadow Hunter).
Requires ""Azure Bow (Boosted)"" to Purchase"
200,Advanced Weapons,Nine Sols,Armory,"A wide variety of unique weapons were developed during
Penglai’s Turbulent Era, many with special gimmicks to augment their lethality. With this
purchase, you may take one of them. Perhaps you’d like a hidden dagger sharp enough to
cut through solid steel, or a great ring that releases deadly energy pulses. Other weapons
available are the weapons used by Sol Jiequan, such as a large supply of spiked explosives,
homing throwing knives, or a jade (actual Jade, not the cybernetic components) weapon
that can change forms and be telekinetically manipulated to a small extent."
200,Master's Nunchaku,Live A Live,Armory,"These nunchucks may not look like much, but they once
belonged to a great Kung Fu master, and his spirit resides in them to this day. He’s pretty bored
these days, so he’s willing to train any who wield his weapon in the art of Kung Fu - whether
weak or strong, good or evil, he’s seen students of all walks of life, and he’s offered his advice to
each and every one of them. He’s very talented, and although his methods of teaching are
limited, any aspiring martial artist could benefit from his tutelage."
200,Super Bandage,Live A Live,Armory,"This is a pair of hand wraps - you know, those bandages martial
artists wear to prevent hand and wrist injuries. Of course, they’re ‘super’ for a reason: Not only
do they protect your hands from blunt strikes, they also deal with slicing, stabbing and any other
forms of non-magical damage just as effectively. On top of that, they’re made from a very
peculiar material able to harden or soften depending on your needs - not every tournament will
approve of you wearing the equivalent of concrete on your hands, but you’ll dominate any that do!"
200,Kato's Spare Parts,Live A Live,Armory,"A collection of robot parts used by Kato to create Cube's robotic
body. They can be installed in any combat-capable machine and will grant that machine one of
Cube's combat abilities: High Speed Op (which grants a machine the ability to repair itself and
perform first aid), Upgrade (which can be used to increase the efficiency of combat equipment),
Mind Hack (which is capable of inducing a sleep-like state in other AIs), Anti Field (which
reflects projectiles with a protective shell), Noise Stream (which generates a loud sound that
damages the hearing of unprotected opponents), Info Research (which allows a machine to
scan a target's vitals), Spin Drive (which is a physical tackling technique that ensures the user's
body remains intact), and Maser Cannon (which is more or less just a powerful laser beam)."
200,Brion,Live A Live,Armory,"The legendary blade once wielded by the hero Hash. It is an ornate,
one-handed sword charged with the power to slay demons. Unholy creatures of all types
tremble at its might, and when wielded by one it considers worthy, it gains the ability to open
magical seals."
200,Old Sword,Tekken,Armory,"You gain a trusty blade to call your own, similar to the
one wielded by Yoshimitsu. Curiously no one will mind you using this weapon in the Tournament or
any Tournament or location which would forbid you from wielding or possessing a Weapon. It is
extremely durable and if it ever should break or be lost it will be back to you fully functional in a few
hours. You can import a Weapon you own into this, gaining the benefits of the purchase."
200,Modified Katana,Joujuu Senjin Mushibugyo,Armory,"A custom made katana, strong enough to withstand being used with your full power without
breaking, no matter how strong you are. It’s also made to never lose its edge, remaining a
useful weapon against mushis, and to look damn cool when you wield it. You can import
another weapon into this role, if you wish."
200,Man-Made Exoskeleton,Joujuu Senjin Mushibugyo,Armory,"Mushis are a menace, indeed, but they are more than that. They’re a resource for those
willing to see past their initial problem. An unholy mix between human ingenuity and the
mushis’ superior bodies, this set of armor is basically an exoskeleton made with different
parts of defeated mushis. Even the most skilled and powerful will have trouble breaking this
suit and the offensive, built-in weapons it has are nothing to scoff at either. You can import
another suit into this role, if you must."
200,Warship,Joujuu Senjin Mushibugyo,Armory,"One of the frustrated dreams of a warlord from ages past. A massive ship made of wood and
steel, created for the sole purpose of waging war against others. For the time, it's beyond
anything in this country and this particular ship has the ability to never steer away from its
course, no matter the wind or tides. If one has enough foresight, this may be a way to regain
certan parts of the land from the hands of mushi."
200,Pillow Talk,Okami,Armory,It's a bamboo flute. That becomes a lightsaber. You can also have it be a polearm like a spear or naginata.
200,Uncommon,Swords,Armory,"Now we’re getting into the good stuff, the things which can be
the secret weapons within your arsenal. Examples being dagger of embers,
Assassin's dagger, and other swords."
200,Great Steel,Ghost of Tsushima,Armory,Your choice of melee weapon made by a skillful artisan. Your weapon is significantly stronger/sharper and more durable than others of its kind. As a bonus this weapon is easy to repair and improve upon.
200,Yumi Longbow,Ghost of Tsushima,Armory,"a traditional Japanese Longbow with asymmetrical grip requiring the user to stand up while firing. Slightly slower draw speed but with high stopping power, range, and accuracy. This bow is easy to repair and can be improved upon."
200,Composite Recurve Bow,Ghost of Tsushima,Armory,"A much sturdier and stronger bow only slightly bigger than the shortbow. This bow has a slightly higher draw
speed, fire rate, and arrow speed. It also boasts moderately high stopping power, above
average range and accuracy. This bow is easy to repair and can be improved up."
200,Plated Mail/Tatami Armor,Ghost of Tsushima,Armory,"A set of armor made from chainmail linked with additional metal plates for a moderate increase in protection
from damage and hazards. This armor will also be light enough to not affect stealth and
mobility and can be easily repaired and improved upon."
200,Advanced Ghost Kit,Ghost of Tsushima,Armory,"Similar to the basic kit but has tougher,
stronger, and more potent tools including new additions like healing incense, sticky bombs,
and Flash Bombs. Also comes with instructions on how to craft more."
200,Plethora of Poison,Samurai of Hyuga,Armory,"As a ninja one is not beholden to the code of bushido and an honourable method of fighting.
Thus, slipping some poison into your foes is a perfectly acceptable method of problem solving.
Whether it’s the deadly venom of a tigersnake or a powerful sedative like opium, you now have
a supply of potent poison."
200,Robotic Arm,Scissor Seven,Armory,"One of your limbs is a very high quality piece of equipment, this may instead simply be
overlaid on your limb instead of replacing it. It has a myriad of capabilities, shielding,
energy blasts, transforming into different forms and you know how it works, how to
build, replicate and improve it, although you’d need to research accordingly the more you want to improve it."
200,Qi Scissors,Scissor Seven,Armory,"Scissors that are very Qi conductive and can thus be telekinetically manipulated quite
easily, these scissors can also be spun much faster than normal ones, up to 5000 rpm, fast
enough to cut steel and the strongest of hairs. If they’re ever destroyed they’ll mend if you
put the pieces together with Qi and leave them infused with Qi."
200,Divine Death God Staff(Resting)/Death God's Bloody Blade(Activated),Scissor Seven,Armory,"A white staff with many cracks in it that transforms into a large, spiky red sword that glows
reddish-purple, when exposed to the user's blood. It becomes connected once it receives
its users blood and is imbued with all powers and substances contained within the users blood."
200,Ancient Dark Ice,Scissor Seven,Armory,"A liquid poison that takes the form of a dagger and will be absorbed
into the body if stabbed by it. It's known to corrupt souls by forcing its targets to slowly go
into a berserk state, wiping out their memories and whittling their life away. If the
afflicted target were to fight against it by forcing themselves to retain their memories, they
will endure constant pain until they can no longer fight the dagger’s effects, and will
eventually pass out. You have the antidote and know the recipe for both the poison and the
antidote as well as how to turn the poison into the form of a weapon."
200,Plum Blossom Darts,Scissor Seven,Armory,"Kunai that can be transformed into 5 point shuriken. They are laced
with poison that numbs areas of the body parts they stab. Works even on those that are
resistant to poison. You gain 11 of them monthly."
200,Plum Blossom Master's Sword,Scissor Seven,Armory,"A near indestructible sword that is very Qi receptive,
enhancing it with Qi is much more effective than it would be for normal swords."
200,Eyeless Mage's Prayer Beads,Scissor Seven,Armory,"The beads can be fused back together when cut in half,
change size, float, and form a web of red Qi to trap an enemy, and launch them at
incredible speeds making them very hard to block. When injecting the beads with Qi you
may see bits and pieces of future disasters without any context."
200,Black Dragon Whip,Scissor Seven,Armory,"A long black rope with thorns that can be multiplied into three by
injecting it with Qi. Training with the Whip for a while can increase the amount it can be multiplied into."
200,Spiderlily Darts,Scissor Seven,Armory,"Once they hit an enemy they suck out their blood within a few seconds,
then bloom. If it doesn’t kill them they’ll be affected by the Love Flower’s poison which
will weaken their limbs. You gain two each month."
200,Ichiro's Sword,Scissor Seven,Armory,"A sword with a hilt that is a gun, can be fired while bowing to your opponent to catch them off-guard."
200,Android (Trump Card),Scissor Seven,Armory,"A special Android that contains incredibly advanced technology and weapons worthy
enough to be called a Trump Card. You may decide the specifics, but it’s one of those
tools you’d pull out when you’re ready to get serious against your enemies, strong enough
to give them a lot of trouble in dealing with it."
200,Last Resort,Hanachirasu,Armory,"A single handgun, a Glock 34 with a modified magazine. To get a hold of this in
modern Tokyo is difficult, and to fire it means to make an enemy out of everyone.
To damn oneself to a life of persecution as the lowest of the low. But that’s fine.
There’s no sword that can defeat the mighty gun. No amount of training or
muscle can stop a well placed bullet. Your magazine will refill each day."
200,Musket,Jade Empire,Armory,"You are now in possession of a flintlock musket, similar to Mirabelle, as well as enough ammo to last you
all of the 10 years. Enjoy being one out of two people who brought a gun to a fistfight"
200,Eyes of the Dragon,Jade Empire,Armory,"Forged from an unknown material, the Eyes of the Dragon have long been a mystery in the Jade Empire.
Fan Dao, a great scholar, once claimed he had discovered the secret of the sabers, but he died
mysteriously before documenting his findings. The Eyes of the Dragon are unbelievably sharp and can
cut through steel as if it were silk. In combat, the sabers seem to have a mind of their own, drawn to the
enemy like iron to a lodestone."
200,Crimson Tears,Jade Empire,Armory,"The inscription on these unique sabers is written in a long-forgotten dialect. The writing, deciphered by
Scholar Shao Shen many years ago, reads, ""The innocent are cut down with the guilty; the brave die
beside the craven; the blades do not weep for the dead"". Rumor has it that the Crimson Tears have
ended more lives than the great drought itself. Despite centuries of use, these sabers are as sharp and
deadly as the day they were forged."
200,Fortunes Favorite,Jade Empire,Armory,"This long sword bears the mark of Shining Fortune, the blacksmith of the gods. Shining Fortune's
weapons were so finely crafted that the gods forbade him from creating weapons for anyone but them.
When his son was enlisted to subdue the barbarians from the west, Shining Fortune forsook his oaths
and forged this marvelous long sword for his son. The gods cursed Shining Fortune for breaking his oath,
and he was never again able to produce weapons of any worth. Still, the blade he made for his son
never experienced defeat. It is truly Fortune's Favorite"
200,Dragon Sword,Jade Empire,Armory,"Before his departure to the unknown, the Celestial Dragon crafted the first true warrior, Lu Fang.
Though Lu Fang's fists were stronger and quicker than any blade, the Celestial Dragon forged the Dragon
Sword to give the warrior a weapon worthy of his skill. Hard as dragon scales and sharp as a dragon's
tooth, it is still one of the most formidable swords in the Empire."
200,Golden Star,Jade Empire,Armory,"Forged under an auspicious comet, this staff was originally a gift for the Water Spirit of the Silkworm
River. A young prince named Seng Lo sought to win the heart of the Water Spirit and had the staff
created as a gift. He then convinced the Great Eastern Serpent to fly him to the heavens, where he
dipped the staff in the golden comet. The light of the comet dimmed, but the staff became more
powerful than any before it. To this day, no one knows if Seng Lo won the Water Spirit's heart, but there
is no questioning the magnificence of the staff he created"
200,Tien's Justice,Jade Empire,Armory,"This ceremonial staff was once displayed in Sagacious Tien's great hall. Many years after his reign,
Emperor Yan Shun took up the staff to defend the palace from rebels. Once the infidels had been
stopped, Yan Shun gathered his army and left the palace, vowing to rid the Empire of all dissidents
before he returned. Emperor Yan Shun returned after seventeen years. In that time, Yan Shun and Tien's
ceremonial staff had become a symbol for justice in the Jade Empire."
200,Flawless,Jade Empire,Armory,"The scrolls of Peng Qi contain the story of a monk who shaped a flawless staff using only swatches of
silk. At first, the silk did nothing but polish the rough wood, but after thirty-four years the staff was
perfectly smooth, straight, and flawless. After finishing the staff, the monk told his abbot he was going
for a walk to test his new staff, and he never returned. An exiled warrior eventually discovered the staff
and attached a sharp blade that is every bit as perfect as the staff itself. It has since been adorned with
precious metals, but it remains as flawless as ever."
200,Tang's Vengeance,Jade Empire,Armory,"When Emperor Fong died without an heir, the Empire became fractured and divided. After years of war,
Tang the Merciless rose to be the forerunner in the battle for the contested throne of the Jade Empire.
Tang's own father betrayed him into the hands of his enemies, fearing that his son's violent ways would
ruin the empire. Rumor has it that before he fled into exile, Tang the Merciless used these very axes to
cut off his father's head. These devastating axes remain extremely sharp, even after hundreds of years of use. "
200,Meitou Weapon,Kenshi,Armory,"The Legendary smith only known by their alias Cross, is known to have crafted
only a handful of weapons of the highest quality. These weapons never rust or need sharpening, and are said
to unbreakable. Now, you have one of them. Choose a melee weapon to gain of Meitou quality."
200,Eagle's Cross,Kenshi,Armory,"A [Masterwork] grade, extreme long-range weapon for snipers. It’s possible to do a
lot of damage with one of these before an enemy even realizes what’s happening to them. This crossbow takes
skill to use effectively, and isn’t much use at close range. Included with this crossbow is one 30 bolt quiver of
long bolts. This quiver replenishes used bolts after a day."
200,Ondinias,Anima Beyond Fantasy,Armory,"Ondinias is an axe born from the sacrifice of a nymph
for the man she loved, despite knowing that he loved another woman. Although normally just an
axe imbued with the power of water, it can temporarily turn liquid in order to trap something
within itself, or be used to strike the earth and create a powerful wave of water. Recharging the
wave requires dunking it in saltwater."
200,Reloading Crossbow,Vinland Saga,Armory,"Capable of holding several bolts at once, and firing just as
hard as the average crossbow, this weapon is more than likely the most advanced thing in this
world at this time."
200,Nobuseri Mech,Samurai 7,Armory,"Normally this machine wouldn’t be piloted, but the body of a
mechanized samurai. In your case, however, we’ll be giving it a cockpit so you can fly it
without leaving behind your - likely highly augmented - body. Approximately the same
sort of scale as a gundam, towering several times the size of a human, these mechs come
in a few different varieties and weapon configurations. You can choose from a massive
two handed sword easily the size of the mech itself with a head mounted lightning
weapon, or a shield and smaller sword, along with a large gun which holds six rounds and
shoots bullets larger than men’s heads - large enough that even a samurai would have
trouble deflecting them."
200,Anti-Tank Sword,Samurai 7,Armory,"The Great War ended once weapons were made which
surpassed the nobuseri. We’re not given details, but this sword may be such a weapon.
This is an ordinary seeming katana, at least on the outside or at a glance. Its effect on
vehicles, and robots, though is something far more. It simply seems to be more effective
against them. Even an unskilled warrior could cut down a nobuseri with this weapon, as it
cuts through reinforced metal with the ease of cutting through thin cloth, and has some
property which seems to spread out and maximize the damage inflicted to machines
struck by it. If you had sufficient speed and force behind you, and hit with great skill at
the right spot you might even be able to cut an airship out of the sky with this sword."
200,Crystal Ball,Soul Calibur,Armory,"A crystal ball the size of one’s skull, this item is more than it appears to be. When you
peer through it at someone, symbols will appear on the ball, symbols that you can decipher
to learn of a person’s true nature and their fate.
Of course, it is not merely the tool of a fortune teller. The crystal ball is quite useful
in combat, the equal of a sword or spear in the hands of a skilled user. It floats in your hands
and you can control it to strike at your opponents, striking with enough force to break bones.
It could be even stronger if one had the ability to channel energy through the orb."
200,Living Sword,Soul Calibur,Armory,"Created through a combination of mechanical engineering, alchemy and black magic,
this sword is a unique weapon. Capable of splitting into multiple segments, taking the form
of a whip, this sword is no doubt useful. You can channel forth your energy through it, letting
you cast magic from it as if it were an extension of your body. The sword is even sentient to
a degree, capable of protecting you from unseen threats. Perhaps that mind of it would only grow in time."
200,Equipment Blessed by Olympus,Soul Calibur,Armory,"Blessed by Hephaestus himself, these weapons are no doubt the tools of his holy
warriors. Forged from divine metal, these weapons have been imbued by the powers of gods.
The blessings of Athena and Ares grant the wielder the physical and mental prowess of some
of the most skilled warriors in this world. The blessing of Anemoi, goddess of the wind,
endows the wielder with great speed. And finally, the blessing of Hestia, gives the wielder a
limited ability to cleanse evil.
Deliver swift and divine justice to evil, wielder."
200,Palindrome,Soul Calibur,Armory,"A pair of golden gauntlets, the right fitted with a fragment of the cursed sword and
the left fitted with a fragment of the spirit sword. This is truly a strange weapon.
The hidden mechanisms within the gauntlets send out carefully tuned waves towards the fragments, allowing you to retrieve the memories of past battles and translate them into physical movements. In the right hands, these gauntlets will allow one to become a veritable hurricane in battle.
As of now, the gauntlets are capable of generating dual swords, a giant axe and a spear
and shield. Further improvements will no doubt allow the Palindrome to generate even more weapons."
200,Automatic Laser Pistol,Furi,Armory,"An automatic energy weapon, it can fire itself indefinitely, with a
range of two hundred meters, and has an infinite charge of energy. Its energy bullets can be
used to cancel out other energy-based projectiles, provided they aren’t continuous beams like a
laser. It can also build up a powerful charged shot that can easily power through most incoming
projectiles and still hit its target."
200,Angel's Wings,Furi,Armory,"The equipment carried by The Song, consisting of a halo-like targeting
visor, mechanical wings, and crossbows. These will allow you to fly, and can be used to attack
like blades or make a spinning dash attack that is difficult to intercept. The crossbows can also
be used as melee weapons, and can emit a powerful sustained laser."
200,Famed Blade,Katanagatari,Armory,"Not every blade in the world can be as great as the Deviant Blades. It doesn’t mean they’re low quality or that they won’t fetch a handsome price at the auction. Just that they’re nothing more than a sword. The katana you have here is the work of a particularly famous craftsman in the region, a well-made and sturdy creation that would serve any warrior well whilst looking fine enough to be at the hip of any lord."
200,Deviant Blade: Sento Tsurugi,Katanagatari,Armory,"The 12 creations of Kiki Shikizaki. The legendary 12 Deviant Blades are powerful weapons, especially
for this time in this land, but they come at a cost. Each blade possesses a poison that will corrupt the
wielder and make them obsessed with the blade and retaining ownership of it. Luckily for you, purchasing any of the blades below will render you immune to the poison of the specific purchased blade. Each purchase also comes with the skill to effectively use your Deviant Blade. Each Deviant Blade you gain will be a copy of an existing one and while it won’t be the original, people may still come after you if it becomes known you have one. Any broken blades will reappear a week later.

The third of the Deviant Blades. An original blade surrounded by 999 copies, Sento Tsurugi is a set of
one thousand swords intended to be used in tandem to overwhelm the enemy with raw numbers. The blades can be easily stored and carried around together, despite how impossible it may seem, and purchase of this option also comes with mastery of the Sentouryu fighting style, a martial art that revolves around making use of countless blades placed around the user and on disarming the
opponent and using their weapons against themselves."
200,Deviant Blade: Zokuto Yoroi,Katanagatari,Armory,"The 12 creations of Kiki Shikizaki. The legendary 12 Deviant Blades are powerful weapons, especially
for this time in this land, but they come at a cost. Each blade possesses a poison that will corrupt the
wielder and make them obsessed with the blade and retaining ownership of it. Luckily for you, purchasing any of the blades below will render you immune to the poison of the specific purchased blade. Each purchase also comes with the skill to effectively use your Deviant Blade. Each Deviant Blade you gain will be a copy of an existing one and while it won’t be the original, people may still come after you if it becomes known you have one. Any broken blades will reappear a week later.

The fifth of the Deviant Blades. An immense suit of armour, styled after the creatures of the ocean.
It may not seem like a blade at first but the sword handle sticking out of one of the shoulders proves
it is clearly and obviously a blade. Designed for absolute defence, Yoroi defends from attacks from
any angle or power, even being immune to attacks that can pierce armour, so long as the user of the
armour is able to plant their feet firmly on the ground. It may not be as useful against attacks that do
not rely on physical force but those that do will find it impossible to get through the armour. Yoroi is
also covered in hidden blades that can be activated to whip out and strike at the enemy."
200,Deviant Blade: Bito Kanzashi,Katanagatari,Armory,"The 12 creations of Kiki Shikizaki. The legendary 12 Deviant Blades are powerful weapons, especially
for this time in this land, but they come at a cost. Each blade possesses a poison that will corrupt the
wielder and make them obsessed with the blade and retaining ownership of it. Luckily for you, purchasing any of the blades below will render you immune to the poison of the specific purchased blade. Each purchase also comes with the skill to effectively use your Deviant Blade. Each Deviant Blade you gain will be a copy of an existing one and while it won’t be the original, people may still come after you if it becomes known you have one. Any broken blades will reappear a week later.

The eight of the Deviant Blades. Kanzashi is a clockwork machine that normally looks like a beautiful woman, though clearly artificial. When entering into combat it will reveal its’ true form of a death machine. Powered by solar energy and able to fight and adapt to new situations on its own, it also has four legs and four arms to reveal in its’ combat form, each covered in blades. The legs can also work as propellers to enable flight and Kanzashi also has hidden blades in its’ throat that it can spit out at any attack. It is superhumanly strong and fast and tough but not unbeatable. While Kanzashi can adapt to new combat situations on its’ own, it has no other intelligence and is not a living being."
200,Deviant Blade: Dokuto Mekki,Katanagatari,Armory,"The 12 creations of Kiki Shikizaki. The legendary 12 Deviant Blades are powerful weapons, especially
for this time in this land, but they come at a cost. Each blade possesses a poison that will corrupt the
wielder and make them obsessed with the blade and retaining ownership of it. Luckily for you, purchasing any of the blades below will render you immune to the poison of the specific purchased blade. Each purchase also comes with the skill to effectively use your Deviant Blade. Each Deviant Blade you gain will be a copy of an existing one and while it won’t be the original, people may still come after you if it becomes known you have one. Any broken blades will reappear a week later.

The eleventh of the Deviant Blades. Mekki is a fearsome black sword with a ragged edge, constantly
bleeding dark smoke. This smoke is the sign of its deadly poison, capable of killing grown men in
moments and even the smoke itself is deadly to any but the user. It also holds the soul of one Kiki
Shikizaki, the blade’s creator, though unlike the original Mekki this blade cannot corrupt you when
you wield it. You may still use the blade’s poison to enter a berserk state that greatly increases your
physical attributes however, enough to blow away houses in a single slash."
200,Pancor Jackhammer,Bloody Roar,Armory,"A 12-gauge, gas-operated automatic shotgun designed in 1984, you have one of a few working prototypes. Fires at a rate of 240 rounds per minute. Reloading will be a bit of a hassle, as the gun retains the individual shells in the cylinder much like a revolver. Despite this, a trusty weapon to have. Comes with a self-refilling box of 200 shells."
200,M16A4 Assault Rifle,Bloody Roar,Armory,"Ah, a trusty model. Capable of semi-auto and full-automatic modes of firing, at an effective range of 600 to 800 meters. Rate of fire varies: Cyclic rate is 800 rpm; sustained is 12-15 pm; semiautomatic at 45 rpm; and burst rate is at around 90 rpm (rounds per minute). Gas-operated. Comes with a self-refilling case of 1.000 rounds."
200,Cheyenne Tactical M-200 Intervention,Bloody Roar,Armory,"Not the sniper rifle you were expecting huh? 7-round magazine, firing at a speed of 330 feet per second. Optimized for accuracy, and capable of both day and night optics. Effective firing range of 2,000+ meters. Comes with a sell-refilling box of 200 rounds."
200,A Dishonorable Gun,Blue Eye Samurai,Armory,"An imported gun, something none of the locals here know how to face. You don’t need to reload it or
worry about ammo, just cock back the trigger and it’ll do it on its own.
Can update its firepower and accuracy to that of the local firearms in future Jumps."
200,Tools and Weapons,Blue Eye Samurai,Armory,"A small backpack made of bamboo slats that every time you unroll it, it opens into a selection of small weapons and tools to break into places. Mizu’s backpack included lockpicks, a grappling hook & rope, climbing claws, a garotte, a couple shurikens, and two grenades that doubled as surprisingly effective clubs. Yours can be these, or change into a similar selection more appropriate for the Jump you’re in."
200,Regal Armor,Conan,Armory,"This is the sort of armor you might see worn by one of the kings or
generals of a Hyborian kingdom. This is the full, heavy armor of a mounted knight,
providing you with the best protection available in the Hyborian Age. Besides being
excellent and well made armor, you seem to look more impressive and authoritative when
you wear it, as if it accents your king-like qualities, and brings them to the forefront for
all to see. Or to put it simply you look more impressive when wearing it."
200,Warrior's Harness,Conan,Armory,"This is the armor of a mercenary soldier, a scale mail hauberk
and a helmet. While it offers less protection than the Regal Armor above, it is much
lighter and more comfortable to wear. In fact it seems to be lighter and more comfortable
than it should be, no harder to move in than a winter coat if even that hard, and no more
uncomfortable to wear either."
200,Ebon Staff,Conan,Armory,"This is a black colored staff. However by casting it on the ground with
force, you can cause it to turn it into a venomous serpent which begins to pursue and
attack an individual nearby who you were focusing upon. It will turn back into a staff
within an hour or if it is killed; in the latter case you must wait a day before it will turn back into a snake."
200,Envenomed Ring,Conan,Armory,"This large ring has a barb which can be extended from it by
squeezing fingers together. On this barb is a poison formed from the extract of the purple
lotus which merely by pressing against the skin of an individual can paralyze their flesh
in an instant. Since you’re paying CP for this the ring will re-envenom itself in a matter
of minutes after use, and you will be immune to its paralytic toxin. This ring’s venom is
potent enough to immediately affect any normal man."
200,Flying Sword,Cradle,Armory,"It doesn't just have to be a sword. This weapon can be any basic
weapon you like, but it's controlled by your will and can fly with enough strength to act as a
hoverboard if you so desire. It's got a range limitation of about 20 feet, but you don't have to
worry about it falling out of your control."
200,Magic Equipment,Mushoku Tensei,Armory,"As a Warrior even if you have a Battle Aura it is best not to fully rely on it and put some thought on your
armors as well specially magical ones. This set of Magical Equipment will amplify your physical capabilities by
Fifty Percent and this equipment also increases your protection from harsh environments and would always
maintain a comfortable temperature for you. It also has an ability to self-repair itself and automatically cleans
itself along with the function to auto-adjust to your size and build. You could import existing armors to gain
these enchantments."
200,Enchanted Robe,Mushoku Tensei,Armory,Magicians while powerful they tend to be glass cannons and have fragile physiques compared to their warrior counterparts. This magic Robe grants you protection from magical and physical attacks that scales with your level as a Saint-Rank Magician shrug off Saint-Rank Magic or Physical Attacks without problem and etc... along with this robe reducing the weight of the wearer is reduced by half and it is possible to move like the wind. This also gives protection from harsh environments making it that you always have a comfortable temperature even in a blazing dessert or freezing winter. It also has an ability to self-repair itself and automatically cleans itself along with the function to auto-adjust to your size and build. You could import existing armors or robes to gain these enchantments.
200,Divine Weapon,Thunderbolt Fantasy,Armory,"You possess a sentient instrument with its own unique personality
and the capabilities to speak. This instrument you possess is sharply loyal to you and
capable of transforming into a weapon sharp enough to cut through steel and demon
hides. Ki can be channeled throughout this instrument to allow you to shoot powerful
sound waves at your enemies."
200,Boomerang,Thunderbolt Fantasy,Armory,"You possess a boomerang made from bones. When thrown into the air, it
summons a large bird made of bones to serve you. This bird is intelligent and can be
given orders to relay messages and items. Its also strong enough to lift you up and fly
you to a location of your choice. It can be directed to fight your enemies too if you throw
this boomerang them. Lastly, you know the process needed to make more boomerangs if you so desire."
200,Machine Gun,Thunderbolt Fantasy,Armory,You now possess a machine gun with infinite ammo and bullets sharp enough to pierce steel and the hides of demons.
200,Armament Designation,Duel Monsters - Duel Terminals I,Armory,"As an Ally of Justice, you’re going to have weapons like blades and projectile launchers installed in your body by default, but it won’t be anything terribly interesting. With this, you can change that. Each purchase of this will give you an additional weapon or tool to use. Examples include Cyclone Creator’s cyclone-generating wings, Garadholg’s laser swords, Quarantine’s force walls, and Thousand Arms’ many, many, arms, but you are free to come up with something to make yourself unique so long as it’s within that general ballpark.
Additional purchases are 100 CP Undiscounted."
200,Armored Jumper,Duel Monsters - Duel Terminals I,Armory,"People here can get surprisingly strong through training alone, but most X-Sabers aren’t happy going naked into battle just because of that. Like many of them, you have your own suit of technological armor that sends your physical abilities sky high. Wrestling a monster three times the size of a person would be no trouble with this, and you could probably go for a full twelve rounds with it before the armor started getting unstable. Should you happen to have any cybernetics, the armor will be capable of connecting with it to share information and energy, as well."
200,Commando,Duel Monsters - Duel Terminals I,Armory,"I know you’re always packing heat, but this is kinda ridiculous. Rather than be content to improve your flames solely through traditional means, you’ve commissioned a powerful cannon to further enhance your flames. Even a small bonfire’s worth of flames could be turned into a supersonic arrow or a raging tempest inferno. But for you, it’s got a bonus trick, enhancing all flames you may wield or create through magic, as well as any which primarily originate from outside your body. This also gives you the blueprints, allowing for mass production."
200,Blaze Accelerator,Duel Monsters - Duel Terminals I,Armory,"An odd contraption, designed by some of the Jurrac’s greatest engineers. Normally, it would accelerate the flames of whichever Jurrac equips it to ludicrous levels, turning even a small bonfire into a raging storm or supersonic bullet of flames. But for you, it does a little extra, enhancing all flames you may wield or create through biology, as well as any which primarily originate from inside your body. This does give you the blueprints, allowing for mass production."
200,Bounty of the Lands,Duel Monsters - Duel Terminals I,Armory,"What an interesting boon you’ve acquired. Whether stolen or given freely, you’ve been granted four pieces of the bodies of the Naturia’s Lords, each of which functions as a magical item. Unlike most such samples, these will never break, though they can still be rendered inactive for a few days if overused. Barkion’s Bark is a shield, which besides being made of wood as strong as rock, can nullify traps with its presence. Landoise’s Luminous Moss can be used to negate supernatural effects used by your opponents, assuming you actually manage to cover them with it. Leodrake’s Mane can grant you enough strength to break apart small hills, as well as appropriate durability, for a few seconds. Exterio’s Fang can be used to literally stab apart spells, puncturing magic into naught."
200,Illidan,Duel Monsters - Duel Terminals I,Armory,"Gruesome, but I guess survival of the fittest is the law where your kind is concerned. You killed an Upper Class Worm life form at some point in the past, and rather than devour its body for sustenance or get devoured by it after leaving your guard down, it bonded to you on a deep level. You can easily enter and leave your fallen brother’s carapace without disrupting its durability, which is far greater than that of any normal stone or steel, and can allow it to bond with your nervous system while inside in order to make it a proper extension of your body for any effects that may apply only to your self. However, the dying will of the Worm you murdered remains inside, and its vengeance has had interesting effects. The carapace constantly gnaws at you, causing an effect similar to how muscles grow after exercise “wounds” them across your entire body, as well as disrupt and suppress any supernatural powers you may have. Besides helping you train by forcing you to become better in order to function at your baseline, removing the carapace after staying within for a long time will actually release the power it devoured in one burst, giving you stores of strength and energy well beyond your normal capacities for a moment or two."
200,Brilliant Spark,Duel Monsters - Duel Terminals II,Armory,"A cracked and ruined gem freely given by an old friend. Every few hours, it mends itself, still housing the energy that once tore it apart. When an ally is harmed in your presence you may will the gem to crack once more, the energy within rushing into the source of the harm and either inflicting it or all the damage the wounded ally could have done with a single attack on them as vengeance, whichever is greater. By sacrificing a single memory of someone dear to you, the gem can immediately mend itself. But why would you?"
200,Icejade Dagger,Duel Monsters - The Abyss,Armory,"This is a Dagger of Icejade. While inherently inferior in all regards to a proper Swordsoul like those of the Wyrm of the Summit Origin get from the “Sword of the Soul” Item, it still follows the same general principles as one. Its shape is set as a Dagger, although you can choose what kind of Dagger. Like the “Sword of the Soul” Item, it will grow in power alongside you, albeit to a much lesser degree. It will always be a useful side-arm at minimum, will boost the power of any technique using it by 10%, and can be summoned or dismissed at will. However, it does not possess any inherent elemental traits or abilities. The one unique trait this dagger has is as follows: for each of your allies that are incapacitated, dead, or otherwise unable to assist you right now due to some action taken by your enemies, the power of this dagger increases by 10%. This stacks additively, but with no limits. So, even if the worst happens, there will always be hope. You can import any weapon you possess into this if you desire."
200,"""Holy"" Weapon",Duel Monsters - The Abyss,Armory,"This is a Weapon of your choice, proclaimed to be a Holy Weapon by the Dogmatika Nation. It isn't actually Holy, though. Rather, this is a weapon that can channel any power you have in any amount without issue. It will initiate some kind of effect based on which power you are channeling, which will also change the appearance of the weapon or manifest some kind of glyph. And, when used this way, the power of whatever technique you use with this weapon will be boosted by 25%. By default, it is set up to channel your Stigmata (assuming you have one) but you can change what you're channing at will."
200,Azure Armory,Duel Monsters - The Abyss,Armory,"The Tri-Brigade possesses a variety of weapons, that all contain and are powered by Azure Energy. Most of which use that energy as ammunition to shoot, but a few do channel the energy instead. By taking this item, you now have an entire armory, filled with every type of weapon done in this style. None of them are exceptional, but they are high quality and you certainly aren't lacking with variety or amount of weaponry. You have enough to easily arm a platoon if you want, or you can just change what weapon you're using based on your mood."
200,Therion Ready,Duel Monsters - The Abyss,Armory,"Now, this is something more worthwhile. This is a robot body that is built to fight and win. A body on par with the Therions, one capable of thriving in the Therion Discolosseum. It has incredible specs across the board, is designed to your specifications, and possesses some sort of unique special ability of your choice. Additionally, this body is perfectly compatible with any and all types of technology, to the point where you can just plug something in to any random spot and it will simply just work. As a part of this, the system of your Therion Body is immune to any and all viruses, hacking, unwanted external modification, coopting, or anything else. Additionally, you and your Therion Body will automatically gain full control of any system or power source that is plugged into it. Unlike the last one, do try and take care of this. It has the usual item protections, but you do only have the one."
200,Scaled Armor,Duel Monsters - The Abyss,Armory,"This is a set of scaled armor that perfectly fits you and covers nearly your entire body in some way or form. It will be normal scales for most of it, but it can also include things like latex coverings, leather, or so on in some parts of it. Look through any of the Swordsouls shown to get a good idea of what to expect, although Taia below is a nice example of the standard. No matter the chosen material of the armor, it will all have the same durability and protection across your entire body. Additionally, this armor is self-cleaning, and by wearing it, you receive a 25% reduction to any and all damage or Negative / Debilitating Effect that would act on you. Except to stand out in a crowd, but the protection should be worth it. You can import any armor you possess into this if you want."
200,Bubble Shoot,Duel Monsters - The Heroes,Armory,"Like the legendary Bubbleman, you’ve created a special suit able to load and fire water, both as bubbles and as a stream. While people initially laughed at him, pressurized water can actually do a lot of harm. The suit also comes with a light refractor that can use the bubbles to create illusions, and a heating system able to turn the water streams into scalding steam."
200,Drillguy,Duel Monsters - The Heroes,Armory,"One day, you will pierce the heavens. At least, that’s the dream. You’ve created a special suit equipped with many drills, which can rotate at extremely high speeds whenever you wish. These drills are at the very top of mundane make in terms of base quality, but are unreasonably durable when used by you. You also have a standalone drill of larger size, which can be wielded as a lance or spear in combat."
200,Witch Raider,Duel Monsters - The Heroes,Armory,"So, funny thing. While it’s rather obscure, magic is real. So real, you’ve used magitech to create a special rifle. This rifle can easily punch straight through reinforced steel and never runs out of ammo, though its rate of fire isn’t anything special. What is special is its anti-magic properties. The shots fired by this rifle can be used to disrupt any spells or magic they touch. While it’s nothing like directly countering magic or creating anti-magic zones, it’s still going to ruin the day of any spellcasters you might fight."
200,Poisons and Praticalities,Kimetsu no Yaiba,Armory,"Let's face it, not every Slayer can just take a sword, a crow, and some fancy clothes out into the field and become a Feudal Japanese Doom Guy. Or, perhaps, a Slayer finds a group of potential Corps members out in the field and needs to give them some training, or they simply find their own repertoires lacking. Well, for all those reasons and more, there's this package deal: a weekly-replenishing supply of wisteria ""poison"" (as used by the Insect Pillar and her associates) that deals serious damage to demons, training manuals and material aids for various Breathing Styles' basic moves (enough to teach trained swordsmen how to harness Total Concentration Breathing and guide them towards a style suited for their talents), and spare uniforms and blades (not Nichirin, but sturdy steel, which is better than nothing)."
200,Ghatanothoa's Strength,Sundered,Armory,"Upgraded with 200 CP, the apmlifier can build up far more tension before being unleashed, taking longer
to achieve a full charge but creating much more force to compensate.

Requires ""Strenght Amplifier"" to Purchase"
200,Armageddon,Sundered,Armory,"Upgraded with 200 CP, instead of firing a single ball of energy, it can fire a continuous stream.
Do note though, a continuous stream does also mean continuous kickback, so be ready.

Requires ""Energy Cannon"" to Purchase"
200,A Second Skin,Sword & Sorcery,Armory,"Perhaps it is a finely wrought shirt of chain mail, a breastplate of gleaming bronze, or something
else still. Regardless of its nature you have a set of armor that not only rests lighter than a feather
upon your body but seems impossibly durable against all the claws and blades that seek to rend
your form. Weapons that strike it seem to have a measure of their force turned back upon them.
Possibly splintering hafts, chipping blades, or wrenching them from a wielder’s hand. This article
will never hamper you in any manner and will serve you well in these lands. Your lifeblood will be
much harder to spill so long as you bear it."
200,A Swift Dagger,Sword & Sorcery,Armory,"Perhaps a simple knife or nearly a short sword in its own right. This small blade is quicker and
sharper than any eagle’s talon. Most of all it is silent. Throats slit, and lifeblood spilt will never
cause noise to reveal you, flowing through flesh like a moonbeam on greased silk. Whether in
hand or thrown it also seems preternaturally good at striking the most vital spots on an enemy.
Perhaps I was wrong. With a blade like this there is certainly cause to believe you are more of an
assassin than a thief."
200,Poisons and Banes,Sword & Sorcery,Armory,"A single drop in a wine cup can fell even the mightiest emperor, and a smudge of oil along a knife
might bring to heel even beasts that no warrior can match. You have a limitless and varied supply
of poisons, sedatives, and all manner of concoctions meant to poison and inhibit those who
oppose you. From sleeping draughts that might leave garrisons blind and deaf to even the loudest
thief to poison that boil a man’s brain from the smallest cut. You have access to every mundane
poison known to man and many ingredients that are only possible in a fantastical land such as this.
You also have the skill to mix and apply these, and as special consideration none of the poisons
created from these supplies will have any effect on you. Wise men would watch their cups when
you are around."
200,Thunderstick,Mad Max,Armory,"A spear with an explosive tipped payload, explodes on contact with the force of a high explosive grenade. You get a bag that has 10 that respawn daily."
200,Wooden Shield,Primal,Armory,"This seems to be a primitive version of the iconic round Viking shield. Made purely of wood without the iron elements that would exist in the iconic shield, it’s on the smaller side as well being under 30” in diameter. It is, however, surprisingly light weight for a large disk of wood, and surprisingly sturdy – more so than a Viking shield should be – and could easily stop arrows, even a spear that would go clean through a man wouldn’t pierce through the back, and modern small arms fire could be deflected by it; at least for a time, enough deep penetrations into the wood will weaken it like any other shield. Unlike most shields it will repair itself over time, and if too severely damaged or lost be replaced within 24 hours."
200,Chieftain's Armor,Primal,Armory,"This is a suit of armor such as that which the viking chieftain once wore. It includes multiple layers, from padding to a full body covering of mail, to an outer layer of plate, and comes with a helmet to match. It’s designed to be worn and moved about in, and to be worn relatively comfortably. You’d not want to wear it 24/7 or to sleep in, but it’s well made armor. And it’s really well made armor. It could withstand and deflect spear blows that would skewer through a person, or plunge full length into a dinosaur, and even one which would sail through a tyrannosaurus could be deflected by this armor depending upon how it hit, and even if it hit you badly it’d possibly stop the blow before it reached your vitals, you just might have a new gap in your armor. Even the mighty jaws of a tyrannosaurus could be stopped by it, but expect a good bite from them to leave it – and you – damaged; but given a t-rex in this world can bite tree trunks in half, tear off stone, and effortlessly bisect individuals a few bloody wounds is better than losing a limb completely."
200,Mirror Helm,Hawkmoon,Armory,"This perfectly-crafted helmet is featureless for two eye slits and an ornamental crest featuring a design of your choice. In addition to being indestructible, the impossibly- reflective surface is disorientating in battle, making your foes much less likely to hit you and warding you against minor sorceries. Furthermore, it will never stain or become dirtied so that its radiance can never be diminished."
200,Brass Armour,Hawkmoon,Armory,"The value of a good suit of armour can never be understated, and this is one such example. A perfect replica of the beautifully ornate plate armour worn by Count Brass, this particular suit is stronger than steel despite apparently being wrought from pure brass. In addition, the bearer of this armour gains a greatly enhanced presence on the battlefield: Simultaneously a more awe-inspiring, commanding hero to their allies, and an intimidating, indestructible monster to their foes."
200,Ornithopter,Hawkmoon,Armory,"One of the greatest marvels of the post-Tragic Millennium era, ornithopters are small aircraft that fly by flapping their wings. This particular vehicle is a thing of great beauty fashioned in the shape of a giant griffon, all worked in copper, brass, silver, and black steel, with forty-foot wings. Two mounted flame-lances allow the pilot to blast their foes from above. While most ornithopters are powered by unstable steam engines and must be refuelled after short flights, yours will suffer none of these problems, possessing unlimited fuel and never suffering from spontaneous malfunctions."
200,Acid Cannon,Hawkmoon,Armory,"The acid cannon, the greatest invention of Baron Kalan of Vitall, is one of the most fearsome weapons ever conceived. When fired, the cannon spits out a huge globe of virulent green acid that floats on the wind towards its target. Upon contact, the globe explodes and corrodes anything it touches eating through men nigh-instantly and eating through stone as boiling oil might eat through ice. Fortunately, your cannon has no chance of malfunctioning and destroying its user along with everything around them."
200,Chaos Armor,Legacy of Kain,Armory,"This demonic looking set boasts perhaps the greatest ability of all: Anyone that strikes its wearer will be hit back with the equal amount of force. Note that this does not diminish whatever damage you receive, it simply guarantees that your enemies will have to bear the force of their attacks as well."
200,Implosion,Legacy of Kain,Armory,"The third and final in the series of murderous projectile items for fun and profit, as well as easily the most deadly. Although not having the homing properties and possessing a lower speed than the other two, it more than makes up for it in sheer potency. Whoever gets hit by this will rapidly compress until they burst like a bloody bubble of gore and crushed bone shards, sending pieces flying everywhere. Only the most powerful in any given world will be able to resist the powerful force of this artifact while still taking a measure of damage, though someone like a genuine deity might be be able to shrug this off without issue unless you are already more powerful by comparison. Do mind the mess...or not if you are the sort to like your decor with a bit of fresh paint."
200,Immunity Mask,Darkest Dungeon,Armory,"A blessed mask that grants tremendous resistance to bleed, blight, and stunning effects. Somehow, you can see out of it even though there aren’t any eye-holes."
200,Confessor Gauntlet,Darkest Dungeon,Armory,"A wickedly-designed gauntlet that somehow exacerbates the wounds of bleeding foes when a blow is struck against them, dealing great damage and increasing the chance of causing critical damage. It also increases one’s accuracy, slightly."
200,Sacred Blade,Darkest Dungeon,Armory,"A holy blade that gleams with light. Sharper than what should be possible, the light it gives off makes it easier to stun foes and tremendously increases the chance that its bearer will wax virtuous when brought to the edge of sanity. "
200,Padded Armguard,Darkest Dungeon,Armory,"A studded gauntlet meant to offer protection when training beasts for the purposes of battle. It enables you to evade blows better, and when protecting an ally it offers greater physical protection against damage."
200,Veteran Gauntlet,Darkest Dungeon,Armory,"A gauntlet that has seen many battles; when worn it gives a small boost to damage, a more sizeable increase to the chances of stunning or moving a foe, and gives a small chance to daze an enemy with a melee attack, sending them reeling backwards or forwards."
200,Mask of the Timeless,Darkest Dungeon,Armory,"A mask/helmet combination that leaks blue mist; when worn it offers enhanced reflexes, making it easier to dodge blows and move more quickly in battle. "
200,Piercing Quarrel,Darkest Dungeon,Armory,"A trio of spiked, wickedly sharp crossbow bolts. Offers a small boost to ranged damage and a sizeable boost to the odds of doing critical damage, and pierces a large amount of enemy armor."
200,Cloak and Dagger,Darkest Dungeon,Armory,"A grand cloak, concealing a half-dozen daggers. Increases melee damage and lethality, and gives the bearer an uncanny ability to dodge attacks when stealthed- and also allows them to bypass the protectors of guarded enemies to strike at them when unseen."
200,Duelist's Pistol,Darkest Dungeon,Armory,"A masterwork pistol; offers a variety of benefits, including increased ranged damage, better critical chances, resistance to being moved, and increased accuracy on the front lines. "
200,Parrying Dagger,Darkest Dungeon,Armory,"A duelist’s dagger; offers increased melee accuracy and damage, particularly when countering attacks which are slightly more likely to be critical, and makes deep, bleeding cuts more easily.."
200,A Fine Blade,Good Hunting,Armory,"A blade capable of harming any creature, how much depends on your own skill and strength.
It is also blessed to be unbreakable and to always keep a sharp edge."
200,Stealth Garb,Manyuu Hikenchou,Armory,"These are not the bright robes of a noble samurai; these are garments of a
ninja. Expertly colored to blend into the night, this suit will not rustle, overheat, or otherwise
hinder your movement. Best of all, these garments contain plenty of hidden pockets perfect for
carrying all the tools a ninja may find useful. Keep plenty of knives, smoke bombs, and other
tricks on your person, all impossibly hidden into the slim outline of this shadow suit. Live up to
the legend of the shinobi with attire made to match!"
200,EMP Grenade,Real Steel,Armory,"A grenade that explodes with a ten-meter radius EMP wave that easily penetrates
any sort of shielding no matter how advanced or even supernatural. You get another
one after a minute of it being used."
200,Bracer,Tunic,Armory,"Soldiers are expected to fight for extended periods of time. As such their uniforms
have a few pieces of equipment that provide comfort to reduce fatigue. This Bracer is
one such item. It is designed to go on the same arm as one wears a shield to provide a
small amount of padding, reducing the impact of incoming blows.
While most bracers provide a small amount, just enough to make a difference over a
long battle, this bracer is much more effective. Wearing this significantly reduces the
impact of blows that strike your shield, noticeably reducing the stamina cost of doing so."
200,Candle Power,Tunic,Armory,"This Candlestick and three pronged Candelabra function as a set. While
unconventional, while they are lit they function as a sword and shield, of a sort. It takes
a moment to extend the blade before a swing, but the candlestick has notable range as
the flame stretches out from the end. This line of fire hurts to be struck by and can easily ignite a foe.
The Candelabra is a decent shield, though is slightly better for magical damage than
it is for physical damage. Luckily, in the event that the candles are extinguished, the
physical component of this makeshift shield functions fine."
200,Mask,Tunic,Armory,"This mask is emblematic of the Scavengers. It looks like a face-covering gas mask.
While it functions as a normal gas mask as well, it is also capable of filtering
otherworldly contaminants from the air keeping you safe from their effects. The lenses
are treated in such a way that they can help you see in heavily polluted environments,
allowing you to see through intense glare or some smog."
200,Magic Dagger,Tunic,Armory,"This dagger was forged by the true fairies granting the user to unleash short ranged
blasts of ice capable of freezing enemies it strikes. It isn’t particularly efficient in terms
of magic consumption, but there may be a way to reduce the cost by combining the
effect with something a little more cost effective."
200,Iron Helm,Arawn,Armory,"A helmet much like Arawn’s. An iron fortress, if we’re putting it in his words.
Arawn’s iconic helmet has lasted him many years, and so will yours. It’s of a design of your choice, and
while it’s only as protective as an ordinary metal helm, you will never lose it. It won’t ever break on you.
Furthermore, this helmet has an iconic look to it, and in time all will come to recognize it as yours. In
addition to this, you get a replica of the spiky suit of plate armor Arawn wears at the end, because it’d
only be fair to let you complete the set."
200,Private Armory,Luther Strode,Armory,"Enough guns and ammo to start a small war. Containing firearms and explosives to fit all
situations, and melee weapons commissioned for all schools of warfare. You may even find some
replicas of myth and fantasy. Though master crafted, all weapons are strictly mundane."
200,Poisoners Kit,Luther Strode,Armory,"Neurotoxins, plant extracts, venom, needles, throwing knives and syringes. Even tasers for the
modern minded. All kinds of chemicals and recipe formula to paralyse, relax or corrode the bodies
that would harm you. The contents replenish themselves overnight, even if you add new ones."
200,Hammer Shield,Volgarr the Viking,Armory,"An unbreakable shield with the motif of a hammer upon its surface, capable of blocking any
blow as long as your strength can handle it. It also enhances the power of any projectiles the
user throws, increasing their striking power and penetrability. A spear toss that would
normally lodge itself in the first enemy hit could now pierce through multiple in a row."
200,Lasso,YOMI Hustle,Armory,"Because of course. It's a simple rope that ends in a loop. Simple and useful. Throw this on an enemy, and throw them around."
200,Conjurer's Catalog,YOMI Hustle,Armory,"A book of weapons that you can learn to conjure at any time. Swords, darts, any simple weapon you'd like."
300,Eternal Parasol,A Will Eternal,Armory,"This tool, which comes in your choice of colours and patterns, is modelled after a particularly nasty and ghoulish weapon used by Bai Xiaochun. When the tip of the parasol is stabbed into living flesh, human or otherwise, it will forcibly extract their life force and funnel it into the users body. Activating this effect is as simple as channelling a minute amount of spiritual energy into the parasol. The more spiritual energy channelled into it, the faster it will extract life force. Note that this life force isn’t the same as life span, and can be recovered with time and rest."
300,Divine Weapon,Asura's Wrath,Armory,"You have a legendary weapon forged by the smiths of heaven or found in the hot blood of the earth. In either case, it is nigh­unbreakable and has a unique quality or power. As an example Wailing Dark, Argus’s sword, can extend to an outlandish length and with sufficient mantra, cut through a moon. Moon­cutting feats require Mantra Level 5 at minimum."
300,Astras (300),Grant Morrison's 18 Days,Armory,"Well, where would any work based on Hindu myth be without the great weapons granted by the gods? Mighty arrows and spells capable of devastating battlefields and smiting armies en-masse, these weapons remake lands and force maps to be redrawn. And you can have them now! There are many, many Astras you can choose from, an almost infinite list. And barring Planet (or more) destroying weapons like the Brahmastra, you can have any of them for a flat 300 CP. That is, 300 per Astra, so don’t go trying to get clever about it. You can have the mighty Solar Astra, or the Narayanastra, or virtually any other you may care to claim for yourself, except, again, the very greatest of them all.
Can Be Purchased Multiple Times"
300,Headhunter's Arsenal,Katana Zero,Armory,"Not every NULL was so melee-focused like the modern-day Zero or the Dragon. The Headhunter makes use of three high-quality pieces of military equipment, shit that  people would kill to get; a high-fire rate SMG that spews out bullets like no one’s business, a one-handed grenade launcher, and most uniquely an energy rifle that can rapidly dispense lethal, explosive, and lingering beams, spew out said beams continually like a more ‘conventional’ energy weapon, or delay a beam in mid-air as a sort of trap. While the last article is incredibly powerful in its own right, the rifle takes a moment to charge before firing no matter which mode you use.

This Weapon is Discounted for those with the ""Full Confession"" Perk"
300,Phoenix Blade,Katana Zero,Armory,"Someone stuck a flamethrower to a sword. That’s pretty
much it, it’s just a Katana in practicality with steel-melting flames spewing out. Try not to burn your face off."
300,Sword of Masters,Katana Zero,Armory,"I’m pretty sure this belongs to a fantasy kingdom, not here. Regardless it’s a broadsword that shoots out a blue energy projectile if swung every few seconds. Hits as hard as a thrown weapon with “NULL Training” Otherwise just another Katana in function."
300,From a Mile Away,Katana Zero,Armory,"This is a gun. It’s also a very big gun, powerful enough to blow a man’s head clean off, and I mean just fucking pop his head with one round, and it always seems to have ammunition when you need it. Very nice. May or may not be gold-plated."
300,Golden Blade From Above,One Finger Death Punch,Armory,"Whenever you are near death and similar despair, the world will breathe in as a golden sword descends into your hands from the heavens. This indestructible weapon cannot be dropped unwillingly or disarmed, cutting down all who oppose you until your last chance is no longer needed."
300,Stun Blade,Metal Gear Rising: Revengeance,Armory,"Infused with a two-million-volt current, this unique sword is capable of temporarily shutting down the interface to a cyborg's brain, or to a UG's optical neuro-AI. It's also highly effective as a conventional cutting weapon."
300,God Cloth Potential,Saint Seiya: Lost Canvas,Armory,"By absorbing the blood of it’s patron God or proximity with one of his divine artefact, a Cloth can evolve into a God Cloth version of itself, rivaling even the original Kamui and amplifying your cosmo to the point of harming and damaging said Gods and Kamui. It however is a temporary state and comes only in situations of great stress and need, in canon when someone as strong as a gold saint with his 8th sense awoken would burn his cosmos to its very limits. This perk only makes the potential for the transformation permanent, not the transformation itself.

Requires a ""Cloth"" Perk to Purchase, this Perk is Free for those with ""Ichor"" or ""Orichalcum"""
300,Gold,Saint Seiya: Omega,Armory,"This level of armor is only given to the most elite followers within the forces of the gods they serve. At maximum, there are probably 12 sets of gold level armor in one faction. As these armors now cover the entire body of the user, this armor provides one of the strongest augmentations to the burning Cosmo of the user, enabling them to move at blinding speeds and allowing them to shrug off blows from anyone wielding anything short of the Seventh Sense at their full power. However, this has the highest requirement to be able to use effectively - the user must have unlocked their Seventh Sense to truly utilize such powerful armor."
300,Rare,Swords,Armory,"Blades that are not easily obtainable and are highly sought after by collectors and warriors alike. They often possess unique abilities or are made from rare materials.. EXamples being scorching short sword, the Cloudy cutlass, sword of Almost midnight, Smartsword"
300,Superb Steel,Ghost of Tsushima,Armory,"Your choice of melee weapon made by the hands of a master craftsman. Your weapon is far stronger/sharper and durable than others of its kind. As a bonus your weapon can be either eversharp: meaning its edge will never dull or possess a force multiplier of 2x: meaning your strikes will hit with twice the force and damage they normally would. Additionally, it is easy to repair and can even be improved upon."
300,Blunderbluss,Ghost of Tsushima,Armory,"A two handed heavy weapon that is essentially a man-portable
cannon. It is powerful enough to take out several unarmored enemies with a single shot and
deals severe if not fatal damage to brutes and other heavyset/large enemies. This weapon is
relatively easy and quick to reload, can be easily repaired and improved upon."
300,Samurai/Scale Armor,Ghost of Tsushima,Armory,"A set of armor crafted with the highest standards. It can be either a traditional set of Japanese armor
or one of the more ornate Mongol scale armor. This armor offers a major increase in
protection from damage and hazards. This armor is easily repaired and can be improved upon."
300,Deviant Blade: Zanto Namakura,Katanagatari,Armory,"The 12 creations of Kiki Shikizaki. The legendary 12 Deviant Blades are powerful weapons, especially
for this time in this land, but they come at a cost. Each blade possesses a poison that will corrupt the
wielder and make them obsessed with the blade and retaining ownership of it. Luckily for you, purchasing any of the blades below will render you immune to the poison of the specific purchased
blade. Each purchase also comes with the skill to effectively use your Deviant Blade. Each Deviant
Blade you gain will be a copy of an existing one and while it won’t be the original, people may still
come after you if it becomes known you have one. Any broken blades will reappear a week later.

The second of the Deviant Blades. Perhaps the blade closest to being normal, Namakura appears to
be an entirely normal katana. It is only once drawn that it displays the ability to cut through any
object without fail. The blade is also lightning fast, able to leave it’s sheathe in a second even for an
inexperienced user and, if soaked in blood, grow even faster. Purchase of this sword also comes with
a good knowledge of the art of Iaido, though only for use with this specific blade."
300,Deviant Blade: Shoto Kanazuchi,Katanagatari,Armory,"The 12 creations of Kiki Shikizaki. The legendary 12 Deviant Blades are powerful weapons, especially
for this time in this land, but they come at a cost. Each blade possesses a poison that will corrupt the
wielder and make them obsessed with the blade and retaining ownership of it. Luckily for you, purchasing any of the blades below will render you immune to the poison of the specific purchased blade. Each purchase also comes with the skill to effectively use your Deviant Blade. Each Deviant Blade you gain will be a copy of an existing one and while it won’t be the original, people may still come after you if it becomes known you have one. Any broken blades will reappear a week later.

The sixth of the Deviant Blades. A large, blunt sword that is impossibly heavy. Designed to be used to
crush the enemy and the ground under them, it is too heavy to wield for even the strongest wielders. Only someone with superhuman power could hope to carry it, something you have been provided
with by purchasing this. Your fists can make craters in the ground with ease or knock over houses
with your kicks and wielding this immensely heavy Kanazuchi is as easy as swinging around a twig. The blade can also be used as a hammer by gripping the blunt point and hitting enemies with the handle."
300,Deviant Blade: Akuto Bita,Katanagatari,Armory,"The 12 creations of Kiki Shikizaki. The legendary 12 Deviant Blades are powerful weapons, especially
for this time in this land, but they come at a cost. Each blade possesses a poison that will corrupt the
wielder and make them obsessed with the blade and retaining ownership of it. Luckily for you, purchasing any of the blades below will render you immune to the poison of the specific purchased blade. Each purchase also comes with the skill to effectively use your Deviant Blade. Each Deviant Blade you gain will be a copy of an existing one and while it won’t be the original, people may still come after you if it becomes known you have one. Any broken blades will reappear a week later.

The seventh of the Deviant Blades. A small kunai that is able to generate electricity, its primary use is
not for combat. Instead, when stabbed into the body of the user it will remove any physical
weaknesses or wounds they have, constantly rejuvenating their body. The body will constantly heal
at a rapid pace as long as the kunai is within it while removing the physical limits on the user’s body."
300,Deviant Blade: Ento Ju,Katanagatari,Armory,"The 12 creations of Kiki Shikizaki. The legendary 12 Deviant Blades are powerful weapons, especially
for this time in this land, but they come at a cost. Each blade possesses a poison that will corrupt the
wielder and make them obsessed with the blade and retaining ownership of it. Luckily for you, purchasing any of the blades below will render you immune to the poison of the specific purchased blade. Each purchase also comes with the skill to effectively use your Deviant Blade. Each Deviant Blade you gain will be a copy of an existing one and while it won’t be the original, people may still come after you if it becomes known you have one. Any broken blades will reappear a week later.

The twelfth of the Deviant Blades. Ju is a pair of pistols, a revolver and a semi-automatic pistol. These ‘swords’ grant a range and firepower unmatched by anything else in this era. The guns never
run out of ammunition nor need to be reloaded, firing bullet after bullet with no rest. Even if you
weren’t a masterful marksman, these two would be a game changer amongst even the strongest
fighters of this world."
300,Green Dragon Crescent Blade,Generic Wuxia,Armory,"The ancient blade of the great general and god of war, Guan Yu, this halberd is impressive in both size and power. Though it weighs nearly 40 pounds, you can use it easily, and even make flurries of blows that would be impressive with a rapier. It can easily crush lesser weapons."
300,Riyu Jingu Bang,Generic Wuxia,Armory,"The famous Golden Staff of the Monkey King Sun Wukong can change size as much as the wielder wishes, from the size of a tree trunk to a tiny needle to carry behind their ear. While in truth it is immensely heavy, you are fated to use it and can therefore fight with it unimpeded, though be careful not to drop it in the wrong place. The staff is also nigh-indestructible."
300,Bow of Hou Yi,Generic Wuxia,Armory,"This famed bow, possibly the first bow ever crafted, is deadly accurate at ranges far
beyond anyone would expect. Further, though it has a very light draw, any arrow you
fire has enough force to halt (and slay) a charging tiger."
300,Green Destiny Sword,Generic Wuxia,Armory,"This legendary Tai Chi Jian can cut through almost anything, and is so flexible it will
never break. It is perfectly balanced, and will enhance any Ki abilities that you use through it."
300,Gauntlet of Absorption,Darkest Dungeon,Armory,"A potent protective item for those who prefer to get hit, this gauntlet increases the healing done by the wearer greatly and gives increased resistance to damage. Blows struck against the wearer actually alleviates some accumulated stress, as well."
300,Gleaming Breastplate,Darkest Dungeon,Armory,"A holy breastplate that not only protects against moderate damage, but even helps ward against killing blows and even lucky strikes for superb survivability."
300,Ghoul Claw,Darkest Dungeon,Armory,"A cruel ritual dagger, still stained with the blood of its last sacrifice. Increases melee damage and accuracy when held, and heightens the chances of a fatal blow against a marked enemy, as well as the stress they feel at your approach.."
300,Mirror Shield,Darkest Dungeon,Armory,"A mirror made of extraterrestrial crystal, polished to the point that it reflects light and enemy attacks alike- returning roughly 1/3 of the damage dealt to an enemy if they manage to strike you. It also makes it much easier to dodge and resist stunning effects, as well."
300,Infamous Visage,Darkest Dungeon,Armory,"A helmet and veil that terrifies those who have teetered over the edge of despair; striking them with greater strength, accuracy, and with a greater chance of dealing critical damage. Each blow causes significant stress, to the point where their heart may give before their body."
300,Satchel of Dirty Tricks,Darkest Dungeon,Armory,"A satchel stuffed full with bombs, poisons, knives, and marbles; increases accuracy slightly, the bearer’s ability to dodge, their chance of poisoning an enemy, and the stress an enemy might feel from being barraged with such a nasty collection of tricks."
300,Harlequin Mask,Darkest Dungeon,Armory,"A disturbing rendition of a harlequin’s mask, suited for combat; substantially increases the wearer’s health when worn, and relieves a large amount of stress when striking an enemy- showing the inherent sadism that the mask’s design displays."
300,Coat of Many Colors,Darkest Dungeon,Armory,"A ragged cloak that positively brims with crystal shards. When the wearer kills an enemy, it causes the entire party to gain a small bonus to accuracy and stress resistance that lasts for the entirety of the battle and until the next is completed. Although it’s not as useful for regular dungeoneering, when fighting hordes the cloak is substantially more useful as it stacks benefits."
300,Champion Equimpent,Darkest Dungeon,Armory,"At this level, more arcane methods of enhancement are often required for equipment- or else more advanced materials are used in their construction- so that each weapon, each piece of armor is suitable for a true hero. As with the above, you may choose to import a weapon and armor into this option, granting both replenishing ammo and the benefits of master craftsmanship mentioned here."
300,Njord's Strike,Volgarr the Viking,Armory,"This magical steel-whip can act slightly to follow your thoughts, bending to strike an
opponent's weak points and such, and its strikes possess a powerful pushing force, throwing
most enemies back ten meters or more. It also gives the user a strong sense for locations of
wealth and treasure and their amount, both nearby and further away (as long as it resides in the same world)."
300,Baldur's Protection,Volgarr the Viking,Armory,"A nice helmet presenting an intimidating visage to those who look upon it, one that even an
evil overlord would approve of. It possesses the magical quality of increasing the speed of its
users’ attacks, doubling their swiftness in combat."
300,Soldier's Coat,Volgarr the Viking,Armory,"Like one of the few sensible creatures here you have decided that going into battle
unarmored is stupid. This chainmail with an accompanying tabard (the color of which being
your choice) will provide impressive protection against the blows of your enemies; apart from
being of good make, it possesses a magical force field that halves the power behind any
attack against its wielder. During the Gauntlet it will look very worn and frayed, like you died
in it and laid in the earth with it for years but this won’t affect its performance and after the
Gauntlet it gains the ability to switch from this look to a fully restored one."
400,God-Forged Weaponry,Grant Morrison's 18 Days,Armory,"Not to be confused with an Astra, this is an immensely powerful, exquisitely well-crafted
Yajnatek weapon of your own, the kind of thing any god would be proud to own. Something
similar to the Kalabhairava forged by Shiva himself, Arjuna’s Gandiva, or even Krishna’s
Sudarshan, though clearly not those three, as they are spoken for. But a twin of one of them,
perhaps? Well, maybe not the Kalabhairava. If you want that, you’ll need to buy it special.
You can get a new weapon of your own design or any seen on-screen, with three exceptions
listed ahead. It can be any weapon at all, since everything from a wheel to a plough has been a
weapon in these lands. But whatever it is, the spells, psionics and technology involved in its
constructions are absolutely top-notch, better than the vast majority of weapons that can be
found these days."
400,Personal Vimana,Grant Morrison's 18 Days,Armory,"And one of the very best in the world, too. This is your own personal Vimana, an incredibly
powerful, fast and all-around magnificent piece of art for your use. At first look it’s just an
Aircraft, but that’s not unlike saying that Arjuna is just a soldier. This is one of the finest pieces
of Yajnatek in existence, and it’s evident in its beauty and power.

Capable of moving at close to the speed of light, this Vimana can traverse across all Lokas,
moving perfectly fine through the air, in the depth of space, and deep underwater, in any
environmental conditions. Its life support systems keep everyone inside alive and healthy no
matter what, and it has space for over a dozen people apart from you.

More than just a means of travel, this is a finely crafted weapon of war, with immensely
powerful Magitek artillery arrays, laser weapons, and armor that can hold off anything short of
Astras and God-Forged weapons. Its targeting systems would let you shoot wings off of flies at a
hundred kilometers, and the sheer power of its weapons can melt mountains with sustained barrages."
400,A Helicopter,Katana Zero,Armory,"It’s a helicopter. An attack helicopter to be precise. You’ve got missiles that can be set to dumbfire or homing at
the back and sides, front-mounted machine guns, and it comes with...a gold-plated
grenade launcher. None of it seems to run out of ammo and it takes a good few
grenades from said grenade launcher to take it down. Hope some guy in a bathrobe doesn’t deflect them all."
400,Soul Weapon,Tales Of Demons and Gods,Armory,"This weapon is special, its grade is
always, at least, one Rank higher than your cultivation - or more,
if you decide to use another OOC perk to upgrade it somehow.

You can choose the weapon type you want.
You can transfer ownership of the weapon, being able to
unbound it after you put it in your Soul Realm.

You can import a weapon into this option, the weapon will gain
the new form you chose for the Soul Weapon option, and the
passive effects of the Soul Weapon will be toggleable."
400,Armor Breaker,Metal Gear Rising: Revengeance,Armory,"Modeled after the 'Kabutowari' swords of feudal Japan, this
blade offers both lethal cutting power and the chance to destroy armor with every hit,
making it a great choice against heavier targets, including large UGs."
400,Hammerhead,Metal Gear Rising: Revengeance,Armory,"This VTOL aircraft comes with both rotary and fixed wing flight
and is armed with Sidewinder missiles and a M230 chain gun for facing off against powerful enemies."
400,Gold-Tier Armor,Saint Seiya: The Original Series,Armory,"This is the armor of great heroes, those who stand beside the Gods in their
endless battle for the fate of planet Earth. Covering most of the body except for the face, this
armor provides the strongest augmentation to the burning Cosmo of the user, letting them move
at blinding speeds and take much more punishment than any other armor in this world can,
allowing them to shrug off blows from anyone wielding anything short of the Seventh Sense at
their full power. However, this has the highest requirement to be able to use effectively - the
user must have unlocked their Seventh Sense to truly utilize such powerful armor. If not, the
armor will merely weigh them down and their full potential will not be used until that time. While
this armor provides the strongest possible boost to the user’s Cosmo and physical abilities, the
armor doesn’t usually come with special abilities...however, it will tend to supplement and
support your favorite techniques and weapons just as much as your body, shaping to your
needs. It may still have one or several weapons built into the armor as well."
400,Four Heavenly Kings,Saint Seiya: Omega,Armory,"This is one, if not the most elite armor that exists for mortals to wear. At
minimum, its power and durability are equivalent to that of three golden armors,
enabling the user to move faster than the speed of light and easily destroy any
divine-protected areas with ease. However, they will require a Cosmo level equal
to that of the Four Heavenly Kings of Mars to make this armor work."
400,Minotaur Mask,Saint Seiya: Episode G,Armory,"The curse of the Minotaur lives on in this foul creation. This decorative bull mask is designed to
transform those who wear it into a mighty minotaur, turning them into a berserker that can only be
controlled by the master of the mask, that being you. Those who wear the mask find their bodies
twisted into that of a hulking half man, half bull monster and that their power in this state is
multiplied several times over. The mask can only be removed by you or by cutting off the head of the
one it is placed onto."
400,Enchanted Weapon,Samurai Jack,Armory,"A classic ranged or melee weapon that’s been improved with magic. This weapon is absolutely indestructible and can even harm supernatural creatures that are immune to non-magical weaponry. Additionally, you may select a moral alignment for the weapon (Chaotic, good, evil, etc.) creatures of the opposite alignment will be dealt additional damage, and individuals of the matching alignment will be completely immune to harm. You may freely import any personal weapon you already have to be enchanted instead."
400,Vibro Weapon,Samurai Jack,Armory,Either an individual bladed weapon or a small set of pointed throwing weapons such as knives or shurikens. If struck against a solid surface the weapon will cause nearby inorganic matter to vibrate at ultra-high frequencies and eventually explode.
400,Celtic Magic Weapon,Samurai Jack,Armory,"This mystically enhanced classic ranged or melee weapon is covered in arcane runes that allow the wielder to comeback from the dead as a ghost so long as the weapon is not completely destroyed. As a ghost you can be clearly seen and heard by the people around you but you cannot physically interact with anything. Also your ghost form can still be harmed, destroyed, or sealed with the right magic or technology.  Only the most powerful of magical forces, such as ancient beings like Aku, are capable of damaging or destroying this weapon. You may freely import any personal weapon you already have to be enhanced instead."
400,Heavy Machinery,Nine Sols,Armory,"When Sol Yanlao boarded New Kunlun, he brought with him
heavy-duty industrial equipment to better manage the warehouse zone. By taking this item,
you may pick one of two options:

● The first option is one of the combat mechs found in the Warehouse Zone and the
Empyrean District to a lesser degree. They’re forces to be reckoned with, each armed
with an advanced power mace capable of crushing storage containers in a single
stroke, not to mention what it’ll do to most foes foolish enough to stand in your way.
For all its offensive power, its defense is even greater - the mech carries a hard-light
shield capable of blocking all but the most powerful attacks.

● Alternatively, take a model of Sol Yanlao’s personal equipment: the Sky-Rending
Claw. If you took the claw from a claw machine, made it large and powerful enough
to grip and crush storage containers, and armed it with a powerful laser weapon,
you’d have this. It can exert far more force than the mech’s power mace, and is
operated via a neural link. However, your real body is vulnerable when you operate
it. The claw is portable, but needs to be properly set up before it can be used.

By picking the second option, you also gain the skill needed to operate the machine. The Solarian
equivalent of forklift certification."
400,Super Mutant Buster,Nine Sols,Armory,"Kuafu has a unique naming sense; don’t judge. In any case, the
Super Mutant Buster is a device which enhances your talisman attacks, tuning them to
disrupt the mutant Fusang filaments which make up the bodies of Tianhuo mutants based
on the immortal genetic signature which binds them... Look, stick a talisman on the
mutants; if it kills them, they actually die, rather than just coming back. In future jumps, if
you can find an example of similar ‘pure’ material to work from, this gauntlet will let you kill
what would normally be unkillable."
400,Transmutation Circle,Nine Sols,Armory,"Transmutation, one of the signature technologies of the Jie
Kingdom. It’s used for genetic modification, which can in turn achieve every from mass
producing biomechanical soldiers for your wars to augmenting your body to ever greater
heights. This circular pod, wide enough to fit a large Solarian, does the latter. It changes
genes through radiation-induced mutation, and is well-suited towards drawing out more
and more strength to the body. You could make the equivalent to Captain America with
this... provided they survive. Everybody has their limit, and excessive transmutation will kill the recipient."
400,Murasame,Live A Live,Armory,"Not to be confused with Masamune or Muramasa. The memory of this
ancient ninja sword has been lost to time, but it is nevertheless absolutely steeped in history
and legend. Of course, being a legendary sword, it has special powers: By pointing Murasame
towards the sky, you can summon a rainstorm of great proportions. This rainstorm always
results in a thick fog you can use to conceal your movements."
400,Buriki Daioh,Live A Live,Armory,"This is Buriki Daioh, the giant mech Akira used to defeat Odeo.
Powered by the pilot's psychic abilities, Buriki Daioh can fly and comes with four attack
techniques, although he could conceivably be upgraded with more: Metal Hit, which is a basic
attack using his giant metal fists, Babylon Kick, which is the most powerful attack in his
repertoire, Jom Jom Bullet, which is a long-range barrage of missiles, and Halogen Laser, which
converts psychic energy into a powerful beam. Lastly, his greatest strength is perhaps his
simplest: Buriki Daioh is extremely durable, even without supernatural help. After all, he was
supposedly built in ancient Babylonia and is still completely operational to this day; it stands to
reason he doesn't break that easy."
400,NANCY-MI847J,Tekken,Armory,"Nancy is a gigantic robotic weapon developed by the
Mishima Zaibatsu during the events of Tekken 6 for Jin. Now an identical copy of it is in your
possession. Its high durability, vast arsenal of weaponry (ranging from Rocket fists and 30mm Gatling
Guns to Lasers) make it a powerful weapon and effective guardian. However its huge size makes it
relatively slow, which should not be too much of a problem given its very good at taking hits."
400,Jack Launcher,Tekken,Armory,"This Helicopter is filled with two dozen Jack-4 Units complete Battle ready and
equipped with a device that allows them to be fired at the target similar to cannonballs. When
destroyed the Jack units will regenerate within one week. Each is also capable of self-destructing for
great damage."
400,Arsenal,Tekken,Armory,"This arsenal of Weapons has anything from handguns and knives to sniper rifles and
machine guns to even more extreme ones like lasers and bazookas. Ammunition wont run out on
them and they wont need care."
400,The Arrowhead,Joujuu Senjin Mushibugyo,Armory,"A small arrowhead made with the poison of the most powerful mushis in existence. It was
created by the Mushikari to seal the powers of the Mushibugyo and render her vulnerable.
Still it can do way more than that, being probably an amalgamation of the most powerful
venons known to man and mushi. You get a set of five and a new one each month. A
weapon most suited for assasination."
400,Goldnail,Okami,Armory,"A sword old enough to have developed into a tsukumogami. Its edge brings plague; if
commanded, it will leave a little of itself in its victim, who will then become deathly ill. It can also
take a ghostly form (known as Blight) and possess a human, who will begin emitting a toxic fog
across the region until the victim is exorcised or dead."
400,Epic,Swords,Armory,"the cream of the crop, weapons of immense power and prestige. They are
often made from the finest materials and imbued with magic that is beyond the
comprehension of most mortals. EXamples being the inferno blade. Time knife, and the whirlwind blade"
400,Clan Steel,Ghost of Tsushima,Armory,"What you now have in your possession is a masterpiece passed down through generations, you may choose what kind of weapon and its appearance. This weapon has several extraordinary properties: it is indestructible, eversharp if applicable and carries a force multiplier of 2x, meaning your strikes will hit with twice the force and damage they normally would. This weapon can be further improved upon and it is bonded to you--should you lose it; it can be made to appear within your immediate surroundings and if anyone other than you try to use it will be incredibly difficult to do so."
400,Barrel of Gunpowder,Samurai of Hyuga,Armory,"Where did you acquire this? This mix of saltpeter and sulfur is extraordinarily rare in Hyuga,
having only been recently introduced to the country. When it is exposed to heat it will explode
and it is a vital part of manufacturing a gun, a deadly weapon mostly unknown to Hyuga. You’ll
find a note, along with the barrel, detailing the process of making more gunpowder."
400,Tools of the Trade,Samurai of Hyuga,Armory,"A shinobi will need a variety of tools to carry out their missions. You now have a supply of all
sorts of useful tools, from smoke bombs and flashbangs to grappling hooks and caltrops. If you
purchased shinobi shozoku above you’ll be able to pull out these tools from it at will."
400,Totally Not The Thousands Demon Daggers,Scissor Seven,Armory,"The famous Thousand Demon Daggers, made up of a thousand sword fragments that can
be assembled into a sword, it’s believed to be the best sword in the world, though it
requires Perfect Qi Control to use, it can be split up for devastating attacks and through
deft manipulation becomes a deadly weapon. You don’t have that. After all there’s only
one Thousand Demon Daggers sword, there being two of them would be crazy. Instead
you either have a wildly different looking sword, that still has the exact same capabilities,
or an entirely different weapon instead of a sword, still with the same capabilities except
for the difference in form."
400,Steel Soul,Sword of the Stranger,Armory,"You have a sword. That in itself is nothing rare, but your sword is something special.
Perhaps it was forged by a master, or perhaps you have simply used it long enough that
it has become almost an extension of your body. However it came about, your sword
seems to have an intangible kind of power; it will never break, jar your hand or be
disarmed when fighting against opponents of lesser skill than your own, and against
equals it will seem to become lighter and faster, moving almost as much with your will
as with your hand. The greater your dedication to your battle, the more your steel soul will guide you."
400,"Water, Wind, Fire",Hanachirasu,Armory,"An unusual masterpiece, perhaps the one of the few supernatural happenstances
in this place. This sword was forged with you in mind, with your personality,
drams, attitude, talent, and more in mind. Thus, it was enchanted for yourself
only. It will do things like lost or gain weight, extent its reach, lose edge... all this
seemingly randomly. However, it will be the last step for you to reach a new step
in your swordsmanship each time. Trust your sword."
400,Dunkelschwert,Anima Beyond Fantasy,Armory,"A black blade of demonic origin, borne by the
late infernal duke Balthazor, this artifact is half-demon, half weapon. A weapon of spectacular
quality, when someone touches the blade, it fuses with them, inserting itself in their arm, to
never be removed through any means short of cutting off the limb. From then on, the bearer
may manifest up to four blades from their arm at once, each costing him a payment in life force,
and each dancing forward in accordance with his will, a part of his body, rather than a mere
weapon. They can return to his arm, leaving no signs of injury, or of their presence, even to
those who can detect the supernatural. Though the original blade, as a demon, is willing to
corrupt its bearer into a quasi-demonic entity, and to turn their blows against their own allies
when they miss a strike, this one seems to be curiously bereft of such... blessings."
400,Kasaneru Tsumi,Anima Beyond Fantasy,Armory,"A blade designed to kill. This weapon was
designed to destroy mages and ki users, it’s blade strikes the very soul of its target. Damage it
deals cannot be healed magically, and heals very slowly, and cannot be blocked by mere armor,
requiring supernatural defenses. Those wounded by it lose ki and zeon in equal measure to
their wound, and if it strikes deeply enough, it immediately drains their energy. Finally, any slain
by it are slain down to their very soul, which is annihilated, though divine beings and those
equally loved by destiny are able to avoid such a fate."
400,Askellad's Armor,Vinland Saga,Armory,"This armor, though only covering your chest, is something
incredibly impressive. Capable of tanking small arms fire, and essentially being unbreakable by
any weapons found in 1000 AD Europe. Strangely, it seems to protect the rest of your body as
well, with most attacks landing on the armor instead of you."
400,Engine Powered Sword,Samurai 7,Armory,"This is a large sword, almost too large for a person to
wield. The back is serrated, and there is an engine in the hilt which can not only cause
these serrated teeth on the back to move somewhat like a chainsaw - which it sounds like
- but also to greatly increase the power, force, and destructive impact of your swing. A
normal person might be able to cut through a wall without much effort, and if you were
as strong as Kikuchiyo you could destroy a small building, or cut through a large support
pillar in a single blow. Who knows how powerful it would be if you were significantly
stronger than the mechanical samurai."
400,Giant Ballista,Samurai 7,Armory,"This is a massive, and I do mean massive, wooden ballista,
designed to launch sharpened pieces of wood. Or perhaps it’d be better to say sharpened
redwood trees, as given the massive size of these projectiles other trees are definitely too
small to provide them. The canon version of this ballista needed to be positioned at the
edge of a cliff to launch its projectiles by breaking off parts of the cliff and using the
falling rocks as counterbalance. Yours thankfully doesn’t have that requirement, and can
launch redwoods miles through the air without that. It doesn’t come with a crew or a
means of moving it, though. It does, however, come with a sharpened tree to launch,
which will automatically replenish itself after 1 day if used as a projectile or it’s lost to
you; if you use the wood for other things though it won’t replenish till the next jump. It
does come with sled runners on the bottom, and ropes to allow a team of beasts of burden
to pull it and position it in place."
400,Assault Vessel,Samurai 7,Armory,"This is an interesting vehicle you’ve got here. Half-sword and
half-attack craft, it is shaped like a massive sword with a hilt almost half the entire length
of the weapon. And by massive we’re talking about a weapon longer than nobuseri are
tall. The ‘blade’ is wide enough for a man to stand on the reverse side of it, and long
enough that several people could. A single-person cockpit controls the flying vessel, and
it is a fast and agile attack craft - at least as this world measures such things. It lacks
ranged weapons, but its giant blade is at least good for ramming. And if you had the
strength, or maybe a mech of your own, it could be used as a giant sword. The thruster on
the back ought to help with those super robot attacks."
400,The Herald of Captain Jumper,Soul Calibur,Armory,"What is a pirate without a ship? Nothing, that’s what! Now you never need to fear
being without a ship. You have a ship of your own, a ship equipped with the strongest
weapons available at this time. The ship is even strong enough to clash with some of the
largest ships in the British Empire and come out the victor.
Even the crew of your ship is noteworthy. Each and every member of your crew are
battle hardened warriors loyal to you and should you ever pick up new crewmates, they’ll
quickly find themselves keeping up with your old crew, becoming just as skilled and just as loyal.
Should the ship ever be sunk or lost, the ship will return to you in either your
warehouse or the nearest port by the week’s end."
400,The Rider,Furi,Armory,"A flight suit, consisting of a reddish orange mechanical frame that fits over the
wearer’s back, arms, and legs. It has powerful thrusters in its feet, capable of quickly achieving
escape velocity and carrying the pilot into space. Though the user’s head and face are not
covered, the suit still protects them from the pressure, temperature, radiation, and lack of
oxygen. Both arms are mounted with powerful automatic energy weapons, and can build up a
charged shot that fires a sustained laser beam for a few seconds."
400,The Burst,Furi,Armory,"The equipment carried by The Burst, it consists of a ghillie suit, a sniper rifle, a
forearm-mounted blade, several mines, and a small fleet of drones. The suit features a powerful
thermoptic camouflage module, allowing the wearer to turn invisible. The sniper rifle shoots a
high-velocity energy slug powerful enough to rip away a third of the vitality of a target as durable
as The Stranger in a single shot. The forearm sword doubles as a gun, and can shoot simple
energy pulses from the blade. The mines detect valid targets that enter within range before
unleashing a small wave of basic danmaku, and the drones are capable of scanning a target’s
biometrics and are equipped with low-power guns."
400,Turanian Bow,Conan,Armory,"Turanian bows are powerful weapons, able to kill at 500 paces. A
long bow with a powerful pull weight which a weak man will not be able to adequately
wield. Yours though is something a fair bit more special. The pull weight of this bow will
increase with your strength, becoming superhuman along with you, allowing it to launch
its projectiles harder and (thus) further. This is a bow which will always suit and fit you
no matter how strong you become."
400,Far Ranging Apparel,Conan,Armory,"Conan’s kit of gear is sometimes rather eclectic. A helmet
from one country, hauberk from another, weapons from a third and fourth, a cloak from a
fifth and so forth. As a jumper yours might be much more varied. This is a full kit that a
traveler might need, including clothes fit for traveling in, a cloak, a bag to carry your
stuff, cooking tools, helmet, armor, and 3 weapons. However these are not necessarily of
this world. Each piece comes from another jump you have visited, though no more than 1
piece from each jump. These won’t be any unique, or even rare objects, but are
commonly available items. Still each piece is fiat backed and guaranteed to be restored to
you if lost or damaged. Whenever you go to a new jump you may trade a piece for a new
piece of gear of the same basic category from that jump. If you haven’t gone to enough
jumps yet to have a different jump for each piece, you may have any excess pieces come
from different lands of the Hyborean Age."
400,Pipes of Madness,Conan,Armory,"This set of pipes creates a weird, demoniac sound which can
assault the minds of those who hear it. Those who are prepared can resist it better, and
your focus and intent can help shield certain individuals against their effects or focus
them upon a specific figure. And the effects of their shrill, wailing sounds are maddening.
Like unseen fingers the notes of these pipes pluck at the brains of those forced to listen,
pulling forth alien emotions and impulses of madness. This can cause an unnatural terror,
or invoke a mad, murderous berserk frenzy. Either one will cause the afflicted to cast
away all reason and act out of pure emotion without consideration for more than the
impulses pounding through their brain. A strong will is harder to affect, and the ability to
hear this sound is necessary for its effects. The strength of this effect will be dependent
upon both your skill and power in sorcery and your skill as a flutist."
400,The Ancestral Spear,Cradle,Armory,"A weapon (It doesn’t have to be a Spear, it can take any form
you desire when you select this, including a prosthetic limb if you wish.) that siphons power from
your foes with every strike. The original only worked properly when stealing Madra from those
who were on the same Path as you, but this version works more akin to Lindon’s Consume
Technique, allowing you to siphon and sort through everything a person has, including their
Madra, Memories, Life Energy, etc, and take it all for yourself. Careful not to take in too much at
once, though, as you might damage yourself by overloading. The sensations involved might
also cause issues when trying to use this as a regular weapon, better to save it until your
opponent is almost dead. Of course, this tool will scale with your Advancement, so you don’t
accidentally explode by trying to take a Truegold’s power at Foundation level."
400,Lifelike Automatons,Mushoku Tensei,Armory,"Automatons are beings artificially made by people for different purposes that its creator wants. You gained ten
automatons that are smart enough to rival humans and have an appearance indistinguishable from humans or
any race that you want. The Automatons combat ability can rival a Emperor-Rank Fighter in both feats and
skills along with them having a self-repairing ability to the point that you need to completely vaporize their
bodies to destroy them and with them having indefinite operation without needing an external power-source. As they are smart enough to rival humans they can execute complex commands and would only follow your orders or those you give permission to command them along with any modification and improvements that you have done with the automatons would be remembered."
400,Soul Weapon,Mushoku Tensei,Armory,"This weapon is crafted from a piece of your very soul especially a beautifully crafted blade and scabbard. Its
initial qualities are that its unbreakable, sharp enough to cut steel in its purest form and it never dull its edge
along with an ability to weaken someone's Battle Aura or Defensive Magic/Abilities. It also grows sharper and
stronger the stronger you are as it has the ability to weakened someone’s Battle Aura or Defensive
Magic/Abilities scales on your level of power, as Saint-Rank Warrior you can bypass a someone at the same
level’s Battle Aura or Defensive Abilities and weaken a King-Rank’s Battle Aura or Defensive Abilities and
etc... It also has defensive measures that only you and those that have your permission to wield it as if not the
sword would increase its weight that even a supernaturally strong person can’t lift it. You could import existing
weapons to gain these enchantments."
400,Magical Power Armor,Mushoku Tensei,Armory,"A magical armor that increases the wearer's physical capabilities by replicating Battle Aura of a Warrior. Unlike
the original and its successors this version is a lot more practical that it’s small and thin enough to cover your
entire body except the head along with it auto adjusts to your size and build to be worn underneath the wearer’s clothes unnoticed. The material is strong enough to take several hits from a God-Rank Warrior or Magician before being damaged and any damage it sustains would slowly be repaired completely within a day. Its main power is to grant the wearer an Artificial Battle Aura that increases their strength, speed, durability, reaction times, spatial awareness and resistance to magic that would rival an average God-Rank Warrior. It also has its own power source and can operate for an indefinite amount of time. You may import existing Power Armor or Mecha that you own to enhance them with this magic array and materials of this magical armor along with any changes and improvements that you done with it would be permanent. On the side-note those who have Battle Aura will be added to the Artificial Battle Aura of the Magic Armor further amplifying the effects of the Magic Armor allowing you to rival the Fighting God with his Golden Armor in pure attributes only."
400,Bionic Implant,Thunderbolt Fantasy,Armory,"You can replace one of your four limbs with a metal limb. This limb is
extremely sturdy, to the point where it could be used to block sword blows from master
swordsmen without a scratch. You can easily detach your limb as well and transform it
into a weapon of your choice capable of cutting through steel with ease. When you
channel Ki through this weapon it starts to spin rapidly like a drill. While in this state, you
can shoot shockwaves from your weapon strong enough to knock even master
swordsmen off their feet. If you continue to charge ki into your weapon while its
spinning, it will start to glow until it shoots out a massive vortex of fire towards your
enemies. The mere aftershock of this attack can send men flying off their feet and
several feet into the air."
400,Mecha Armor,Thunderbolt Fantasy,Armory,"You now possess a ten-foot pilotable mecha. Your mecha is sturdy
enough to tank multiple blows from bullets, swordsmen, demons, and even ki infused
strikes before it eventually shatters and breaks down. And while in combat your mecha
strikes with the force to send men flying several feet away from the sheer force of your
blows. So powerful are these blows that the organs inside your enemies will be torn
shattered and destroyed from the impact of your strikes."
400,Sword of Sparkles,Duel Monsters - Duel Terminals I,Armory,"Now this is something. Despite looking somewhat impractical, this sword is something anyone who’s smart should take seriously. Any kind of harm or damage inflicted by this blade is caused once again upon the same group or entity that was first wounded. Cutting a person’s arm off would cause the other to be cleaved as well. Killing one soldier would cause another in the same army to drop dead. Even destroying someone’s spear would cause the emergency sword at their waist to shatter. It still requires you to actually do these things in the first place, but a literal force multiplier such as this becomes ridiculous rather fast."
400,Dragunity Divine Lance (Fake),Duel Monsters - Duel Terminals I,Armory,"The Divine Lance. A legendary artifact forged with the power of the greatest dragons of the Dragunity tribe. When wielded by a deific being, it could even strike down the Goddess who forged this Duel World. This is not that artifact. Dreaming of glories like these, the weakest Dragunity tribesman who ever was forged a magical blade using his own power as material, creating a worthless spear barely capable of parting soft clay. But this spear was hollow, devoid of existence, and thus had an entirely new power. When 8 other weapons of different types are presented to it, the spear can merge with the weapons for a few minutes, not only adding the powers and form of all of them to itself but magnifying them even further. Of course, should you already have a spear you would rather present to this forgery, then we can change things a little so that another type of weapon was forged instead."
400,Blade of Masters,Duel Monsters - Duel Terminals II,Armory,"A legendary sword not yet extant, that will one day be wielded by the greatest master of fusion. An anomalous weapon, it has no real powers beyond being very durable and the crystals that would adorn it remain with their original masters, creating a void within. The blade itself has the power to fuse, even if you do not, and can further augment your ability to maintain stability and retain control if you do. Its true power appears when fused, for the seven grooves will gain a mark representing the power of the seven mightiest warriors that went into its wielder. The original abilities of these seven can be accessed through the sword and are further magnified to match the heightened power of the fusion itself, effectively multiplying the fusion’s capabilities."
400,Rindbrumm the Striking Dragon,Duel Monsters - The Abyss,Armory,"Behold, Rindbrumm the Striking Dragon. This is a Mecha-Dragon that will be made by Kitt in the future that incorporates both the Tri-Brigade's Azure Energy as well as some of the Sprights as a power source. It possesses power on par with a real dragon, and has both Laser Cannons and a breath weapon. Additionally, it expands upon the Azure Energy's power to negate Extra-Dimensional and Divine Powers, and now just negates any and all Powers of what it targets. It also comes with the skills to pilot it and a pair of cool shades. Enjoy."
400,Sandship,Duel Monsters - The Abyss,Armory,"Behold, a Sandship. Well, it's technically an All-Terrain Ship, but it was primarily designed to work on sand. Be it Land, Water, Air, and especially Sand, there is nowhere it cannot go. It is fully equipped with a variety of weapons systems, fully functional arms, and is even able to slip into and out of underneath the Sand at a whim. The one the Springans had was equipped with canons but used the Springans themselves as both Fuel and Ammunition (because it was fun for them), but yours has Ammunition and Fuel that will infinitely refill. You can still do the Springans method anyways if you want, but you don't have to. Crew not Included, although you do receive the skills to pilot it."
400,Dashguy,Duel Monsters - The Heroes,Armory,"You’ve created or acquired a special set of armor to satisfy your need for speed. This suit can leave the average race car in the dust, and by using the wheels on your hand and some skilled athleticism, can get control and acceleration even the greatest of racers can only dream of. The armor also protects you from the dangers of such high speed movement and even gunfire, but isn’t really notable for its durability."
400,Sun-Forged Blade,Kimetsu no Yaiba,Armory,"There's no such thing as the perfect weapon...but at some point, whether
by fate, karma, or the work of some great spirit out there, you obtained a weapon perfect for slaying
demons. It's powerful enough to slay any demon with a single stroke, so long as its wielder is a skilled
enough combatant. To simplify - this weapon of yours is practically indestructible if used properly, its power
scales with your skill with its use, and it qualifies as the ""one weakness"" of anything supernatural and
malevolent you may come across. Won't help you kill unicorns...unless they're evil unicorns! If something
somehow happens that causes it to be destroyed, you'll find another one the next time you return to your
base of operations, Warehouse or otherwise. Last, but certainly not least, this weapon doesn't have to be a
blade; if you have another weapon you want to import (sword, spear, axe, chainsaw...), you can add these
benefits to its own, as well as the ability to change its appearance with a minute or so of concentration."
400,Strenght Amplifier,Sundered,Armory,"This is a set of bands that compress to snuggly fit at several points of the body. When you hold a pose momentarily while intending for a specific motion the sensors in the bands will activate and build up tension to aid in that movement. Upon release, greatly enhancing the strength of the user for that movement."
400,Energy Cannon,Sundered,Armory,"This is a massive, human sized cannon capable of incredible devastation. There were apparently several considerations put into its creation so that despite its size an adult should be able to carry and aim it with surprising little difficulty. It can even compress itself to a size that one could store the cannon in a pocket, so long as they don’t mind it sticking out quite a bit.

Despite those considerations no concessions were made for the power of its shots. It fires balls of energy wider than an average human is tall that, due to its cohesion, instead of discharging into the first thing it hits phases through a number of things before finally dissipating, so be sure to aim carefully. Anything that its shots pass through will be heavily damaged as the energy crashes through their internals. The cost of this devastating firepower and light weight though is that it will almost certainly launch its user flying backwards several feet from the recoil."
400,Warlord Mask,Sundered,Armory,"This black lacquered mask holds a special power, when you put more effort into an attack intended to end a combat, this mask increases the size of that attack by 50%, and increases the damage it deals, but only slightly."
400,Shield of Might,Sword & Sorcery,Armory,"A shield in the style and working of your preference, adorned like some storied artifact out of an
old legend. This is more than just an affection. This shield will never break nor suffer damage from
any force or blow upon it. While force might still reach you even through a block, the shield itself
will be able to withstand anything that might be set against it. In addition, it seems to fill your
veins with fire and your nerves with lightning, invigorating you with greatly enhanced strength and
swiftness to bring your wrath to bear on your enemies."
400,Enchanted Attire,Elric Saga,Armory,"Maybe an ancestral heirloom or some magical artifact granted as a gift by
a sorcerer or spirit, this armor possesses a magical property that somehow compensates for any
lack of combat skill you might possess. Perhaps it constantly energizes you the more you exert
yourself while wearing it, or it is hot to the touch to anyone but yourself to the point of melting any
weapon that comes into contact with it for too long. While it doesn’t make you entirely invincible
against ordinary enemies, even a novice warrior would have a serious advantage against anything
other than a group of soldiers or a single one of great skill. Because many magic users and strange
beasts fight in ways abnormal to many traditional fighters this armor will be less effective against
them, unless you choose a set tailor-made to hamper attacks of a magical nature, of course. If
destroyed, the armor will return to you in a week."
400,Civilized Weapon,Primal,Armory,"This is a hunting rifle, and two six-shooter pistols. They don’t seem to ever run out of ammo, and maintain and repair themselves when not in use. They come with a bandolier for ammo, and to strap the rifle onto your back, as well as hip holsters for the pistols."
400,Bow,Primal,Armory,"This is a simple hunting bow, like one that could be made from natural materials by a neolithic hunter if needed. Despite this its draw weight scales to your strength. If you are weak it will have a draw weight you can handle, though the missiles launched won’t hit hard. If you were strong enough you could shoot spears from it and have them pass cleanly through a man’s body even further away than you could throw them. And it will continue to be able to be used with your full strength no matter how strong you become.

The bow will maintain and repair itself. If it is lost or destroyed it will be replaced shortly either by finding a new bow, or finding materials which you can easily fashion into one. You will also receive a small stockpile of arrows to be used as ammunition. These will have wood, stone, or even metal heads depending upon what is most appropriate for you to acquire in your current situation, and they will resupply over time when not in use."
400,Chirshil,Hawkmoon,Armory,"Named after the Howling God of Granbretan who fought the demon Adulf before the Tragic Millennium, this is one of the great flagships of the Dark Empire’s navy. Fitted with the latest technology, Chirshil is far faster and more manoeuvrable than you’d expect for a battleship of its titanic size, and is capable of carrying an entire army within its bowels along with a whole host of mighty flame cannons capable of melting through castle walls and reducing a man to burning dust in an instant."
400,Weapon of Maybe,Kill 6 Billion Demons,Armory,"You can choose a new weapon as before, or you can import once again. This grants your weapon a
peculiar property that is much like the Arts. By imposing your will upon reality, you can will a strike far
beyond the weapon's range and its power will be equal to ten times your combined will and want.
Only those whose will and want both is stronger can defy your weapon. At its base without taking you
into account, this weapon's striking range is ten times the range of its weapon type and its power is
sufficient enough to cut or breakthrough several buildings with no loss in power."
400,GMS Soul-Frame Olympus,Kill 6 Billion Demons,Armory,"A strange machine from a far corner of the Wheel. The total design is all unbelievably advanced yet rustic and rugged like an industrial machine. It is a bipedal humanoid chassis that can be best described as a giant power armor. Standing at seven meters tall (22’ 11’’), this mech is capable of both strength and speed that is unnatural. Imagine how a person moves and scale that up. Something that big should not be capable of moving that fast, yet it does.

In terms of equipment, it comes with a flight system allowing both short-distance travel (few hours) and rapid repositioning. Due to a kinetic redirector, you won’t feel any of the Gs even if it has every right to turn anyone in the cockpit into an unpleasant aftermath. The kinetics are directed to the kinetic-weaved armor plates. Ergo, the faster you’re moving, the stronger the armor but collisions and impacts also strengthen it as well. Theoretically, it can survive a drop from orbit. Theoretically. In the case of the armor structure being compromised, or you just need to shed some weight, the armor can be ejected which boosts your speed greatly but you’ll be less protected. Also comes with dual hip-mounted grappling hooks.

For weaponry, it has two power knuckles that can easily treat most material like a kind suggestion, a melee weapon of your choice that has either a high-frequency edge or a directed gravitational movement amplifier, and a ranged weapon of your choice. If it uses live ammunition, it’s depleted uranium explosive shells with a payload akin to an artillery cannon. If it’s energy-based, it can fire contained plasma bolts rated at three-thousand kelvin per bolt. Lastly, it has a shoulder-mounted launcher that fires shells the equivalent of a W54 bomb in terms of yield. It has five magazines and three shells. All ammo replenishes at the start of each day.

Ultimately, its most unique feature is the ability to act as a conduit for your Atum. Any of your soul- based techniques can be channeled through the mech. If you channel your Atum into the mech, you will be able to pilot it intuitively as if it’s your own body as well as utilizing the mech’s sensors as if it was your own senses. It’s welcoming to any modifications or upgrades. It has infinite fuel."
400,"Focus, Form And Essence",Triune Scriptures,Armory,"The Master Sword is the greatest of all blades, born from the body of a dying goddess, empowered by
her shattered soul, and animated by the remnants of her mind. Once upon a time, twenty seven True
Gods banded together at the behest of an Ocean God to forge an equal to that blade, and failed
miserably. Still, their creation is no weak thing. While most of its power is locked behind the blessing of
the Ocean God, the Phantom Sword still holds enough passive benefits to be worthwhile - first and
foremost is its ability to enhance. Techniques used alongside it become MORE - more powerful, more
complete, even more real in a way that is hard to describe. They flow easier, hit harder, and seem to
lack weaknesses they once had. Better still, wounds caused with the blade are slow to heal, even in
the case of Immortals who should have been able to regenerate nigh instantly, something to do with
pulling the time out of the wound. There are other powers, but without the blessing of an Ocean God
they aren’t worth considering."
400,Enchanted Clothing,Good Hunting,Armory,"You have a seemingly mundane wear of clothing, something like a yukata, that possess
abilities far above its look. It is enchanted by magic, giving it the defensive abilities of full
plate armor while also weakening impacts (allowing you to survive steep falls or blows directly to the head)."
400,Holy Relic,Kajiri Kamui Kagura,Armory,"You posses a holy relic. It is a weapon of immense power and is bound to your soul. It may be
any kind of weapon you choose and can even be some weapon of legend if you want. It is a
physical and spiritual weapon that can hit enemies on all levels of existence. It can channel any
of your abilities, even amplifying them should you choose. It can tear apart people at the soul
level and even be used to devour the souls of those you destroy."
400,Manyuu Blade,Manyuu Hikenchou,Armory,"This is no ordinary weapon. Directly imbued with the supernatural Breast
Slice technique of the Manyuu Clan, this blade can cut an opponent’s spirit directly, bypassing
armor and diminishing their breasts. Though this would be a terrible enough fate to inflict on
your enemy, you can also choose to target other attributes with your attacks. Slice away a foe’s
strength to leave them weak and vulnerable, or cut away their speed to prevent their escape.
Even more abstract powers can be damaged by this blade, giving your attacks supernatural selectivity."
400,Gun,Tunic,Armory,"By purchasing this you may select one of two options. The first is the shotgun, the other is the rifle.
The shotgun, while massively consuming magical energy, is devastating at close
range. It fires an arc of projectiles that pierce foes, and is capable of clearing an area a
few meters ahead of you. Keep in mind though that the projectiles fade quickly giving
you a few meters in range and nothing further.
Alternatively you can choose the rifle, a weapon more frequently used by scavengers.
It is fairly efficient when it comes to magic consumption, and is capable of pinpoint
accuracy, but takes some time to recharge between shots. It comes with a laser sight to
help aim. In terms of firepower it is capable of dealing quite a bit of damage to a single target.
By purchasing one option, you can purchase the other at a discount."
400,Sun Axe,Arawn,Armory,"The axe of Dag, and later of Math. This mighty, two-handed, double-edged
battleaxe slew the giant Fir Bolg, and a blow with it can cleave cleanly through metal. Mundane metal,
that is. The axe’s blade goes through steel like hot butter, and the metal haft is tough enough to
withstand many powerful blows. It can return to your hand when separated, like a certain hammer of
myth. Lastly, the Sun Axe is anathema to supernatural evil, and can destroy any artifacts of darkness...
though destroying something particularly powerful will take out the axe as well. The axe will resize
itself so you can wield it no matter your size. If lost or destroyed, you’ll get it back in the next jump."
400,Staff of Sylves,Arawn,Armory,"The staff of Dag, which would be inherited by Kern. While it is of little
use as a physical weapon, its dominion over the natural world more than makes up for this. The staff is
capable of firing deadly blasts of lightning at your enemies, and can shake the earth - bringing about
landslides and such. Finally, you know a specific ritual that can animate an entire forest into giant
tree-beasts that will fight on your behalf. They are wooden behemoths that shoot lightning, the match
of armies. Also a threat to the Cauldron. If lost or destroyed, you’ll get it back in the next jump. Maybe
you could make Birnam Wood march if you went to Scotland..."
400,Cloak of Shadows,Arawn,Armory,"The cloak of Bran, later worn by Engus. True to its name, it is best for
moving unseen. It makes the wearer invisible in darkness, and all but invisible in brighter environments.
Its form is not perfect when illuminated, though, and is very faintly visible in broad daylight.
Regardless, it is an extremely effective implement of stealth. It also acts as armor. It is difficult to
damage the cloak, as the wearer can survive even avalanches unharmed. Enough damage will remove the
cloak of its enchantments. If lost or destroyed, you’ll get it back in the next jump."
400,Black Blade,Arawn,Armory,"The sword of Bran. A blade worthy of kings and dark lords, for it is wielded by Arawn to this day. This sword, as dark as midnight, is supernaturally sharp and durable. This sword is the only metal that can weather the blows of the Sun Axe, and cannot be wielded to harm its owner. If a foe swings it at you, the blade will stop mid-swing, as if turned by the air itself.

This option is free with the Cauldron of Blood, who will give it to you. However, if you acquire it this way, remember that the Cauldron can undo the enchantment whenever it wants..."
400,Lærad’s Shot,Volgarr the Viking,Armory,"This magical bow, made out of a glowing white-blue wood, has two peculiar abilities. The
first is to create arrows out of nothing and the second is to create additional arrows with
every shot fired, either adding two on each side of the projectile or behind it in a row as it
flies. It can add two extra projectiles to begin with but as you traverse through the worlds you
will find that it becomes able to create more and more, with the maximum of nine total after
six worlds have been traversed (creating eight additional projectiles on each shot). The
arrows created disappear after a couple of minutes, and you can choose to shoot less than the full amount."
400,Tyr's Flame,Volgarr the Viking,Armory,"A finely made sword. It’s unbreakable and possesses a sharp edge, allowing a normal man
to cleave others in two with a simple strike. It also possesses the power of fire, capable of
lighting on fire as its wielder wills. The fire by default makes the blade more than twice as
deadly, doubling the force of its strikes and burning bright hot, and will extend the reach of
attacks made using the sword about half the length of the sword again. The heat of the
sword will never bother its wielder."
400,Fafnir's Gift,Volgarr the Viking,Armory,"Choosing this option gives you a strong and durable weapon, the type one of your choice,
enhanced with two magical abilities. The first is the ability to launch a powerful ranged attack
in the form of a blast of force or elemental energy, perhaps fire or lightning? The second is
that it will noticeably enhance your monster attribute, leaping taking you much further and
faster at that or flying being more maneuverable and swift. The weapon can also change
size to always fit your current form and will become more durable if it grows larger."
400,Revolver,YOMI Hustle,Armory,"A gun with six bullets. You can't reload it mid-fight, so it's not all that useful. However, if you throw it, it will automatically fire off a bullet into whoever you hit it with. Not that great, but handy if you don't have one already."
400,Toolkit,YOMI Hustle,Armory,"A set of ninja tools. Smoke bombs, throwing knives, anything a typical ninja would need."
500,Astras (500),Grant Morrison's 18 Days,Armory,"Well, where would any work based on Hindu myth be without the great weapons granted by the
gods? Mighty arrows and spells capable of devastating battlefields and smiting armies en-masse,
these weapons remake lands and force maps to be redrawn. And you can have them now!
There are many, many Astras you can choose from, an almost infinite list. And barring Planet
(or more) destroying weapons like the Brahmastra, you can have any of them for a flat 300 CP.

That is, 300 per Astra, so don’t go trying to get clever about it. You can have the mighty Solar
Astra, or the Narayanastra, or virtually any other you may care to claim for yourself, except,
again, the very greatest of them all.

When it comes to the very greatest Astras of them all, weapons that can sink entire continents
and break planets... they cost 500 CP... with some exceptions."
500,E'tranger,Metal Gear Rising: Revengeance,Armory,"The personal weapon of Mistral, a polearm made of...arms. It has
great range enabling it to hit multiple enemies at once and can be used as a whip or a
polearm. However, it is slow and doesn’t do a lot of damage to hardier enemies."
500,Legendary,Swords,Armory,"These are the legendary swords that are whispered about in tales
of heroism and adventure. They are incredibly rare, often with a rich history and
powerful enchantments. These swords are said to be capable of turning the tide
of battle with a single swing. Examples being The Longsword of time, The sword of
absolute midnight, sword of invincibility, One of the eight pepperoni Pizzablades"
600,Heavenly Profound Treasures,Against The Gods,Armory,"Oh, this is big. You are in possession of one of the Seven
Heavenly Profound Treasures, the most valuable, precious and powerful items in the entirety of this
world. You can, if you wish, choose to fuse them to your own self, instead of just using them as
items. This can be undone and redone at will.
These items are all indestructible, but can be taken from you unless fused. If taken away, you get
them back only once the jump is over, unless you actually get off your ass and take it back. While
possessed by another, they work for them just as well as they do for you."
600,Shatterstark Mark II,Grant Morrison's 18 Days,Armory,"King Duryodhana has a really big spiked Mace (technically a Gada). It is scary looking and called
Shatterstar. An evil thing, made with sacrifices and heretical techno-sorceries most foul, a blow
from it would surely kill even a hero of the age.

This is a copy of the original, and just like the original, it draws upon the wielder’s own
strengths to further magnify its destructive capabilities. No prophecies, luck, or divine
providence can ever intervene to save any it’s swung at, and no gods, short of directly
intervening, can protect those you would kill with it. The victim’s own skill or ability might
protect them, so it’s not a guarantee, but it’s a start.

Remaining inviolable and indestructible no matter the use it is put to, this Mace embodies the
cruelty and avariciousness of Duryodhana. Whenever you strike down an enemy with this, it
takes in their very soul, all that made them what they were, and grants it to you instead.
While it never works on any gods, and the powers you take this way are transitory and fleeting,
they nonetheless can grant you powers few others in this world can imagine."
600,Charm of Lightning,Sekiro Shadows Die Twice,Armory,"A palm-sized talisman with the character “雷” written on it. The back of it is adhesive. When
you rub this talisman on your weapon, it will produce and channel lightning. While touching the
talisman, you are immune to any and all electricity."
600,Petrified Lightning,Sekiro Shadows Die Twice,Armory,"A green crystalline branching sword made of fulgurite. This allows one to harness and
manipulate the very wind, to call upon storms and tornados. You can use this sword to
manipulate the various elements such as the wind, water, and electricity. With enough practice,
you can even manipulate air pressure to create tornado storms."
600,Dystopia,Metal Gear Rising: Revengeance,Armory,"The personal weapon of Monsoon, a sai that uses the power of
Lorentz force to pull its wielder towards the enemy as well as stuns them. This weapon is
perfect for agile enemies and enemies with flight capabilities. And because you only have
one you can wield a second weapon in your other hand."
600,Weapon of the Gods,Fog Hill of Five Elements,Armory,"There are tools more suited than any other could create for The Elemental Ambassadors, such a weapon has been granted to you an example of this are the Huo Huan ribbons which Xi Yuan uses and can channel their flames and take various forms to aid him in combat either by pulling his enemies closer to him or throwing them as far away as possible as well as taking the form of blades the weapons will be suited to use alongside your element and will empower each other they will remain hidden and when needed you only have to think or shout it out if you want them to come to your hand."
600,God Cloth,Saint Seiya: Omega,Armory,"The God Cloth represents the ultimate form of armor worn by the gods in the
world. As only the twelve Olympians in Greek mythology were allowed to wear
such armor. It bestows immense power and protection, elevating mortals to
god-like levels of strength and durability. This legendary armor enhances combat
abilities, including increased speed, strength, and endurance. However, only
someone who has attained the Nine Senses can unleash its full power, making it
a coveted and formidable asset for those who possess the necessary cosmic
awareness and mastery."
600,Holy Sword,Saint Seiya: Omega,Armory,"Hoo boy, you must truly be one of the most elite warriors of Pallas, as you are now gifted with one of the four greatest holy swords ever bestowed upon mortals.as they are infused with the ninth cosmo in them. Please choose one of the holy swords below:

1. Sword of Great Thunders
This blue sword resembles the Sword of Seven Branches, possessing the ability to manipulate gravity by either increasing or decreasing it, conjure thunder, lightning, and storms, create powerful gusts of wind, and even temporarily paralyze your opponents in time.

2. Sword of the God of Military Arts
This yellow longsword demonstrates remarkable cutting prowess, effortlessly slicing through gold armor and even the formidable Cape Sunion. Additionally, it has the ability to cut from a distance. Moreover, it can emit beams of light capable of absorbing enemy attacks, with these beams having the capacity to not only cut through but also disintegrate anything in their path. These attacks boast attack speeds surpassing natural light and match the cosmos level of the goddess Athena.

3. Sword of Destruction
This massive red Greatsword possesses the power to annihilate golden armor at the proton level within atoms, making it capable of dismantling structures at their most fundamental level. Additionally, it grants the Pallasite wielding it the ""Enhanced Time Destruction"" technique, an enhanced iteration of ""Time Destruction."" This advanced technique enables the user to siphon time even from adversaries at the level of Golden Saints. However, those possessing the seventh sense can only maintain their consciousness in the face of this formidable ability.

4. Sword of Theogenesis
This verdant sword demonstrates the ability to immobilize individuals with regular cosmos, including those who have unlocked the Seventh Sense. It possesses unparalleled cutting capabilities, able to slice through any earthly material with ease, including gold armor. Additionally, the sword repels enemy attacks by emitting a potent cosmos, akin to the defensive maneuvers employed by deities like Poseidon and Abel."
600,Golden Dagger,Saint Seiya: Episode G,Armory,"Stolen from the coffers of Chronus himself, the golden knife you hold now is capable of harming and
even killing anything it can touch. Be they mortals, Saints or the King of Gods himself, the Golden
Dagger is able to slice and stab through any defence short of missing the blade. It can harm those
who exist in a purely spiritual form and even deal genuine damage to the projections or avatars of
greater beings that transfers back to the original being, though only in part. Still, slaying the avatar of
a God will severely harm that God at least. Owning such a vicious weapon would not be looked
kindly on by many in this world, particularly in its’ role in recent years. You may import a blade into
this option."
600,Ancient Blade,Demon Slayer,Armory,"This is a Nichirin blade that was once owned by a legendary demon slayer in the past. While it may have been a bit rusty and dirty when you found it, a little elbow grease easily returned it to its prime. Not only is it unbreakable and still sharp, but it seems to fit you so well you could easily mistake it for an extension of yourself(and sometimes do). However, what is special is that it seems to hold a remnant of the previous wielder, allowing you to use some of their techniques, even in combination with your own, which can make them many times stronger than they would normally be. Note that this sword’s color will be split between your own and the previous wielders. Post-jump you can train these separate techniques to become stronger as well."
600,Sword Puppet,Demon Slayer,Armory,"A masterwork that you found one day, abandoned but functional. This is a fully functioning autonomous puppet, equipped with nichirin swords and multiple arms, designed to fight or train others. This was made in the image of a renowned warrior, and while it isn’t fully up to par with who it was designed after, it is as close as can be. In this jump it will be on the level of a low-mid Hashira, post-jump it will scale to be at the lower end of the top 20-30 fighters in terms of skill. It will retain any upgrades given to it, even if you give it new swords."
600,Rhizomatic Bomb,Nine Sols,Armory,"A terrible weapon, and a legacy of the ultimate desperation of the
end of the Turbulent Era - the greatest shame of the Fangshi Guild. This small, unassuming
dodecahedral device contains enough energy to eradicate an entire island, blasting it to
dust - in short, it’s akin to a nuclear bomb, but small enough to fit in a hand, and without the
danger of fallout. Nothing physical can survive its detonation, if within its radius. You only
get one use per jump - so make it count.
If you have the Azure Bow you may also reformat the Rhizomatic Bomb into an arrow, able
to be fired from the bow."
600,Integrated Weapon System,Tekken,Armory,"Martial artists greatest weapons are their bodies... this is a bit more
literal for you. Maybe a chainsaw up your artificial sleeves? Or Rockets hiding somewhere in your
body ready to be fired? Your new body holds great combat potential in this Option allowing you to
use unique attacks. Somehow your Weapons will always replenish if fired and never fail to work as well."
600,Jingaitou,Joujuu Senjin Mushibugyo,Armory,"Also called the ‘Sword Eater’, this blade is one of the most powerful weapons around, or at
least one with the potential to be so. This is the kind of weapon that grows alongside the
user, in the sense that it grows stronger, sharper and gains new abilities from absorbing part
of the corpses of those slain with it."
600,Demon,Swords,Armory,"The many-eyed swords. The 7 demon swords. Examples being Eternal
Slumber, Eternal Fury, Boundless Hunger, Relentless Omens, Endless Chaos,
Unspeakable Darkness, Sacred Oaths"
600,"Carnwennan, The Silver Dagger",Anima Beyond Fantasy,Armory,"A dagger born from darkness but turned to light, this holy weapon resonates with those who desire justice, and who possess a strong desire to destroy evil. A weapon of inhuman quality, this dagger can
strike even beings of energy, and strikes like lightning, losing only the slightest amount of
accuracy in return for increased speed, and further increasing the agility and dexterity of its
bearer. When used to surprise a foe, it’s strength is nearly doubled, and lethal wounds grow
more so. In order to facilitate such a surprise, it strengthens the bearer’s stealth when they are
inside, away from the light of the sun.

Finally, the blade is designed to deliver judgement, and will not permit any defense to
stand in it’s way: When it strikes, every defense of the target is negated for the next few
moments, and if it was thrown, it will remain within the target’s body until the next new moon,
and cannot be removed by any but it’s owner until then. So long as it remains within them, their
wounds will not heal and fate itself will grow to detest them, cursing them with ill luck."
600,"Caliburn, The Sword of Kings",Anima Beyond Fantasy,Armory,"A bastard sword of quality beyond masterwork, Caliburn is truly the sword of kings, only permitting its power to those destined to greatness. It can damage beings of energy with equal ease as it damages
mortals, and it increases the accuracy of spells and psychic powers as well as melee strikes
used by its bearer. It is unbreakable, and conveys that strength onto its bearer; Their soul grows
stronger, they are incapable of bleeding, being burned, or being frozen, they can rewrite fate
once per battle to change the path of a single blow.

Magic, psionics, diseases, and other curses find less purchase, and once per day, at the cost of
a portion of their soul, they can become utterly invulnerable so long as their soul holds out,
though no more than a minute for even the strongest mortal soul. Finally, as the sword of kings,
its bearer carries its light, and others find themselves obeying his leadership. This is a major
and well known magical artifact, beware if you openly reveal your possession of it, as many will
question why you have it and may seek to take it from you."
600,The Flame,Furi,Armory,"A copy of The Flame’s armor and weapons. This is a four-armed suit of
power armor, strong enough to make the mightiest of the Jailers look weak by comparison. It
can fire off massive waves of energy and indestructible bullets, explosive bullets that produce
massive shockwaves, and extend the reach of your melee attacks to cover a huge area with a
nearly 360-degree radius. If you want to, you can rip off one of the extra arms to use as a sturdy club."
600,The Fall of an Empire in Under an Hour,Blue Eye Samurai,Armory,"2000 British rifles of excellent quality, surprisingly accurate. Scales up to the best small arms
money could buy in an equivalent quantity for the setting. Just indicate when you want them to
arrive and they’ll show up, disassembled and disguised amongst innocuous Items.
This purchase couples with The Thousand Claws and The Four Fangs to automatically arm
and train your forces for you once the shipment arrives, they’ll go from having never seen a gun
in their lives to making marksman shots without you having to lift a finger."
600,Phoenix Marked Sword,Conan,Armory,"This sword is rather ordinary, and on inspection the only
abnormality is a phoenix marked on its hilt. It is no harder to break than a normal sword.
Its edge is no keener. It will not cut through steel and stone like they were not there.
Against things of the ordinary world it will cut as a normal sword cuts. But against the
supernatural is where it shines. This sword cuts through supernatural protections almost
as if they were not there, magical shields splitting before its edge, and a demon whose
skin might be completely impervious to normal weapons would find that supernatural
blessing failing it before this blade. It can even cut spiritual beings who pass intangibly
through the world as if they were as solid as flesh and blood, and can end normally
immortal supernatural beings. And blessed with the phoenix by the god Mitra it is a holy
weapon, the damage of its wounds greatly magnified against demons, unholy entities, and
the nameless things from the outer voids which serve Nameless Old Ones who were
ancient before man’s first ancestors emerged from the waters of the sea. A single blow
from this sword might not kill one of these great old ones itself, but they will feel it as if
they were a being of earthly matter and far worse than a normal blow ought even then.
But seriously, try not to break it. The magic lies in the hilt, so only the fragment attached
to it will continue to gain this benefit. Though if you decide to use the hilt like a cestus to
strike your foes it would retain these benefits even without the blade."
600,Poisoned Spear,Conan,Armory,"This spear’s tip has been coated in the juice of an Apple of
Derketa. This is a poison potent enough to kill a dinosaur the size of a mastodon -
although it’d not be a quick death, though it’d work much quicker on a human. The
poison seems to reapply itself after a few minutes after it has been wiped or washed off,
though it will disappear soon - unless in the bloodstream of a living creature - when
removed from the spear."
600,Empire Armor,Cradle,Armory,"Two sets of armor, when worn by you and a partner, or any two
people for that matter, they allow you to link your different magical and spiritual powers together
and access each other's abilities, including each other's Paths or your Jumper Abilities if they
apply. If you were to get four sets of this and link them all together, you would achieve what the
Eight-Man Empire has: Eight people, Sages and Heralds all, matching the strength of one
Monarch. Of course, replicating this set of suits would be difficult, but it is possible. What has
been made once can be made again. Only this initial pair will be Fiat-Protected."
600,Sacred Treasures,Cradle,Armory,"One each of all of the strongest Sacred Treasures -Artifacts that
contain the most potent forms of various Vital Auras- for every major Aspect. In case you
manage to drain one dry, it will replace itself after a month. These alone are enough to get most
Sacred Artists all the way to Archlord, at least on the power scales, and you need to balance the
Aura around you in order to progress into the Lord Stage at all."
600,Dark Blue-Green Sword,Thunderbolt Fantasy,Armory,"This Divine Sword possesses a conceptual effect that
prevents it from being parried or blocked. When it clashes with another weapon, instead
of being repelled or stopped, it will instead cleave through it with ease. If the weapon it
clashes with is indestructible, then it will instead send that weapon flying away from it
because this sword conceptually cannot be blocked."
600,Absolute Phantom,Thunderbolt Fantasy,Armory,"This sword possesses the ability to permanently seal away
enemies. This is achieved through a powerful vortex effect that sucks away enemies
and then sends them to the edge of space, where they'll be doomed to wonder for all of eternity."
600,The Night of Mourning,Thunderbolt Fantasy,Armory,"A cursed demonic blade that cannot cut through flesh or
bone, however, everyone who is struck by it, is forcefully bound to the will of the wielder
as a mindless thrall. With waves of the sword, the wielder can telepathically control
everyone bound to their will by the sword. The amount of people capable of being
bound by it is infinite. Thralls that are hit with the sword a second time will be freed of the sword's influence."
600,Dark Phantom,Thunderbolt Fantasy,Armory,"One of the thirty-six divine swords found within the Sorcerous Index.
This demonic sword is capable of harnessing ki and transforming it into energy blasts
strong enough to destroy mountains and villages. Full powered slashes from this sword
can create massive chasms that leave the surrounding area permanently scarred and ruined."
600,Blazing Crystal Sword,Thunderbolt Fantasy,Armory,"When this divine weapon embedded with the aspect of holy
fire strikes an evil target, it lights them on fire and burns away at their very soul. When
Ki is channeled through this sword, it shoots powerful divine fire at its enemies.
But not anyone can wield this sword, for this sword is sentient, and will reject anyone
deemed unworthy of wielding it with divine flames that never perish until they release the sword."
600,Lotus Wisdom Saber,Thunderbolt Fantasy,Armory,"This sword possesses the ability to cut holes through time and space itself.
Consecutive slashes with it will literally rip a hole into space that allows one to travel to and from dimensions."
600,Seven Blasphemous Deaths,Thunderbolt Fantasy,Armory,"Once a holy sword, it is now a demonic blade sealed
with the soul of a Demon Princess. This Demonic Princess is knowledgeable in the
demonic arts, politically savvy, and capable of channeling a powerful demonic sorcery
that allows her to bind all who look at her to her will, excluding the wielder who is immune to said effect."
600,Eight Arrays Ghost-Breaking Saber,Thunderbolt Fantasy,Armory,"A divine sword interlaid with eight seals that seal away the sword’s true power. Each seal can only be removed once a condition is met. Seven of the conditions to release the seals are unknown, but one is known: you must be righteous to wield this weapon. Since the other seven conditions are unknown, you can fan-wank what the requirements are to draw out the sword’s full potential. When all eight seals on the sword are released, this sword gleams with a holy light that strikes at the very heart of enemies, ignoring any magical defenses the enemy may possess. Furthermore, if an enemy is slain with this sword at its full power, they permanently die. No amount of reincarnation, magic, or time manipulation can stop this sword from severing their existence."
600,Bladedge,Duel Monsters - The Heroes,Armory,"So what if you don’t actually have any powers? Make yourself some! Literally. With the power of engineering and technology, you’ve created a golden set of armor. This armor massively enhances your balance and spatial awareness through neural receptors and sensors, but more obviously, it grants you tremendous strength. You could hold up a collapsing house and toss around tanks easily with it. The armor itself is as durable as a reinforced bunker, and has systems in place to stop the squishy human inside it from suffering the effects being knocked around inside a tin can normally has. It’s also equipped with two large blades inside each arm, and has wings that let it dash at sonic speeds. Lastly, you’ve also created your own version of the Edge Hammer, a golden hammer with its own internal reactor, which allows it to strike foes down like a lightning bolt!"
600,Doomguy,Duel Monsters - The Heroes,Armory,"You’re not gonna let something as stupid as not winning the superpower lottery stand in your way. Using advanced military technology and engineering, you’ve designed a special suit of armor to aid you in combat. The armor enhances your strength, letting you lift tanks with some effort, and is durable enough that breaking through it is like trying to crack a reinforced bunker open. The suit is also equipped with a special set of wings and engines, which allows it to soar at nearly super sonic speeds despite the humanoid design. Combined with the inertial dampeners it has, actually harming you when you’re inside it is a tough job. The last bits of gear to it are a simple energy cannon, able to break down buildings with ease, and a claw able to rip and tear even the biggest monster when backed up by the suit’s strength enhancement."
600,Chaos,Duel Monsters - The Heroes,Armory,"You’ve somehow found a mystic ninja scroll, from which some type of kunai flute popped out. While it doesn’t look like much at first, playing the right notes will cause the kunai to wrap around your dominant wrist and expand into a set of magical ninja armor. While armored up, you have all the skills of both real ninja and fantasy ninja, being able to run across rooftops with grace and play whatever parts you need to in order to appear like a harmless civilian. Time and effort will allow you to develop these skills even when not transformed. While transformed, your speed is increased to ludicrous levels, to the point that people might fail to notice you not because of your stealth skills, but because they physically can not. While you won’t be harmed by the effects of your high speed movement, the armor’s durability is nothing to write about. Finally, you may play the kunai again to trigger a Forbidden Ninjutsu. This ninja technique will allow you to negate the special abilities of one opponent of your choice for a few seconds. This won’t shut down things like durability or strength, but any active powers such as spellcasting or pyrokinesis will be completely unusable for the duration. This ability is incredibly tiring to perform, so make sure to save it for the finisher."
600,Mask Change,Duel Monsters - The Heroes,Armory,"You’ve acquired some pretty special gear. The first and most important part is a high-tech belt, which automatically wraps around your waist when held there and can be used to create a blank set of armor over your body. This armor is bulletproof and can take a normal person to a fair bit above the maximum physical potential of humanity, but that’s not why it’s so important. The next are a set of helmets, numbering nine in total. The belt itself can hold the helmets inside it, somehow, and can equip them to you at your command. Doing so will cause the basic black armor to change to fit the helmet, and grant you special abilities or additional equipment. Note that you can only equip one helmet at a time. These helmets grant you the following forms: Masked Hero Acid, which is equipped with a water gun that literally washes away magic. Masked Hero Vapor, which is equipped with a staff able to command water. Masked Hero Anki, who can dash through shadows at monstrous speeds and ravage opponents with wicked “natural” weapons. Masked Hero Dark Law, who can banish any reinforcements your foes might call in to far away from the battlefield. Masked Hero Divine Wind, who can fly at high speeds and throw bolts of lightning. Masked Hero Blast, who can command the wind and storms to speed yourself up or to lay waste to your enemies. Masked Hero Dian, who has a set of armor and a spear made of diamonds. Masked Hero Goka, who gets stronger and burns hotter the angrier you are. Masked Hero Koga, who can blind opponents with your outrageous dazzle and move almost like light itself at times. Finally, you also have a charging and repair station. While the belt and helmets are durable, they won’t last forever without upkeep. This station can also be used to reprogram the belt and helmets, if you feel like messing with or upgrading their abilities, and potentially even create new ones if you study them enough."
600,Gungnir,Jotun,Armory,"This is a mighty spear, a perfect replica of the spear created by Brokkr for the god Odin. When wielding this spear, you cannot miss your target; you will always pierce your target, whether you strike in melee or at range, even if you have no skill at combat. Furthermore, the spear is always guaranteed to do at least some damage, even to an enemy with unbreakable defenses."
600,Járngreipr & Mjölnir,Jotun,Armory,"Copies of the legendary artifacts that are two of the greatest tools in the possession of Thor. Járngreipr is a set of iron gloves; wearing these gloves will protect you from taking injury from the force of swinging the mighty hammer Mjölnir. Mjölnir can fill itself with the power of lightning, and should you throw the hammer it will always fly back to your hand. Without the protection of Járngreipr, however, the sheer power inherent in the hammer will always break your hands when you swing it, no matter how strong you are."
600,Chaos Shield,Elric Saga,Armory,"A shield said in some legends to belong to sad giant, it is indeed of a size that
would make it a fitting thing for a giant to defend themselves with. A silvery-green round shield
bearing the eight amber-colored arrows of Chaos, a man of regular height would be covered from
chin to ankles by the sheer size of it, though it’s mysteriously easy to lift in spite of that. Despite
being an excellent defense against swords, arrows, and just about anything else that can’t get
around an incredibly large shield, its main purpose is something much more powerful. When faced
with the corruptive might of Chaos and anything akin to it, the power contained in the shield will
defend its wielder from the corruption’s influence. Any attacks of that nature are blocked, and even a
twisted environment will temporarily return to normal in a small area around the shield. It could even
block attacks from a Lord of Chaos manifested in their earthly form, but it possesses no special
defense against attacks that are simply great in physical power."
600,Black Sword,Elric Saga,Armory,"Carved runes seem to flicker unsteadily upon this blade’s pitch-black, glowing
metal, decorated with ancient and elaborate work of mysterious design depicting dragons and
demons intertwined as if in battle. They pulse as if alive, and one would not be incorrect in their
assumption that this hellish sword possesses a will of its own, if not its own mind and intelligence.
Consider yourself lucky that it has chosen you as its wielder, because any unworthies who would
hold the blade in their hand would quickly have its point directed towards their heart by its strange
powers. In the same way it will guide your hand in battle, moving with greater speed and finesse
than a mortal could ordinarily swing such a large sword, and with each bite into the flesh of the
enemy the energy that sustains their life will be taken from them and flow into you through the
sword, a death blow fully stealing their soul and ensuring they will never experiencing any kind of
afterlife. This soul-theft restores your stamina and magical reserves in accordance with the power
of the soul, and every soul your blade takes after your energies have been fully restored will push
your strength beyond its limits for a time. Taking a soul too powerful into your body all at once may
cause you great pain and tear your physical form apart; if you were to survive this however, it
would also allow you to absorb more powerful souls in the future. It also disperses Chaos and its
influence, though in a way less direct or powerful than Chaos Shield, at least on its own. Because
of its nature as a powerful archetype, finding some way to summon its counterparts spread
throughout the multiverse would result in an army of blades powerful enough to banish a Lord of
Chaos from the physical realm, though the evil and wild nature of many of its brothers and sisters
would make it immensely dangerous to do so. Should you have such a method and survive the
aftermath, you’ll find that your sword will be strengthened by the event, pouring power into your
body more swiftly.

While the sword you receive with this purchase will be its own unique article by default, less
inclined to feed on the souls of those you love than Stormbringer, you can choose to instead obtain
a copy of that sword or any of its counterpart like Mournblade."
600,Leechblade,Elric Saga,Armory,"The shape of this sword is uncertain, constantly twisting and flickering as its
burning yellow and black blade shifts from one dimension into another. Other than an excellent
cutting tool, this sword is the bane of those who wield weapons powered by mystical energies,
owing to its nature as a parasite which feasts on whatever occult force emanates from objects of
power. Should one such item lock with your blade, its otherwordly power will attempt to keep the two
stuck together as it sinks in its fangs and drains the energy from the opposing weapon, and once the
weapon itself is empty it will move on to the one who wields it. Its strange flames pulse as it is filled
with more and more stolen energy, adding both the raw power and some of the enemy weapon’s
magical qualities to itself. Take note that the stolen power will eventually dissipate after sustained
use, but it is only a small trade-off in exchange for being able to take it for yourself in the first place,
no? Should the sword meet a great or unnatural enough force to be broken, you will be able to call it
to you once more after a week."
600,Sword of the Dawn,Hawkmoon,Armory,"The Sword of the Dawn is a magnificent blade of incredible strength and sharpness, which glows with a fiery red light. The sword’s main power, though, is its ability to bring forth the Legion of the Dawn. At-will, you may summon a small army of around one-hundred ferocious warriors, dressed in highly ornamental armour and blazing with rosy light, from thin air. The Legion of the Dawn follows your commands to the letter, and whenever one soldier is killed another will appear to take their place. You may dismiss them with a thought, though being disarmed, losing consciousness, or a dearth of willpower will cause them to disappear early, however. If you wish, you may instead import an existing weapon that you possess to gain these traits."
600,Kamargian Artillery,Hawkmoon,Armory,"When Count Brass became Lord Guardian of Kamarg, he brought with him an array of powerful, high-tech weapons to defend the province with. Indeed, such was the power of these weapons that they allowed the men of Kamarg to fend off a Granbretanian army ten times their size.

The first is appears to be a giant copper horn that, when fired, emits waves of a deafening shrieking sound. People it is aimed become incapacitated with pain, feeling as if their head would split, but its effect is much more powerful on those with better hearing than man. To them, it is capable of killing instantly.
 
The second is a green and purple cannon with a bell-shaped mouth that shoots forth a volley of white spheres. Wherever these bounce, great explosions of cold capable of freezing a man solid come forth.

The third is a catapult along with a seemingly-endless barrel of blue-tinted glass spheres. When shattered, these spheres release a hallucinatory gas that make those who inhale it see dreadful visions, overwhelming those affected with fear."
600,The Soul Reaver (Material),Legacy of Kain,Armory,"Let us cut straight to the chase, we both knew this one was going to be here somewhere. Originally forged by Vorador and then enchanted up from pommel to tip by Janos and his peers in days long past, this Flamberge with a serpentine blade is a mighty instrument of death indeed. And while normally found in the hands of Kain and Raziel (it is complicated), purchasing it will give you your own copy of this most esteemed of swords.

First, the general overview. In its base form the Reaver is a soul-devouring weapon. As such capable of permanently slaying even the mightiest of creatures, for few can ever defend their very souls. It is also virtually indestructible, with its only weakness being its own self – the Reaver cannot harm its own soul. As such I would very much advise against using it on Raziel, it was enough of a mess the first time around when that happened. Just trust me on this one. But that is just the beginning. the Material Reaver carves through flesh and is worth at 300 CP

Each version of the sword can be upgraded with a host of powers on top of its already formidable might. And provided you keep the blade sufficiently fed its power will be at your full disposal, though each such usage drains the blade and will need a healthy helping of souls to keep going on for a prolonged period of time. The Material Reaver if upgraded this way will become remarkably good at dispelling supernatural barriers, as well as gaining access to the four following emblems: Flame will both wreathe the blade in blazing hot flames and boost any pyrokinetic or fire-related ability you have or will come to have. It can also temporarily throw your enemies into a fit of blind rage, making them attack the closest thing to them. Dimension will make the blade‘s strike be shared not just by its immediate target but also by other nearby foes as well. On top of that it will also any improve teleportation ability you might have, making it almost effortless to use. Lightning will make the blade arc with electricity that will jump from one foe to the next if they are close enough, as well as enabling you to call down bolts of lightning from the heavens. And lastly the Time emblem will slow down the movements of those it hits and in an emergency it can for a little while slow down time for all enemies around you. Thus upgraded the Reaver would be worth extra 300 CP, bringing it up to 600.

It should be noted that in theory upgrades it might be possible to find upgrades for either Reaver on your own in Nosgoth, but it would take a very long time even with supernatural assistance, to say nothing of any possible guardians still in place at each location holding a part of the power-up.

If by chance you purchased both upgraded forms you will find them fusing together to form the Spirit Reaver at no further cost, becoming even more powerful as it retains all abilities from both forms while also giving you a new one: Purified Sight. Now your eyes are truly open and what you can see you can also kill. Illusions, invisibility, shape shifting or even hiding one‘s body on another plane? It does not matter, you can see through all of that and then some. At this level there is truly nothing the Reaver cannot kill, with gods and even the most powerful of eldritch horrors alike falling before your sword without exception – though of course if you are not able to compete with such beings on equal footing you might get killed before you get the chance to try your shiny new toy out. Still, if you hit something enough times with this weapon it will die, be it the lowest peasant or a primordial horror from beyond the stars, the blade sliding through their bodies with no resistance and then devouring their souls to usher them into oblivion."
600,A Shield And A Scroll,Triune Scriptures,Armory,"The Hylian Shield is quite possibly the sturdiest and most durable thing in all of existence. Every last
drop of power a True Deity could muster, even going so far as to build it from their bone and blood and
quench it in their very life, devoted solely to the purpose of empowering this shield. Truth be told, for all
that it can deflect and block blows on what amounts to an absurd level of power, that in and of itself is
not particularly impressive. It does a single thing exceptionally well. The truth of its importance is not
the shield itself, but the lessons that went into its construction - and the ones that will be imparted to
you as you carry the shield and meditate upon its prowess. This style is known to the greater
multiverse as the God-Body scriptures, and has been proclaimed by Farore herself to be a pathway to
matching, or even surpassing her own strength. Do keep in mind however, the style can only be
learned through the use of the Hylian Shield - try not to lose it."
600,A Sword And A Story,Triune Scriptures,Armory,"This is a weapon forged by a True Deity - one step short of the Golden Goddesses themselves.
Amusingly enough, that deity was both one of the best and one of the worst elemental cultivators the
world has ever seen, for they were almost incapable of using the elements but somehow reached the
eighth realm anyways - this sword is their answer to that lack of ability. Upon drawing the blade, three
clones of you will spring forth, drawn from fire, water, earth, and wind. These clones possess mild
abilities suitable for their element, and are always equal to you in power, regardless of if you are a
mortal or the Golden Goddesses themselves. Simple, but in a sense it’s something that grows with
you. More importantly however, is that the power for these clones comes from a strange compass
woven into the ‘soul’ of the blade. Meditating upon that compass will slowly begin to reveal strange
techniques that hold immense power, and that you may use for yourself - the same techniques that the
goddess Din once prophesied about being able to match her in power. Do keep in mind however, the
style can only be learned through the use of the Four Sword - try not to lose it."
600,Atom,Real Steel,Armory,"A barely-G2 sparing robot designed to take on extreme amounts of damage and keep
getting up despite even catastrophic ""injuries."" Has an infinite battery and a shadow
function, being able to perfectly copy and use the moves of anything it sees."
600,Zeus,Real Steel,Armory,"A top-of-the-line G3 robot possessing the best stats in the setting. Can destroy
most other bots within seconds of battle and has inbuilt, constantly evolving battle
algorithms that adapts to enemies good enough to survive the first moments of
combat with it."
600,Weapon of the Ancient War,Tunic,Armory,"Within the Western Garden is one of the last automatons of the ancient war, the
Garden Knight. It is made from what appears to be a number of floating geometric
stones with a large flat stone that functions as a face with its three eyes. The weapon it
wields what can best described as a sword shaped club of metal.
While it looks crude, it is actually a finely tuned weapon that can channel natural
magic in the form of electricity to empower strikes or be able to fire shots from the tip.
You, or your ancestor it seems was in command of one of these that you have kept in
good condition. You know its commands and have been registered as its commander.
Age has taken its toll though, it has limited time in which it can be active, and less so in
combat. Despite that limitation it will still function as a powerful ally for a few minutes at
minimum before needing to power down to recharge. Given skill and time, repairs can
be made to extend the length of time it is possible to keep this automaton running."
600,Purple Flame Blade,Tunic,Armory,"This glowing purple sword is well suited for use as a magic catalyst. Appearance wise
its blade is slightly above average in length with a black handle. The middle of the
guard is adorned with three hexagonal gems colored red, green, and blue.
When you channel magic into the weapon it will generate a constant flow of purple
fire along its length. By sufficiently forcing enough magic through it is possible to
create arcs of purple-black flames when you swing. Pushing still more magic can fire a beam of the flames.
A useful feature is that it is possible to add a second spell through the weapon and
both will be synergized by the power of the weapon."
600,Powershield,Tunic,Armory,"This greatshield is made using ancient technology, granting it a number of advanced
functions that make it a formidable weapon in addition to a shield. Two projectors at the
bottom can emit two long beams of energy capable of cutting flesh. The projectors can
also be slammed into the ground to release the energy of the beams as a wave that
propagates out in a circle from the point of impact. Some advanced mechanism within
protects the wielder from the effects of the weapon, allowing more full use of its combat
functions without concern."
600,Infinite Pilums,Ryse: Son of Rome,Armory,"You can summon up to 8 pilums at a time, with an infinite supply available to call into your hand. Their high cost comes from the fact that they ignore all defenses, tearing through them effortlessly. Armor is useless, cover is useless, and any special abilities are useless—all defenses are treated as if they or the object simply aren’t there.

You don’t need to worry about accidentally throwing one through the planet’s core; the pilums only pierce what you intend them to. If you wanted to destroy the planet, you could throw them at the ground—but if you only want to pierce an enemy, they will only pierce the enemy."
700,The Brahmastra,Grant Morrison's 18 Days,Armory,"The Brahmastra is the greatest weapon of all, but it can only be used once. There is no defense
against it. It is an anti-personnel weapon, if by anti-personnel you mean can destroy pretty
much any single individual. It has two evolutions, the Brahmashira and the Brahmanda.

The Brahmastra manifests the face of Brahma, the totality of the universe, to judge the
individual you use it against.

If you use one of these, you will get a new one back once every 7 years."
700,Bloodlust,Metal Gear Rising: Revengeance,Armory,"The personal weapon of Sundowner, two machetes combined into a
pincer blade. What this weapon lacks in speed it makes up for in sheer power, able to
take down cyborgs and UGs in one charged swing."
700,Godsword,Swords,Armory,"Ahh, you want the godswords. Blades with the soul of a god within their
powerful structures. Examples being argok’s edge, Bograk's Hook, Baltad’s Blade"
800,Sovereign Artifact,A Will Eternal,Armory,"This is a customisable artifact of some power. The Sovereign artifact, as implied by its name,
is something that Sovereign cultivators would seek out to use, let alone cultivators of a
weaker level. After flying through the void of space for untold years, it has come crashing
down in front of you as you enter the jump with nary a whisper of its appearance. Like the
Sovereign fan that will soon pass the Eternal Realm, its functionality will slowly by unlocked
as you complete challenges of appropriate difficulties. Its exact function is something you
should decide now, whether it be a weapon, a transport, a shield, or other. Whatever the
case, it is extremely strong, and likely large. As a sovereign level treasure, its function can
dip slightly into the domain of a Dao, like the hour glasses that affected the flow of time
around them. Its full power will only by fully unlocked when you reach the peak of Archaean
realm, or are of similar power."
800,Vinashak,Grant Morrison's 18 Days,Armory,"Ever wanted a weapon of atomic fire, the living, beating, breathing heart of a star in convenient
handheld form? Well that’s Vinashak, the personal sword of Master Drona. There is no mortal
substance this blade cannot cut through, and even the substance of the Divine needs to fear this blade.

It can be as long as it needs to be, and has no weight. It vaporizes all projectiles that come near
it and protects its wielder (and allies) from its own unstoppable heat. Any slain by this weapon
die the true death, be they man or god, excepting one of the Trimurti, though in true Hindu
fashion, it does not stop them from reincarnating as someone else. You can have it once Drona is done with it."
800,Kalabhairava,Grant Morrison's 18 Days,Armory,"This is a Great and Terrible weapon, a bloodthirsty sword forged by Shiva himself, and it
contains some fraction of his nature. The Essence of Destruction, it can cut through the fabric
of time and bring about a new age, but to use the Kalabhairava you must surrender yourself to
it and the dance of destruction.

This Weapon costs 500 CP for those with ""Philosopher Scientist"", 200 CP for
a ""Super-Warrior"", and it's Free for someone with ""Primordial Spring Morning""... but its use
requirement is equivalent to a Drawback. It will never go away and its effects cannot be mitigated."
800,Muramasa,Metal Gear Rising: Revengeance,Armory,"The personal weapon of Jetstream Sam, a 14th century blade that
has been in his family for generations. Upgraded with HF technology its cutting power is
nearly unparalleled. It comes with a specially designed scabbard which houses an
explosive charge for powerful quick draw attacks."
800,The Soul Reaver (Wraith),Legacy of Kain,Armory,"""Let us cut straight to the chase, we both knew this one was going to be here somewhere. Originally forged by Vorador and then enchanted up from pommel to tip by Janos and his peers in days long past, this Flamberge with a serpentine blade is a mighty instrument of death indeed. And while normally found in the hands of Kain and Raziel (it is complicated), purchasing it will give you your own copy of this most esteemed of swords.

First, the general overview. In its base form the Reaver is a soul-devouring weapon. As such capable of permanently slaying even the mightiest of creatures, for few can ever defend their very souls. It is also virtually indestructible, with its only weakness being its own self – the Reaver cannot harm its own soul. As such I would very much advise against using it on Raziel, it was enough of a mess the first time around when that happened. Just trust me on this one. But that is just the beginning. the Wraith Reaver not only carves through fleshbut also slices the incorporeal, such as the many foes lurking in the Spectral Realm, making it worth 400 CP

Each version of the sword can be upgraded with a host of powers on top of its already formidable might. And provided you keep the blade sufficiently fed its power will be at your full disposal, though each such usage drains the blade and will need a healthy helping of souls to keep going on for a prolonged period of time. The Wraith Reaver has an even longer list of enhancements, being imbued with the following elements: Light, Dark, Fire, Air, Water and Earth. Each can call upon powers associated with their element, such as Dark cloaking you to provide temporary invisibility or Water encasing your enemies in ice. I am sure you can imagine all the possibilities yourself. Given all that it will be worth another 400 CP, for a total of 800 CP.

It should be noted that in theory upgrades it might be possible to find upgrades for either Reaver on your own in Nosgoth, but it would take a very long time even with supernatural assistance, to say nothing of any possible guardians still in place at each location holding a part of the power-up.

If by chance you purchased both upgraded forms you will find them fusing together to form the Spirit Reaver at no further cost, becoming even more powerful as it retains all abilities from both forms while also giving you a new one: Purified Sight. Now your eyes are truly open and what you can see you can also kill. Illusions, invisibility, shape shifting or even hiding one‘s body on another plane? It does not matter, you can see through all of that and then some. At this level there is truly nothing the Reaver cannot kill, with gods and even the most powerful of eldritch horrors alike falling before your sword without exception – though of course if you are not able to compete with such beings on equal footing you might get killed before you get the chance to try your shiny new toy out. Still, if you hit something enough times with this weapon it will die, be it the lowest peasant or a primordial horror from beyond the stars, the blade sliding through their bodies with no resistance and then devouring their souls to usher them into oblivion."
1000,FOX Blade,Metal Gear Rising: Revengeance,Armory,"Possessing the soul of the original cyborg ninja Gray Fox this
blade is a force to be reckoned with. This blade ignores all armor cutting through UGs
and heavy cyborgs like butter. This will also be the case for any other type of enemy you
come across on your travels."
1000,Metal Gear Excelsus,Metal Gear Rising: Revengeance,Armory,"You might as well change your name to overkill because
that is what this thing is. Built with twin plasma cannons, twin blades, and missile
modules this machine could take on a country and come out on top. It’s hexapedal design
allows it to tunnel underground and emerge nearly anywhere, making it perfect for
fighting in urban environments."
1200,The Brahmashira,Grant Morrison's 18 Days,Armory,"The Brahmastra is the greatest weapon of all, but it can only be used once. There is no defense
against it. It is an anti-personnel weapon, if by anti-personnel you mean can destroy pretty
much any single individual. It has two evolutions, the Brahmashira and the Brahmanda.

The Brahmashira manifests the four heads of Brahma and can
destroy an entire theatre of war, no matter how large. It costs 1200 CP.
If you use one of these, you will get a new one back once every 7 years."
2000,The Brahmanda,Grant Morrison's 18 Days,Armory,"The Brahmastra is the greatest weapon of all, but it can only be used once. There is no defense
against it. It is an anti-personnel weapon, if by anti-personnel you mean can destroy pretty
much any single individual. It has two evolutions, the Brahmashira and the Brahmanda.

The Brahmanda has never been used, for it turns Brahma’s fifth face against himself.
At the very least this would destroy the world.... But could potentially destroy the Universe you’re standing in.
If you use one of these, you will get a new one back once every 7 years. It costs 2000 CP."