0,,CP Cost,Name,Jumpchain,Description,PERKS,COVER,131
,,,,,,,,
,,Free,Saber's Face,Fate/Saber Wars,"You have the heart of a knight and the face of a hero. The ahoge of glory stands proudly from those golden tresses, announcing the presence of a true Saber. A great destiny awaits such a destined hero, to save princesses and slay dragons and be the best Saber there ever was. In other words, you are yet another Saber. A wonderfully common sub-type of Servant that shares the physical appearance, archetype and overall style of the legendary Arturia Pendragon, King of Knights. Though it’s entirely likely you might think it, you’re not all that special here. There’s quite a few young ladies running around looking like you and that’s before getting into all the less cute pretenders to the Saber class.

This perk is free to take if it is desired but has only two real effects. The first is that it makes you look exceedingly similar to either the female or male incarnations of King Arturia Pendragon. Small details like eye colour, body shape or height can change greatly but the hair will remain some shade of blonde and the face absolutely cannot change under any circumstances. The second benefit is access to the section of perks, items and drawbacks at the end of this document. The Saber Shop is only available with the Saber’s Face perk. Or, by donating 100,000CP to the Mystery Support Fund, you’ll be grudgingly allowed to purchase options below without looking like a beautiful heroine.",,,
,,Free,Faerie Physiology,Fate - The Island of Sin,"As a faerie, you are an existence fundamentally superior to a human. You have no need to eat or drink, although you are able to do so, and your strength, speed, stamina, and capacity to resist damage all put those of an ordinary human to shame (being at the level of a low-ranking Servant. To add to this, you have potent magical powers. Faeries don’t have Magic Circuits; instead, you have “fae markings”, an equivalent means of channeling mana through your body that is vastly more potent and efficient than anything but the greatest of human mages could achieve. 

Faeries don’t use these fae markings to practice magecraft, however; magecraft is a limitation that faeries don’t possess, as by channeling mana through their markings, they can simply “will” phenomena to occur. Although they still can’t accomplish feats of True Magic, they—and you—have no need for the extensive study a mage must undergo in order to perform magecraft, and can freely make mystical effects for as long as they have mana to expend. You are more mystically powerful than the vast majority of modern human mages by default.

Normally, a faerie who loses their purpose will die and transform into a Mors; however, your purpose as a fairy is “continuing to exist”, ensuring that the mere act of living will protect you from becoming one of the Mors (unless you get hit by the Mors Curse, that is). And as long as a faerie continues to fulfill their purpose, they can live forever. Faeries of paradise don’t have to worry about that, being naturally immortal without need to fulfill any sort of purpose.

As a faerie, the presence of a human being will be invigorating and uplifting to you. Faeries are dependent upon human beings, as they have little creativity of their own, and rely on humans to make life exciting and interesting. The presence of humans provides a sort of spiritual fulfillment, and slows down the deterioration into a Mors, too… but when times must, physically consuming the flesh of a human will also halt the deterioration into a Mors, and is much more effective at it. And it makes you feel better, too!",,,
,,Free,Shinigami,Vasto of White,"Shinigami are not just guardians of souls, they are also warriors who fight to maintain the balance between the living world and the afterlife. They possess a range of powerful abilities such as high-speed movement, enhanced strength, and advanced hand-to-hand combat skills. They also wield zanpakuto, spirit swords that can be materialized and have unique abilities based on their wielder's personality and abilities. 

In addition to their duties in the afterlife, Shinigami also have the ability to travel to the living world and intervene in spiritual matters. They can also manifest in the physical world through gigai, artificial bodies that allow them to interact with humans without revealing their true nature. Overall, Shinigami are a formidable force in the spiritual world, dedicated to maintaining order and protecting souls from harm.",,,
,,Free,Hollow,Vasto of White,"Hollows are a race of corrupt beings born from human souls that were unable to move on. This process causes their Chain of Fate to corrode. Once the chain has corroded completely they will turn into a Hollow. Hollows come in a variety of forms. They primarily appear humanoid or resemble an animal initially. Hollows have three stages of evolution. First are Gillians, second are the Adjuchas, and lastly are the Vasto Lords. Each evolution is exponentially stronger than the last. You will start out as an Adjucha level Hollow by default. ",,,
,,50,Divine Ancestry,Fate/Legends: Empires of Antiquity,"The blood of gods is your birthright, hero. Like many heroes here, you have divine ancestry, likely being directly descended from a Divine Spirit as one of your parents. For some, this can grant immense boons and for others, it is barely noticeable outside of things that have special interactions with those that are partially divine or more. Thus, taking any tier of this option allows you to choose any degree of being a demigod, from being distantly descended from a god to being the child of a mortal and a greater god, perhaps even Zeus himself. 

The actual benefits of your parentage are decided by the following. The benefits gained from the free/50 tier is nothing much. At most, specific abilities and items may react in more beneficial or more hostile ways to you depending on what degree of you is divine. Your divine parent, or ancestor, is unlikely to be aware that you are their child. Demigods are exceedingly common, it seems. 

For 100CP, you may see minor benefits. Most common is somewhat greater physical abilities compared to the free perk given above, enough to put you two or three times more powerful than normal and you may also find yourself with a minor magical ability related to your parent, such as the ability to walk on water. Your divine ancestor likely has little care for you, though they are aware you exist. 

For 200CP, the benefits are fairly considerable. Several times as much magical energy as normal for someone here and a significant talent for magic, should your parent be a Goddess of Magic. A natural magical ability to control the seas for hundreds of meters around you, even turning it to lethal combative use, should Poseidon have been your father. Very minor secondary abilities are also possible, such as being able to perceive magic with your other senses or speaking to sea-life in the above two examples. Your divine ancestor knows you exist and at times, looks in on you. It is always worth keeping in mind potential mortal servants to act in their name and they may at times consider giving you a quest. 

For 400CP, you’ll fully come into your divine parentage and find yourself a match for Heracles, at least before accounting for that legendary hero’s training in life. The benefits can be wide and varied but focusing on one blessing could see you with a physique to match Greece’s greatest hero above, with arms that can lift and throw mountains, crush the skulls of Divine Beasts with your bare fists or even briefly hold up the Grecian sky, a body that can survive tangling with dragons and a talent for war unsurpassed by all but a few hundred men across all of history. You can also choose another major ability if you wish or substitute it for three or four lesser abilities that might be found in the lower tiers of this. As a Demigod of this level, you can be assured that your parent watches you personally, or at least has their agents do so, and will drag you into their own conflicts whether you like it or not. It won’t be without it’s rewards, even with all the danger.",,,
,,100,Mystic Eyes of Seeing Emotions,Generic Nasuverse,Allows for the seeing of human emotions.,,,
,,100,Mystic Eyes of Finding,Generic Nasuverse,These eyes have the ability to find lost things.,,,
,,100,Mystic Eyes of Charm,Kara no Kyokai: Ammy Edition,"Another form of mystic eyes able to be reproduced artificially, the mystic eyes of charm when activated will cause anyone who looks into your eyes to perceive you as an object of great sexual appeal, regardless of your actual physical appearance, and their normal tastes. When activated they pulse pink momentarily.",,,
,,100,Mystic Eyes of Whisper,Generic Nasuverse,"Allows the user to subtly manipulate others to a limited extent, hypnotizing them into not doubting the words that the user says unless there is direct evidence otherwise.",,,
,,100,Mystic Eyes of Binding,Kara no Kyokai: Ammy Edition,"One of the most common mystic eyes, and one of the only ones able to be produced artificially, the effect of these mystic eyes is simple and unfortunately not that powerful. By implanting a simple suggestion in the target, the user can paralyze them for a couple seconds. It is all but useless against magi, who have defenses against suggestions, relegating it to use against normal citizens. When in use, your eyes glow slightly.",,,
,,100,Eye of Recording,Vasto of White,"You possess the unique ability to record anything you see with your eyes and project it as a screen that others can watch. This ability grants you the power to accurately capture and reproduce detailed information and events in perfect clarity, making it an invaluable tool for espionage and intelligence gathering.

Furthermore, your power allows you to analyze and learn from the information recorded in your eyes, allowing you to gain new skills and abilities by observing and absorbing the actions of others. This enables you to adapt to new situations quickly and efficiently, making you a formidable opponent in battle.",,,
,,100,Pure Eyes,Generic Fate Redux,"Embodied with the enigmatic Insightful Gaze - Pure Eyes, you possess a spiritual trait that transcends the physical realm. These eyes, distinct from Mystic Eyes, enable you to perceive the unseen—familiars hidden from non-magi, manifestations of psychic abilities, and the ethereal presence of ghosts.

With practice, your vision expands to discern auras enveloping individuals. These auras serve as windows into their emotional states, alignment relative to you, and even the subtle currents of their thoughts. The unique nature of Pure Eyes, born as a mutation of the soul rather than the body, often manifests alongside Mystic Eyes, forming a harmonious tandem.

The defining feature of Pure Eyes lies in their azure hue, a distinctive trait that transcends racial boundaries. Embrace the mystical perception granted by Insightful Gaze - Pure Eyes, delving into the hidden layers of reality and unraveling the secrets concealed within the auras of those around you.",,,
,,100,Eyes of The Fae,Fate/Grand Order: Cosmos In The Lostbelt,"Being Divided Spirits of the Planet itself, Fairies are meant to have special eyes unique to them, although unfortunately due to the circumstances of the sixth Lostbelt, nearly all Fae native to that Lostbelt have lost them. However, with this purchase, you can get the Fairy Eyes for yourself. This affords you two things; first, you can see the emotions of people as colored auras, with certain colors representing certain emotions, and you instinctively correctly identify these colors to know what anyone in front of you might be feeling. And secondly, you can see falsehood. It doesn’t matter why someone is lying, whether out of good or bad intentions or simply out of instinct, you’ll be able to see the lie as clear as day, and it’ll always be very unpleasant to look at. Of course, if someone accidentally lies from ignorance then it doesn’t really count, as falsehood depends on someone actually saying something they don’t believe or agree with and so on. Perhaps it’d be better to avoid things like civilization and politics.",,,
,,100,Towering Emporer,Fate/Legends: Vive la France,"All that said, there is certainly something to be said for the benefits of a proper stature as a ruler. One that towers above other men, a physical sign of your superiority among humanity. You’ve got such a build, being at least a foot and maybe as much as three above the average for men of your era, bulging with effective muscles across your frame. You look like you’re strong enough to lift a horse onto your back and when you push yourself, it’s not just looks. You also have the strange ability to wield weapons regardless of irregular shapes and forms. A massive cannon or anchor is as effective in combat as a longsword to you, though you’ll need to make up the techniques to fight with these weapons given no one else has attempted to use them.",,,
,,100,Living Fantasy,Fate/Legends: God Save the Queen,"The line between fact and fiction is ever blurry in a world where magic is real. Sometimes the favourite childhood fairy tale is just what it seems, a flight of fancy. Other times, it is a true account of history or the only way the author could make sense of things his mind could not comprehend. You are a being from the very pages of these fanciful stories, a supposedly fictional character brought to life or even the true basis for the story originally. A fairy tale, folk story, legend or even urban myth can be used as the basis for your new self, provided it is English in origin. Gaining a new appearance, set of skills and even relatively limited supernatural abilities are all possible. 

A knight from a classic fable may be able to manifest steel plate armor, a trusty longsword and barded horse. They’d have the skills to do chivalrous battle with these and perhaps their weapon has magical power as well. The Invisible Man, a rogue with larcenous talents and the power to make his power completely unseen is another possibility. Even a form of the Lambton Worm, a great worm able to crush knights in it’s coils. 

Alternatively, you can also take the form of a literal book, an English story animated by magic. In book form you are able to levitate freely or take on a humanoid state styled after your chosen story. This book form possesses minor magical abilities connected to the chosen story, similar to the above characters.",,,
,,100,Fullbringers,Vasto of White,"Fullbringers are humans who possess a special power that allows them to manipulate the souls of inanimate objects. This power is derived from Hollows, and as a result, Fullbringers can be seen as hybrids of humans and Hollows. They possess a unique ability to draw out the souls from objects and use them to enhance their physical abilities, granting them superhuman strength, speed, and agility. The Fullbringers abilities manifest in a unique object that typically has great personal meaning to them. These objects allow them to focus their powers and tap into their full potential. In addition to their abilities, Fullbringers also have the ability to sense the spiritual energy of others, making them formidable opponents in battle.",,,
,,100,Sekirei,In Flight,"You are one of 108 Sekirei. Humanoid aliens whose ship crash landed on Earth long ago, and who were only recently discovered and then awoken by MBI. All Sekirei possess incredible speed, strength, durability, and mystic powers that allow them to outperform any human who can’t use magic to bridge the gap. In addition to the aforementioned powers, you also have head-turning beauty and low-level telepathy that will help you find the one human in the world who you are destined to love and be loved by forever and ever. Once you find this person your body will ‘react’ to their presence, a condition that can range from just feeling a little flushed to finding yourself literally jumping your destined one in an attempt to quell the raging desire within you. Watch out, though: if you kiss or are kissed by another human before you can find your ashikabi, you’ll be stuck with them instead. Choose wisely.",,,
,,100,Bount,Vasto of White,"Bounts are a unique race of beings that were created when a group of humans discovered a way to extend their lifespans through the consumption of souls. They are essentially humans who have gained the ability to absorb and control spiritual energy, allowing them to manipulate their own bodies and the environment around them. Unlike other spiritual beings, Bounts do not possess a Zanpakuto or any other traditional weapon. Instead, they use a specialized glove known as the Doll to channel their spiritual energy and manifest it in the form of various abilities. Each Bount has their own unique Doll, which is a manifestation of their soul and represents their individuality. The Doll is both a weapon and a companion, and can be used to attack enemies or provide support to allies. However, Bounts have a weakness in that their power is directly tied to their lifeforce. The more they use their abilities, the more their lifeforce is drained, and if they do not consume souls to replenish their energy, they will eventually die.",,,
,,100,Quincy,Vasto of White,"The Quincy are a unique and powerful species of spiritual beings in the world of Bleach. They are descendants of humans, but possess an innate ability to manipulate and control spiritual particles. This ability is known as ""Reishi manipulation,"" and allows Quincy to gather spiritual particles around them to create weapons and tools, as well as to perform a variety of offensive and defensive techniques.

The Quincy are distinguishable from other spiritual beings by their white outfits and the cross emblems that they wear. They also possess a unique weapon called a ""Spirit Weapon,"" which allows them to fire arrows made of spiritual particles at their targets. In addition, they possess the ability to sense spiritual beings, including hollows and other quincy, from great distances.

Despite their impressive powers, Quincy are a dwindling species in the world of Bleach. Their abilities put them in direct conflict with the Soul Society and its Shinigami, who view Quincy as a threat to the balance of the spiritual world. This conflict has led to many wars and battles between the two groups over the centuries, resulting in the near-extinction of the Quincy. However, those who remain are fiercely determined to survive and protect their way of life.",,,
,,100,Mixed Blood,Fate/Legends: The Land of The Rising Sun ,"The blood of beasts lies thickly in your veins, the sign of Oni-born ancestry in your family line. You might be the direct child of an Oni coupling with a human or a distant descendant, part of a family of Mixed Bloods who has awakened more of their heritage than normal. It’s gifted you with enhanced physical abilities, enough to punch through brick walls or outrun light cavalry with ease. Your constitution makes most poison of little danger, particularly so when it comes to alcohol, taking vast amounts of the stuff to get tipsy. Apparently, this heritage also makes drink taste even more wonderful than normal. Your blood makes it easier to understand and get along with even full Oni, as well as other mixed bloods, though this can be turned towards the more malicious purpose of making it easier to track and find them for a hunt. You’re one of the lucky ones who does not suffer overtly from any inversion impulses, your oni blood remaining quiet even in battle and not causing violent rages.

While it has not developed yet, the final gift of your heritage is that you have the potential to develop a unique power from your ancestor. Further increases physical abilities, a death resistant body, stealing heat or energy with a glance, telekinesis and many more abilities are all possible due to the variety of Oni that call Japan their home. In time, you’ll gain access and continually strengthen one such ability, growing alongside you as your magical power and mystery increases.

Optionally, you may treat this as an option to be a full Oni but a very weak one, the main differences merely being that you have the horns and inhuman appearance of an actual Oni.",,,
,,100,Yokai ,The Holy Man of The Church Creek,"The Yokai, a mystical race of spirit-like beings that dwell between the realms of humans and nature. While often mistaken as demons, the Yokai are more accurately described as ethereal nature spirits. Possessing a diverse array of forms, they can take on the appearance of humanoid animals as well as powerful beastial transformations meant for combat. For a modest cost of 100 CP, you may become a Yokai of your choosing, such as a stoic Tengu, a mysterious Nekoshou, or a whimsical Kappa",,,
,,100,Angel,The Holy Man of The Church Creek,"The Angels are celestial beings and the devoted denizens of Heaven who dutifully serve under the divine command of God. As an Angel, you possess ethereal grace and radiant purity that sets you apart from mortals. Your connection to the divine grants you enhanced abilities and access to heavenly energy, which can be wielded for various purposes. You also possess a pair of wings that represent your strength. By default you will start out as a two-winged Angel.",,,
,,100,Devil,The Holy Man of The Church Creek,"The Devil, a formidable species forged by the union of Lucifer and Lilith, born to challenge the might of Heaven itself. As a Devil, you possess innate demonic power, granting you access to supernatural abilities, extended longevity, and the ability to wield the formidable Power of Imagination, a potent form of magic that draws upon the depths of your infernal nature. Devil’s however, do possess a natural weakness to Holy magic. This includes the inability to go to holy places like Churches. Attempting to do so can weaken them and cause them pain.",,,
,,100,Visored,Vasto of White,"The Visored are a group of Soul Reapers who have gained the powers of Hollows, making them hybrids of the two races. They possess both the abilities of a Soul Reaper and a Hollow, giving them tremendous power and versatility. The Visored are known for their ability to use a unique technique called ""Hollowfication,"" which allows them to unleash the full power of their Hollow abilities, granting them immense strength, speed, and durability. They also have the ability to use a unique form of spiritual pressure that is both Soul Reaper and Hollow in nature, making it difficult for opponents to defend against. The Visored are formidable opponents in battle, as they are able to combine their Soul Reaper and Hollow powers to devastating effect. Additionally, they possess the ability to mask their spiritual energy, making them undetectable to others unless they choose to reveal themselves.",,,
,,100,Arrancar,Vasto of White,"For an additional 100 CP, you may choose to become an Arrancar, a unique hybrid of a Hollow and a Shinigami. An Arrancar is a Hollow who has removed their mask, granting them a humanoid form and Shinigami-like abilities. This transformation can be achieved through either the Hōgyoku or by the Hollow's own power. Your humanoid form is unique to you, and you can modify it to your liking with various markings, tattoos, or clothing. The power of your spiritual energy is directly proportional to your rank as an Arrancar, which ranges from the lowest-ranked Numeros to the top-ranking Espada.
",,,
,,100,Amazon,Fate/Legends: Empires of Antiquity,"The Amazon are an intensely secretive sub-species of human, found only in the isolated wild places that they make their kingdoms in. An all female race, they possess more power than an ordinary human and are quite warlike in demeanour, perhaps due to their leaders being descended from the God of War. From being born as a true member or some strange circumstance that gave you their qualities, you are an Amazon yourself. You have somewhat greater physical ability and bodily potential than the males of your ‘species’ do in this world and with other races you might be, enough that a comparison between an untrained youth and a fit soldier would be fair, as well as the fighting training and instincts all Amazons have access to. These aren’t those of Penthesilea or other legends but do make you capable. You also have the ability to instantly reproduce upon taking sperm into your body, skipping any pregnancy or gestation time. Even if you’re male. In regards to which, by buying this, you may ignore the impossibility and be a male Amazon, even one born and raised, without issue.",,,
,,100,Cosmo Cat,Fate/Saber Wars,"Of the many family classifications of the Servant order, the Homid family is by far the biggest. But here and there, others exist. The Felidae family, of mischievous spectral kitties or the Canidae family of everything from magical doggy trackers to charming vulpine illusionists. Having been born or made into one, you’ve gained the traits of one of the many animalistic classifications of Servants. Whatever kind of animal you choose, you’ll take on superficial traits like ears and tails from them, along with significantly increased physical attributes to fit. A Cat Servant might leap about as fast as many orbital vehicles and slip through many attacks with ease, while a hulking Bear Servant could be known as a starship wrecker if they get close. 

Most animal Servants have a minor power fitting their kind, as long as they suit a special condition fitting to the animal. Cats can go invisible as long as they’re hungry, whereas a bird might briefly move fast enough to teleport when wet and in need of quick shelter. 

For an extra 300CP, you can upgrade your inner animal further. Many spirits of your kind have gathered to you, swelling you with power, enough to fight a whole team of other Servants on your own. These vengeful spirits were of the sort that met some unlucky end, like space cats that were thrown into black holes after eating all their owners food or space dogs who refused to ever stop passing gas and so were dumped in quasars. Their miffed presence has seen your minor power become quite great! A sometimes ghostly Cat would remove their own hitbox entirely via quantum fluctuations until they have a good meal while that shifty Bird servant could fly just outside of reality until they dry off to avoid more rain.",,,
,,200,Mystic Eyes of Flame,Kara no Kyokai: Ammy Edition,"The Mystic Eyes of Flame set things on fire with a moment of concentration, and the harder you concentrate, the larger the initial flame.initially you'll only be able to make small flames, but with practice, you could immolate people alive, and generate flames large enough to engulf a sedan. Your eyes turn a glowing, angry, orange-y red when using this ability.",,,
,,200,Mystic Eyes of Contract,Generic Nasuverse,"These eyes create the ability to enforce all contracts, deals, and bargains made. No contract made in the sight of these eyes can be broken without facing serious repercussions.",,,
,,200,Mystic Eyes of Illusion,Generic Nasuverse,"These eyes grant the ability to place a target in an illusion. Eye contact must be made in order to begin the illusion, but once the illusion is created, the target simply needs to remain in your line of sight.",,,
,,200,Blood of the Britons,Fate/Legends: Garden of Avalon,"The blood of kings now truly flows within you. You are a true born child of Uther Pendragon, younger sibling to Arturia Pendragon herself. While her claim to the throne is stronger, you are almost as vital to the governance of the nation and someone held dear to the heart of your future King as well. Being part of this legendary line bestows a fair boost to your natural talent in combat and command, though relying on this talent alone will not be terribly impressive. However, in future worlds, you may find yourself the member of another important royal family, as a sibling or child to an important figure within that family.",,,
,,200,Mystic Eyes of Force,Generic Fate Redux,"Infused with the dynamic power of Impactful Sight - Mystic Eyes of Force, your gaze harbors the ability to unleash bolts of concussive energy. After a brief charge, a mere second or two, you can release a forceful blast capable of sending objects hurtling over several meters. Initially, your prowess may be limited to displacing items akin to the weight of a dumpster over a short distance, but with dedicated practice, you'll ascend to the capability of launching small cars over the horizon.

A distinctive pale orange glow emanates from your eyes as they wind up for the impending release of force. Embrace the might of Impactful Sight - Mystic Eyes of Force as you harness the kinetic energy within your gaze, becoming a force to be reckoned with in both precision and raw power.",,,
,,200,Night of the Living Dead,Fate/Legends: Strange New World,"The boundary of life and death hasn’t been breached, just poked past a tiny bit. The living dead they call you, since that does seem to be what you are. While your body still animates as normal, your living functions no longer appear vital. You’re very difficult to kill through physical means as a undead being, requiring your body to be mashed up quite well to die, but magical attacks can still threaten you, especially those targeting things beyond the physical form. You can control your body parts from a distance as long as they’re intact and despite being mostly dead, you still seem to be able to enjoy things like food or sleep. Finally, since you’re more dead than alive, it appears nature is much more amiable to you and it is now much easier to befriend any animal, even a legendary beast.",,,
,,200,Yaga,Fate/Legends: Baba Yaga,"In a different time this would have been the key to survival, if not living, allowing at least a meager 10% of Russias population to endure the most extreme. You are now a Yaga, appearance wise a humanoid wolf, with all the benefits that entails. Physically you are superior to a normal human in many ways, able to haul large beasts on your back like it was nothing. Your arteries if cut would simply reconnect themselves and your body quickly produces more blood if you are ever lacking, making bleeding out something you need not fear. Furthermore your new form is very resilient to extreme colds, even harsh blizzards, ensuring you can’t die from these temperatures. Your resilience even extends to physical torture, though not immune or unbreakable. As powerful as you are you do require one thing much more. Food. You need several times the calories per day as the average human, meaning you would starve to death within three days. But you know how it is when strong and weak meet...",,,
,,200,Reincarnation,The Holy Man of The Church Creek,"Interesting it appears that you are the reincarnation of a legendary hero. Whether you are a direct descendant of a hero or have been deemed worthy of carrying their mantle, this option grants you an innate connection to their exceptional abilities. This instinctual talent grants you a natural affinity for their unique skills and attributes, and greatly enhances your innate potential.",,,
,,200,Ether Liner,Generic Nasuverse,"Parameters
Strength: E--- (Slightly above peak human level)
Endurance: E--- (Slightly above peak human level)
Agility: E--- (Slightly above peak human level)
Mana: E--- (Slightly above peak human level)
Luck: E--- (Slightly above peak human level)

Ether liners are a subset of Liners with an overabundance of Grain that coalesces into something called a KnightArm. In theory, it’s possible for KnightArms to grow powerful enough to kill an Ultimate One. But that’s only ever happened one time, and it’s not certain to have actually resulted in the permanent death of the Ultimate One.

For the most part, you’re still a normal human. You just also have a KnightArm. The way they work varies wildly from person to person, as each KnightArm is unique. But the two things that’s true for all of them is that they reinforce the Ether Liner’s body as they grow stronger and that the KnightArm manifests as some sort of tool (usually a weapon).

You’ll start off at peak human levels with a KnightArm that can do [something]. You’re free to decide what that [something] is, but remember that it starts off weak. If you make the power something crazy, like [reverse the flow of time], it will be pretty useless until you grow much, much stronger.

Ether Liners can use their KnightArm to absorb Grain in order to grow stronger, though some KnightArms also have other ways to grow stronger. However, if you buy this race, you’ll be able to absorb all forms of magical energy (Grain, mana, ether, and more) in order to grow stronger. That’s the benefit of using points!

However, Grain will still be the most effective. Or rather, all magical energies other than Grain are inefficient and less than ideal. This is because all other forms of magical energy will first need to be converted into Grain, which will then be used to make you and your KnightArm stronger.",,,
,,200,Dead Apostle,Generic Fate Redux,"You’re no human for sure, not anymore now that you’ve given your humanity up in the pursuit of power. For lack of a better term, you’re now a Vampire, a child of the Crimson Moon and the Night. In return for your humanity, you receive quite a bit. The power to move faster than the eye and even outrun and catch machine gun fire with relative ease, greatly increased strength to the point that smashing through thick concrete walls and even armored vehicles is easy for you now, and most importantly the Curse of Restoration which reverses your time to undo damage sustained by your body. There are natural weaknesses, such as a need for blood, the sun, and holy weapons which can deal grievous damage to you.

Of course, that is hardly the height for Dead Apostles, though most don’t go farther than that. For 600 CP instead of 200 CP you’ve become something else entirely, to be more precise you’ve become a Dead Apostle Ancestor, one of the twenty-seven arch vampires that rule their race. With this, your powers and abilities have skyrocketed to a level that lets you swat the previous tier around like annoying gnats and even keep up with Servants, though most Ancestors contest Servants more through versatility than raw firepower. Most importantly you’ve gained an Idea Blood, or the Mandate/Original Cause engraved on your soul which grants you an incredibly powerful ability. Such as a grand Cathedral thirty km in diameter that allows you to isolate everything within from the outside world, or the ability to control temperature allowing for the immediate creation of a blizzard that freezes entire cities and other cryogenic and even heat-based attacks if developed properly. You may pick one that already exists or make up your own that follows the rules of the Nasuverse.",,,
,,200,Zanpakuto Spirit,Vasto of White,"Zanpakuto Spirits are sentient spiritual entities that inhabit the swords wielded by Shinigami. These spirits are born from the souls of Shinigami during their time in the Shin'o Academy, and they are considered to be the manifestation of the Shinigami's soul. Zanpakuto Spirits have their own distinct personalities and abilities, which are usually reflective of their Shinigami's personality and fighting style. Zanpakuto Spirits are typically invisible to the human eye, but they can communicate with their Shinigami through telepathy. They can also project themselves into the real world in various forms, such as a humanoid form or an animal form. Zanpakuto Spirits are very protective of their Shinigami, and they will often provide guidance and assistance in combat.

Zanpakuto Spirits also possess a unique power known as a Zanpakuto's special ability, which is unique to each individual spirit. These abilities can range from elemental manipulation to reality warping and can be incredibly powerful when used properly. As the bond between a Shinigami and their Zanpakuto Spirit grows stronger, the Zanpakuto Spirit can evolve and gain new abilities. This evolution is known as a Zanpakuto's Bankai, and it represents the ultimate expression of a Shinigami's power. The Bankai of a Zanpakuto Spirit is a reflection of the Shinigami's soul and personality, and it is often a powerful and unique ability that can turn the tide of battle. By taking this option you may become a Zanpakuto spirit. You may optionally choose to be bonded to an individual or you could be a free floating spirit. Should you be bonded to an individual you may take them as a companion for Free",,,
,,200,Grand Yokai,The Holy Man of The Church Creek,"For an additional 100 CP you may delve into the profound depths of Yokai power. This allows you to become a more formidable variant of Yokai, such as the illustrious Nine-Tailed Kitsune, renowned for their mesmerizing beauty and cunning nature. Optionally if you become a Kitsune you may be related to Yasaka in some way.",,,
,,200,Togabito,Vasto of White,"Togabito, also known as Hellspawn or Sinners, are beings that reside in Hell, the afterlife realm for those who have committed heinous crimes during their lifetimes. They are essentially souls that have become corrupted by their sins and are unable to reincarnate into the world of the living or ascend to the Soul Society. Togabito are known for their incredible strength and durability, which comes from their ability to manipulate the chains that bind them to Hell. 

These chains can be used as weapons or defensive tools, and are also capable of absorbing spiritual energy. Togabito are organized into various factions, each with their own leader and set of rules. They are constantly fighting for power and influence within Hell, and will stop at nothing to achieve their goals. Some Togabito are able to leave Hell and travel to other realms, but they are always at risk of being dragged back into the underworld by the chains that bind them. By purchasing this however, you will not have to be concerned about this and will not be dragged back into Hell.",,,
,,200,Dragon,The Holy Man of The Church Creek,"Dragons are a species renowned for their unparalleled strength and formidable power. Even the weakest of dragons possess power levels that far exceed those of other species, typically ranging from Mid to High-Class while they are still in their youth. By choosing this option, you can become a dragon, harnessing the overwhelming might that sets your kind apart from the rest. You possess a number of abilities such as durable scales, wings allowing you to fly, and an elemental breath. You may freely choose which element you have an affinity for.",,,
,,200,Gods' Eyes,Fate/Legends: Oasis of Fantasy,"Two eyes which trace their descent to the heavens themselves. These Mystic Eyes you possess have a divine heritage, sometimes only found in the eyes of actual divine spirits. Terribly useful however, as the Gods’ Eyes give the power of true Clairvoyance to their wielder. Looking into the past and the present is possible, a few hours when directed at first but years are possible with less control over what you witness. With practice, the accuracy of your visions and the distance you can watch into will grow. Precognitive visions are not set in stone and even witnessing the future can cause it to begin to change.

These two eyes are additionally able to understand the true nature and form of whatever they see. A divinity posing as a mortal will be obvious to your sight, a shapeshifted creature has their real appearance imposed slightly over what they pretend to be and a dishonest man will clearly be so to you, though you will not detect what words are lies or truth directly.",,,
,,300,Mystic Eyes of Paralysis,Kara no Kyokai: Ammy Edition,"An advanced form of the Mystic Eyes of Binding, the Mystic Eyes of Paralysis, upon making eye contact with a target, will implant a suggestion that causes the target to lose all control of muscle function for up to an hour. They differ from the Mystic Eyes of Binding in that the suggestion it implants is much stronger, and is able to bypass the defenses of most magi. Your eyes glow a slight pinkish gray while using these eyes.",,,
,,300,Mystic Eyes of Illusion,Kara no Kyokai: Ammy Edition,"With these eyes, upon making eye contact with an area, you may begin to manifest illusory objects, and entities. These entities look, sound, and feel real to those interacting with them, but are incapable of interacting with the physical world, with an individual's own subconscious preventing them from ruining the illusion by disallowing them from interacting with the entities and objects in ways that would break the illusion. These phantom objects and entities are under your complete control, and will dissipate thirty minutes after you break eye contact with the area the illusion is based in. When you're actively maintaining an illusion, your eyes glow a slight pink.",,,
,,300,Mystic Eyes of Compulsion,Generic Nasuverse,"These eyes grant the ability to forcibly take control of a target's body against their will and compel them to follow the user's commands.

Despite the power of these eyes, the target is entirely aware during the process and can actively fight against your control. A well-trained mage could eventually break free, to say nothing of existences like heroic spirits.",,,
,,300,Mystic Eyes of Glam Sight,Generic Nasuverse,"These eyes grant the ability to easily perceive and adapt to any information that can't be normally processed by the brain, such as high-speed movements. But it could also be extended to logic, knowledge, or existences alien to humanity.

For example, if Shirou had these eyes, he would be able to comprehend things such as Divine Constructs due to these eyes making the alien logic of a Divine Construct something he could understand.",,,
,,300,Mystic Eyes of Transience,Kara no Kyokai: Ammy Edition,"The Mystic Eyes of Transience are a unique form of retrocognition, allowing you to see past events in the form of bubbles rising into your field of view when active. To activate the eyes, you have to make physical contact with the target they wish to view the past of before activating your eyes. With some practice, the eyes can be used to call events from the past of a target to the present (such as the slashes of a knife). When using them, your eyes glow bright blue.",,,
,,300,Forbidden Balor View,The Holy Man of The Church Creek,"Forbidden Balor View is a special Sacred Gear created using the soul of the Demon King Balor. This grants the user the ability to stop the time of anything in their line of sight. This includes beings that are significantly stronger than the user as well. The duration of the effect however, depends on the power of the user. Although the power is supposedly restricted to the user's eyes it has been shown to also envelope larger areas as well. The exact limits that Forbidden Balor has are unclear.

For an additional 400 SP you can upgrade this into Aeon Balor. Its effects are much stronger than Forbidden Valor and it grants the user a few new abilities. First, you can share your line of sight with others. This expands both your view and allows them to channel Balor’s time stopping ability. Additionally the gear can now create a massive amount of darkness. This darkness can easily grow to envelop entire towns and freeze time within it. Lastly, you can manifest additional eyes from the darkness.",,,
,,400,Mystic Eyes of Enchantment,Generic Nasuverse,"These eyes are capable of applying a high level of hypnosis to the target. It can be overcome like any other high level of hypnosis, but the fact remains that the bearer of these eyes is able to hypnotize any number of people simply through making eye contact.",,,
,,400,Mystic Eyes of Usurpation,Kara no Kyokai: Ammy Edition,"This one’s an odd one. The Mystic Eyes of Usurpation allow you to ‘usurp’ the target’s vision, allowing you to see through, and direct their eyes in effect, with the target none the wiser. What makes this power so dangerous (and cost so much,) is that while linked, you may use the abilities of their mystic eyes, or any other sight based abilities they may possess, causing the target to believe their eyes are activating or even deactivating for no reason.",,,
,,400,Mystic Eyes of Flame,Generic Fate Redux,"Within your gaze lies the dominion over heat, embodied as the Inferno's Gaze - Mystic Eyes of Flame. In their nascent stage, your eyes wield the ability to augment the heat of individuals and objects, potentially causing burns or even setting them ablaze. Yet, with diligent training, you can ascend to a mastery that grants you precise and potent control over heat.

As you progress, manipulating heat becomes second nature, allowing you to set things ablaze instantly or freeze them solid with a mere glance. Your eyes, now conduits of elemental power, spark with the potential to unleash both destructive and chilling forces upon the world. Embrace the evolving might of Inferno's Gaze - Mystic Eyes of Flame, becoming a true master of heat manipulation and asserting your dominance over the elemental realm.",,,
,,400,Hybrid,Fate/Zero,"Somewhere, far in your ancestry, you had someone who wasn’t quite human join the family. Despite having happened centuries prior to your birth, even now your family still enjoys certain benefits from that inhuman ancestor. What these benefits are exactly is a matter of what that ancestor was. A werewolf might have passed on enhanced physical abilities and senses to you, along with a tendency to grow hair quicker. A dragon might grant you incredibly tough skin, great resistance to heat and the ability to spit small amounts of fire. Whatever your choice is, these abilities will put you above your fellow man.",,,
,,400,Fujo Blood,Kara no Kyokai,"The arts passed down through the Fujo clan of Demon Hunters, a rare and mostly faded family, have awakened within you. Likely the result of a distant ancestor if you’re not a clan member, it has several effects on your body and spirit. The first is an enhanced life-force, making it possible for you to survive wounds and sicknesses that would kill normal humans quite quickly. Despite taking the same wounds, your body is unnaturally enduring. The second is a enormous natural talent for magecraft relating to the channeling and controlling of spirits, not enough to match a Risen Legend but enough to become quite well known should you be trained. More importantly, that talent is the basis of the core power of the Fujo. ESP, or the projection of their spirit from their bodies. Leaving your physical form resting behind you, you can move as a spirit in the world, your power dictated by your magical energy. Possessing and controlling humans directly becomes far easier and you already know how to bind the spirits of the recently dead to your service while in this form. More spiritual powers may appear with practice and power, though even now you’re able to rapidly cross all of the city while flying along as a ghost.",,,
,,400,Snake Jutsu,Fate/Legends: The Land of the Rising Sun,"A blessing from a great god, though it may seem a curse to some, has bound your being to a specific kind of animal. Snakes, spiders, canines, some great spirit that lives within that breed is partially connected to you now. What others see normally is just a few traits of that creature, such as a smattering of snake scales or the ears of a dog. But the benefits are many. Your physical abilities have significantly increased, overall enough to endanger a notable hero or powerful oni if you aren’t fighting head on, but is specialised further to some attribute related to your animal. A snake could give you truly unnatural agility and flexibility, while a spider may increase your reflexes and twitch movements to far higher degrees. Your affinity for your chosen animal allows for them to be easily tamed and trained to act as capable ninja companions or allies in battle, as well as greatly improving the strength of magical spells or abilities that are related to the animal.

That same affinity also translates into great favour from any greater being that is connected to this animal, such as gods of the same breed. Your final and most potent gift as part of this is the ability to manifest aspects of the great god that gave you this power by expending magical energy. A snake lady who was empowered by the Yamata no Orochi could summon the beasts’ heads to attack foes by expending great energy or manifest drops of it’s deadly poison with a lesser expenditure. It is even possible to summon your god at levels’ beyond it’s original power if enough strength is spent this way.",,,
,,400,Ogre Transformation,Fate/Legends: The Land of The Rising Sun ,"An inhuman bloodline rumbles softly in your body, sleeping until use of the red rage it provides is needed. An ancestor of yours was a mighty ogre, not that any would guess it until they saw you in combat. Your physical abilities are outrageous for a normally stealthy ninja, with physical strength more than enough to seriously harm great armoured heroes and tear giant rends through the eart, potentially even smashing down whole fortresses. That physical strength accelerates your movement speed to even greater heights, making the combination of assassination arts and violent speed even more lethal than ever before. But even with this power, you might look like an unassuming young man. When you call on your true potential, your body beginning to strain and bulge with power, your body and even brain will be pushed to the very limits. A massive amplification of your natural abilities result, enough to make you a danger to even weaker divine beings, and your body continually restores it’s energy as you fight.

The unfortunate side of this is that it is done through eating away at your internal material, causing steady and serious damage to your body to supply this massive boost in power, speed, reactions and stamina. How this state takes form can vary from person to person, sometimes being obvious strain markings across the skin but also at times appearing as your entire body turning crimson red like the ogres you came from.",,,
,,400,Eyes of Mystics,Fate/Grand Order: Cosmos In The Lostbelt,"One of the biggest marks of a distinguished Magus is that of the Mystic Eye. Special eyes with mystical powers, only the weaker ones have been successfully artificially reproduced, with any of the really powerful ones all being possessed from birth. And with this purchase, you’ll turn out to have been born with one such Mystic Eye (yes, one, either the left or right eye), and of the very potent kind. The actual effect is up to you, however your point of comparison will be one Ophelia Phamrsolone. Her Mystic Eye witnesses and halts possibilities, not only allowing her to look into a long pruned timeline but also letting her cripple those she sees. Even a powerful Servant activating a last-resort ability could be denied the fruits of their sacrifice and left only with the price.

However, it’s not impossible to counter her Mystic Eye, should someone manage to do the impossible and forcibly reduce their own possibilities to something Ophelia cannot see. Likewise, whatever Mystic Eye you obtain will be powerful enough to be an important advantage in Servant-level battles should they have some active ability that could be feasibly used in combat, but it won’t be absolute, as those who know how your Mystic Eye works and have great magical skill will be able to plan against or around it. And finally, your Mystic Eye serves as an immensely powerful keystone, able to keep even absurdly powerful gods or Giants anchored to reality. What kind of thing will you support with it?",,,
,,400,Fifth Heavenly Hole ,Fate/Legends: The Land of The Rising Sun,"The greatest of all demon hunters are the ones with demon blood in their own veins. Even the famous Minamoto no Yorimitsu and her four heavenly kings bear that taint. Through a personal journey or being part of such a legendary group, you’ve become worthy of standing at the peak of all hunters in this land. Your physical abilities may not match the most terrible of demons outright, though splitting a castle with an axe is well within your reach, but your combat abilities extend much further. You are broadly skilled with many weapons and martial arts, enough to reach an expert level in most, and are particularly talented at fighting those more powerful than yourself. Whereas a master swordsman may outmatch you with their wits, you are able to fight in a way to negate the advantages of demons tens of times your strength or speed. Knowledge of holy rituals and a lifetime of slaughtering mysterious beasts has made you highly resistant to magic and able to deal much more damage to beings of great mystery than normal.

Your demon blood heritage is fully turned to your benefit, making it much easier for you to deceive and trick demons and Oni. Fooling them into treating you as an honoured guest, even when you are a famous hunter of their kind, isn’t an impossible task. Lastly, as with the many demon hunter clans to arise in later times, you are able to pass down your techniques and unique abilities to the rest of your family. Your descendants are able to much more easily learn what you have learned, as well as being able to unlock special powers that would normally have a very low rate of inheritance. Unlike some clans, they also share any self control you have over your Oni nature, preventing them from falling to madness.",,,
,,400,The Blessings of Technology,Fate/Strange Fake,"These are modern times, and while the enemies of the faith have adapted to them, it is only to be expected that the Lord’s devotees do the same. And thus, you were born to be the Lord’s iron fists.

Around seventy percent of your body has been replaced with a mix of near-futuristic technology hybridized with a vast collection of mystic codes. This makes you superhumanly strong, even more so than your average experienced executor, enough to tear through walls with ease, you can catch all the bullets from a machine gun fired at you with just a hand, and your arms can extend for a few meters, and you even have blessed rocket launchers and Black Key-like blades hidden inside of your extremities. One of your eyes has been replaced with an artificial eye that allows you to perfectly see from hundreds of meters of distance. What’s more, since this artificial Mystic Eye is powered by both technology and magic, you may only use the functionalities of the technological side to avoid being detected by magical senses when observing. This applies to all of your modifications: as they are both of technology and magic, it seems that you can hide them from all but the most powerful senses of both, until you reveal the true might of your blessed steel reinforced body.

You are truly powerful even when facing humans, but when it comes to facing the enemies of mankind, specially those that fall under the bloodsucker category, your blows could be as devastating as a nuclear weapon would be to non mystical creatures, as one would expect from the origin of your body.

This blend of technology and sacred rites also confers you a special privilege: Befitting of an executor of the Lord’s will, you also have the knowledge of how every gadget on your body works, how to replicate the process in others, and even how to repair and improve your own body, integrating whatever new magics o technology you happen to know. Deliver the Lord’s wrath a steel punch at a time.",,,
,,400,Spartan Bred,Fate/Legends: Empires of Antiquity,"Sparta breeds them strong, they do. Those bronzed bodies, built like they were cast by the gods in the greatest refineries. By natural birth or a similar upbringing, you’ve got a body and the physical potential to match the legendary Spartans. You can make cities quake with a stomp and sprint across the country in a few minutes, enough to match even moderately powerful demigods and phantasmal beasts. You don’t yet have the comprehensive and intense training of the Spartans themselves but in their place, you find you have incredible potential for learning new combat or war related skills and improving those skills at a massive rate. Even if you started as a child, you’d quickly surpass men with decades of experience after a few months of learning. However, while your starting potential is great and will only grow, you only show your true power when at a disadvantage. The worse off you are in battle, the more you’ll find your powers, raw statistics and skills improve for both you and close allies you have nearby. Facing some notably stronger than yourself might see a decent boost to your own strength but taking just three hundred of your best friends to block the passage of one of the largest and most powerful nation’s greatest army, vastly outnumbering and overpowering yourselves? They’ll be talking about the feats you accomplish two thousand years on from that day.",,,
,,400,72 Pillar ,The Holy Man of The Church Creek,"The 72 Pillars are the main clans within Hell. Each of them possess a unique ability that grants them an edge over the common devils. For 400 CP you may become one of the Pillar Devils. You may choose which house you belong to including extinct Houses. You will gain access to their bloodlines and any unique qualities they possess. Some examples include the Bael Power of Destruction, Sitri Sea Serpent of the End, and the Phenex Immortality. You may also create a new bloodline if you are not interested in any of the canon options.

Alternatively if you don’t want to belong to a normal House then you may spend an additional 200 CP to gain one of the four Satan’s bloodlines. This includes Asmodeus, Beezlebub, Leviathan, and of course Lucificers. The exact powers of each Satan are not entirely clear, but they are leagues above the others in power. You may also use this option to supercharge one of the weaker bloodlines making it stronger. For example, doing so with the Sea Serpent of the End would extend your innate powers over water to include ice and steam as well",,,
,,400,Soul King's Left Hand,Vasto of White,"As the holder of this perk, you gain the abilities of Pernida, the former left hand of the Soul King. Your body is made entirely of power and flesh, granting you heightened defense and physical ability. Additionally, you inherit the unique ability to encompass and accept all, just like the Soul King himself. You become an information relay with knowledge of all things in the domain, and are both everywhere and nowhere at all, making the conceptualization of your being rather arbitrary.

Beyond the power of C-The Compulsory, your primary strengths are Organic Evolution and Adaptive Replication. Through Adaptive Replication, you can absorb and mimic information from objects, allowing you to learn and adapt quickly. Through Organic Evolution, you can consume and gain the abilities, traits, and aspects from biomass, making you a formidable opponent that can defeat anyone in time. With this perk, you become nearly unstoppable, with the ability to adapt to any situation and gain the abilities of those you defeat. No opponent can stand against you for long.",,,
,,400,Black Dog,Fate - The Island of Sin,"You are alike to Barghest in that you too are a Child of Calamity, of the same breed as she. To begin with, you are capable of slowly absorbing the magical energy of those who are nearby if you so desire. This doesn’t pose a threat to someone’s life, but it will make fighting mundane mages and fairies very easy, as their magic is pulled from them as soon as they summon it to cast a spell. Although be warned that sufficiently skilled mage could use a layer of magical energy to be sacrificed in order to protect the spell they are trying to cast, so don’t think this is carte blanche to take on Morgan and expect to live. She’s been killing Calamities for millennia, after all, and you’re far from the first to have anti-mage abilities.

Beyond your mana absorption, you also possess powers over flame, and can expend your magical energy to summon bursts of flames which refuse to harm you. Furthermore, by twisting your mana in the right way and infusing it into a human being, you are capable of twisting them into Black Dogs, almost-fae-like creatures that are obedient to your will, capable of interpreting complex commands with the remnants of their human intellect, and which can disperse into an incorporeal body in order to follow you wherever you go. You can convert them back to human again once you feel they’ve been punished enough.

Your full power is bound into the horns upon your head. By intentionally breaking one of these horns, you can release a portion of your might; this engulfs you in black flames, and allows you and your equipment to grow until you are 40 meters in height and tower over everyone around you. Your mind loses its reason, and you can act only on instinct in pursuit of the goal that caused you to grow—although your growth in size is only a temporary one, ensuring that your mind will return once you shrink again. Your powers over flame increase in proportion to your size.

That’s your base level of power, but you can gain access to more if you pay a further -200 CP.

At this point, you remove your power-limiting horns entirely, which reveals that they were only hiding your true horns. You become engulfed in black and spiky armor, which is simply a physical manifestation of your mana. Your power over flames soars to calamitous proportions, and you can decimate the countryside and any city that possesses no walls to protect them from your waves of fire. Your physical powers are boosted beyond the pale, to the point that you could punt a large armored transport vehicle, almost three times the height of a person, like it was nothing but a football. 

But perhaps most dangerous of all is your absorption powers. To begin with, you are capable of absorbing lightning to increase your power; and with all the ash produced from your fires, a phenomenon similar to volcanic lightning occurs, and you will have plenty of electricity to feast upon. Furthermore, your ability to absorb mana increases by an order of magnitude; unless a mage possesses some degree of Magic Resistance to protect against your mana absorption, you will outright drain them of life if you get within the original range at which you could absorb mana; “original range”, because now the area of your absorption has increased to cover a full kilometer in radius.

Although your horns no longer limit your power, you can still grow even further. By breaking your horns, you can grow 40 meters tall… and much longer, as you will take the form of a gigantic hound, pitch black in color and engulfed in black lightning. You do not see an increase in your powers over flame, but then again, you hardly need it. Your reason still deteriorates with your transformation, however.

Fortunately, you aren’t actually Barghest; you can control your transformation and revert back to the base state of the original purchase. You are not bound to the appearance of the Demon Hound.",,,
,,400,Crafted By The Gods,Fate/Grand Order: Skyrim Anon,"The craftsmanship of the divine is quite a sight to behold. Not just weapons, but even living beings made by divine hands are just built different compared to more ordinary living creatures. And it turns out that you are one of such creations of the gods. First, you have an immense amount of magical energy, orders of magnitude more than you really should have. At minimum, you could summon 7 Servants, on your own and lacking any support from a Holy Grail, and still have more magical energy left over than most mages have seen in their lives. Should you be more than a demigod, then the amount of energy in you will be even more absurd. That said, your innate generation of magical energy is unaffected by this perk, so it might take you months to recover a significant amount of your magical energy.

Secondly, you are immensely resistant to damage. Not in the sense that you are any tougher, but that you won't die from anything more than the total destruction of your most vital organs, such as the heart and brain. Even leaving your heart greatly wounded but not completely destroyed would still let you survive on sheer will for several weeks before you succumb to the wound, somehow. Additionally, if you can get your hands on a suitable replacement, you can just jam it into you and not worry about it too much, such as perhaps shoving a Holy Grail where your heart should be. You're not invincible by any means, but to those lesser than you, it might sometimes seem that way.",,,
,,400,Heavens Hole,Fate/Legends: Nirvana Yuga,"Your body has become a sacred temple, a place at which to worship the infinite depravities of mankind. A heavenly hole has appeared in some fashion on your form, a black hole that exerts immense force when opened on any you wish to drag inside of your being, this force growing as your power does. Within Heavens’ Hole awaits a paradise, a universe within yourself that exists to follow your every whim. You could construct a paradise of every delight imaginable for your favoured to live forever in. Organise an endless orgy for the demons you drag in that breeds a near limitless army to unleash outside of your body. Even simply drown those within the inner universe in endless waves of pleasure and happiness, forming into an annihilating force that bypasses mere physical protection, absorbing those that falter into your being to replenish your health and increase your power. With the degree of control you have over this existence, a texture within you on the scale of a solar system, it is near impossible for any that cannot resist being dragged into you to survive. Your power greatly surpasses that of a Saver when focused inwardly here, even if you hold very little personal strength in the outside world. Only powerful abilities to traverse space and dimensions or soul protections could allow escape or survival once trapped within.",,,
,,400,Twisted Reincarnation,Fate/Grand Order: Cosmos In The Lostbelt,"Some people aren’t content with ‘merely’ being immortal, but want to perform multiple things at the same time even with all the time they have to waste. Like a certain Japanese onmyoudou, you’ve learnt a certain trick that allows you both. In essence, you’ve managed to transform (or perhaps the modern word ‘import’ would be more accurate) your personality into a spell formula, with no errors or risks of unnatural deviation. Thanks to all the nifty implications of such a trick, you’re able to generate as many functional copies of yourself as you have the resources to create, not only identical in looks, personality, and power, but also capable of acting independently and communicating with you from any distance thanks to the sympathetic connection between you. Although of course they’ll be a lot harder to create the more powerful you are.

Additionally, you won’t have to worry about absorbing too much power anymore, as the fact that your personality and mind have become a spell formula instead of a concrete entity makes you immune to the side effects of drinking in power sources bigger than your own head. And don’t worry about problems such as being totally unchanging in character, as something about the process has allowed you to retain the ability to grow and change as much as someone who didn’t literally turn themselves into a replicable and likely teachable spell. That all said, do watch out for magic related to reincarnation, as the right spell might be able to unravel your ability to generate more copies of yourself. Will you absorb even gods for the sake of power, or perhaps spread yourself out so that you can help many people?",,,
,,400,Transcendent Hybrid,Vasto of White,"The main reason for Ichigo’s seemingly unmatched potential is his status as a unique hybrid, but now you too can claim that status. By purchasing this perk, you become the second being to combine the powers of the Shinigami, Hollows, Quincy, and Fullbringers. Your potential is equal to, if not surpassing that of Ichigo himself in terms of power and ability, as your hybrid nature grants you a wide range of techniques and abilities from each of these four different sources of power.

However, that is not all. You also possess the ability to further increase your power and potential by combining the DNA or energy of other beings. By assimilating the essence of other beings, you can add their powers and abilities to your own, becoming stronger with every new species you become. This ability allows you to constantly evolve and grow stronger, adapting to any situation and emerging victorious.

With this perk, you are a true force to be reckoned with, capable of taking on any opponent and emerging victorious. Whether it's the powers of a Dragon Ball Saiyan, a Marvel mutant, or a DC Kryptonian, your Transcendent Hybrid status allows you to combine their abilities with your own, creating a unique and unstoppable fighting style. Lastly, as you add more species to your own mixture you may find that they will start to synergize increasing your abilities at an exponential rate.",,,
,,400,Spirit,Fate/Legends: Baba Yaga ,"The World is not just inhabited by mankind. Taking this option puts you on a path that is more mysterious and esoteric. You become a Spirit but what kind of Spirit depends on how much you are willing to pay.

For 400 CP you become a Nature Spirit, created from elements of nature or natural phenomena. One of particular note and infamy would be born from the Tunguska Explosion. Depending on what you are the Spirit of you gain some powers connected to it but no more than three. A Spirit born from animals crying out in anger at humanity for believing they killed them with weapons, would gain an aﬃnity for weapons for example, as well as the ability to absorb animal DNA into itself to gain more power and spawn them from their body.

That being said you can gain a further boost in power by becoming a divine spirit instead for 600 CP. Whatever three gifts you may have had as a Spirit has now become a Divine Authority, perhaps making you a God or Goddess of Weaponry if you choose so. Don’t expect to be spoken of in the same way as the likes of Ishtar or Quetzacoatl however. You’re still a rather minor Divine Spirit, your sphere of influence roughly surpassing a large city, but that alone is worth every CP you spend on this option. For notes on how Authorities work see the Authorities section at the end of this document. Furthermore you can decide for yourself what you look like and shape and design your new Spirit self however you wish no mater of natural or divine. Perhaps you too wish to copy a certain Tamamo?

The Age for any Origin other than Spirit is anywhere between 20+3d8. As a Spirit you could be much older, picking an age between 50 or 100 years. Alternatively, you may also be freshly spawned into this world, only now manifested and as such be a newly born.",,,
,,400,Dragon Faerie,Fate - The Island of Sin,"The Last Dragon, Albion, was one of the few survivors of Sefar’s destruction of the world. Seeking to escape to Avalon, it dug into the surface of the planet, and used its muscle and Mystery to surpass the barrier between the mundane world and the layer of reality called the Inner Sea of the Planet. And it succeeded, after digging 2700 kilometers into the Earth... but the opening into Paradise was too small, and it was too weak to dig through the rest of the way. It eventually died, and from its body grew the forest that made up the basis of northern Britain, which came to be home to the northern faeries. But its rotting corpse formed an entire marsh, and began to collect the curses Cernunnos set upon the faeries. Eventually, these curses coalesced into its left claw and took on a new shape, and it was only the coincidental and selfish intervention of Aurora that prevented those curses from coalescing into a Calamity; instead they formed the dragon faerie Mélusine, who developed an appearance, mind, and personality from that interaction with Aurora. Are you, perhaps, born of the right claw?

You are a dragon faerie, although there’s hardly anything dragon-like about your appearance. But you’re a very specific incarnation of that power, and have neither great physical strength nor exceptional durability. What you possess is speed. Incredible, jaw-dropping speed, with the capacity to travel at the speed of a fighter jet and with the reflexes to match. Your physique is strong enough for you to survive hitting things at that speed, but no stronger.

Furthermore, you possess a Dragon Heart, something which could be thought of as a dragon-specific Magic Circuit, or the nucleus of a dragon. It is an incredible engine of magical power, allowing you to channel magical energy into your body to make you stronger, heartier, and overall improve your body in every way. Furthermore, it provides enough magical power for you to crystallize your magical energy and your unmanifested draconic “skin” to create weapons of incredible power; any single attack from these would qualify as a Noble Phantasm in someone else’s hands, but you can make such attacks in rapid succession.

Normally, you would be restricted to this state; however, if you pay another -200 CP, you will possess the ability to take on a more draconic form.

In this form, you will grow wings and a tail, and your body will grow a partial covering of scales, your hands and feet transforming into claws. But don’t make the mistake of thinking that you’ll be flapping those wings; your flight is closer to that of a fighter jet. You will be vastly enhanced, made stronger and tougher and fast enough that it would take you only 0.3 seconds to accelerate past the sound barrier. Your ability to produce weapons from your body is vastly improved, refining them to a greater extent to match your new form. You might not be breathing fire, but you can focus your mana to produce dark, electrical blasts of energy that produce alternating implosions and explosions of power, or produce a protective barrier of energy.

Most destructively, however, is your new capacity to transform into a miniature form of Albion; you’re only a few times the size of a human rather than the mountainous creature the original Albion was, but with even greater speed and potent power, you are nonetheless a potent threat worthy of being named one of the Calamities of Faerie Britain. You can call forth rains of lightning, and hold within your chest a secret; as you aren’t the living Albion, but a reproduction born from its corpse, you can peel back the flesh of your chest to expose your reproduction of the Dragon Heart of Albion. Even this flawed imitation is akin to a weapon of mass destruction, and you will emit a devastating burst of energy that can bring ruin to cities.

You lack the weakness possessed by Mélusine, and will experience only a temporary loss of reason when thusly transformed, ensuring that the transformation will revert itself rather than being an eternal abandonment of your faerie form.

Also, if you purchased the advanced form of this perk, you will be able to make wings and a tail appear even on your ordinary appearance, if you so desire.",,,
,,400,Seraphim,The Holy Man of The Church Creek,"By spending 400 CP you may ascend to the echelons of celestial might as one of the esteemed Seraphim. This is the esteemed order of Angels who stand as paragons of heavenly power. Each of the Seraphim possess twelve resplendent wings demonstrating their immense power. The Seraphim embody the pinnacle of strength and divine authority within the celestial hierarchy. Each Seraphim is said to command a specific aspect of Heaven, channeling their extraordinary abilities to enact God's will.",,,
,,400,Zhenren,Fate/Grand Order: Cosmos In The Lostbelt,"The Xian of China are a peculiar lot, compared to the Divine Spirits of other mythologies. And with this purchase you’re one of them. As an incarnated Elemental, you possess an intrinsic connection to the Planet, with the main benefit being direct access to the magical energy of the World, functionally giving you access to an endless amount of magical energy. Sadly your output, or in other words, how much energy you’re able to draw from the Planet is still limited, but you won’t have to worry about bottoming out your reserves. Additionally, you possess some vampiric traits seen in True Ancestors without the inherent bloodlust of such beings, such as being able to drink blood to obtain a greater amount of energy than you can normally utilize. Thanks to your status as an Elemental, you’re able to survive past the destruction of your body, able to construct a new one with enough energy, surely not an issue. Also, you can blow yourself up to produce a powerful explosion, that gets stronger the more powerful you are. Oh, and in case it wasn’t obvious, you are also immortal.

And finally, with the purchase of this perk, you gain access to the Rank section if you don’t already, being limited to the Top Rank at most like Servants but obtaining a discount on the Rank like Mystery. Although if you picked the Mystery origin to begin with, you won’t be restricted to the Top Rank at most. As a side note, in future jumps you will have a connection to the planet you start on, or perhaps your planet of origin should the jump’s circumstances allow for space travel. Unfortunately, you won’t be able to benefit from the endless magical energy while off the planet you are connected to. What will you be doing with all the magical energy available to you now?",,,
,,400,Divine Spirit,Fate/Legends: Oasis of Fantasy,"The divinities of this era have lost something from what they once were, when they had their own fleshly forms. But a Divine Spirit is a terrible thing even in lesser form, a titanic force that only the greatest heroes would disobey. You are a powerful Divine Spirit, similar in scale to Ishtar or Ereshkigal. Like the famous story, you have the power to destroy whole mountains, using your body or your magical power. However, perhaps due to being less greedy than Ishtar, you are quite a focused God when it comes to your Authority. You possess a single Authority through this option, operating at the same scale as your raw power given above. Further notes on how Authorities work are given in a notes section at the end of this document.

As a Divine Spirit, you are without age and have likely been alive for thousands of years. Thus, if you wish, you can be an established part of one of the pantheons or religions present in your time in the Middle East. A Goddess of Sumer who helped raise the young Hero King or feuded with Ishtar over rival love. An Angel of the Lord that would begin to emerge as the years go by.",,,
,,500,Demi/Pseudo Servant,Fate/Hollow Ataraxia,"For 500 CP, you can choose to be a Demi or Pseudo servant. You must not have been one in a previous jump (if you were a demi servant you can still be a pseudo servant and vice versa, but if you were a demi servant you can’t be a demi servant again). Choosing to do so unlocks the capstone powers of the 600 CP perks. Psuedoservants must take the servant background and can pay in SP, but demiservants may take any background aside from servant.

Demiservants are humans combined with a servant, with the human in control. You can choose for your heroic spirit to either be active and in communication with you (basically as a voice inside your head) or to have them inactive and just there for the powers. As a demiservant you will be a human with a servant inside of you.

Pseudoservants are generally divine heroic spirits that have possessed humans, which also merges their personalities. The servant is in control however. As a psuedoservant you will be a servant that has possessed a human.",,,
,,500,Lamyros,Generic Fate Redux,"A Phantasmal Species are more similar to the historical depictions of Vampyres than the likes of Dead Apostles or True Ancestors. Possessing strength, speed, regeneration, and resistance as is appropriate for their kind; they can effectively combat three lesser Servants with ease and grow more powerful with age. As creatures of Myth, they are hauntingly beautiful, ageless, and capable of wielding magecraft and magic similar but distinct to that of a magus, but more importantly, they grow more powerful with the expansion of their myths and stories and possess a truly horrifying ability to take and consume the myths and stories of others to grow more powerful resulting in a unique skill to rip out, preserve, and eat the cores of servants to empower themselves further.",,,
,,500,Dragon King,The Holy Man of The Church Creek,"For 500 CP you can ascend to the ranks of the Dragon Kings. These revered individuals, akin to illustrious figures like Tiamat, Vritra, and Fafnir, possess unparalleled power and authority within dragonkind. By selecting this option, you will stand on par with these legendary beings, radiating an aura of dominance that commands respect and instills fear. As a Dragon King, your power reaches the high Ultimate Class, granting you unparalleled strength and influence within the realms you traverse",,,
,,600,Mystic Eyes of Penetration,Generic Nasuverse,"Mystic Eyes capable of breaking down any Bounded Field. It’s sometimes possible to use them to find a weakness in fortresses.

They could be considered the absolute bane of any static magic. That is, a magic that isn’t currently under the control of the caster.",,,
,,600,Mystic Eyes of Prolongnation,Generic Nasuverse,"These eyes grant the ability to reverse strengths and weaknesses by observing a target's possibilities and then forcibly culling them - restricting the advancement of events to a single course.

Essentially, it allows you to see what things your target might do, then decide which of those courses of action you want your target to take. The target will be forced to take that course of action.

The main limitation of these eyes is that the target must have already considered the course of action. That is to say, you can’t force a person to do something they didn’t already have a possibility of doing.",,,
,,600,Pure Eyes of Fate,Tsukihime,"You can see the most probable future play out right before your eyes. You can peer ahead a few seconds or minutes (with some strain) into the future using your eyes, though longer vision is extremely damaging to a human mind as it tries to look through the near-infinite possibilities, and becomes less coherent the further you push it. You will observe the most likely future and a rough idea of how to ensure or prevent it, though observing things that operate outside of fate will yield unclear and unreliable answers - and even then, it may not always play out the way you expect them to.",,,
,,600,Gray,Lord El-Melloi II Case Files,"The blood of the Pendragons flows through your veins, and unlike Gray, it’s genuine. At some point in your youth, your face and body suddenly changed into a copy of King Arthur - I mean Artoria. For now, this means your sex is automatically set to female and you can reinforce your body well beyond what’s possible with modern magecraft, but you may pay 100 CP to be male and take on the appearance of Proto-Arthur instead of Artoria. You can also utilize Artoria’s Noble Phantasms, should you acquire them. In time, more of your royal heritage will show itself, until eventually you inherit Artoria’s draconic nature and power, halting your aging and making you into a phantasm in human shape. This will make you all but immune to hostile magic, and give you a Dragon Core, which can generate vast quantities of magical energy. Post-jump, your Saberface appearance becomes an alt-form.",,,
,,600,Witch,Fate/Legends: Vive la France,"An inverse of becoming a saint is to fall from your holy glory. A deep betrayal or a total loss of faith has progressed until it became a festering spiritual wound. A wound that perverted your holy potential for something much darker. You hold similar amounts of energy, physical power and magical resistance as the Saint option above but yours is powered by Unholy power. Perhaps from some hell, a black demon or even your own hateful heart. You are also around as capable in martial combat as the Saint, likely due more to your own efforts or from the teachings of someone that has since betrayed you. While you lack the myriad moderate miracles of the Saint, you have a single potent power of your own. You’ve got the title of Dragon Witch, granting you authority and dominance over all dragons. Anything not significantly more powerful than you is forced to bow it’s head and follow your commands, even those too strong to command are still influenced by you. This ability also translates to great skill in riding dragons yourself, especially in turning them effectively to military purposes. What use is the armies of God against a flight of dragons and their fire? Possessing this and the Saint option will give you the abilities of both but you may only be holy or unholy, not both. The one you pick will colour the second options nature.",,,
,,600,Saint,Fate/Legends: Vive la France,"The final step you take to go from a holy woman and a true saint of the church. The heavens have chosen you as a true avatar of their presence on earth, filling you with holy might. The holy power within you greatly increased your physical power, to the point of comparing the results to artillery strikes. The same force that empowers your body renders it nearly totally immune to magic, your resistance boosted so high that even magic from back in the Age of Gods struggles to scratch you. Outside of combat, the energy grants numerous additional abilities. You are able to heal both yourself and others with a touch, crippling wounds closing in seconds once you lay your hands on them, as well as perform a variety of minor to moderate miracles relating to your own religion, similar to other saints. Perhaps the most powerful ability is that you can make potent holy objects, imbuing anything you personally create with great amounts of sacred power, making it both much greater in general and holding immense lethality against the forces of evil and darkness. It is well known that you are a saint or similar figure of your religion in this world, for all the good and ill that can do. Part of that knowledge will benefit you at least, as you received much more training in combat than most saintly figures do, due to the charity of crusading knights you once met. You’re no legend on the battlefield but a sword and shield is more than enough for you to kill handfuls of knights with skill alone.",,,
,,600,Mystic Eyes of False Death Perception,Tsukihime,"Technically, the true name for these is ‘Mystic Eyes of Life Perception’ or would be along those lines if it was properly identified. You are able to perceive the ‘life force’ that sustains a living being, appearing as lines and points around said living being. By cutting along or damaging these lines and points, you can greatly damage the being in question as their life force is burned away, likely killing them if enough damage is inflicted. However, you cannot truly see ‘death’, and as such cannot actualize it upon a living being or even an unliving or inanimate object - thus rather than instantly killing the target, it merely critically damages them until their bodies cannot take much more. In short, all these Eyes can do is inflict damage upon that which lives, the same as any weapon or method of murder.",,,
,,600,Nanaya,Tsukihime,"...or maybe you ARE part of that cursed family after all? The Nanaya Family was a clan of assassins under the Demon Hunter organization made to hunt monsters and Demon Blooded who inverted or gave into their inhuman instincts. They were wiped out completely a few years prior, save for yourself and one other. Whether you lived as an orphan or were also ‘adopted’ into a new family, you have a considerable advantage over your sibling/cousin Shiki - you’ve both remembered and honed the skills ingrained in you since birth. Your body has become an almost perfect killing machine, able to push yourself to your peak without suffering any significant loss in stamina or difficulty from strain, your muscles and movements always using just the right amount of force in all things. This working in tandem with your instincts and your combat abilities lets you gracefully dodge attacks that would normally tear an ordinary human into pieces before they could realize what happened - and your body instinctively guides your attacks to strike the most vulnerable part of a target’s body, moving almost independently of your own thoughts. Your almost godlike footwork and skills with a knife work in synergy with this, letting you slice apart a human-sized target into seventeen pieces in a blink, and letting you move quicker than the human eye can follow. You could feasibly fight and even kill a supernatural opponent among the likes of a Dead Apostle or the True Ancestor Princess if her true power were still suppressed with the right timing and luck. Now if only you had some way to make sure they stayed dead...",,,
,,600,Heroic Descendent,Generic Fate Redux,"A living miracle is what you are, something like you shouldn’t exist and yet here you are. You're the direct descendant of a Heroic Spirit. A human who inherited their knowledge, skills, and Noble Phantasms, although a weakened version of them.

How this came to be is a question everyone will want answered if they find out about your nature. 

Pick one Servant to be your ancestor. You'll find the available ones in the Supplement at the end of the jump. Can be purchased multiple times.

This perk is a Capstone Booster that boosts the 600 CP Perks of all Origins.
(AG Note - Avaliable servants are in the Notes tab)",,,
,,600,Eyes of the Future,Fate/Strange Fake,"Something that shouldn’t exist in this era. Your eyes are of a special kind, one that allows you to see the world in a way that not even other magi can. Not really true Mystic Eyes, they grant you several special abilities. One is the ability to use Clairvoyance, to see through items and barriers, even into distant locations, and even peer glimpses into the future. You are also able to see the flow of magical energy, which gives you an innate understanding of any magical phenomena that you come across.

But it isn’t the end of your abilities. This unique insight is also paired with an overwhelming talent in Magecraft. An unorthodox genius like few others in the history of the Clock Tower. While most magi work on existing Foundations, this isn’t a necessity. It is completely possible to even create one on the fly. Obviously, keeping all of these Foundations in mind is too much of a hassle, so you are likely to just forget about them and need to recreate them from scratch unless you also have a pretty inhuman memory. Not that it should pose much of a problem to someone of your exceptional abilities.

This malleable nature, genius spark and special eyes combine in a final potent ability: your talent for hijacking other people’s spells and magical constructions. With a short observation, you can take over almost any kind of spell or ritual and repurpose it for your own goals. With the right tools and situation, even partly hijacking something like the spiritual core of a Servant could be possible.",,,
,,600,Artificial Lifeform,Fate/Stay Night,"You were not wholly naturally born. Whilst you were in the womb, numerous experiments and treatments were carried out to transform you into an artificial being known as a Homunculus, a particularly powerful one at that too. A great deal of your body is made up of Magical Circuits, 1000 circuits of the highest quality lying within you. This immense magical power is supplemented by an innate affinity for all magics, increasing the speed at which you learn magic by a fair amount. Your body is unnaturally enduring as well, allowing you to survive wounds that would quickly kill a human, such as multiple gaping sword wounds, for much longer periods of time, though a thorough opponent can still kill you by destroying your organs or dealing a truly brutal beating. You may not be as powerful as your pseudo sibling Ilyasviel but you also lack the limited lifespan her increased power placed upon her, instead your lifespan remains unchanged from a humans. Also unlike your sibling, you are not just an imprint of Justeaze's personality and memories on a new body, though neither do you possess the Wish Granting Trait as a sacrifice. You may optionally choose the albinism-like colouring Ilyasviel possessed.",,,
,,600,Meinster,Witch on the Holy Night,"Witches, it must be said, are not human. Even the rank and file of their rare kind are held as wonders by mages. You however, are royalty among them. For like Alice Kuonji, you too are a direct descendent of Yumina. You have an abundance of magic circuits-enough to constitute crests covering your bones, veins, even your internal organs-drastically cutting the need for you to speak incantations or produce other prerequisites for magecraft and granting regeneration great enough to get up from a hole through the chest and disembowelment, recovering from it entirely in an hour-at the cost of excruciating pain. Such power makes the distinction between Magic and Magecraft inconsequential to you, with even making a self-contained pocket dimension being in your power using the Ploy Kickshaw system. However, despite the complexity and power of your mystical prowess, do note that this is a world ruled by specialists-and it is still possible for a talented modern magus with a particular affinity for, say, combat to surpass you in that one area.",,,
,,600,Crimson Red Vermillion,Tsukihime,"You are what your family and many others have struggled to achieve for generations - a perfectly realized demon within human flesh. And unlike others, you are not at risk of being victim to the Inversion Impulse or losing yourself completely - your human and demonic blood exist together in almost symbiotic harmony, though you may be a tiny bit more sadistic or vicious in this form. Your eyes change to an icy blue, your hair a fiery red, your body having become a living Mystery, giving you resistance to magecraft, magic, and other forms of supernatural influence or damage, as well as letting you damage or influence them in turn. All powers you wield that are blatantly supernatural in nature and originate from your body increase greatly in potency in this form, letting you become a terror and a reminder of why mankind knew to hide from the ferocious Oni. At first, this increase in power is by half-again of your full might...but with time and age, this may increase further.

Taking this in combination with The Beast lets you intermingle your physical strength and Mystery seamlessly, increasing your already considerable might and letting you match even a Heroic Spirit blow-for-blow in hand to hand combat...and perhaps even emerge victorious. This form and its effects can be toggled on and off freely.",,,
,,600,Worm That Walks,Fate/Stay Night,"Centuries ago now, one man discovered a form of immortality that approached the perfect ideal so many strove for. A pair of the ability to take life from others to extend his own lifespan and to split himself into countless bodies to make violent death almost impossible. But he failed to account for what the passing of time would do to his mind and soul and thus he rotted to a wretched facsimile of the great Magus he once was. But what Makiri Zolgen, also known as Matou Zouken, failed to do, you gained in truth. You've become a lich of sorts, one formed of the bodies of dozens of pests, such as worms, spiders, rats, snakes or a similar sized mundane creature, though these are twisted so as to obviously be magical and/or monstrous versions of the mundane being. Each of these bodies is a magically enhanced Familiar totally under your control, stronger than any natural version of itself, and each serves as a phylactery for you that you can use the senses and body of as if it were your one, all at once. As long as even a single one of these pests survive, so too do you. You may also uses these pests to drain the life energy from other living beings and extend your own lifespan in exchange. You will not experience the spiritual rot Zouken did but your mind has no particular protection against the hazards he faced, at least with this perk alone. 

Taking this perk with Worm Farm allows you to count, if they are the same type of familiar as what you have chosen here, every 'Worm' in your farm as being part of this perk's effects.",,,
,,600,Murder Doll,Fate/Legends: The Land of The Rising Sun ,"The unification of black magic and advanced technology makes it possible to create homunculi of truly superb quality. You are the result of the same process that created the Katou Danzou puppet, fully freed of any creator and able to enjoy this immortal frame. Your body becomes that of a techno-magical puppet, allowing you to translate any powers you have into a technological form within your body now and in the future if desired. It only fits, as your body is already equipped with a variety of impressive devices. Hidden blades of varying kinds, magically imbued wooden missile launchers, ranged attacks from kunai to crossbows, even technology and mystic codes that can create powerful vacuums or deliver dangerous curses. At the core, your physical body is also greatly enhanced in parameters. While your senses and mind remain the same, you are strong enough to contend with relatively powerful Oni and fast enough that even legendary swordsmen like Musashi Miyamoto can struggle to keep pace with you.

This is all supported by great skill with Genjutsu, the arts of illusion. Rather than actual magecraft, these are varieties of mundane techniques and skill at misdirection that let you disguise things as not what they really are. The primary use of this is hiding the magi-tech devices and abilities you have as mundane effects or concealing their presence at all. A magus will struggle to recognise the true source of your vacuum attack that allows for ranged annihilation of foes, seeing it as just ‘erasing the enemy form’ and becoming confused as to the true mechanism. Hiding the exact nature, functions and mechanisms of your abilities becomes simple with these skills.

While you do not know how to create more of your kind, you are able to relatively easily repair your body should it become damaged, even with fairly common materials. It appears your form has several functions that aid this, instead of requiring your creators be present.",,,
,,600,Living Lightning,Fate/Legends: God Save the Queen,"Maybe the position of Doctor isn’t the one you’re after. Were you a prototype of Frankenstein’s design, miraculously gaining life despite being considered a failure? The results of another scientist or magus of the age? No matter your source, your design is similar to Frankenstein’s own creation, albeit the methods and make may differ. An artificial lifeform, likely made of electrically re-animated flesh, who has the immortal constitution only the non-living can possess. Your body is physically strong enough to easily shatter solid stone or metal, fast enough to outrace most vehicles without strain and tough enough to withstand your own blows. Enhanced by the ‘undead’ nature, your body is largely unharmed even when damaged. Being cut in half only requires you to sew yourself together again, the only organs of importance are your heart or core and your brain, which you rely on to survive barring influence of other abilities. Most environments, poisons and chemicals lose their effectiveness against such a body. 

While clearly a very capable warrior, the science or magic that created you endowed much more interesting abilities. A particular association with energy and electricity is present in you, taking form as the Galvanism ability. You are able to absorb electricity on touch and convert magical energy without material form, such as magical wind or fire or energy attacks, into more energy for absorption. This energy can be used to replenish any biological needs, reinforce your physical body, significantly increasing all physical abilities, or rapidly regenerate any damaged portion of your form. It can also be returned, unleashed powerful electrical blasts that can tear apart large stone golems in a single blast. Unleashing this energy in overly large amounts can be dangerous however, potentially burning out your core if you go too far beyond what your body can handle. Galvanism is not unlimited and enormous amounts of energy might risk burning yourself out to absorb, while your body can only be reinforced so far. 

The electricity that hums in your core, animating your body, also contains your will with this ability taken. So long as your will holds strong and this powerful spark within is not extinguished, you can survive even total bodily destruction. The potential to travel to a new body or even a machine and live on exists, though those without intense willpower will unlikely be able to takeover their new host.",,,
,,600,Incubus,Fate/Legends: Garden of Avalon,"Infernal blood runs within your form, the mark of your mother copulating with the Devil himself. Or so they say. It’s hard not to agree when one sees the signs of your Incubus, or Succubus, nature. Perhaps Merlin him or herself even calls you family. You have immense magical power within you now, vastly more even than one infused with the blood of a dragon. Even as a beginner, your spells could tear through entire castles and leave just ash and ruins behind. What would you be like once you became truly skilled? Beyond your raw power and energy, which is already only equaled by the Wizard of Flowers, you have gained some more devilish traits, ones that allow you to easily charm and seduce almost any living being. At least living beings that can be aroused.",,,
,,600,World Champion,Grand Foreigner,"The World Champions are considered to be the ultimate warriors of their realms unmatched by any other. In fact it was stated that a World Champion could match six members of Ainz Ooal Gown simultaneously. Their strength is enhanced even further once they receive the recognition of the world. They are given incredible combat prowess, empowered within their respective worlds, and gain access to some unique skills. These skills include Dimension Gap, Dimensional Slash, and World Break. You may optionally choose one of the nine realms to gain a connection to. This will have some special effects on the realms and the beings within the Realm/Plane/World",,,
,,600,Goddess of War,Fate/Legends: The Land of The Rising Sun ,"Divine is your presence when you ride out onto the battlefield, in how your soldiers see your shining aura and how your foes crumble before your wrath. With sword and spear few but the gods themselves can match your skill, even wielding eight of your favoured weapons at once becomes somehow a deadly style. Even more such when you split your being into eight clones, each as capable as the original and sharing your mind and presence between them. Fight and command in eight places at once or force your hated enemies to duel one on eight.

Your skill and numerous bodies are backed by enough raw power to contend with most of the heroes and monsters that walk these lands. Most men believe that your powers are granted by the gods of war, some that you are yourself such a being, and they’re not far from the truth. You have a measure of divinity already, which grows as your feats in battle and war do. Winning impossible sieges, conquering great empires and slaying famous swordsmen in duels will all improve your divine power. Your physical strength mainly at first but should it grow great enough, you may find yourself turning into a true divine spirit of war as a result, with all the abilities natural to such things.

The advancement of the modern age won’t prove a threat either, as firearms find reality itself warping their arcs away from you. Even a bullet guided by magic would curve it’s trajectory away from your body, so long as you can keep clear in your mind the idea that mere bullets could never hit or stop you. Slipping in this surety can reduce the protection, making it possible for enough massed fire to still hit you.

Finally, that divine nature has an intense effect on those that fight with you. When you personally fight alongside allies or loyal servants, you’ll inspire an intense, eventually fanatical, devotion to your ideals. A few battles side by side and most men would die to protect your honour. Something of the opposite applies to your enemies, awakening intense terror in those that defy you, growing the longer they directly challenge you while in your presence. It would be difficult to not end a campaign with an army of men who truly believe that you are their Goddess of War",,,
,,600,Great Demon,The Holy Man of The Church Creek,"The seventy-two Great Demons are the original Demons spawned directly by Lilith. As an Archdemon, you stand as the paramount entity among demonkind, wielding authority and power that rivals the heavenly Seraphim. A mere utterance from your lips can quell entire legions of Devils or unleash an unparalleled surge of demonic might.",,,
,,600,Draconic Core,Generic Fate Redux,"The ancient essence of dragons courses through your veins, transforming your Magical Circuits into a formidable Mana Core. This magical reactor dwarfs ordinary circuits, akin to comparing a single machine on an assembly line to an entire factory. This perk grants a reservoir of mana equivalent to 3000 high-quality magic circuits, a wellspring of mystical energy unparalleled in its potency.

Yet, the true boon lies in the unparalleled restoration speed. Unavailable to a Servant without a living body, this Mana Core restores the user's magical energy to full capacity within a mere 24 hours. Regardless of the initial magical energy level, the rejuvenating power of Draconic Vitality ensures a swift and complete restoration, making you a formidable force in the magical realm. The blood of dragons that courses through you is not just a legacy; it is a source of enduring power and vitality.

Capstone Boosted
Draconic Core now transcends mere magical augmentation, infusing your blood with the very essence of dragons. Your once-human blood has morphed into a Draconic Elixir, endowing you with a body as strong as steel. This newfound durability makes you nearly impervious to harm, a living testament to the indomitable power of dragons.

The mystical properties of your dragon-infused blood extend beyond self-enhancement. Those who partake of it experience a temporary surge in magical power and regeneration. Drinking your blood becomes a ritual of empowerment, a fleeting taste of draconic might.

Additionally, your blood can be harnessed for more profound transformations. By spreading it on others, they gain temporary stone-like skin, an armor of draconic resilience. For those seeking a more enduring connection, consuming a piece of your heart—though perilous—permanently elevates magical power and regeneration rates. This extraordinary act is not to be taken lightly, as the essence of your heart holds both incredible power and inherent risk.

Draconic Ascendancy is not merely a magic-imbued lineage; it is a transformative force that grants you dominion over the very essence of dragons, shaping your blood into a source of extraordinary power and vitality.",,,
,,600,Cosmic Kaiju,Fate/Saber Wars,"Rawr! Created in a anti-matter weapon test in the Imaginary sea just off the orbit of Space Nippon, you emerged with a mighty roar! Or you will, if you have some time. As a cosmic Kaiju, you’re already quite big and strong. Five meters tall and able to turn any weak Servant into a splat with a slap. But as long as you don’t restrain yourself, you’ll slowly but steadily grow larger and stronger, your innate magical power growing with your size. Normally it’s only a few inches each day, a meter when you’re a bit stressed, but this gets much faster when you’re in a fight. You can easily double your size in minutes when threatened and fighting your hardest, this growth continuing at speed until the enemy becomes adorably non-threatening. You’re even more resistant than most Servants to the dangers of space, almost totally immune to most cosmic environments, and if needed can actively reduce your own size at great speed. This does mean you lose the power that comes with that size, though.",,,
,,600,Mystic Eyes of Distortion,Generic Fate Redux,"Imbued with the extraordinary power of Vortex Vision - Mystic Eyes of Distortion, your gaze possesses the unique ability to create an axis of rotation at a designated point. Focusing on this axis, you can initiate a screw-like spiral, twisting targets within the axis unless they manage to escape its influence.

Notably potent, these eyes surpass conventional limitations. While ordinary eyes might take days to twist a man's arm, yours can accomplish the same feat in a matter of seconds. Pushed to their limits, the Mystic Eyes of Distortion can unravel structures on a grand scale, effortlessly tearing apart a ten-kilometer-long bridge—albeit not without inducing significant fatigue.

A telltale sign of their activation is a radiant red glow emanating from your eyes. Embrace the mesmerizing might of the Mystic Eyes of Distortion, manipulating space itself to unleash a whirlwind of destructive forces upon anything caught within the spiraling embrace of your gaze.",,,
,,600,Black Mud,Fate/Strange Fake,"You have let a very dangerous substance take a hold into you. The Black Mud of the Holy Grail, a substance that channels the six billion curses of the Evil God Angra Mainyu, has now been implanted into your body. Your magic circuits, your magecraft, your Spirit Origin, basically everything makes you, has been tainted by the blackness of the mud, turning yourself into an Avenger, or at least the spiritual equivalent of that if you are not a Servant.

Normally, this corruption would also entail swearing loyalty to the evil of Angra Mainyu, and working for its rebirth and desire of endless destruction. However, it hasn’t taken control of you, but you haven’t become its true master either. Instead, a strange symbiosis has been born. The mud inhabits you, and it allows you to draw a portion of its abilities for your own devices, for it knows that it will lead to a great destruction in the end.

This allows you to do several things: First, this curse will devour others that try to assault you, even incorporate them and subordinate them for your use. This even includes the curse of ‘Death’ carried by powerful supernatural poisons, like that of the Hydra. The mud will also allow you to twist your abilities, granting you the traits of an Avenger, and letting you trade potency for variety. For example, the blessing of immortality granted by the Olympians may be broken down into several great powers that are reminiscent of the legends that contributed to it. You may also call upon the mud to corrupt others, albeit you will not have a way to control the result, getting a frenzied avenger empowered by the mud if you have not prepared something else when dealing with most Heroic Spirits, or merely a broken, dying and insane person if this is inflicted upon a human. Lastly, the mud is also a great channeler of magical energy, allowing you to use it in combination with other sources of magical energy, even the leylines of the land itself, in order to empower yourself.

However, in the more desperate times, you can truly draw into the true power of the black mud, channeling its essence in a way more spectacular fashion. By doing this, the corruption will start to break the balance in the favor of the mud, more negative thoughts will assail your mind and curses plague your being. You better have the ego and strength of spirit of a great hero to maintain your sanity while demanding more power from the source of all evil, less you become a mere puppet of destruction.",,,
,,600,Vermillion Oni,Fate/Legends: The Land of The Rising Sun,"Your Oni blood is awakened to the very limit of it’s potential, making you into a terrible creature the equal of the rulers of the Oni Mountain. Rather than just making you a powerful Oni, this is in actuality a trait that can apply to any species who you are part of, even in just sharing some of their blood. You gain the potential to quickly awaken the legacy in your blood, gaining the powers of the full race your line comes from and over time coming to represent the most powerful members of that species. Additionally, your awakened blood grants you a significant advantage when you fight against a member of your own species, drawing out a noticeable amount of extra strength from within. 

As an Oni, your powers are quite significant. Enough brute strength to crack open a mountain, cause tremors across an island or turn a town into a series of craters. Incredible toughness, not just in reducing the damage you take but surviving grisly wounds, able to live with a decapitated head or crush chest without issue. Indeed, just cutting off your body parts won’t remove them from your control, able to animate severed hands and legs as if you were still attached. Your magical power has increased to match your strength in output and you are able to channel it into heat or fire, creating and manipulating these elements at lethal levels of intensity. Despite the monstrous nature you have, you’ll possess a charismatic presence that can even make those setting out to hunt you down falter, in fear or wonder or even desire. Perhaps that presence also translates into a beautiful countenance, if you haven’t decided to appear as a monstrous version of the Oni-kind?",,,
,,600,The Zero,Vasto of White,"After Masaki Kurosaki was purified and revived by Shirou Kurosaki, she gained a new designation called The Zero. This power not only allows her to absorb power from other Quincy's, but also makes her the only Quincy capable of harming other Quincy. By purchasing this you will also acquire this ability as well. You will become the ultimate hunter for combating Quincy and other spiritual beings. In addition, your Quincy-related abilities will be greatly enhanced, allowing you to tap into your full potential as a Quincy warrior.

In addition, with this powerful perk, you will become a Pureblood Quincy or hybrid and supercharge all of your Quincy-related abilities. With The Zero perk, you will become a formidable force to be reckoned with in any battle, whether against other Quincy or other foes. Your powers will be unmatched, and your enemies will tremble at the thought of facing you on the battlefield. Lastly, post-jump this effect will be equally effective on other spiritual based beings or those with similar powers.",,,
,,600,Stoker's Demon,Fate/Legends: God Save the Queen,"A legend that won’t ever give up it’s terrible hold on life. Bram Stoker wrote but a mere story on an ancient count who fed on the blood of living beings but it grew so far beyond that, bringing fame to the legend of the vampire and defiling the legacy of one Vlad Tepes. Despite the true form of vampires being that of Dead Apostles and not this fictional breed, you still find yourself waking this evening with the powers of that dread count. 

The many traits of this classic fiction are present in you now. Unaging immortality and pale beauty when not enraged enough to use your bestial abilities. Your body takes on a composition less of flesh and blood, more shadows with mass, the change allowing you to survive even the most terrible wounds with little penalty. A destroyed heart or damaged spirit core hardly slows you and your potent regeneration can heal most wounds before the attack that caused them has even finished. This can be focused on certain areas to make it almost instantaneous but one should be aware that sustained levels of severe damage over time will cause your regeneration to slow and eventually falter. Despite the fictitous nature compared to them, your regeneration abides by the same mechanics of the Curse of Restoration that Dead Apostles have. It works via regressing time, rather than simple healing, and grows stronger as the moon waxes. 

The same shadowy powers that grant this healing also improve your power, giving you the strength to effortlessly bat around powerful Heroic Spirits or cause the ground to tremble for miles. Your speed matches this physical strength, bursts of movement that can cross miles in moments or let you throw out attacks well beyond the speed of sound. All of the many incidental abilities shown by Count Dracula are yours to possess as well. Control over the weather or shadows, hypnotism and manipulating the memories of humans, crawling on walls or commanding the animals of the night and more. Your shapeshifter abilities let you turn into such animals, as well as mist or a swarm of bats, an instant transformation that can make melee combat against you near impossible. 

As is natural for any vampire, you have the claws and fangs to suck blood from others. Not only does this sate your own deep hunger for blood, it also turns those whose blood has been sucked into undead slaves, barring great mental or magical resistance. Acting as ghouls loyal to you, you can embrace and expand your undead army quite rapidly, and your bite has an unnatural ability to bypass all defences against ‘attacks’. It is, after all, a show of affection to take them into your undead family in such a way. But the legends of Dracula are not all positive and the presence of sunlight will significantly weaken your powers, while holy powers can deal catastrophic damage to you. A devoted priest of great power could very well kill you when a whole team of history’s great heroes failed. 

As your power comes from the legend of Dracula, it is possible that new or altered abilities will reveal themselves in time. Sometimes temporarily, sometimes not, as the legend and story may alter or have certain aspects become more popular in time. While the above abilities will always remain with you, you may find that different worlds offer new variations to enjoy for a time.",,,
,,600,Hound,Fate/Legends: Land of Shadows,"Born to be a beast, you’re descended from one of the Divine Spirits of the Irish Pantheon and it’s done your body well. You’ve got the speed to fight entire armies at once, cleaving through hundreds or thousands of men each second, and the strength to pick up and throw a hill over the horizon to wipe the smirk off that smug bitch’s face. Even those fancy pant’s guys over at Britain would find you a tough opponent just based on your physical might but given just how long your stamina lasts, that might be the scarier part. You could fight without sleep for seven years straight, fighting hours and hours each day and eating as you go. Even if an enemy does manage to hurt you, short of ripping apart all your muscles and grinding your bones to dust and pulping your organs, it won’t stop you from continuing to swing your blade at them. Lastly, as a bit of a blessing from whoever your parent might have been since they didn’t leave you with anything else, you’ll find your body is perfectly suited for fighting inhuman monsters. The energy that pumps through your veins sings at the chance to carve up some beasts, driving you to much greater heights of strength and speed when you pit yourself against creatures of the night and of evil.",,,
,,600,Sha Nagba Imuru,Fate/Legends: Oasis of Fantasy ,"A mentality as bright and all encompassing as the light of the sun. That mind of yours is omniscient or so all your fallen opponents claim after you effortlessly bested them. Your mind is divinely advanced, utterly brilliant in intelligence, memory, adaptation and more. When you look upon the world, you see the truth of things, receiving endless seas of information from anything you can perceive. Only that knowledge that is obscured by magic or so improbable as to be only possible through the highest act of sorcery is immune to your powers of detection and deduction.

Your ability to calculate information and predict outcomes is so great that you can predict with near total accuracy the path the future will take, only failing with the intervention of beings or events beyond your comprehension. And even beyond that, when you set your mind to making a plan, even the ranks of the divine will find that they can barely realise what has been set in motion, much less resist your plans. Some may even believe that any loss you actually suffer is solely because you desired it. Or perhaps because you grew too arrogant to believe you even had to think to see victory.",,,
,,600,Evil Dragon,The Holy Man of The Church Creek,"The Evil Dragons are a special case. They are Dragons who have given into evil and often are walking representations of the apocalypse. Aside from their awe inspiring power even beyond that of the Dragon Kings they also possess two unique powers. The first is that they can spawn an endless force of Wyverns using their energy. Second, it is unbelievably difficult to slay an Evil Dragon. They can only be killed if the entirety of their bodies and souls are wiped from existence. If even a small piece remains they will regenerate completely from any injury",,,
,,600,Two Thirds Divine,Fate/Legends: Oasis of Fantasy,"Unique blood runs in your veins, as you are the child of a God and a Demigod. Two-thirds divine and such an occurrence was no accident. Like the King of Uruk, you were a project by the Gods, designed to be as close to perfect for a mortal being in body and spirit as they could achieve. That body of yours is extraordinarily powerful, though it is not quite the level of certain kinds of beasts that may be encountered here, it can still result in the destruction of cities and mountains should you grow careless in your brawls. While your body may lack slightly in raw power, your magic more than makes up for this. You were not yet given any knowledge of magic but the ocean of energy that floods from your being at all times means even the smallest shreds of magical knowledge can be turned to terrifying effect. Even the ancient dragons that can be found in these early times would find their energy stores can only barely match your own and your magical energy will grow in quantity even more over time.

Your position as a two-thirds divine being has also seen you take on a role as a mediator of sorts between the divine and the mortal. For Gods, this appears as a unexplainable fondness and desire to work with you instead of acting against you. For Mortals, it is an unnaturally powerful charisma that swirls around you, affecting humans almost as if you were casting spells on their minds. Should you spend any time around other people, this is likely to see you almost trip into becoming a ruler of men and a prophet of the gods.",,,
,,600,Children's Book,Fate/Legends: God Save the Queen,"A fairy tale made real. Not any character within it or even the book it is written into but the very story itself. Among the strangest existences in the world is the concept of a Reality Marble with both independence and intelligence, one such being is yourself. While you may still exist in physical form, your being is more akin to a spirit, one made to connect to others. Without connection, you are simply extremely difficult to permanently kill, able to slowly restore your physical form over days unless your spirit form is destroyed. But if you come into contact with a form of story, such as a book or painting, or with a person who has dreamed before, you can gain something quite special. 

Once connected in this way, you are able to manifest your Reality Marble nature in the form of the story or dreams of the person you are connected to. All the effects are drawn from your connection, such as characters or events from the story or dream you become part of. Your own appearance while physically manifested is the same, taking on styling and form based on that connection. The effects of the Reality Marble are at first notable. Creating dozens of knight automatons to protect a child who dreams of being saved by a shining knight, a connection to the story of the Pied Piper summoning hordes on hordes of ferocious rats or intense magical hypnosis transmitted through song. Only one kind of Reality Marble can be activated at a time, though you may be able to swapbetween possible manifestations at speed with practice. You can only have one connection to draw from at a time, needing to drop the last one to take on a new one. 

Your powers will grow as the connection between you and your story or chosen guardian becomes closer. Mere familiarity results in the above, useful effects but far from impossible to defeat. They grow in power and breadth as you bond with your connected one, until the most intimate connection matches the power shown by Nursery Rhyme. Creating a monster like the Jabberwocky, nigh-invincible even to powerful Heroic Spirits without it’s specific weakness, or interfering with space-time to create almost inescapable timeloops to ensure your chosen partners’ victory. It would take a truly dear and beloved story or a person who you know and accept completely to reach such awesome power. 

This connection, similar to a heroic spirit, is something you can draw magical energy from when in need. But it is also a weakness. The destruction or death of your connected one, be it the physical book you attached to or the person you share dreams with, will forcibly shut down your Reality Marble’s effects for some time and leave you unable to access them for several days. You will still be able to survive as a spirit but the connection will be unavailable until it has time to heal.",,,
,,600,Small Divinity,Fate/Legends: Land of Shadows,"Most holy of holies, what queen is more deserving of the right to rule then one that is literally divine? A minor divine spirit you may be but to the mortals around you, the distinction is often hard to see. As a Divine Spirit, you receive numerous benefits. Your body is significantly greater than that of any normal humans, so you should have no issue splattering them about with your fists, but you are not so strong that a capable warrior like the Knights of the Red Branch include cannot harm or beat you. Your magical essence is much greater however, matching the magical energy stores of someone who became a Runelord with that preceding perk. What makes you unique is your Authorities however, three domains over which Gaia has given you a fair degree of control over. By utilising these Authorities, you are able to command and control expressions and instances of the things within that Domain, at a scale of a mountain range or significant section of Ireland. A Domain of War would enable you to incite battles and warlust, exert influence over how battles and wars play out such that it would take mythic heroes to turn the tide against your wishes or summon forth soldiers and weapons to do war with. Your domains are not without limit and the broader the domain, the less control you will be able to exert. While you are not subject to being changed by the worship of mortals by default, you will find that your divine spirit nature may have strange reactions with the world around you. You are now a being of magical/spiritual energy and divine belief, after all. ",,,
,,600,Nine Tails to Be,Fate/Legends: The Land of The Rising Sun,"Great power is like a wall, bringing both safety and separation from those without it. It’s not surprise that many of the most powerful creatures here have reduced their might in order to experience life again, living among humans as equals or near-such rather than standing above them as a goddess. In the past, you used to be a being of importance beyond the scale of this world, but your past self made the choice to reduce to a fraction of their power. For whatever reason, your current state is the result. 

Originally, you were a divinity related to a stellar object, capable of manipulating a star or some other equivalent astrological object. Now you are ‘merely’ a mighty Youkai, equal to the Three Greats of Japan. A demonic fox that can reap armies with fire and claw, a gargantuan skeleton with the strength to cleave castles with a twitch. Your physical prowess is immense, the sort that would require teams of heroes to challenge, and you have a varied set of magical abilities of similar potence to match legends like Tamamo no Mae, Yamata no Orochi and similar beasts. All is powered by vast well of magical energy and mystery within your body, more than almost any non-divine being in Japan. But your original power is not locked off from you forever. 

With time and intent, as well as experiencing many struggles in life, you can slowly regain your loss glory. This occurs in nine stages, like a kitsune slowly regrowing their lost tails until they have all nine once again. Each stage greatly increases the power this option provides but takes progressively longer to unlock. The ninth stage is unlikely to happen before a thousand years have passed but would make you an equal to Amaterasu herself, the original form of Tamamo. 

By only paying 400CP instead of 600CP, discounted to Youkai as normal, you can obtain the first half of this perk without the latter half. You will be a powerful Youkai as described above but will lack the divine origin the perk normally ascribes to you, instead being exactly what you appear to be. You will not grow in power as the second half of the perk describes with this choice.",,,
,,600,Heavenly Eyes,Fate/Legends: The Land of The Rising Sun,"There are those who have a natural connection to the void of nothingness, particularly those known for travelling between Worlds. For some, this connection can take on it’s own life and persona. But those like you find it focused into your body, revealing the path to a desired future.

The concept of the Void has awakened powerful Mystic Eyes in you, known as Heavenly Eyes. Functioning as a form of inevitable precognition, it allows you to see the possibilities that you may reach and then dedicate your entire being to the resolution of that goal. By deciding that your blade will cut the opponents’ neck, the future will narrow until only that possibility remains, provided it was a possibility for you in the first place. Your sword will cut their neck, regardless of what else happens on that path. As they are now, the Heavenly Eyes are limited to short term actions such as a single fight, but with use their span will grow.

Outside of their ability to force a desired future, the eyes are particularly suited to growth from battle, rapidly growing from every battle. Experience is quickly gained and internalised, allowing you to quickly adapt new tactics and improve your skills, making even a superior opponent much less threatening after surviving several bouts with them. An aspect of the connection to the void, or simply exceptionally good genes, has resulted in a significantly more powerful physical body as well. This heroic form is enough to contend with many strong youkai in Japan, making great skill with a sword all the more deadly.

It is also important for the final aspect of the Void connection, helping you better survive a normally suicidal technique. By focusing on what lays beyond the Void, you can very briefly achieve ‘True Emptiness’ that allows for your blade to cut anything. Any substance, any material, any concept. Even the empty space through which an old god from another universe channels it’s power can be annihilated. Normally even the brief connection to this concept would result in dissolution of your physical form but, provided your target is not as powerful as that old god Chaos, you are able to survive with merely great fatigue and bodily damage. If your form is more durable, you may be able to survive greater uses of the Empty Cut.",,,
,,600,Child of The Soul King,Vasto of White,"As a child of the Soul King and Yhwach’s sibling, you possess an immeasurable amount of spiritual power that borders on limitless. You have the potential to become one of the most powerful beings in existence, surpassing even the most legendary of warriors. In addition, you have immense control over the world and the ability to shape it according to your will. You can create and merge dimensions, shaping reality to suit your needs. With this power, you can manipulate the very fabric of the universe, transcending the boundaries of time and space. One of the greatest benefits of this perk is your immunity to prophetic abilities as an absolute factor. 

This means that no prophecy, no matter how powerful or accurate, can affect you. You are free to choose your own path, unhindered by any preordained destiny or fate. Finally, as the heir to the Soul King's throne, you have the ability to claim the throne and command over Squad Zero and Soul Society should the current Soul King fall. This makes you one of the most powerful beings in the spiritual world, respected and feared by all who dwell within it. Overall, the ""Child of the Soul King"" perk grants you unprecedented power, control, and immunity, making you a force to be reckoned with in any universe you find yourself in.",,,
,,600,Crown of Light,Fate/Legends: Nirvana Yuga,"Horns of light, bone and metal above the brow of a calamitous Beast. This crown of horns is the sign of the Evils of Mankind, resting on the brow on one of the creatures who are charged with punishing humanity. Through some means, you became a candidate in your own right and ascended to partially take on one of these positions. A new Beast of Mankind. The horns of your design that sprout from your head represent that position now. 

The act of becoming this grants several unique abilities. The first is Independent Manifestation, allowing the transportation and materialisation of the soul across time and space. Travelling throughout the timeline and across the world is easy for you, taking a few minutes to discorporate and reincorporate when you do so. While the accuracy in location of arrival can leave something to be desired, the time travelling aspect is pinpoint. 

Second is the Authority of the Beast that you gain, an ability through which an enormous advantage is gained against all beings classified as Human. Any being such as this finds your powers to be far greater against them than against anyone else. Not to a degree that great heroes could not put up a fight but enough to make that same fight feel almost impossible even for the greatest of the human masses. 

The final aspect of all Beasts is the Nega attribute. Each Beast is a counter to a specific category of being, against which they receive additional and enormous advantages. A counter to Servants that negates their greatest abilities and grants the Beast additional buffs when fighting against that category of being. Negating almost all powers of those that qualify for the Saver and Ruler classes, with similar buffs as before, showcasing a narrower focus. You may create your own Nega skill here, composed of negating some aspect of the power set of your chosen target range and gaining large increases in effectiveness against them. The smaller your range, the greater your negation and benefits will be.",,,
,,600,Eldritch Vessel,Fate/Legends: Strange New World ,"You weren’t meant for this world. You weren’t even made in it. An Eldritch Vessel, a being intended to take on the power of the gods from outside of this reality, is what you were made to be and only recently did you begin to awaken to your true nature. Physically and magically, you are quite enhanced. You’d hardly be shaking mountains but mundane man-made weapons of these times cease to pose a threat to you and your magical power could at least turn most towns into smoking craters, though you have little knowledge to use that with.

Your powers are primarily linked to the eldritch being that created you. Being created by the Key and the Gate would lead to powers over space and time, such that you could warp them across an entire town, travel great distance instantly or rot foes to dust in minutes, along with many more applications. An association with Shub Niggurath may allow for the creation of house sized monsters in their dozens in just seconds, spreading viruses for miles around you or warping the flesh of any you see, again, with more potential to be seen. The powers, while strong, are hardly earth shaking at the start. With time and practice, you could awaken more and more of your potential power, until you could easily pose a rather Beastly threat to this entire world. Perhaps you may one day grow even further and become something like your creator. You may also summon the servants associated with your parent to serve you, as well as the more generalised monsters of the Lovecraftian mythos, though doing this requires magical energy to create them.

However, you can draw on more power without waiting year and years for it to ‘naturally’ grow. By loosening your hold on both your own sanity and form as well as drawing yourself closer to what your parent is like, you can draw on more and more power. Truly giving yourself over could even let you come close to the above potential but doing so would require other people to bring you back over to sanity if you wished to recover.

While you are very favoured by the parent God that created you, and it’s servants, being an eldritch being is not all positives. Abilities that work well against such things will do grievous harm to you while using these powers, your powers are often very dangerous for any of your allies to even see, let alone be near the use of, and you may find yourself pulled into schemes associated with your parent, from cults summoning you by accident or intention to your patron wishing you to summon them into reality.",,,
,,600,Abyssal Vermin,Fate/Grand Order: Cosmos In The Lostbelt,"Well. You’re quite the bizarre bugger, aren’t you? Having been a second being resulted from the suicidal will of Fae Britain, you are an Insect of the Abyss, a terrible being meant to not to destroy, but to completely end the Planet. As such, you have obtained a few benefits intrinsic to your existence. First, you mess with both magical and mundane (IE technological) means of detection, returning bizarre results on such sensors such as simultaneously being present and absent, as well as constantly fluctuating and seemingly not fitting any known category. In other words, only normal human senses can perceive you without any obvious weirdness.

That’s just the minor benefit though. The main ability you gain from this is that of being a conceptual hole. This means that your body serves as a gateway to a spatially infinite empty black abyss, the ‘hole’, which has no exit points, making it inescapable through normal methods. Abilities or technology that allow people to move between dimensions or timelines would work to get out though. It’s not so easy to escape even with such things however, as falling into the hole forces everyone who finds themselves there into a cursed slumber, and in order to wake up they will need to overcome their personal flaws and insecurities. Or alternatively someone else can purify the curse to wake them up.

You might be wondering how people fall into this, if your body is the only way in. The way to do this is by embracing the nature of a hole to transform into a mountain-sized vaguely worm-shaped flying black thing, that might very generously maybe be called a dragon if you really want to call yourself that. In this form you can passively suck up everything around you, slowly absorbing entire landmasses, throwing everything that comes into contact with your new black body into the void within, a transition so seamless that it is indistinguishable from genuinely falling into a normal hole. Also, you will have a copy of your normal form inside the void, in case you want to fight someone in there or something.

And finally, there is a way for those outside the void to make exits on it. It’s as easy, or as hard, as wounding you. The exits made from wounds are a lot larger scale within the void than the wound is on your body outside, by a few dozen orders of magnitude, however due to the fact the void is an infinite hole to begin with, there’s no guarantee that these exits will ‘open’ anywhere close to any victims you’ve thrown into your hole, although it will be guaranteed to be ‘above’, in relation to the direction that whoever is inside the void is falling. It might even be a few thousand kilometers away. Needless to say, such a strategy might not work if someone is trying to save a victim who lacks some method of flight. That all said, if you actually die, then you won’t find that everything inside your hole is returned to reality. The opposite in fact, as your death completely cuts any connection between reality and your internal void, making it truly inescapable even with abilities that let people travel between Textures or timelines. Well, if you come back to life then this lock will be undone too. You need to be dead to genuinely trap people within. Will you destroy the Planet, as you are likely meant to do?",,,
,,700,True Ancestor,Generic Nasuverse,"Parameters
Strength: ???
Endurance: ???
Agility: ???
Mana: ???
Luck: ???

You receive 75 Rank Increments to spend as you please.

True Ancestors receive a 50% discount on Marble Phantasm and Mystic Eyes of Enchantment. This doesn’t stack with other discounts.

True Ancestors can be considered a form of nature spirit. They were created through a joint effort of the Ultimate One of the Moon (Brunestud of the Crimson Moon) and Gaia (the will of the planet) in an effort to fight back against humanity, who were (and still are) slowly killing Gaia.

Ordinarily, such anti-human beings would be erased by Alaya, the will of humanity. But True Ancestors are, first and foremost, extensions of the world rather than anti-human existences. Thus, Alaya doesn’t wipe them out with the same prejudice it normally would. It keeps a wary eye on them, but mostly lets them do what they want.

After all, the primary goal of a True Ancestor is to return the world to its original state, before humans began to shape it and impose their will on it (harming and eventually beginning to kill Gaia in the process). The only reason that True Ancestors are against humanity is because humanity is what is preventing them from returning the world to its original state.

True Ancestors are like Dead Apostles, but far superior in every way. Their sheer speed, strength, and regeneration put them at a level beyond all but the strongest Servants. They’re immune to most weapons, with powerful conceptual weapons and noble phantasms being the only things that can reliably hurt them.

As extensions of nature, they have the innate ability to manipulate nature to form Marble Phantasms. They grow stronger during the night. They grow stronger as the moon waxes to full and weaker as it wanes to a new moon. During a full moon, they’re powerful to where even the Mystic Eyes of Death Perception can’t see any lines or points of death. They all innately possess the Mystic Eyes of Enchantment.

They have a thirst for blood, but it’s entirely a mental condition rather than an actual need. So while a lack of it can still drive them into a bloodlusted frenzy, they won’t actually die from not having it like a Dead Apostle would.

For an additional cost of -200 points, you may permanently get rid of this innate desire for blood. Even if you drink blood like fine wine, you'll never develop a thirst for it.

The church has a rather large number of weapons designed to help them fight True Ancestors. But even among those weapons, it's unusual to find something capable of actually killing a True Ancestor. Finding somebody able to wield such a weapon with the needed skill and power required for such a feat is even rarer.",,,
,,700,Divine Golem,Generic Nasuverse,"Parameters
Strength: ???
Endurance: ???
Agility: ???
Mana: ???
Luck: ???

You receive 75 Rank Increments to spend as you please.

Divine golems receive a 50% discount on Regression to the Age of Gods and Divine Words. This stacks with other discounts.

Remember Enkidu? Gilgamesh's one and only friend, who the gods made from clay? Well, now you have the option to become an existence like him. But unlike him, you'll have been created by your patron, so you won't have to worry about any of the gods being able to casually unmake or kill you.

Truthfully, a divine golem is really more like a living divine construct than a proper golem. Something more along the lines of a magical AI in a magical robot body than a proper living being.

They're invulnerable to most weapons and magics. They won't die so long as even a small portion of the clay that they're made of still survives. They're capable of repairing their body (regenerating their clay and reforming their body) using either their own mana or ambient mana. This is a process that will occur automatically at a slow rate or manually at a faster rate. If a divine golem chooses to cast aside their humanity, it's possible for them to naturally ascend to godhood. But this is truly casting aside their humanity. Not just seeing yourself as inhuman.

A divine golem is capable of shapeshifting with ease into any form. Their sheer physical and magical abilities make them the equal of Gilgamesh, the King of Heroes and Wedge of Heaven, despite his Gate of Babylon.

As a being deeply connected to nature, they have an innate sense of everything around them, making it impossible for them to be snuck up on or to be taken unawares.",,,
,,700,A-Ray,Fate - The Island of Sin,"An A-Ray is a more powerful type of faerie, an entity comparable to a Divided Spirit of the very Soul of the Earth. Your power is akin to that of an incarnated nature deity, and you are an engine of power and destruction that could take on entire armies on your lonesome. Although other A-Rays have existed, your strength as an A-Ray is equal to that of Lord Woodwose, thus placing you as one of the closest in power to the original six faeries of the beginning.

Your blows aren’t merely enough to kill faeries on contact, but utterly demolish whatever portion of their body you hit, reducing them to a red splatter. You move at such speed that regular faeries would only recognize that you moved after they have already been killed. Yours is the power to take on Calamities and win, and even a Great Calamity such as the King of the Mors is not outside of your potential to defeat. You are incredibly resistant to anything that might kill you; Woodwose was able to survive for days and travel across the country after his heart was torn out of his chest, and you are capable of similar feats. Lethal wounds are something you could endure for a week before succumbing to death, giving you ample opportunities to be healed.

A-Rays are catalysts to hasten the creation of new faeries. Faeries aren’t born; instead, they spontaneously come into existence as “Children of the Stone” and “Children of the Forest”. These are considered to be your offspring, and despite not being born of your blood, they will possess any powers a descendent of yours would have. You may voluntarily suppress the creation of new fairies if you so desire, or toggle it back on.

Finally, you possess an Authority related to the Planet. An Authority is distinct from magecraft, which is “the accomplishment of something which is possible” or True Magic, which is “the accomplishment of something impossible”. Instead, an Authority is the right to tell the World to do something, and for the World to obey. You are free to design your own Authority; Woodwose, for instance, was the Grand Duke of Waste Heat, for he possessed the “Lungs of the Planet”, the Organs of Waste Heat. This gave him the ability to completely ignore an attack from the faerie-killing Spear of Selection (until he was weakened, at least), and let him wield explosions and precision beams of heat alike with impunity as he absorbed excess energy from the Planet.",,,
,,800,Mystic Eyes of Petrification,Generic Nasuverse,"Cybele, the Mystic Eyes unique to Medusa.

The corneas do not take in light and the irises are solidified, preventing the eyes from being closed while the Mystic Eye effect is active. They have the effect of draining the lifeforce and mana of any organic target while slowly turning them to stone.

The target’s mana parameter rank determines how long the petrification process will take, with individuals possessing C rank Mana or lower being instantly turned to stone. Targets with B rank Mana can throw off the petrification effect with effort, and those with A rank Mana will not be turned to stone at all, merely suffering a feeling of considerable pressure.

A Magic Resistance skill of similar rank is similarly capable of resisting the effects of these mystic eyes.

All targets within the user’s field of vision are affected, even if they are not physically looking at the eyes themselves.

That being said, these eyes do have limitations. While they can be used to affect whole groups at once, the energy demand for keeping them active makes them unsuitable for dealing with hordes of enemies. Furthermore, the eyes only affect organic targets.

The user may cancel incomplete petrification effects at will, though they will take time to recede.",,,
,,800,Mystic Eyes of Death Perception,Generic Nasuverse,"The Divine Spirit-class Mystic Eyes possessed by Shiki Ryougi and Shiki Tohno. These unique eyes grant the user the power to perceive the conceptual existence of death within whatever they look upon.

This concept of death manifests in the form of Lines of Death and Points of Death. If the user cuts along a target’s Lines of Death, the end result is the conceptual ‘death’ of the target along that line; severed limbs cannot be healed, broken objects cannot be repaired, and so on. There are ways around this, such as reinventing a removed limb altogether or replacing it with a prosthetic, but the original limb could not be regrown or sewn back on, as it has been rendered conceptually dead.

Points of Death are even more significant, serving as the representation of the target’s very existence; the thing that embodies an individual’s status as a living person, or a hallway’s status as a hallway. Destroying the point results in the absolute cessation of the target’s existence under those parameters. The living dies immediately. A hallway ceases to serve as a juncture between rooms. It cannot be reversed or bypassed, even by powers like reincarnation that return an individual to life after their death.

Despite these eyes’ immense power, they do have limits. First, the user must be capable of cutting the target’s Lines or Points of Death, which requires striking the target in melee. If the target is faster than the user, they have little to fear from their attacks. This is made especially difficult due to the fact that the Lines of Death are in constant flux over the bodies of living beings, always shifting and moving, and partial cuts lack the absolutely lethal qualities of a complete severance. This could be considered the main weakness of these mystic eyes.

Furthermore, certain abilities or qualities can impede the user’s ability to cut the target’s Lines of Death, such as enlightened individuals that have achieved a state of detachment from life without actually dying. Likewise, things that exist as phenomena rather than true entities with a life and death cannot be truly killed with this power. Individual instances of phenomena may be killed and dispersed, but the phenomena itself cannot be. For example, ‘killing’ a tornado would not eradicate wind, or tornados everywhere, merely the instance of a tornado in front of you.

Finally, certain targets simply lack a concept of death in the first place, rendering them impossible to kill with this power, as they do not have Lines or Points of Death to strike at all. This includes True Ancestors at the height of their power and Ultimate Ones like Type: Mercury and Archetype: Earth.

The power of these Mystic Eyes is not actually bound to the eyes themselves, as the user can still see and cut Lines of Death even if they are blinded or gouge their eyes from their skull.",,,
,,800,New Primate,Fate/Strange Fake,"The culmination of the Escardos family millenia-long research. The result of Mesala Escardos’ ambition, which was to plant the seeds of a New Primate species that would outlive humanity on the surface of the Earth, either after their own extinction or once they left the celestial body to sail into the stars. Mesala didn’t know exactly how to bring about this result, so it entrusted it to natural evolution. And from it, you were born. Originally maturing in the Magic Crest of the family, it seems that at some point you were split from the original that would end up in possession of Flat Escardos, and unlike your counterpart that rests within Flat, you have managed to take over your ideal host.

Your entire being could be described as a giant living magic circuit. For one, you are completely ageless, as the main objective that your creator left in you was just to ‘survive’. Your body was made to last out at least until the end of this planet, and possibly even further unless you are destroyed, so you no longer suffer from any of the physical needs of a human such as needing to eat or breathe, things such as cosmic radiation can no longer affect you and even time has no way of degrading you. Time is also another of your assets, as you are gifted with a talent for manipulating time by spending magical energy. While true time manipulation is in the realm of magic, your control over the time stream allows you to massively slow or accelerate the timeflow around you, including your own body, thought process or that of others. This can be both used defensively, both to degrade or stop in its tracks any attacks made against you (albeit true time stop is beyond your reach), or to boost your own reaction speeds and increase the potency of your own attacks.

However, your strongest asset is your ability to perceive and manipulate the world. Unlike those with powerful Mystic Eyes, all your senses are perfectly attuned to perceive magical energy. The magical energy in your body, and that you can manipulate, is equal to that of a powerful Heroic Spirit. You can also control and draw more magical energy from the environment, and use it with your own genius in a form of magecraft that bypasses the need of using any kind of spells, chants or other type of procedure, bringing forth powerful effects just using your own imagination and knowledge. With this, your most powerful attacks can reach the level of Noble Phantasms capable of wiping out even large urban areas in the modern world. Not only that, but you can also manipulate the energy in other people’s magecraft, conferring you a way to negate most spells casted at you, or even take over them.",,,
,,800,The Lesser Key of Solomon,Fate/Legends: Oasis of Fantasy,"The Good King Solomon made many wonders in his time, though rarely were they truly of his own make instead of the hand that guided him, and one of the greatest were the demons of the Ars Goetia. The 72 terrible demons that would together form a demon of unimaginable power, who could act as an instrument of Solomon’s will. But the demon was never truly ordered to act, certainly not for humanity’s sake, and as the 72 demons were forced to watch their creator do nothing to aid the suffering humanity around them, they grew to despise their king.

Their hearts burned to help humanity and once Solomon died, they possessed his corpse and decided that they would make a new destiny for mankind. But what if something changed? What if, this time, there were 73 Demon Pillars created by King Solomon. A 0th Demon intended to rule over the rest, give them agency as a collective and unite them together. That would be you, the first and greatest of the demonic collective.

You are now a collective being, a hivemind of 73 separate existences, each a unique and mighty demon. When together, your power is terrifying indeed. That combined body could blast it’s way through entire countries with physical force and do much the same with magical power. Each of the demons within you also has a unique mind, personality and magical powers or focus, allowing each part of you to bring something to the table. The Pillars are quite loyal to you and believe that you are their rightful leader, though their sometimes vastly different personalities may still mean that getting everyone to agree on courses of action and work together at their best is very hard. Still, your nature as a hivemind means that communication, even lengthy debates between all 73 parts, happens near instantly. The pillars can be split off from the whole of you, though that will prevent the collective from utilising the portion of your power that they represent, but they may then act independently while keeping in mental contact with the rest of you. Should they be slain or destroyed, they will slowly regenerate with you, so long as you still live.

As long as one of the pillars remains alive, the others can be resurrected in time, including yourself. The more pillars remain, the faster this is, lost aspects of the hive appearing at one of the other still living pillars. It is possible, with extremely powerful or advanced magic, to permanently destroy and kill pillars.

There was one additional gift that Solomon gave and depending on the time you find yourself in, this may be accidental or purposeful. Prior to his death, Solomon saw fit to create a replica of his mind and body within his workshop, within which you and the Demon Pillars now make your home, though perhaps with the body customised to your overall preferences. After his death, you have simply inhabited his corpse. Either way, the new home for your spirits has allowed you access to the King of Magic’s knowledge and skills, granting a truly vast and unmatched degree of competency with magecraft and the magic of these early eras. Sure to be of good use given your raw power. Sadly, his mind lacks the divine inspiration it had in life, both as a vessel of god and the knowledge he used to create the Magecraft System.

Optionally, you can alter either or both your origin as this being and the personalities of the Pillars that make up the collective. You might be a second attempt at the same ritual by another wizard in the future or from an alternate timeline, not Solomon. A timeline where Solomon raised the Demon Gods as his own children and left his body to them after he passed might also be possible. Your Pillars may have differing and less villainous personalities or be more agreeable to modern human values. Even something as silly as a group of heroic Demon Gods or ones with the minds of modern high school girls is possible, given how degenerate some magi become. Provided the actual effects remain the same, you can customise the backstory as you like.",,,
,,800,Heavenly Dragon,The Holy Man of The Church Creek,"Lastly, for 800 CP you can become the third member of the Heavenly Dragons, joining the ranks of Ddraig and Albion. Your might surges to astonishing heights, surpassing the limits of conventional power levels. The strength you wield is so overwhelming that entire factions pale in comparison to your formidable presence. As a Heavenly Dragon, you are bestowed with a potent ability, bordering on the realms of the extraordinary and potentially considered overpowered by many. This ability can be just as powerful as Boost and Divide",,,
,,800,Fleshy God ,Fate/Legends: Oasis of Fantasy ,"A mere worshipper? How blasphemous, implying a true God of this world would ever bow their head to another in supplication. Certainly not you, as you are an existence that may not have been seen in this world for a very, very long time. An enfleshed God, a true and original form of what are mere Divine Spirits in the later days of this world. A being of incalculable power and, perhaps, a similar level of arrogance.

The base of your power is terrible indeed. While you may not possess the sheer versatility of some of the other great beings to be found, you are nigh-unmatched in raw power, be it physical or magical. The destruction of an entire continent would not require every bit of your power, just a great deal of it, and it appears that the wells of energy you draw upon for magical uses are similarly vast in scope, replenishing far quicker than most mortals would see due to your divine nature. Befitting your power, you need not remain in a human form. From a enormous, demonic dragon to a mechanical alien, the Gods can take many different shapes and sizes, as you too now can. You may design with very few restrictions your new physical form as a God.

But brute power is far from that which makes you a god. That would be your place in the world. As a true divine entity, you are the very highest class of natural spirit of the World. The World may not love you but it certainly treats you as one of it’s most important agents, something that appears to carry over to future worlds to some extent if you continue to act in your role. Alongside this place as part of the World are your Authorities. The areas in which you have the right to govern and command the World, what some may call the Domains of the Gods. You have three in total, for too many Authorities can cause divine beings like yourself to undergo unpleasant transformations of the mind and soul. An Authority of Fire would grant near total control over fire and things linked to it, such as summoning blazes that envelop entire nations for years without burning out, igniting fury in the hearts of men or enhancing the results of any forging efforts, along with likely countless other potential uses. An Authority of Magic would allow for the manipulation of enormous amounts of external magical energy, even within others, so that the God could easily defeat all but the greatest mortal magicians, though the Authority may not be capable of much more than that due to it’s breadth. The more broadly applicable that Domain is for any one God, the less depth of power it will be capable of doing. Domains after all, are not dependent on your personal power. You are merely commanding the World to change and it thus becomes so.

You are somewhat unique amongst Gods, having a certain attribute more commonly associated with the terrific creatures that were Gods even before humanity began to worship them. Like these beings outside of the Human Order, you do not depend on the worship of humanity for power and neither would you change if their beliefs about you do change. You may optionally rid yourself of this protection, allowing you to gain power as humans devote more faith and belief towards you but this will also open you up to changing based on their beliefs. You might change in physical appearance to match what your devotees consider to be the divine appearance of their God or even change in personality to fit what your cult believes is true about you.
Check the end of the jump for a section explaining Authorities in detail.",,,
,,800,Let There Be Light,The Holy Man of Church Creek,"You are the reincarnation of the God of the Bible having inherited his full power, knowledge, and authority over the Heavens. This power is bolstered even further as this inheritance combines the Nasuverse and DxD Gods. When God was accidentally dragged into Shirou’s world he fused with his counterpart there, gaining his knowledge and multiplying his strength several times over. With this alone you are guaranteed to be in the top ten and likely in the top 3 strongest.

In addition to the immense power this offers incredible influence. The Three Factions are intertwined with Yahweh on a conceptual level, even the Devils. Though this connection is much greater in the Angels and the Fallen. You are the Lord of Heaven and with it you command absolute authority over them. These beings are drawn to a child desperate for their parent’s approval. They will never raise their hand against you and will do anything you ask. For example, when God spoke to Kokabiel the Fallen Archangel refused to strike him. Despite his overwhelming desire for war he couldn’t raise his sword against his father.

 Lastly, this also grants you his ability to create Angels and other beings. The cost of doing so varies based on their power. For example, you could create an entire legion of two winged Angels with a wave of your hand. Creating a new Seraphim however, would require a fair amount of effort.",,,
,,800,Heir of Eath and Humanity,Grand Foreigner,"In the wake of the third World War, the once formidable spirits of Gaia, guardian of Earth, and Alaya, protector of humanity, were tragically consumed in the nuclear inferno. From their combined essence emerged a singular entity, a fusion of their ancient powers. In one world, this fusion gave rise to Ainz; in this world, it forged you. You are the protector spirit of a devoured and ruined world though your presence contains the potential to restore it. This grants you a number of abilities.

First, having inherited the power of humanity and earth you are now an incredibly powerful being. You will be on par with a Type and beyond most Grand Servants. Second, as a protector spirit you have an uncanny ability to sense disruptions and threats. This foresight allows you to anticipate natural disasters, cosmic events, and even potential global-scale conflicts. Third, you have the ability to restore damaged worlds and to create protective spirits who can safeguard against future threats. Normally this takes the form of the Counter Guardians, the Heroic Spirits, and the True Ancestors. Fourth, you gain an unmatched connection with any being related to nature and humanity. Lastly, you possess every other ability that both Gaia and Alaya have displayed that is not listed as well.",,,
,,1000,Bastard,Fate/Myth,"This is literal in fact, in this jump and in future jumps you may choose one person, it can be anyone and can be a certain named character or a general thing, such as “A King”. Whoever you choose you’ll become a bastard of theirs a Black mark on their honor, besides being their child and whatever that gives you you have a few guarantees, 1. They will not hate you or have you killed, they will always start as feeling neutral for you at the least, 2. You will inherit powers similar to their own, but opposite, Meaning if they use holy magic you’d gain demonic magic of the same power or vice versa and lastly 3. You’ll be part of their line of succession, even if you’re the last, behind their “Trueborn” children.",,,
,,1000,Black Grail,Fate/Stay Night,"Much like another child from ten years ago, you were implanted with fragments of a Lesser Grail, the initial and weaker form of the Holy Grail. Much like the Grail itself, these fragments held the essence of Angra Mainyu, but that being's mind does not seem to be active in your fragments. In fact, somehow you have managed to gain both full maturity of these powers and retain your full sanity. 

These fragments have bestowed multiple incredible powers onto you. First is an astonishing level of regeneration, enough that most wounds that would kill a human heal in minutes whilst something as extreme as bisection or organ destruction would only take a day or so to heal fully. While you are not connected to the Greater Grail and thus lack the nigh infinite prana Matou Sakura gained, you still possess an immense storage of it. Enough to equal an Servant with an EX rank in Mana with ease, if not surpass them though it will take some time to be able to use it all as at first you can only channel the equivalent to the number of Magical Circuits you possess in any one instance of spell casting. This limit will increase over time and use until it disappears completely. You've also gained the ability to create and manipulate the Black Mud in vast amounts, enough to cover multiple city blocks with ease, though actively expending magical energy can create more if you do not have enough naturally. This Mud contains the essence of All the World's Evils, though not quite every sin as Angra Mainyu himself does, and can quickly break the minds of any human it touches. It can also shaped as the user pleases, forming weapons, shields, attacks and more. The mud also allows you to drain energy from spiritual beings at an incredible rate or to cover them fully in the mud and corrupt them into Alter servants of yourself, the mud making them into blackened versions of themselves with increased power, aggression and loyalty to you. You may also form the Black Mud into animated familiars or warriors, each of which has a low level of intelligence but absolute obedience to you. The presence of this Black Mud and what lays within it has also made you extremely resistant to any attempts to control or read your mind, as those who try must dig through a portion of All the World's Evil to see into your own mind. This resistance also applies to attempts to corrupt you with supernatural substances, the existing presence of the Mud, even if it does not corrupt you, allowing you to shrug off most attempts.",,,
,,1000,Titan,Fate/Extella,"Whether from the maturation of an infection or having been created for this purpose since birth, you have taken on the role of an Anti-Civilisation weapon like those used by Velber. You are the same model as Altera, a standard kind of Anti-Cell. This manifests in two primary abilities, Magic Energy Absorption and the Crest of the Wandering Star. Unlike Altera, you appear to have been disconnected from the Umbral Star and receive no compulsions towards destruction from it. 

Your body becomes composed of Spiritron Collectors, which will automatically convert the energy of any attack designed by intellect- skills, techniques, knowledge, technology, even simple tools made with rudimentary intelligence -and convert it into Health and Armor Values that are added onto your being. High powered magic or advanced strategic weapons are useless, only empowering you further. It’s worth noting that sapient beings created through intelligent design are not fully affected by this, just the methods they use. An artificially created Servant can hurt you fine with raw energy as normal but will find techniques blocked as usual. While this absorption has no regard for special abilities and will absorb despite them, it has two vulnerabilities. Raw power that is not refined can mostly bypass this absorption, meaning that simply bludgeoning you with little skill will see the majority of the attack pierce this defence. The second is that the Holy Sword Excalibur can work past this defence and deal fatal damage even after extensive growth and gaining of power. 

The second passive skill represents your new nature as a destroyer of civilisation. Lives, structures and concepts relating to civilisation that you destroy are converted into spiritron data and absorbed by your being. Killing humans, their tools and homes, destroying the ideas and inventions that they have made through civilisation are all valid methods, whereas attacking wild animals or aspects of nature will give nothing. Data absorbed is treated as mana and will increase your size steadily, as well as improve other aspects of your being in stages. By absorbing an amount of data mana equal to your health, your health value will double. Whenever your size reaches double it’s current state, having steadily increased as you destroyed, all parameters will be multiplied by ten. Physical and magical abilities such as Strength, Agility, Endurance and Mana Power increase this way. When your size reaches twice your new default, your parameters will again increase by a multiplier of ten. Provided that you continue to destroy, this has no upper limit, but increasing will require enormous amounts of data to be absorbed. While the Crest passive skill cannot be deactivated, you are able to channel the data mana it absorbs into you into outside sources as pure energy to reduce your size, also losing the increases to health and attributes as you shrink.",,,
,,1000,The Last Higher Being,Grand Foreigner,"Leonardo da Vinci had a theory that by being the Last Being in YGGDRASIL Ainz took the place of the Devourer of the Nine Worlds also known as the Observer. This may not have necessarily been true for Ainz personally as Satoru, but it certainly will be for you. This perk grants you immense power (200 Free Levels) and greatly boosts the power of all skills from Yggdrasil. Listed below are some of the skill boost and other effects:
● Higher Being: This is a unique skill that you will unlock by purchasing this perk. The Higher Beings are those who have gone beyond the gods and reached boundaries that even True Magic cannot touch. The High Beings have stepped beyond Divinity as it is just another form of mortality. The exact effects are unclear in Yggdrasil, but when applied to a true world this has some fascinating effects that you will learn about in time.
● Create Greater Item allows the Creation of World Items
● World Disaster grants the Ability to Destroy/Devour Worlds
● Dark Wisdom grants Momonga’s entire Repertoire of 718 Spells
● Metamagic + Yggdrasil Magic EX grants the Ability to Create and Freely Modify
Spells within the YGGDRASIL Tier Magic System and one day perhaps create
Spells of a Tier higher than Super-Tier
● NPC/Servant Creation is now boosted so that you can create an NPC with only
some energy instead of needing materials
● World Champion is now released from the Realm you choose. What? No! You
haven’t lost your position, but instead of being a Guardian of a World. You are now the Guardian of the World Tree aka the Universe, baby! Light blows crack continents, Minimum Effort splits a Planet/World, Serious Blows Obliterates The World into smithereens
  
   ● Master of Death + Denial of Life to know Death one must first know Life. You are now The Cleric/Healer. You can cure anything and everything. God-Slaying Poisons? Yes Siree. Curses? Eyup. Mental Illnesses? Er... Sure? Anyway, you can cure any wound and heal any status effect
● Master of Many Resistances EX + High Tier Physical Immunity combines into Top Tier Immunity which grants immunity to attacks of EX rank and lower. It will automatically block anything that is 99.9% of your full power and below. So if your full power was equivalent to level 1000 then only attacks at level 999 or higher would even be capable of touching you. You’re also granted immunity to all status effects and near total immunity to special weapons. This protection is now no less effective no matter how specific the protection. Gain near complete protection from all types of attack and near total immunity against everything.",,,
,,1000,Primordial Divinity,Fate/Saber Wars,"Humanity rules this Universe, a trillion little specks of light that shine together to create an orderly galaxy. From one spiralling arm to the other, their will reaches forth. But they can do nothing consciously about this state, the countless cells of a far greater body with no cohesive will. In ages past, another Universe found itself in a different situation. It’s order was guided by a single existence, an individual will beholden to no other soul. This primordial Universe was the existence of the Primordial Goddess. A solitary being thought to have no equal, at least until now. 

A galaxy with a will of it’s own, is the shape you take on now. However you came to be the sole and ruling divinity of your this unique Universe is undecided but your power is undeniable. Your body is quite literally a galaxy, or more accurately a universe the size and shape of a galaxy. Your will and power is sourced from and spread throughout your body, allowing an awareness throughout and making it a simple task to alter it to your liking. Within the limits of what you can sustain, this bound- up Universe is yours to manipulate. The very rules of reality are your thoughts and feelings, the physical laws no more locked in place than the make-up you put on each morning. 

Your power, presence and metaphysical weight as a Goddess of such a class is obviously enormous. The sheer amount of magical energy available to you, if gathered in one place, would be compared to a super-massive black hole. Gathering such energy normally would be difficult and dangerous to your galactic body, but such an issue has long since been solved by divine beings. 

There is a ‘Temple’ made in image of you, a corporeal form worthy of containing your power. Similar to the enfleshed bodies of long extinct lesser deities, this Temple acts as a avatar and channel for your power. By acting through it, you could channel the full extent of your powers quickly and without overtly endangering yourself. A focus for your divine might. The Temple, by default, appears as a titanic version of your original self, before you became a Goddess. It’s shape can alter in time through your will and, if destroyed, will slowly repair itself provided you still live. 

The Temple also relates to one of your weaknesses. Your powers, massive as they are, significantly lessen outside of your own form. The difficulties of gathering power from across your universe to use against outsiders might leave you vulnerable, so the Temple provides a way to retain access to your full power even when travelling outside of your galactic body. Of course, the more predatory deities may simply decide to expand their Universe into another one, a divine process sure to gather great resistance from the mortals within your prey.

It is possible for you to manifest a ‘body’ without the Temple, but this is a mere shadow of yourself. It has access to just a fraction of your power, though this could still be enough to punch someone a parsec away. Destruction of this body is meaningless, as it’s only a small gathering of magical energy that you focus your divine will through. 

Though mighty, beyond all but a few peers in the Universes, you are not invulnerable. The Servants of the Servant Universe have proved this to another like you. In raw power you are largely unmatched but the right combination of abilities could leave your Spirit Origin damaged or shattered. 

The Servant Universe has no such ruling Goddess, so you may either rule a neighbouring galaxy of odd closeness to the Servant Universe or have your galactic body reduced to a smaller section of space, similar to what Astarte Origin has in the current Servant Universe. This same choice applies to future jumps.",,,
,,1200,Mystic Eyes of Balor's Eye,Generic Nasuverse,"The original form of the Mystic Eyes of Death Perception heralding from ancient Irish myth, these eyes could be considered the original form of that rare and deadly power, possessed by the Demon God Balor.

Because this is a third eye that’s as much a divine authority as a set of mystic eyes, it’s possible to have both Balor’s Eye and another pair of mystic eyes. However, you can’t have both Balor’s Eye and some other third eye.

These eyes can be activated and deactivated at will. They manifest as a third eye on your forehead. The skin on your forehead seems to be torn apart as Balor's Eye forces its way out, yet no blood comes gushing out as an observer would expect. When the eye is deactivated, the skin returns to its previous state, as if it had never been ripped away.

Where the Mystic Eyes of Death Perception only allows the user to view and manually sever Lines and Points of Death, Balor’s Eye is capable of viewing and severing those Lines with merely a glance. As long as you can see a Line of Death, you can sever it without effort. This does not extend to Points of Death. Those must still be manually pierced by the bearer of these eyes.

If the target doesn’t have a concept of death, you can impose one on them. This manifests as a single Point of Death. However, you must pierce that point of death manually, as you would with the Mystic Eyes of Death Perception. This Point of Death will only be maintained for as long as you can keep your gaze on your target.",,,
,,2500,Ultimate One,Generic Nasuverse,"Parameters
Strength: ???
Endurance: ???
Agility: ???
Mana: ???
Luck: ???

Ultimate Ones receive 250 Rank Increments to allocate.

Ultimate Ones receive a 50% discount on Reality Marble.

An Ultimate One. A supreme being.

Brunestud of the Crimson Moon, by far the weakest of the Ultimate Ones, is best known for its creation of True Ancestors and fighting against Zelretch, Magician of the Second True Magic. Mind you, this was when Zelretch was in his prime, capable of drawing and utilizing infinite magic from the Kaleidoscope of Worlds. Yet the very weakest of the Ultimate Ones still nearly killed him.

Truthfully, Brunestud should have killed Zelretch. Brunestud severely underestimated what a Magician was capable of and let his guard down. Something that Zelretch took full advantage of.

Keep in mind, Brunestud was capable of all this in spite of how he was suppressed by both Gaia and Alaya. Although Gaia invited Brunestud to the world, their natures clashed on a fundamental level in a way that Gaia couldn’t stop simply because it wanted to. As such, this was all accomplished by the weakest of the Types who was in the weakest state it could be.

You may freely choose a theme for yourself as an Ultimate One. For example, Brunestud was all about blood and the moon. That is, his theme could be summed up as [Vampire]. You may choose nine innate powers that fit your theme as an Ultimate One.

No matter what you choose, you’ll have unbelievable physical and magical prowess. At a minimum, it would take a full team of seven Servants to take you down. At a maximum, it would take multiple powerful gods working together to be your equal.

The theme you build as an Ultimate One is what decides how strong you are as an Ultimate One. If you carelessly choose your theme and the powers that make it up, you'll be on the lower end of the Ultimate One power scale. If you carefully choose your theme and the powers that make it up, you'll be on the higher end of the scale.

All Ultimate Ones lack the concept of death. That is to say, it's utterly impossible to kill them unless you have a way to impose the concept of death on them, then do something that would kill them. As an Ultimate One, your body could be shredded on a subatomic level and your soul shredded and devoured, yet you would reform like nothing had happened.

That is what it means to lack the concept of death. You cannot die. Unless, of course, somebody figures out how to impose the concept of death on you. But even then, you'd be pretty hard to kill.

Ultimate Ones have a corrosive effect on the world. That is to say, the world around them slowly warps and bends under the sheer weight of their existence, altering itself to better suit the Ultimate One. This is a very slow process, but one that will quietly infuriate both Gaia and Alaya.

They won't immediately send Counter Guardians after you, as merely being an Ultimate One already puts you at a level where the effort of defeating you might not be worth it. But if you push them, they might decide it's a price worth paying.",,,