0,,CP Cost,Name,Jumpchain,Description,PERKS,COVER,116
,,,,,,,,
,,Free,Living in a Space Age,Fate/Saber Wars,"Knowing how to drive a spaceship is about as commonplace as knowing how to drive a car. If you’re any kind of respectable adult, you probably have the basics down. You’ve passed your starship pilot’s exam and you’ve got some basic knowledge on survival in the cosmos. It’s pretty much what you’d expect anyone in this Universe to have. For the same reasons, you never seem to have much trouble keeping up with wildly changing backstories and major retcons as you enter a new season or find yourself in one of those OVA specials. Everyone here is just used to it by now.",,,
,,Free,Moon Fighting Spirit,Fate/Apocrypha,"No, this is not specifically about fighting celestial bodies. Not by itself. Oddly enough, this is about professional wrestling. Nice to know there’s some less lethal combat going on around here. For Free, you can have a practically encyclopaedic knowledge of professional wrestling in this world, including everything every die-hard fan would know about the subject, including famous matches, people, special moves and all of the rules. We can even throw in your own set of outfits suitable to the sport. Maybe others here would share the same interest? For 100CP, this will update to comparable professional combat in other Jumps, so you can stay up to date. For 200CP, you’re actually good enough at the sport to be a pro-wrestler yourself, skilled enough to follow the rules and perform the moves, not to mention put on a good show for an audience. You could even referee a match perfectly fairly with your experience, just make sure not to get too close to the drop-kicks. This isn’t intended for lethal combat, and by itself won’t help much about opponents vastly superior in skill or physical ability to you, but as a bonus you’ll be able to wear ribbons in your hair or have other aesthetic options included in your apparel without it interfering in these sort of fights. Feel free to tag-team or challenge a rival, as you can share this perk with one other person at a time.",,,
,,Free,Fount of Badassery,Fate/Revelation Online,"You've been training all of your life in order to save people, and it shows. All of your skills and abilities have been honed for combat. This includes any other purchases, skills, or perks that you obtain in the past or in this Jump, and apply to anything that you happen to get in the future. You can be called an expert in everything you do combat wise, and by default as a base human you are capable of at least comprehending (and if you're lucky, temporarily fending off) a Servant attack, and this only further scales as your capabilities improve. Combat comes naturally to you, and you effectively have a low level of Eye of the Mind while fighting. You are also adept in most forms of mundane combat even without training, and have mastered three methods of combat of your choice. If you already know some fighting styles, then you've mastered three new ones. You are, without a doubt, a Badass.",,,
,,50,Martial Arts,Generic Nasuverse,"Grants a high level of skill in completely mundane martial arts. Think of something along the lines of MMA, where it's a mix-mash of techniques from different styles instead of a set of techniques from a single style. Nothing special or magical about them. Still a useful skill to have though.",,,
,,50,Ancient Weapons Skills,Generic Nasuverse,"This grants you skill in using and maintaining ancient weapons such as swords, bows, spears, shields, and all variations of the above. But you only have in-depth knowledge of the common ones. If the weapon is something rare or unusual, like nunchucks, you’ll only have basic knowledge on how to use and maintain it.",,,
,,100,A Trustworthy Face,Lord El-Melloi II Case Files,"You’re very skilled at deflecting blame and ingratiating yourself to others, including the investigators chasing you. You will also never confuse your alibis or expose yourself by saying the wrong thing at the wrong time.",,,
,,100,Studious,Lord El-Melloi II Case Files,"You are a professional student, if there ever was such a thing. You also have a deep seated love for discovery and learning, especially when it comes to the supernatural, but you’ve also got the skills and mindset to manage your time, take excellent notes, efficiently search libraries, write great papers, and remain engaged with even the most boring of lectures and textbooks.",,,
,,100,Curry Chef,Tsukihime,"Even a holy executioner needs a hobby - and a favorite food. Choose a particular mundane dish you can find in the modern era. You are now an expert in preparing that sort of food, and can make it just as easily as any other professional chef you could find on planet Earth. You’re even good at adapting it for breakfast, lunch, or dinner or combining it with other meals, and it will miraculously find a way to mesh well. Well, for you, at least. Others may have a different opinion on the over-abundance of curry.",,,
,,100,Tiny but Fierce!,Fate/Zero,"Size, whether big or tall, can be a source of mockery for some. Whether they were telling you to get on their level or asking how the weather was up there, you got so tired of the jokes that you decided to make use of your height gift or curse. You know how to use your size to your advantage, both in and out of a fight. You can make yourself look cuter and defenceless if you’re small or scarier and stronger if big. You’ll be able to use your small stature to slip around attacks or cover allies with your great height more easily.",,,
,,100,Teaching Aid,Lord El-Melloi II Case Files,"You might not have a teaching degree, but you deserve one. You know exactly how to organize a syllabus, grade papers, lecture effectively, explain clearly, and keep a classroom full of rowdy teenagers mostly in line.",,,
,,100,Fate/Stay Cooking,Generic Nasuverse,"You’re a master chef! You aren’t the best in the world, but your cooking is still something that normal people would salivate over.",,,
,,100,Piano Lessons,Fate/Strange Fake,"Who said that criminals can’t enjoy some of the fine arts? You are quite talented with one instrument of your choice, at the level of a professional with several decades of practice. You also find that practicing with this instrument is an excellent way to vent your frustrations and calm yourself during stressful situations.",,,
,,100,Maid to Serve,Tsukihime,"What is a maid without maid-like duties!? You’re able to properly clean, organize, and maintain a large mansion or building all by your lonesome with maybe one other person to help you out in a pinch. In addition, you’re a fantastic cook, able to put most modern-day restaurants to shame with just some store-bought food.",,,
,,100,Investigator,Lord El-Melloi II Case Files,"You are trained to carry out systematic and formal inquiry to examine and discover the facts and events of an incident or allegation, even when that incident or allegation is supernatural in origin. Unfortunately, such dictionary-definition detective work is often imperfect in the face of a mage’s strange and unpredictable abilities.",,,
,,100,Biting Tongue,Fate/Grand Order: Cosmos In The Lostbelt,"You may or may not be a coward with an inferiority complex, but your tongue is quite a sharp one. You’re very good at backtalk, witty comebacks, and generally leading verbal opponents into corners to hit them with one-liners they can’t really retort to. You could trade words with even people like Holmes and Andersen, as long as it was just mocking remarks and such. Of course, if you lack motivation to retort, this ain’t gonna help you much, but banter can be quite entertaining if you engage in it. Just try to avoid genuinely sensitive topics, or you may end up getting killed.",,,
,,100,The Gentleman Magician,Fate/Zero,"The head of the family means more than simply being the oldest, at least to those Magi who truly care. It means acting the part and not bringing shame upon your family for your own ill manners. Luckily you received all the training you could wish for in your upbringing, to make you the finest heir. From table manners to discussing Clocktower politics without offending anyone, horse riding to wine tasting, fencing to history, you have mastered all the skills one would expect of a venerable noble much older than yourself, along with the ability to comport yourself properly so as not to offend those who really are older than yourself yet still do not match your skill.",,,
,,100,Hypercompetent 'Secretary',Fate/Legends: Baba Yaga,"Someone needs to take proper care of these foolish humans! But oh there are so many things that need to be done and subjects to cover. Fortunately you have a particular set of skills to do just that. On one hand you are a marketing genius, industry, negotiations, sales and of course assistant and secretary work coming to you naturally. If you put the work in it is not unlikely for you to create and lead a very successful company one day. On the other you are the kind to take a more hands on approach, as skilled as NFF’s top operator in terms of infiltration and stealth. This also comes with a certain amount of ‘appeal’, making you as beautiful as the fairest of vixens. Who wouldn’t want to employ you ♡?",,,
,,100,NEET,Fate/Extra CCC,"Not everyone can have a happy life, and live freely outside. But that’s just fine, isn’t it? The internet is always accessible, after all, and you can make plenty of friends online. Your skills certainly indicate that you lived such a life, for how could a person be so good at video games as you without wasting their life honing such a meaningless skill? Or are you really just that naturally talented? Whatever the case, you are a legend at all sorts of games. From chess, mahjong, action games, shooters, whatever you can think of, you could become a global #1 champion at any competitive game should you spend the time with such trifles. As a happy side effect of such unorthodox expertise, you find that you’re somehow able to think outside of the box a little bit, applying some amount of armchair strategy experience to real strategic plans, and blindsiding those who are less familiar with gaming culture than you. Perhaps you could just start focusing on something more real?",,,
,,100,Insider Training,Fate/Stay Night,"Every spy needs their cover and fortunately for you, you've got it all handled. Whether you actually went through the effort or not in the past, you've got all the training and knowledge necessary for any one mundane job you could think of along with a decade or so on the job experience. You'll also find that when you're working a specific job, it's very easy to make other people just file you under a stereotype of that job instead of paying much attention to what you're really like. A teacher could easily pass themselves off as a dedicated and caring educator of children, despite the emotionless face and hardened eyes of a killer. You can buy this perk multiple times for new chosen jobs.",,,
,,100,First Steps in Darkness,Fate/Legends: Vive la France,"A strange upbringing to many in later years, you found yourself spending more time around weapons and holy books than you did people as a child. Whether a minor noble’s son sent to have a spiritual education or a young monk recruited into a holy order, you’ve gain an in depth knowledge on a religion of your choice, most likely christianity in these lands. You’ve also been trained to be quite the effective warrior, skilled in the use of heavy weapons and heavy armour, even from horseback. If you are not a noble, it may be difficult to procure the equipment, but it should be more than enough to cut through the peasant forces your lord’s enemies field. Or so your teacher told you. It is strange that despite your isolation from them when you were young, other children find you unnaturally trustworthy and likeable. Even should you appear to be a bug eyed madman.",,,
,,100,Haunting Sermon,Fate/Hollow Ataraxia,"You are talented at playing the organ, as well as giving general advice to people. Doing either will cause great annoyance to anything of demonic origin however and within only a few minutes time, you will be able to figure out that they are in fact demonic. The demonic entity will not attack you when this happens, rather they will get scared and try to distance themselves (so long as they are not attacked by you).",,,
,,100,Hunter,Fate/Legends: Baba Yaga,"Food is necessary for all creatures with bone and skin. And in this cruel land it can be hard to come by. At least you may have an easier time than most, as you are a skilled hunter. Tracking your prey and shooting them dead, to later butcher and bleed them and even make bait out of what you don’t feel like eating is all an option to you. With this also comes knowledge of a handy spell that makes poisonous flesh edible. Situational but in the right circumstances the difference between a starving or full stomach.",,,
,,100,Predator's Instinct,Tsukihime,"Humans are nice and comfortable in their cities, aren’t they? They’ve forgotten what it means to hide from a bloodthirsty beast, a carnivorous predator ready to swallow every drop of blood and flesh in their bodies. They will soon remember. You have the skills of beast, able to track and stalk living targets with ease and the finesse needed to quietly kill your prey and consume what is needed from them, whether blood or meat, whether in the wild or the city. You could use this for normal hunting, too, but where’s the fun in that?",,,
,,100,Kotomine,Generic Fate Redux,"Do names like Kotomine or Hortensia resonate with you? If so, the gift of a silver-tongued virtuoso is yours. Your words weave a tapestry of understanding and manipulation, a talent most would envy. Utilizing this skill for benevolence positions you as a revered community figure, a trustworthy source for advice and assistance in resolving personal matters.

However, this prowess is a double-edged sword. Your innate ability to decipher people's motives and emotions can be a force for both good and ill. As easily as you mend wounds with your persuasive tongue, you can inflict deep wounds with the same artistry. A Black-Hearted Priest, your words carry the weight of both solace and strife, making you a masterful puppeteer in the delicate dance of human interaction.",,,
,,100,Initial Irisviel,Fate/Zero,"Sure it might be utterly terrifying to be in the same vehicle as you but there’s no denying that you do get there faster. At least, no denying that you can hear over the vomiting of your passengers. Whether it be driving, piloting, sailing or even riding, when you’re at the helm and driving like a madwoman, you somehow manage to be just that bit faster and a heckuva lot safer in the process. You might be swerving across multiple lanes but you’ve actually got almost as little chance of crashing then as you do by doing the safe, boring route.",,,
,,100,Coding Master,Fate/Revelation Online," Well, considering your position as a peer of Kayaba in running SAO, it's only natural that you've got the skills the position requires. You can program at the level of Kayaba, and are perfectly capable of replicating any of his feats, such as making the system that replicates magecraft. You are also easily able to update and alter the game while keeping the same quality of work as him. At this level, anything less than creating a true AI is trivial to you, and you can even accomplish that with significant effort and time now that the soul has been analysed by Kayaba.",,,
,,100,Sailor Soul,Fate/Legends: God Save the Queen,"Anyone without a proper set of sea legs would be laughed off any ship they claimed to be a pirate on. Good thing you were born to ride the waves, as it’s never been a problem for you. Even the most unsteady seas won’t unbalance or disturb you, not in any of the many roles you can skillfully fulfill on a ship. From a talented helmsman to skilled gunner or repairman, the only thing stopping you from running the ship by yourself is not being able to be everywhere at once. Your experience with navigation and exploration makes you a vital part of any crew, helping you make your way safely through even completely uncharted territories. And those tough sea legs before are a boon when it comes to withstanding the biting cold winds and horrible conditions of long voyages.",,,
,,100,Doctor Jack,Fate/Legends: God Save the Queen,"It was one of the more popular theories on Jack’s identity, that he was linked in some way to the medical profession. The type and extent of the wounds on his victims would indicate some experience with surgical practice. You may have been a doctor, a war time surgeon or a back alley hack but you do have experience. The techniques may be the archaic ones used in the Ripper’s time in London, dubiously effective in saving lives, but shockingly effective in taking them. 

Your skill with surgical tools and knives, along with an extensive knowledge of human dissection, serves you well in combat. Natural killer instinct added in, you become a deadly dervish for normal humans to face against. If you happened to find some magical energy within yourself to make use of, channeling it into your tools would allow your out-dated surgical skills to actually heal people, albeit they still leave visible scarring.",,,
,,100,Lead the Way,Fate/Legends: Land of Shadows,"A lord that can’t lead is about as useful as a bloodhound with no nose for blood. You don’t break the mould here, since you’re quite the outstanding leader of men yourself. You have quite a bit of talent and skill in ruling, both as a governor and through military command, given how closely the two are linked in these times. You also have a fair amount of combat skill, not the match of any experienced knight but more than enough to hold your own against the rank and file should things go sour. Your real talent is for bonding directly with your subjects, as you find it abnormally easy to befriend and gain the true loyalty of anyone under your command, either as a lord or as a commander.",,,
,,100,Rising Up,Fate/Legends: God Save the Queen,"When the country is in a time of need, a leader must be more than just the one appointed by their heritage. They must take charge by force and unite their nation against a greater threat for survival, a sort of leadership you are well suited for. Regardless of your believed legitimacy, you are able to inspire others to believe in you as a strong leader and gather many different factions under a single cause with you at the helm, provided you all share some common goal. It appears particularly strongly felt when you seek to unite others against an enemy nation attempting to oppress or conquer your own, letting you ally together tribes that have been dire enemies for centuries to fight back. 

Your skills in battle are competent, more than capable with sword and shield, and similarly so with strategic leadership to direct those battles. But your talents do still lie more in your charismatic presence and ability to fire up others to protect things you all care about. If you’re willing, that encouraging spark you can light up in others can turn into almost older sister like feeling that others gain from you.",,,
,,100,Emperor in Training,Fate/Legends: Empires of Antiquity,"There is more to the task of ruling than just smacking all the barbarians with a big stick. Rome is a bastion of culture and civilisation, just as much as it is a military empire. Though you are no legendary ruler, you are a capable one with your breadth of skills. You’re a decent military tactician and a competent legion fighter, but you have fairly advanced skills when it comes to administrative tasks, legal ruling, diplomacy, financial matters and actually managing your citizens. You’re also quite good at giving yourself a good public reputation, knowing how to sell yourself to the patricians and the masses, as well as how to appeal to individual political factions in your territory and without. Few men can rule Rome alone but with the right words in the right ears, Rome might just rule itself for you.",,,
,,100,Hitokiri ,Fate/Legends: The Land of The Rising Sun ,"Can it really be called swordsmanship when you cut so brutally? You’re more of a butcher of men than a disciple of the sword, an already dreaded bandit whose formidable killing intent wreathes you like a cloud. You know how to kill men in a fight, not just use a sword in a fight. All kinds of dirty moves, tricks and nasty attacks are mixed with knowledge of the most painful and debilitating injuries to cause to others. It’s quite easy to take advantage of those who fight honorably as well, letting you play on their expectations of what they expect others to do, even what they expect a sneak like you to do.

That bloodlust of yours is a weapon in it’s own right as well, an already strong feeling that can leave experienced warriors shivering, even causing your eyes to glow when the bloodlust begins to rise up. As you kill more men, your reputation and the power of your killing intent will raise along with you. Maybe one day the mere sight of you might bring death to your enemies from the terror.",,,
,,100,Shinobi Training,Fate/Legends: The Land of the Rising Sun,"Raised in the shadows your clan made their homes in, you’ve learned the arts of the shinobi. Concealing your presence is the primary skill, letting you hide from the detection of searching guards and other assassins as well as stealthily get in and out of secure locations. Various arts used in assassination such as rope work, blades, poison and a variety of ninja tools also make up much of your education. You’ve been given fairly focused training in distracting people, disguise and combat as well. Not enough to make any of them your main forte but still well beyond a normal person, letting you buy enough time to fade back into the shadows. It’s easier to get along with the things that live in that darkness too, such as evil spirits or vampires, with that same affinity for darkness manifesting as an intimidating aura for people that live in the daylight world.",,,
,,100,Guarded Shadows,Fate/Legends: The Land of the Rising Sun,"Ninja don’t only work as a sword to wield against one’s enemies, they also act as a shield from their own kind. You are able to easily turn the shinobi arts towards protecting others and defending locations. Your skill in concealing your own presence becomes skill at detecting others who have concealed themselves, assassination talent lets you figure out how to defend from assassins, knowledge of poisoning teaches you how to check for and counteract it. Your dark and taboo skills of all different kinds quickly result in you learning the opposing defence to them. While only those skills related to being a ninja are this easy, this perk does also make it much easier for you to come up with counters to specific techniques that you have learned, such as how to defend against your own favourite combat jutsu.",,,
,,100,Life of a Knight,Fate/Legends: Land of Shadows,"To thrive in these times, a warrior must be quite the complete package. You rarely disappoint those who challenge you to a battle, on the battlefield or one between your minds. You have excellent skills in combat with a weapon of your choice, enough to prove yourself well against most other knights or warriors, and are familiar with the range of skills a knight is expected to be well learned at. Tactics in battle, acting with honour towards others and even the matters of politics and ruling a small domain of your own. Particularly, you are also able to keep a cool head in conflict situations. Perhaps it’s the enormous amount of good cheer and vitality you have within you?",,,
,,100,Knightly Nature,Fate/Legends: Garden of Avalon,"Who can look at themselves in the mirror and call themselves a knight if they didn’t have skills worthy of the title? Not you, that’s for sure. You’re an expert horseman, a skilled fighter with sword, shield, lance and bow and you’re well trained in all the courtesies and manners you need to mingle with the rest of the nobility. While these skills would put you above the average knight by a good margin, they’re still a long way from being worthy of the Round Table. What is special about you is that you are able to effortlessly maintain a noble, knightly appearance. Even when you’ve been fighting for hours in the muck and crush of war, you have a handsome, brightly shining countenance that any fool would know is the mark of chivalry.",,,
,,100,Paladiknight,Fate/Legends: Vive la France,"A brave heart is a nice start but it’s hardly enough for any serious would-be hero. You need proper skills to slay the beast and bed the princess or at least a lot of talent. They might one day be singing your stories though, since you have just the tools you need. The basics of any good paladin are to be an expert knight in arms and society, particularly in their horsemanship. Along with these skills, you’re well known as a charmer of women across Europe, and not in a way that turns a maiden away from you. The last and most important part of a budding adventurer for you is the youthful optimism that springs forth from you now, an infectious joy that not only lets you find pleasure in dark times but bring about fun for your companions as well, even a desire to adventure with you. Perfect for convincing the snobbier knights to run away to the moon along with you.",,,
,,100,Crusader,Fate/Legends: Oasis of Fantasy ,"Holy wars need warriors to be completed and you were foremost among the warriors that joined those great journeys. You have a deep level of training in a variety of forms of combat, enough to let you easily stand out from any army of these ages as one of the more notable fighters. You were trained in the use of several melee and ranged weapons of your time period, good enough in them to fight lesser monsters and groups of soldiers on your own, and you have a surprising talent for a somewhat strange form of grappling. Quite the flashy sort too, judging by all the suplexes.

But offense is far from your only skill, as you were educated on the defense of the body and the soul. You know how to wear armour and use shields even against creatures far stronger than you, as well as how to guard your spirit against the influences of lesser evil beings through faith and religious incantations. Apparently, you have quite the affinity for the spirits and gods of one religion of your time. As a potential part of one of the many crusades, you are well aware of both the scripture of your religion and find yourself capable in spreading that to others open to the idea of a new religion.",,,
,,100,Pride of a Shining Prince,Fate/Legends: Nirvana Yuga,"Many of the greats of this age are most certainly born to their roles, the places of princes and legendary heritage already part of their inheritance. It’s unsurprising for you to demonstrate the varied skills that you do, as a likely child of some famed nobleman or great warrior family. You have a natural talent for the martial arts, honed into reputable skill in a specific style of your choice. Much of this honing has come about from performance in festivals and ceremonies, greatly aiding any attempts you make to look majestic, inspire awe and give a flair to every attack. The games taught the use of the horse and chariot as well, especially in fighting from their backs. Childhood lessons on royal seeming were well integrated by you, allowing you to capably act as a member of the noble caste in regards to the many traditions of this kind, and instilled a more peculiar trait in you. You find it a simple task to conceal your faults and sins from the eyes of others. Not the crimes you commit but the greed or lust that you feel inside, the hatred that wells when you’re shown up or the misery at being unable to truly have a fair match against the low-born rival you desire. A prince has to be perfect, after all, no matter the cost to the prince.",,,
,,100,Unmatached Chef,Vasto of White,"You possess the cooking skill of Shirou Emiya, capable of making virtually any dish. Your ability to mix ingredients and cook them to perfection is unparalleled, making you a master chef in your own right. You can create dishes that are not only delicious but also visually stunning, leaving a lasting impression on anyone who tastes your creations. Whether it's a simple meal or a complex multi-course dinner, you can prepare it with ease and finesse. This perk also enhances your creativity and improvisational skills, allowing you to make the most out of any ingredients you have at hand.",,,
,,100,Let's Go Hero,Fate/Legends: Empires of Antiquity,"To be a hero, you need to be a complete package. Fighting? It’s useful. You’re good at it too, enough to handle ordinary soldiers in small groups on your own well enough or take down a minor magical beast or five at once, but that’s not enough. Being a hero is about adventure and that’s where you’re shining. You’ve got a wide array of skills when it comes to exploring and adventuring, from acrobatics and navigation of land and sea to organising expeditions and how to sell off all the treasure you find. In later times, you could definitely make a name for yourself as a great discoverer. Helps that you’re an able seaman, horseman and can handle weeks or months long travels without a problem. You’re great at adapting to the strange things you’re likely to encounter on your journeys as well, since thinking outside of the box, particularly when it comes to using magical or superhuman solutions to things, comes naturally to you. Some people might not think of rerouting an entire river just to clean some stables but you? You’re the smart cookie that can figure out how.",,,
,,100,Skull and Bones,Fate/Legends: God Save the Queen,"Sailing is but one part of the game. Being a pirate takes a lot more cunning and violence than even a sailor is used to. But when it comes to brutal raids on merchant ships, coastal towns or even naval vessels, it’s all clear to you. You’d be competent with cutlass and flintlock on land but you’re quite the terror once on the unsteady seas, where you find it easy to take advantage of the unsteady floor against most opponents. Planning out the raids on various locations and getting the crew to work together isn’t too hard and you’re quite gifted with making an escape after the crime is done, few naval ships able to find you or catch up once you make the escape. Perhaps as part of your natural pirate cunning, you’re also rather fortunate when it comes to concealing your true sex, or even making people not care at all. Even when it should be really obvious. I mean, they’re staring you right in the face, how can anyone not see that chest?",,,
,,100,Born Hunter,Fate/Legends: Empires of Antiquity ,"Hunting. It’s in the blood when you’re a monster. You prey on the humans, so they say. It’s true that your kind has likely given them reason to say that and you can feel that reason every time you walk in the woods or set your sights on a prey animal. You’re a naturally skilled hunter, able to track even lesser magical beasts over long ranges and sneak through dense forests without making a sound. You’ve got great instincts for when the right time to strike is along with the patience to wait for hours without moving an inch. Even the thick underbrush won’t slow you, as you find it easy to move at full speed in almost any natural environment. You’re a deft hand with a bow or, should you lack the tools to use one, are simply notably better than normal at bringing down prey with your natural weapons. To finish the hunt, you’re well able to prepare and cook anything you catch, often to quite the tasty degree.",,,
,,100,Full of Holes,The Holy Man of the Church Creek,"Shirou’s main combat style is an incredibly unorthodox one. Rather than creating the perfect defensive field his is littered with flaws. This however, is intentional as it forces his opponents to attack him and to willingly jump into his traps. You have studied Shirou’s style and mastered it for your own use. By intentionally leaving gaps in your defense you can force your foes to expose their own and block their strikes. Even individuals who greatly surpass you in skill and power will lose to you if they aren’t careful. The only weakness of this method is that you can still be bested by faster opponents if you can’t predict their movements. This style can be used offensively as well as demonstrated by Archer, though this requires a higher degree of skill.",,,
,,100,Rebel's Revolution/Ruler's Reign,Fate - The Island of Sin,"You are particularly skilled at insurrections—although you must now choose if you know how to perform them, or how to put them down.

If you choose Rebel’s Revolution, you gain an inherent understanding of how to rebel against a dictatorship (or any other governing body). You know how to gather support while remaining low-key enough to avoid attracting attention, have an understanding of the sorts of tactics one uses against an entrenched enemy, and in general have the skills needed to raise an effective rebellion.

If you choose Ruler’s Reign, you instead gain deep knowledge of how to most effectively put down a revolution. You understand the use of fear tactics and overwhelming force, know how to defend your territory from both internal and external threats, and overall have the skills needed to silence a rebellion.

In both cases, your knowledge expands to take into account the abilities of both yourself and your forces, whatever they may be, and the military tactics of the present time. You may purchase this perk twice to get both options, although only the first purchase is free to Queens.",,,
,,100,Once Every Century,Fate/Legends: Empires of Antiquity,"Talent that comes only once in a hundred years might stand out at the time but against the expanse of history? It just means there’s been a dozen or two others like that already. World class talent might be the peak of what normal human’s can do but it’s just the start for those in the magical world. Like the famed Salieri and his music, you have that world class talent in one art form of your choosing. Singing, the piano, painting, architectural design, acting or some other method. With just this and the right connections, you could certainly go down in the history of the mundane as one of the greatest performers of your art to ever live. But you’ve got the potential to go further, as you find yourself having a moderately easier time learning magical spells and abilities closely associated with your chosen art, as well as such things becoming easier to use and somewhat more powerful as well. Magic cast through a special instrument of the musical art you’ve mastered would be stronger, whereas a great painter would find magic relating to manipulating paintings and drawn images to be significantly better for them than any others.",,,
,,100,The Softer Side,Fate/Legends: Oasis of Fantasy ,"Not every fortress can be entered with a soft step and some acrobatics. Sometimes you need to take a more visible way in without alerting anyone as to your purpose. Thankfully, your training is far from lacking here either. You are a highly accomplished infiltrator in a more social sense. You can easily disguise yourself as others, make yourself seem to fit in perfectly to almost any kind of social group, make friends with ease and play any game of politics like a master. You were born or trained or both to slide your way into the inner circles of the highest levels of nobility, take what you want and then leave long before anyone realises you were the culprit all along. This comes with a wide array of basic experience in various professions to help you blend into your disguises better, though your new skills are mostly focused on the higher end of society.

Helping you along however, is a supernatural connection to a certain kind of animal. Pigeons and doves for example or perhaps house cats or spiders. Your connection to these animals allows you to make use of them as familiars, provided another mage is not already and the animal has no true intellect of it’s own. You can see through their senses, even command them to act as you please, all within a range of around a kilometer from your own position.",,,
,,100,Swordsman,Fate/Saber Wars,"If you’re a swordsman, you’ve got it going on. If you’re popular, then you’ve got some sort of sword thing happening. You looked and found your own style of swordsmanship waiting within, unleashed as the pure potential that only a Saber can display. You’re capably trained in one style of swordsmanship that exists in this world. A veteran samurai or well trained knight are classics. A quick thinking cowboy with his six shot revolvers. Perhaps a sublimely beautiful sword-style that uses magical energy to create and control ice. You could even be a mature and educated magus, one of the swords that cuts through the mysteries of the world to study magecraft. These are all proud ways to be a swordsman, a Saber, and you’re a capable user of one of them. 

For an additional 300CP, you can be a true master of the sword you chose. The sort of legendary swordsman that can run their own shooting range or be known far and wide for their deadly ice magecraft. You’re a master with your chosen style, with a focus on using it in combat, as swords are intended to be used. An apt comparison would be the warrior of darkness MUNENORI, current heir to the evil throne of the Shinkage-Ryu Style. Capable of battling powerful Servants with skill alone, even when otherwise outmatched physically or wielding inferior tools. Among Sabers and sword- users, you are a shining sword in the sky.",,,
,,100,Hashashin Training,Fate/Legends: Oasis of Fantasy ,"The Hashashin are an ancient order, and in many cases the originators of, assassins. Killers in the dark, though the sheer variety the Hashashin can offer hardly limits them to the dark. This organisation trained many of the greatest assassins in both history and legend, with each leader of the group being a terrifying hunter in their own right. As part of the Hashashin, a ancestor of their line or even just trained by a former member of the group, you have their training as your own. You are a master of stealth, able to sneak past watchful guards and even lesser magical spells without any supernatural aid on your side, and brilliant at all kinds of acrobatics and feats of agility. You don’t just bound across rooftops and between city streets, you can dance around most warriors while slitting their throats, without even a scrape on your body. You’re trained in how to kill someone quietly and how to make it long and painful, as well as how to track down targets and how to escape a chase.

The final aspect to your training however, was the creation of a specialised technique for yourself, similar to the ones each leader of the Hashashin has made. Things like being able to create an illusory double of your opponents’ heart that when crushed, also crushes the real thing. Or being able to create an explosion inside the head of anyone you touch. Or even splitting alternate personalities within your own mind into their own bodies to form a strange hivemind. But your technique is far from mastered. You have basic usage of it but it will take likely years of experience for you to reach the level of one of the Hashashin masters.",,,
,,200,Freelancer,Lord El-Melloi II Case Files,"You have an in-depth understanding of modern tactics, weapons, and mercenary work. As long as your fighting skills are up to snuff, you’ll be able to make a living as a hired gun, bounty hunter, or assassin, even without magecraft.",,,
,,200,Modern Weapon Skills,Generic Nasuverse,"This grants you skill in using and maintaining modern weapons such as guns, drones, combat knives, grenades, improvised explosives, and all variations of the above. But you only have in-depth knowledge of the common ones. If the weapon is something rare or unusual, like a homemade time bomb, you’ll only have basic knowledge on how to use and maintain it.",,,
,,200,Specialty,Fate/Revelation Online,"No-one goes through life without experiences. Pick one thing that a student could conceivably learn in school as your specialty. You are now a master in that subject. This can be anything from Kendo or Archery, to playing an instrument, or even things like cooking or learning languages. Just keep in mind that not everything here may translate one to one in SAO. You can purchase this perk multiple times.",,,
,,200,Talented,Generic Fate Redux,"While your skills as a Magus may not be extraordinary, you've harnessed exceptional mastery in a mundane skill of your choosing. Whether it's Archery or Cooking, your proficiency transcends ordinary bounds, elevating you to the status of a certified master. Your prowess in this chosen skill is of such caliber that it can garner global recognition, akin to renowned chefs or Olympic-level archers. Your expertise shines, marking you as a standout in your chosen field.",,,
,,200,Combat Skills,Fate/Kaleid Liner Prisma Illya ,As an enforcer you have had extensive training in physical combat. In terms of skill you are easily among the best in the mundane world.,,,
,,200,Kid Detective,Fate/Zero,"Like you came straight out of a manga, you’re a skilful detective. Noticing the tiny clues around a room or figuring out when someone’s telling you a fib, that’s basic stuff. What you excel at is tracking down the nasty people that hide in the shadows. Long as the criminal didn’t leave a roughly city sized area from the crime scene, you’ll be able to find where they are within a day or two.",,,
,,200,Modern Day Kheiron,Fate/Strange Fake,"There are some people that are born great. You may or may not be in this category, but you have one special talent: to help others with more talent to reach even greater heights. When you come across a talented person, even if you lack a perfect knowledge of their field, you have an incredible insight in how to better the technique and abilities of others, and even how to communicate this in incredibly short lessons.

Finally, those who become your students also end up becoming quite fond of you, even if they may not fully respect you or your abilities, they will always be open to come to your aid should you need it.",,,
,,200,I'm Just a Janitor,Fate/Stay Night,"All too often, it seems that heroes are just guys good at hitting things real hard and looking impressive. You took a more humble approach to life. Cooking, shopping, gardening, cleaning, household maintenance and even basic mechanic work, you're world class in all of these. Not only are your skills around the best any normal human could get at these disciplines but you'll find people are much more affectionate with you when you do this sort of housework for them. A homemade meal for a lady friend might speed up your relationship by a few weeks or else cleaning up a few times after some newfound mates might really cement your burgeoning friendships.",,,
,,200,Fighting Like Dogs,Fate/Legends: Empires of Antiquity,"Only those lucky enough to be blessed by the gods get to fight fair wars. For the rest of us, you need to be willing to get down in the dirt to win. You’ve got all sorts of skill and knowledge to trick, hinder and sabotage others though, making such a thing a much easier task. From personal scale stuff that lets you easily pull off false moves in a fight or slip poison into someone’s trick to large scale sabotage to entire armies, you’ve got experience pulling these plots off. Dirty tricks of course include the ability to easy put others off their game with your words, playing on their fears, anxieties and traumas to make them uncertain or even flee outright. You’re good at that too, the fleeing, and even opponents that normally consider themselves much faster and more agile than you might lose you in the dense crowd of a battlefield.",,,
,,200,Bladeless,Fate/Legends: The Land of The Rising Sun ,"Learning to use a blade is hardly just the start of swordsmanship. There is no end to how far one can take the arts. But what many swordsmen fail to consider is how their skills can be applied outside of wielding a sword. The martial arts that accompany kenjutsu have become like bread and butter to you, turning sword techniques into similarly potent unarmed martial arts. These converted skills are especially effective against armed opponents, allowing one to disarm with ease or strike past heavy armor, as if your hands were finely aimed blades piercing through the chinks in their armor. And this knowledge of turning your body into a blade has only made it easier to fight those who use similar moves, allowing you to counter techniques meant to combat your swordsmanship or disarm you. Even if you’re a specialist, you’re more than capable without a sword in hand.",,,
,,200,Embody the Hunt,Kara no Kyokai,"The second step towards the execution is the art of carrying such things out in the first place. A clear mind to face a demon head on is just the foundation that training in combat must build upon. The family spent years of your childhood beating in the lessons of the sword to you, teaching you to become utterly lethal with any kind of bladed implement. The favoured tool of the Ryougi, as well as many other hunter clans who rely on weapons to bridge the gap in power between man and demon. 

Not only are you at or near world class skill in the deadly use of most blade-based weaponry, you’re especially well trained in fighting those stronger, faster, larger and more arrogant than you. Methods to trip them up, under-state your abilities, turn their strength against them and more are all present, the vital tools to battle inhuman things. The results of all this training also impress themselves on your body, pushing you to near the peak of human physicality in natural terms. Enough strength to smash bone in a single blow or jump dozens of feet into the air, along with the speed to leave olympians lagging far behind, whether it be a combat sport or an all out sprint.",,,
,,200,Fighting Style,Fate/Revelation Online,"As most Front Liners are a tribute to individuality even without the benefits of the “Protagonists”, they naturally have their own fighting style. You now have your own fighting style as well, and you can freely change it at will and flawlessly incorporate any other fighting styles, techniques, or powers you have into it. Of course, this doesn't give you any fighting experience in and of itself, so your application of it will be something for you to work on. It also doesn't give you any skills that you didn't already have, so while you may have a style in mind, it might not be any good. Those are all things you can work on though, so they're only temporary setbacks. The purpose of this perk is being able to seamlessly consolidate all of the knowledge, experience, and powers you do have into one comprehensive fighting style that takes the best of all aspects. The more of those you possess, the greater worth this Perk will show.",,,
,,200,Dark Skills,Fate/Extra CCC,"Not everyone is a goody two shoes. Someone has to take care of the dirty work, and all your life you’ve been the one to do it. Likely accumulated with a lifetime of experience, you’re really good at most things that could be considered shady. Sneaking, assassination, espionage, hiding your plans within plans, the whole nine yards. You could successfully pull off a double agent act, hiding your true allegiance from both allies and enemies for prolonged periods of time, and curiously, every time you reveal your act you always have some time to monologue or something to reveal your true genius, even if normally those who you’d be betraying would kill you on the spot. Or perhaps you just want to do the job and get done with it.",,,
,,200,Dark Side,Kara no Kyokai,"The duty of a hunter is not understood by the modern world. They’re unaware of the creatures that predate on them, hiding within their midst, and are often all too happy to ignore even mundane murderers stalking them. But that can be an advantage to you. Your line of work has taught you well on concealing violent events, those affected and the aftermath from others. Erasing evidence at crime scenes, destroying bodies, easily convincing normal folk that they saw some more easily acceptable explanation for the demon they actually encountered. As well as having an easy time in all but the most extravagant concealment efforts, you find yourself personally capable here too. Hiding your own murderous intent is as simple as breathing, even letting you mute your emotions and very presence to those that can sense such things. You’re not invisible but you blend in very well to your surroundings, perfect for tracking your homicidal prey in the crowded cities they frequent.",,,
,,200,Philisophical Hermit,Lord El-Melloi II Case Files,"You have the skills to survive on the run or in hiding. Even without a hint of magic, you could infiltrate and evade a surveillance state. You know exactly how to bypass borders and checkpoints, set up fake identities, disguise yourself, lose trails, and maintain a cover, among other things. When it comes to magic, you’re quite talented and almost as skilled, and can evade tracking spells and create convincing false leads.",,,
,,200,Hidden Disease,Fate/Legends: Garden of Avalon,"King Arthur will go on to create a kingdom truly worthy of standing for eternity. Few threats could even hope to scratch it from the outside. But from within? Everlasting Camelot is not so eternal. You have great talent in fermenting unrest and planting the seeds of rebellion in almost any organisation or group that you are part of. Even as a low ranking member, you can turn a fair number of your peers and immediate superiors into traitors over time, corrupting them with your whispered words. Should you have real power to offer or a high enough position, you could tempt and twist much more important people or much larger sections of the faction to your side. Of course, you must be careful that you and those you cause to become corrupt or rebellious do not reveal your presence too early.",,,
,,200,Dark Teacher,Fate/Legends: Land of Shadows,"Teachers have a great deal of power, given they are the source of each proceeding generation’s greatest warriors, magicians and leaders. Rarely is this more true than it is for you. A teacher like few others, those who study under you find that they learn as if they had enormous talent for anything you teach them, picking up everything from the combat arts to the spells of the far off Norse with lightning speed. Even faster this grows should you welcome them into your bedchambers and give them the gift of your thighs. You are particularly charming to any student you have in that manner indeed, and find that even those not yet your student will feel a growing desire to become such as your own fame for great skill and power grows.",,,
,,200,Shura's Child,Fate/Zero,"You were trained in the arts of the Executors, the special section of the Church that deals specifically with hunting down all manner of heretics, demons and witches. Empowered to act beyond the rules of their religion to protect the faith, Executors are trained in a wide variety of skills. A mastery of a martial art, various forms of weapons and holy implements, the skills to track down heretics and to find mages or demons that might hide themselves. You have an excellent level of skill in utilising artefacts like Black Keys as well as lots of experience in working with a team in combat situations. Finally, as a member of the so called Shura’s Den, you are well versed in all manner of awful things that exist in the world and are thus mostly resistant to any sort of horror or fear that you might feel on seeing death, gore or the monsters hiding in the night.",,,
,,200,Blooming Terrorist,Kara no Kyokai,"Taking a knife to someone poses so much unnecessary risk. Getting that close means they have a chance to fight back against you, it means you’ll be at the scene of the crime. Much better to use a more refined, civilised method of murder. High explosives. Most specifically, high explosives in the ways a terrorist bomber would make use of them. You have world class ability with all kinds of explosives, even finding yourself unnaturally talented with explosive magecraft spells, and your best skills lie in using your explosions to cause the emotions you desire. A righteously placed bomb that only spurs a riot of people who feel victimised on, a horrifying explosion that causes fear across the city despite causing no deaths, something to warn and force people to get ready without causing undue terror. Placing these explosives stealthily, even in high security areas, is no major issue for you and you rarely leave many traces. You’re also very good at selling these skills, and any other less savoury abilities you have, to the highest bidder. Finding these clients, picking which ones aren’t a trap and making sure you get paid and maintain good relationships is all in the toolset of a career bomber like you.",,,
,,200,Dark Knight,Fate/Legends: Garden of Avalon,"Chivalry forms the shining front of Britain, a hopeful star the citizens can look up to. But there is a need for more than honour and hope to run a kingdom, a need you fulfill. You are a master of the dark side of life, being one of the greatest minds in history at the arts of torture, interrogation, espionage, assassination and other dirty tricks. You can lie even to a magician without being detected, extract secrets even from some of the greatest heroes alive and steal in and out of an enemy fortress in plate armor without anyone knowing you were ever there. At least, not until they find the many, many corpses that were left behind.",,,
,,200,Roman Oppression,Fate/Legends: God Save the Queen,"With war as commonplace as it is in these early years, those as skilled as you at waging it are ever in demand. Favoured as one of the greatest commanders of your kingdom, it’s easy to see why when you’re given an army. You’re brilliant when it comes to battlefield tactics and managing a long campaign, able to stretch troops and supplies to several times their normal limit. Maintaining discipline, or at least loyalty, throughout large armies takes little time or effort from you as long as you make a few good speeches here and there. Your specialty lies in battling untamed barbarian hordes of lesser development. You find it far easier to predict their next moves and plan against them, even your loyal troops finding themselves fighting with greater skill against such forces. Whichever you choose, you’re very good at crushing the enemy morale in active battle and in the campaign aftermath, knowing exactly the sort of cruelties that will snap their spirit rather than ignite further rebellion.",,,
,,200,War in the Night,Fate/Legends: The Land of the Rising Sun,"In war, ninja are often used not to kill but to hinder and harry the enemy forces. Sabotage becomes much more valuable than picking off individual troops, resulting in the special training you and other ninja receive. You’re a master at the art of sabotaging and disabling living beings, even on the scale of an army. Through a variety of means ranging from poison to explosives to limited magecraft knowledge, you are often able to limit an enemy army by a full third of it’s normal manpower. Hundreds, even thousands if you are lucky, of troops can be put out of commission long enough to turn the tides of war, if not for good. Additional help trained in the same ways, training that you can provide, can enhance this number further. Your talents in sabotage also apply on an individual basis, making you much more skilled at crippling foes that you fight to reduce their power or leave them weak for months after losing to you.",,,
,,200,Scarred Red Puppetstrings,Witch on the Holy Night,"So you’re on your own, and the world is against you. Well. The world had better watch it’s back. You’re a wickedly ruthless tactician and manipulator, expertly infiltrating your opponents’ territories and sabotaging what should have been soundly crafted wards as well as grasping their strengths and weaknesses intuitively. As for your people skills, when you can get an inhuman being to play along with your ambitions after a bit of effort regular people are like putty in your hands. Your plans layer one on top of the other, each failure bringing you some twist of good fortune or other that brings you one step closer to your goal however distant it is, and each success bringing unexpected misfortune on your enemies. There’s no need to rush your path to the Root. What kind of fool would rush in where angels fear to tread?",,,
,,200,Divinely Charming,Fate/Legends: Empire of Antiquity,"Some people just can’t help themselves with you. What chance does anyone have with a total playboy like you strutting around Greece or Rome? The hearts of young maidens across the continent are in serious danger with that gorgeous body of yours and few can hope to resist being sent into a heady daze when you apply your extraordinarily extensive romantic skills to them. You’re a natural at seducing, romancing and stealing away hearts from those around you, men and women alike, not even mentioning the legendary tales those who spend a night with you tell. More like a week in some cases. It’s particularly effective on those with divine heritage as well. The more divine they are, the more sexy they can’t help but find you. Of course, the amorous attention of gods and goddesses can be difficult to deal with. Deadly when it’s more than one and they don’t like each other. So not only do you have an excellent sense for who is too crazy to be worth pursuing, even if what they say about the crazy ones is true, you also find that you can prevent certain people from being more attracted to you than they would for anyone else. At least if they aren’t already into you. Then I’m afraid there’s no hope left.",,,
,,200,Too Terrible to be Remembered,Fate/Legends: God Save the Queen,"What a villain that Moriarty was. He weaved a web of shadows across all of Europe. A famous foe of Sherlock Holmes but who had surprisingly few appearances before his quick defeat. No one would like to think that such an evil man was a even greater threat, who had far more influence in the path of mankind than anyone realised? There are times when the truth must be concealed and altered, to protect humanity from knowledge that will only harm them. Information control is your gift, particularly spreading misinformation. Even with the relatively limited resources of a duo like Sherlock and Watson, you could greatly diminish the knowledge of a figure like Moriarty and bring a ‘certain’ belief of that figure into popular knowledge in the future. Manipulating the news, selling popular stories, well regarded celebrities speaking out in favour of your views. It won’t erase the knowledge from the minds that know with personal experience but the common folk can quickly come to believe this new version of a tale they should know is false. 

With more resources and influence, you could go beyond just erasing much of one man’s footprint in Europe. Create a rising hatred between nations over a feud in distant memory that never truly happened yet all are certain did, erase your fallen rivals from history’s memory entirely or even increase the widely believed feats of your own travels with ease. The knowledge of these means make it easy to uncover when others use them, attempts to change or conceal what happened in the past or present failing to your canny mind. It’s wouldn’t be surprising if you found out the existence of the magical side of the world very early on, with this.",,,
,,200,Japanese Efficiency ,Fate/Legends: The Land of The Rising Sun ,"Not all heroes are wild warriors or bombastic generals. Much of the important work to saving a country comes from the ‘boring’ men who make sure the trains all run on time. It’s a quiet sort of heroism but not one unacknowledged by history. In the future, you might be known as a hero of the reformation of Japan with the sort of talent this gives you. An incredible capability when it comes to the administration of government and all the many sectors, departments and laws within it. Not only could you run any such office, you could do so superbly and almost on your own except where physically impossible. Designing or updating entire such systems, and somehow managing to effectively implement them, are quite possible for you.

Bringing a set of warring feudal states into the modern era isn’t something one man can do, no matter how good, but the other side to your skills makes even this a smaller speed bump. Diplomacy becomes king in a world that starts to move beyond the sword and few are more adept. Negotiating between rival groups and not just convincing them to allay hostilities but to even join together as a single new faction is very much possible, even between generations old enemies. Recruiting new allies and former enemies is a simple task, as the desires and thoughts of men become clear to your eyes. The old world had it’s legendary generals aplenty but you are such a thing for the wars of the modern world, that thing called politics",,,
,,200,Servants and Slaves,Fate/Grand Master,"Hostile servants are some of the greatest threats you’ll face as a Master but why kill them when you could persuade them to join you? Your sexual prowess steps into the realm of legends, making you a match for the likes of Medb or Kiara in the bedroom. When you turn your tantric talents against your enemies, the pleasure you give them is as potent as any magical curse, stripping away their strength and clouding their minds with lust. An orgasm is as potent as a killing blow and leaves your foe weak and vulnerable, though servants with great power, endurance, or inherently lewd natures can be much more resilient against your skills than others. Even if you can’t match a servant in battle, you can drag them down to your level and beat them with the power of your cock, if only until the afterglow fades and their strength returns to them.",,,
,,200,Zanjutsu,Vasto of White,"This is not necessarily a power, but it is a major part of the Shinigami’s fighting style. Zanjutsu refers to the swordsmanship techniques they practice. There are a wide array of techniques such as Ryodan and Suikawari. This perk will boost your skills to match individuals such as Retsu Unohana, Kenpachi Zaraki, and Sosuke Aizen. Lastly there is a synergy bonus if you purchase all four of the Shinigami fighting styles. Your skills and power will instead be boosted to that of the members of Zero Division and Yamamoto. ",,,
,,200,God of Guns,Angel Notes,"So what if you can’t hit with the force of a nuclear bomb? You don’t need to. It’s the way of a savage to get in close with their fists, you’re going to take this shit on from over the horizon. You’ve got a nigh-divine reputation for marksman skills, enough that there’s pretty much no sort of condition where your skills will go below perfect. Even hanging upside down out of a falling aircraft in the middle of a solar storm won’t make you miss. It’d take outright hitting your hand to make you miss with a gun. Even if your arm was mostly broken and ruined, long as you could pull a trigger and point, you’re going to hit.",,,
,,200,Cosmic Bounty Hunter,Fate/Saber Wars,"The galaxy is a big place, with lots of places to hide for the dark and dastardly. But for every slimy villain that runs, there’s a hero to track’em down too. One of the great Cosmic Bounty Hunters, you’ve been at it for years and made a name as one of the most feared of your kind. You can track people or things across an entire galaxy, digging up even the strangest clues to point you in the right direction. If you’ve got good transportation, it rarely takes more than a few days to find a man, even in an entire galaxy. You’re no slouch when it comes to the other parts of being a hunter too. An expert marksman and speedy runner, you can chase down most marks even in dense city streets. There’s not much you can’t subdue either, as even a lethal weapon like a gun can be used to knock people out pretty easily. A bit of tinkering and you can generally find a way to safely subdue and restrain most Servants too, regardless of their strange abilities.",,,
,,400,"Yes, My King",Fate/Zero,"Heroic Spirits have heroic egos. Some worse than others and you’re just the man for controlling those unruly Servants. No matter the size of their ego or pride, they’re always far more lenient with you then they would be for any others. And you can take advantage of that, as you’re skilled with manipulating those types with both praise and cajolery. You’re long experience with these dominant sorts has also taught you how to force your will on those with weak temperaments, making you able to order around the weak willed and have them follow, simply from the sheer authority of your tone and demeanour.",,,
,,400,Therapist,Kara no Kyokai: Ammy Edition,"People are not entirely stable at all times. You know this better than most, and here is no different, hell, it's probably even worse around these parts seeing as licensed therapists don’t even know what’s happening under the surface and thus likely make things worse at best. Good thing you of all people have got the training of a licensed therapist. You're quite knowledgeable in the ways of therapy and ways of getting people to better themselves, mentally and emotionally.",,,
,,400,To War,Fate/Extella,"The meaning of being a Master has changed an awful lot from what it was in the Grail War. You’re not just a two person team anymore, you’ve become a commander of a small army now. An army made of legendarily willful and powerful beings from different eras and cultures. Without someone as good as you are at encouraging teamwork, there’s no way it wouldn’t end with infighting and backstabbing. That’s where you shine, getting almost anyone to work effectively together with your leadership, uniting their specialties in combat to form greater forces or solving their out of battle issues with each other. It works best with smaller teams, which is where you also find yourself gifted in terms of combat leadership. Leave the army commanding to your legendary Servant commanders, you’ll be in charge of leading the Servants themselves.",,,
,,400,Great Teacher Waver,Fate/Zero,"You’ve got the knack for teaching. Your students adore you and not just for your good looks. You’re genuinely good with teaching any skill or knowledge that you yourself know, enough that you could cut the time needed to learn those to a fraction of the normal for any student you take on. You’re especially good in bringing out the hidden talents of others, even when you yourself don’t possess those abilities. While not as fast as if you knew the art, you are still able to guide and teach your students on abilities they have but you do not, increasing the speed at which they master those abilities.",,,
,,400,Professional,Fate/Stay Night,"Assassination. It's a dirty business but you're one of the leaders in the field. Far beyond some common mugger or car bomber, you've got all the skills you'd need to sneak into anything short an elder Magus family's fortress. Your stealth skills are enough that only the heaviest mortal defences, guards or technologies will detect you, skilled in the creation and utilisation of a few hundred poisons, an expert marksman with almost any modern firearm and have particular ease in forming information networks, whether to gather Intel on targets or just to find work from clients. You've got a lot of experience in the field but magic isn't something you've encountered before. Be careful when you run into it because sometimes a quiet step and hot lead aren't enough.",,,
,,400,Thighs Sensei,Fate/Grand Master,"The dead are not meant to govern the living, but nobody ever said that they can’t pass on some valuable lessons while they’re here. You have a gift for passing your skills on to future generations and much like Scathach’s teaching methods it works best when you’re also fucking your students. Any skill you learned well enough to use can also be taught intuitively, and even the dullest master can grasp the lessons you impart to them without difficulty. Having sex between lessons just makes those lessons sink in that much more effectively, allowing your students to master your teachings in a fraction of the time they’d normally require. Even a common boy of the modern age could become a skilled and powerful magus under your watchful eye. Moreover your tutelage helps to accelerate the development of any romantic feelings that your students might have for you, turning a puppy crush into the sort of love that inspires epic sagas.",,,
,,400,Holmes' Legacy,Kara no Kyokai,"School always was pretty boring. When you’ve got a combination of great work ethic, creative problem solving skills, an analytical mind and a great memory; it just doesn’t pose much of a challenge. The real world though? There you found something of a calling. You’re a brilliant kid, one of the smartest of your school, but your skills with investigation and research are second to none. It’s not an exaggeration to say that, so long as it exists, you could eventually find anything. A lost object, a missing person, the hidden truth to a mystery. With enough time, even magical protections might fail against you, despite just being a normal high school student. When you catch a clue, just keep following on and you’ll find your way past wards and curses alike.",,,
,,400,Mathematical Process,Fate/Extella,"Fooling the greatest kings, assassins and liars in history is a tall task for a simple Greek mathematician yet that is exactly what Archimedes managed. Even the most suspicious ‘ally’ who had strong reason to disbelieve him could not figure out his true aims. You’re every bit the illogically good liar as that Caster. Playing dozens of powerful actors against each other at once becomes quite possible, all the while hiding your true nature and goals as you act as the trusted advisor for multiple factions at the same time. You’re best at not technically lying and doing so through ommissions, leaving even magical talents at detecting deception or true natures struggling to get a grip on you. Combine it all with a great talent for plotting out schemes well in advanced, even taking advantage of multiple timelines, and it’ll be rare for anything but the near impossible to cause you to fail.",,,
,,400,Power of Words,Fate/Legends: Garden of Avalon,"The long days of traveling the country are greatly lightened by the presence of a knight with musical talent. You might find yourself quite popular amongst your fellows, as you are a masterful musician and singer with a wide knowledge of songs from this age. You can even rouse the boors around you to get a good harmonisation going. Your real power however, lies in just how powerful the words that come from your mouth can be. You are the kind of person that can lift someone out of the deepest despair with a speech or set an entire kingdom on path for ruination by speaking a cruel sentence about a controversial king in public. You could inspire an entire army to fight on against terrible demons with only your words, even if you yourself have a humble presence. While you can bring your words down to a more humble effect, preventing them from being quite so persuasive, you should try to learn from the experience about how harmful careless words can be.",,,
,,400,Lessons of the Eternal,Fate - The Island of Sin,"Did you perhaps take the same lessons in knighthood that Percival took? Because you share in his supreme skill. With this, you would be able to fight against an enemy who was so fast you couldn’t see their movements, and through pure ability be able to hold your ground. You can wield weapons with surpassing talent, able to break through the guard of enemies who may be statistically superior to you, but who are unable to match your skill. 

But while a talented knight in personal combat, where you really shine is in the leading of men. You are able to draw people in and form disparate, untrained civilians into a single disciplined fighting force. Your tactical and strategic abilities are no less impressive, allowing you to lead a force of volunteer faeries and humans against an army of trained Fang Clan warriors and come off victorious. It would take coordinating a rebellion across an entire country to strain you, but even then, it would be well within your ability to be victorious in the end.",,,
,,400,Hearts and Minds,Fate/Legends: Empires of Antiquity,"The Roman Empire is immense and it requires a leader of similarly immense capabilities to properly lead it. At least when it comes to the less military-focused side of ruling a nation like this, you’ll have no problems at all. You have the political skill to very successfully lead the roman empire at it’s height with incredible efficiency, deftly handle the many political factions and the charisma and persuasive skill to be almost worshiped by all, along with excellent perception of others character and motivations. Your natural presence is immense but your actual rhetoric is even more so, being so great that it can be likened to a mind control spell that directly alters the brains and minds of others, even though it is nothing but your overwhelming majesty and brilliant words.",,,
,,400,The Last Master,Fate/Grand Master,"An ordinary master would only partner up with a single servant, but as a Master of Chaldea you’ll need to command dozens of them if you’re going to restore humanity. But you’re no ordinary master: you have the talents and charisma of a natural leader, an expert tactician well-prepared to command servants in battle. Your capacity for leadership and tactical prowess will bring out the best possible performance of any allies who place themselves under your command, and so long as any chance of victory exists you’ll always be able to spot the thread in the chaos of battle that will lead you to that victory. Of course no true leader can be expected to lead just one person; you’re able to split your attention between many different servants and make each of them feel valued or loved. It wouldn’t be difficult at all for you to forge your servants into a harem of lovers and iron out major points of conflict between them, like persuading Mordred and Arturia to bury the hatchet and cooperate with each other.",,,
,,400,Family for the Paradisiacal Girl,Fate - The Island of Sin,"When Aesc was adopted into the family of the head of the Rain Clan, it wasn’t a play for power. She wasn’t raised to be a tool. She wasn’t viewed as expendable. She was a precious and beloved family member that the last survivors of the Rain Clan were happy to help hide from those who sought to kill her, before dying themselves. She had a delightful childhood filled with happiness and merriment and all the wonderful things a growing child deserves to experience.

You can ensure that any child you raise will experience a childhood at least as wonderful as that experienced by Aesc during the happier years of her life. You have a comprehensive understanding of how to care for children, and can perfectly balance the desire to protect them with the need to ensure that they experience freedom growing up. Under your care, any youth could experience a happy childhood. Furthermore, children under your care are guaranteed to survive until they reach the age of majority.

Finally, your skills as a tutor are top-notch. You can teach even the most hardheaded and intractable child, can adapt your lessons to suit the dullest lackwit, and know how best to feed the ravenous mind of a curious genius. Beyond supernal talent for teaching, those under your tutelage will pick up the moral and ethical lessons you wish to teach them with astonishing ease, and you will find your students to be veritable sponges with how they absorb the understanding of right and wrong that you wish to teach them. If you taught someone to be a good person, it would take millennia of near-constant betrayal and hatred for them to forsake the lessons you gave them.",,,
,,400,Golden Age,Fate/Legends: Garden of Avalon,"There are many skills that a king must master to lead his nation into a era of prosperity. He must be a excelling military commander, be able to inspire loyalty in others, have mastery over finances, rule wisely on civil matters and the planning of cities and castles, be an expert in getting others to work as a team and more. Most of all, he must take the long view, thinking beyond not just the next few years but further even than his own reign to truly ensure a golden age. You have all these skills at a fantastic level, more than enough to make you remembered as one of the great kings of history and legend, should you get a handle on the throne. Your best focus is certainly on long term planning, especially on adjusting your kingdom to survive long after your death and adapt to the changing times, such as to adjust to the loss of the age of magic.",,,
,,400,Lord of the Spear,Fate/Legends: Land of Shadows,"Great men come in abundance in these times, especially in these manly lands. The way you handle your spear is most important, as they are an exceedingly common weapon amongst men. A man with a weak thrust will be treated as a laughingstock and someone who accidentally breaks his spear? Shamed forever. A god amongst men, some have taken to calling you, for your spearmanship leaves little other possibility. Whether it be a hundred knights or a thousand archers, you can effortlessly slay anything short of a demigod should you have a good spear in hand and easily deflect most ranged attacks with the use of your weapon, even somehow many area of effect blasts. Your skills are breathtaking and your body has become much stronger to suit it, equal to one of the Knights of the Red Branch, like the famous Diarmuid. Due to your experience, you have a very high degree of skill in small scale battle tactics and know when and how to retreat from a battle. If you’re a terrible bore, you can choose another weapon type such as swords or clubs.",,,
,,400,Legendary Shinobi,Fate/Legends: The Land of The Rising Sun,"Already a legend of the shadows, you are a master ninja that will be looked up to for generations to come, a legend carved out that even modern times will know the stories of. Your mastery of the ninja arts is complete, resulting in superhuman skill in intelligence gathering, torture, larceny, infiltration, assassination, ninja jutsu, ninja tools, combat and more. Despite relatively little physical power, you pose a deadly threat even to great youkai or heroic warriors, as long as you catch them off guard. Magic spells are as ineffective as mundane guards in detecting your presence when you wish to conceal it and you possess many mystical techniques, similar to magecraft but specialised for the shinobi arts. Shadows, blood, poison and more can be made and manipulated into varied but useful forms for your work. Your mere presence, even when concealed, can exude a potent aura of death when desired. It creates a paranoia based sickness in your enemies, steadily applying worsening physical effects as you face them. A matter of minutes in combat but days of stalking out of it, this can begin as a sick feeling but progress to a variety of illnesses from the stress of your waiting blades.

Suitably given your legendary nature, you are more than capable of founding your own ninja clan. Passing down any ninja art or related skill becomes simple, your students learning swiftly with only basic instructions and capable of progressing to similar superhuman levels as you over time, with the right experiences to help them grow.",,,
,,400,Night Hunter,Fate/Legends: Empires of Antiquity,"Death from afar, the flying strike that lays low both demigods and great beasts before they even knew they were under attack. You have skill with a bow and arrow that can only be called divine, capable of using even a normal bow to clip the wings from a fly deep in a forest, while in another forest entirely. Should you be in combat at closer ranges, you’ll find yourself somehow just as effect, firing off arrows at speeds that leave modern machine guns struggling to approach your fire rate and even using your bow itself as a deadly weapon. Much of this is due to outrageous, unnatural skill with a bow but it is greatly aided by the unbelievably advanced senses you have. Each of your senses has hundreds of times the strength, accuracy and acuity of a human and is well suited for high speed movement and long distance observation. You could fight ably in complete darkness just by relying on any one sense but sight and your senses are even able to pierce through strong magical illusions and protections. Should you have any sort of magical detection already, it will also be far sharper.",,,
,,400,Godspeed,The Holy Man of The Church Creek,"Godspeed is a devastating ability created by Hercules to defeat the Hydra. With this perk, you can replicate this feat unleashing a flurry of nine strikes in a single moment, displaying unmatched speed and precision. This technique, derived from the pinnacle of weapon mastery, allows you to manifest the power of a myth in its fullest form. When activating Godspeed, you become a blur of motion, traversing the battlefield with unmatched swiftness. Each strike you unleash is imbued with incredible power, targeting the vitals of your opponents with lethal precision. Lastly, this technique is not limited to a specific weapon, as it draws out the maximum potential of any weapon you wield, elevating it to the status of a Noble Phantasm.",,,
,,400,Legend of Mahabharata,Fate/Legends: Nirvana Yuga,"Not all power has to come from the blood of divine beings. While so many of our great heroes have that to their names, their prowess in war is more than just having the right parentage. The skill and power that resulted from years of endless training, an answer that the Pandava brothers and their rivals gave to the question of what happens when one applies superhuman talent for war to extensive regimes of practice. What you have is likely the result of the above, though if fortunate you may have simply been born with the gifts too, and it has forged you into one of the greatest warriors of the mythical Indian epics. Your skill with all the martial weapons of this time reaches the peak of human capability in this ancient era, shooting arrows over horizons and cutting through hundreds of armored warriors on your own. This may manifest as an overwhelming brilliance that intimidates and astounds most that see you fight or an unassuming perfection that causes even those that fought you before to underestimate and incorrectly guess your level of skill and power. The choice can only be made now but that aura can be toned down or turned off as you feel.

It’s matched with a physicality that only comes from the mix of enormous battle talent and intense training that you put yourself through, that allows you to compete with even lesser gods. Not quite as powerful as one with the Blessing of the Sun but close enough to be a threat. Especially given that, impressive as your general skills in combat are, they are even more so on your weapon of choice. An archer, a spearman, a brawler or something stranger; your skills reach the supernatural in this one discipline of choice. An Archer could fire arrows that home in on their targets simply through sheer skill with the bow, not any magical spell. Your chosen style always remains available to you as well, as you’ll find a weapon of decent usefulness to you will never be far from hand. A bowman will always have a bow of enough potency to be useful, even if the gods themselves need to craft it in his hands as he prepares to take a shot.",,,
,,400,Cheese is Simple,The Holy Man of The Church Creek,"When it comes down to it chess is about calculations and strategy. If you are good at both of those then you can be an amazing chess player even if you’ve never touched a board before. This was proven by Shirou and is a feat you are more than capable of replicating. With this perk you possess an unbelievable battlefield awareness. Even when half asleep and hungover you could dominate a world champion chess player. You however, are truly frightening when you actually put your mind to it.

You are a master of war of all things required to run it at peak efficiency. Even caught off guard you could use a rag tag force to devastate an army ten times larger than your own. This effect would only be enhanced if you actually had true elite soldiers with matching equipment. You are the type of general that allowed the New Satan Faction to defeat the stronger Old Satan Faction during the Civil War. When it comes to the art of war there are none who would dare to claim themselves as your equal.",,,
,,400,Knight of Knights ,Grand Foreigner,"Lancelot is considered to be one of the greatest sword users to ever live. He was said to have surpassed every member of the Round Table in skill including Artoria herself. You are a peer to the legendary knight wielding skill on par with him. You are a well rounded warrior having honed nearly every form of combat related to the blade to the pinnacle of mastery. Even a normal man with this level of skill could slay entire armies without receiving a single wound.

Should you have a strong enough body then even a divine spirit will find themselves being cut down with a single slash. Additionally as befitting such a peerless warrior your talent when it comes to learning nearly any skill is impressive. You will easily be able to pick up new techniques and skills surpassing masters of the craft in only very short periods. Lastly, like Lancelot you have the ability to enter a berserk rage. Rather than becoming a mindless monster this will only strengthen your attacks and allow you to launch them at an accelerated rate.",,,
,,600,Badump! Date Super Plan,Carnival Phantasm,"You have an unrivalled ability to plan and schedule things that, when pushed to the limit, can even make what seems impossible become a reality. Of course, these plans still require you to have the necessary powers, skills, abilities, and resources to pull them off. Failure to follow through properly could still land you in serious trouble.",,,
,,600,Visualization,Lord El-Melloi II Case Files,"You have superb visualization skills, which allow you to teach what you cannot do. Indeed, you are an absolute master of all magical instruction, even if you aren’t much of a mage. Regardless of your own skill, your students will be some of the best in the whole Mage’s Association. You are also very skilled at figuring out unconventional and more efficient applications of magecraft, including those involving modern technology. This applies just as well to powers from other worlds.",,,
,,600,That Absolute Madman,In Flight,"Hanlon’s Razor tells us that we should never attribute an action to malice when stupidity is a perfectly valid explanation. That said, it is to your benefit that most people will tend to think that, because you are now an expert at hiding your true intentions beneath a veil of melodrama and blatant dumbassery. That’s not to say that no one will realize that maybe you aren’t working towards their best interests, but being able to surprise your enemies covers a lot of sins, and no one expects subtlety from the guy who thinks that making trumpet sounds with your voice is an acceptable way to start a phone conversation. Of course, obfuscating stupidity only works if you have actual smarts to back it up, so this perk will also boost your ability to come up with longterm plans proportionately to how ‘foolish’ you are. How good are you at planning now, you might ask? Good enough that with a couple of scientists and a crashed alien ship as your starting point, you would easily be able to create a multinational corporation that is wealthy and influential enough to just straight up buy the city of Tokyo.",,,
,,600,Perfectly Ordinary Assassin,Tsukihime,"Whether or not you are a member of the near-extinct Nananya family, you’ve inherited their ability to strike quickly and unexpectedly. You have the ability to blend in as a ‘perfectly normal’ person, adjusting your posture and body language enough that even supernatural senses could be fooled, all who look upon you seeing you as little more than fodder or a background character all the way until the moment you demonstrate otherwise. This lets you catch even the likes of a True Ancestor off-guard with an appropriately timed strike. You can even use this in battle, your movements appearing lazy and slow to your opponent, making them hesitate to take you seriously as a foe, making their own attacks and tactics half-hearted up until you fully establish yourself as a threat, and letting you duck and weave in and out of sight even in a closed space. Even if your opponent was leagues above you, you’ve honed your skills at surprise attacks enough that you may perhaps even catch a Dead Apostle with centuries of experience off guard.",,,
,,600,Settlement Blades,Fate/Legends: The Land of The Rising Sun,"It takes a real loser to put all their chips in on a sword style of all things, don’t it? All these swordsmen are so devoted to their disciplines, they completely lose sight of what a real fight should be. If you want to win, you cheat and steal and trick till your blade is through their heart. You’re damn good at the cheating and tricking part to start, maybe even building on what you already got here earlier. It’s to the point that concealing your own presence from others becomes easy, letting you fade away from sight when in shadows as well as completely mask any sort of bloodlust or killing intent until you wish to unleash it.

But that’s really all just small stuff. What happens when it turns out that those styles are actually pretty useful? Then you just steal it for yourself. Mimicking other sword techniques and styles is as easy as seeing them once, letting you use them as superbly as the original wielder. Even if it took that foe decades to master the technique, you’ve reached their level in an instant. Provided the technique or sword style does not rely on the weapon itself being special and is only a function of skill instead of a separate magical ability, all it takes is a single observation. Unlike many other abilities here, you may also apply this to any martial style or category that you have reached an expert or extremely competent level in, expanding your mimicry to other kinds of weapons or martial arts. Albeit still bound to the restrictions above.",,,
,,600,Grand Leader,Fate/Revelation Online,"The Front Line needs competent and charismatic leaders to push everyone along and make sure everyone survives. You can now fill that role. You have become a master strategist capable of planning against any enemy, and are always able to come up with a plan that has a minimum of 10% chance to defeat the enemy with no casualties from your side, no matter what kind of opponent you might be up against. With your words and the right message, you can get thousands of people to rally around a single cause within a day, and can give reasons to fight to those who have given up on playing the game. You are a mediator as well, capable of temporarily pacifying intense and unyielding people like Ilya. This may not seem like the most Front Liner thing in the world, but do remember that you are also the leader of the rest of the players, as well as their hope of escaping",,,
,,600,Admiration of the Elders,Fate/Strange Fake,"During the election of the last Old Man of the Mountain, two candidates contested for the privilege of bearing the name of Hassan-i-Sabbah. One, the chosen leader, was one that developed a technique that allowed them to disguise themselves as dozens of persons, earning the title of ‘Hundred Faces’. The loser? A nameless fanatic with overflowing talent, who managed to study and copy the majority of the techniques of previous leaders in just a few years, but failed to make one of her own.

Said ‘zealot’ was mocked and ridiculed by her fellow assassins, who saw such a talent more of an insult to their elders than a blessing. Perhaps others will see things differently with you? For it seems that you also share her monstrous talent for copying the techniques of others, even those supernatural in nature. It is not even needed that you are taught or even witness them directly, just that you get a hand on a proper record, and that such a technique existed in the first place. Obviously, this will be a slow process, but even the techniques of most of the Hashshashin were able to be copied in just a few years.",,,
,,600,King of Jumpers ,Fate/Zero,"Even amongst the legendary rulers that will join the Holy Grail War alongside you, you would be renowned for the skill with which you rule. You have all the charisma and skill that would be required to lead others, whether it be a single town or a continent spanning empire. In all areas, from politics to economics to military matters, you excel beyond almost any other. The only ones who could surpass you would be the likes of Alexander the Great or King Arthur and even then only in the areas they specialised in, with your breadth of overall skill making you greater king than those who have truly mastered the art of war.",,,
,,600,Legendary,Fate/Myth,"Choose a Single, Mundane, Non-Combat Skill. Such as farming, acting, smithing or some other such thing and finding yourself the gods equal at it, even when you don’t try, actually trying will see this skill and its effects enter conceptual territory. A Dancer could perform a Dance of Death killing and slaughtering entire towns, a Song of Healing from a Songstress could see the dead of that same town rising again.",,,
,,600,Study Spear,Fate/Legends: The Land of The Rising Sun ,"A humble weapon, with none of the status of the sword, is the spear. But to those that devote themselves to this versatile tool, they discover a depth few weapons possess. You’ve gone quite a few steps further. The spear became the target of a religious obsession, a fanatical drive to master it to the utmost. It paid off with a mastery that verges on the realm of godliness, such pure skill with the spear that it has changed your very being. If it weren’t for their lesser reputation, you’d be remembered alongside the likes of Musashi and Munetori for your military talents. The divine nature of your skill greatly increases your physical power, smashing down whole dojo buildings in a single swing of your staff is a great way to teach these sword using brats a thing or two. The focus you’ve achieved when wielding a spear allows you to ignore most attempts at interfering with your mind, the bloodthirst of your foes being so evident to your purified mind that it allows you to move before most of them can finish the thought of attacking you.

Nothing else demonstrates your mastery more than your ability to respond to any enemy or technique however. Even on your first encounter, you can adapt your style to whatever you encounter with a few moments consideration, letting you counter even truly bizarre things that should not be matched with a simple spear. Cutting apart magical spells, piercing a spirit’s core, turning aside the three thousand bullets of your foe. While your ability to create martial arts to respond to any challenge is impressive, and possible to expand beyond the realm of a spear with some work, it can require enough power to keep up with your foe to some degree. Too far beyond you and even all your skill will falter. Additionally, these techniques are often partially effective at first, requiring time to hone to full mastery before you can fully negate or counter their intended target.

You may optionally exchange the parts of this perk that focus on spears with another fairly specific weapon type. You can’t have it for all swords or anything you do while unarmed but longswords, halberds, nunchuks or a specific martial art style can all work",,,
,,600,Man of Guns,Fate/Legends: Strange New World,"It was the gun that tamed the west and it was your hand that tamed the very concept of the gun. So long as there is a firearm in your hand, there’s little you cannot do, as your mastery of the gun has reached the very peak. Every bullet always hits it’s target short of intense magical interference, even bending through the air or warping space to strike through nothing but the fact of your skill. Bullets split into fragments to strike multiple targets, fly ten times further than should be possible or ignore the weather entirely when you fire. Conceptually perfect marksmanship, some might say, though you can pull off some pretty perfect quick draws and fancy tricks with your guns too. You’ve got the potential to do this for stuff beyond guns too. You can reach this sort of ‘perfect’ level of skill with pretty much any kind of skill, though some might take longer than others. Helps that you learn pretty quick though, as you reached your current proficiency with firearms in about half a decade of regular use.",,,
,,600,Root of all Swords,Fate/Legends: The Land of The Rising Sun ,"For years, you swung your blade in pursuit of a greater truth. While others sought power or wealth or glory in battle, your blade pulled you onwards past where they all faltered. As you learned, others fell in droves to your skill. Maybe before you even looked back and realised just how far beyond other swordsmen you have already come.

 You have reached a level of swordsmanship that cannot be described as just supernatural or divine. To the eyes of the few others on your level, they describe it as having reached the Truth of the World with a single cut. The result is the ability to accomplish many impossible feats through your sword style. Cutting any physical material, repelling vastly superior opponents from a location your guard without injury to yourself, cutting through armies of threatening foes with grace and fluidity. Even with the body of an ordinary man, rather than some powerful heroic form, you remain one of the most lethal combatants in Japan. Your style currently culminates in a single perfect expression of your talent, which has been taken so far as to warp reality itself. A technique that incorporates the Second Magic to cut three times with one slash, creating an inescapable prison of steel, is the best known example.

But this peak you have reached is just the base of another mountain, as you have the ability to rapidly bring new techniques to such a supreme level. Your repertoire, provided you continue your harsh practice, will likely see new abilities like this every few months. Additionally, bringing other sword-based fighting styles to the level you have reached with this one is a speedy process of around a year’s practice, your existing skills easily bridging the gap",,,
,,600,Truly An Assassin,Fate/Legends: Oasis of Fantasy ,"While each Master of the Hashashin had their focus, their specialty, none could truly master every aspect of the work they committed themselves to. Not even the great ancestor that started it all. Only when someone desperate enough to put themselves through unimaginable agony for the tiniest sliver of a chance at grasping that core of what it means to be a Hashashin did a true master appear. You made that bet and the results are clear. You are a master of the dark side of the world like few others. You have learned and internalised the 18 techniques of the 18 Hashashin masters that have lived and then improved on each one significantly, even after mastering it’s use. Not only has this left you with a wide variety of nightmarishly powerful techniques to use on others, you are also a world class master of over thirty different skills. From military strategy to various academic disciplines of the time to even such things as potion making or the many skills you may already have at a more basic level towards your work as a spy and assassin.

Yet, above all of this, it is stealth that you have truly perfected. When you wish to not be seen, you effectively become one with the World itself. It is impossible to detect you through any means, even the supernatural, as the place that you occupy appears to all senses to be just another part of the World. Even striking where you stand would hit nothing but air. If an enemy cannot detect you, how would his attacks know to where to hit you? When you yourself move to attack, others become able to strike you once more, though they will still find themselves unable to perceive you through any of their senses. Only the most powerful magical senses would be able to detect even a trace of your presence when you are attacking however.",,,
,,600,Blessing of Weaponry,Fate/Myth,"You are the master of any weapon you pick up, from a flint knife to the latest gun or whatever else you find on your travels, Though Choose one type of weapon, be it swords, spears, guns, bows, etc. and your skill with that one type shall massively increase, edging into Conceptual Territory, letting you do things like Gae Bolg's Causality Manipulation or Tsubame Gaeshi with pure skill and a mundane weapon",,,
,,600,Herculean Skill,Fate/Legends: Empires of Antiquity,"Were you raised alongside Heracles, learning the arts of war with your cousin Demigod? It might be one of the few situations that explain your outrageous skill with all forms of combat. Be it sword, bow, spear, wrestling or any other weapon that can be found in this time, you hold divine levels of skill with them. Even warriors that are many times stronger and faster than you can find themselves hopeless against your arts of combat. It’s possible to find people that manage to surpass you, somewhat, but they are few and far between, such as comparing your archery to that of Atalanta’s.

Still, while you may not be outright perfect in skill, you have a special benefit that no one else but Heracles seems to have. You can create martial techniques that act like spells, drawing on your stamina in order to use weapons to accomplish supernatural things. Using your knowledge of the bow to create a combat move that allows you to shoot a hundred arrows in a single motion, which will endlessly kill anything it strikes down even once to completely counteract most forms of regeneration and immortality, like what Heracles used against the Hydra. Once you’ve done these, you can effortlessly adapt the technique to other weapons or even the use of magic or your own body. It may lose in effectiveness, such as your hundred bow shots becoming nine slashes of the sword or nine beams of energy, but this adaptation is instant, compared to the several days of practice your techniques usually require, and the new forms of techniques can even be made suited to specific kinds of foes in minutes of focus.",,,
,,800,A Higher Form of Skill,Generic Nasuverse,"Take a normal, mundane set of techniques/skills. Whether that's swordplay, a martial arts style, or something else entirely. Your level of skill has increased to become something otherworldly.

Just as Fake Assassin in the Fifth Holy Grail War was capable of cutting three times with a single slash through sheer, impossible skill, so too can you achieve something outright impossible through your ability with your chosen skill.

Only one technique in your chosen skill set will be on the same level as that impossible slash. Yet, that skill will be something capable of rivaling noble phantasms.",,,