0,,Cost,Name,Jumpchain,Description,PERKS,COVER,169
,,,,,,,,
,,50,Wooden Oar Swords,Fate/Legends: The Land of The Rising Sun,"A pair of crude wooden blades, larger towards the end, almost like an oar of some kind. Which makes sense, given it’s what they’re carved from. Sturdy enough to not break from your swings, these half-assed swords somehow function just as well as a regular metal sword without the risk of death to the enemy. Unless you specifically aim for it, you’ll leave them with broken bones and battered pride but no lethal wounds.",,,
,,50,Capable Armament,Fate/Legends: Nirvana Yuga,"They do go through such abuse, the tools of all these legendary warriors. Not every man who fights through a thousand soldiers is lucky enough to have a weapon of the Gods at his side, so this option provides a capable alternative. These worthy tools are weapons of your choice that can withstand whatever force you apply in using it. Bows that always stand up to your draw strength and swords that never melt from being swung too fast, the weapons won’t have any special attributes beyond this. They’ll be fine weapons that most would be glad to use but nothing compared to what lays after this. You receive four different tools in this way, enough for a sword and bow and spear and shield. The classic tools.",,,
,,100,Attaché Case,Fate/Zero,"A basic metal case, this contains an assortment of guns and explosives for your use, whether on the job or for personal reasons. There’s a few handguns, a submachine gun, some grenades and a bunch of higher powered explosives in here. Unless you open the case, no one will be able to detect what’s in it, no matter what they use, but you can’t store anything else in here. If you use up the weapons inside, you’ll find some more a day later.",,,
,,100,Fancy Loot,Fate/Legends: God Save the Queen,"All the classic accoutrements that any pirate would be ashamed to go without. A murderously sharp cutlass and enough guns to supply a small navy too. They’re only musket and pistol varieties found in the Age of Sail but you seem to be able to pull them out with almost no limit, the same with new pirate swords. If you can aim and fire fast enough, you could just keep pulling out and throwing away a pair of pistols each time. The guns are high quality and work easily even when soaked in water but they tend to disappear a few minutes after leaving the hands of you or some member of your crew that you’ve supplied them too. 

You also receive a set of fantastic pirate outfits to suit your new occupation. While there’s the expected colorful coats and enormous pirate hats, you also have a range of appealing swimsuits to choose from, enough to have a fresh look every day you desire. If you happen to have the classic pirate injuries, you’ll find eyepatches, peg legs and even hook hands appearing in this little armoire. Everything’s sturdy and easy to maintain on your long voyages too.",,,
,,100,First Edge,Fate/Legends: The Land of The Rising Sun,"The most important body part of any and every swordsman is his sword. It is no lie to call it an extension of their body, as any swordsman worth the name will come to treat and feel it as one. This sword before you is one of traditional Japanese make, taking a form of your choice between the many made in this nation. It is of high class, sturdy and sharp even when clashing against metal armor directly. Short of magically enhanced targets, the edge will not chip and will cleave thick trees in two with a hearty swing. To say little of what it can wreak on a human body. Along with the sword is an ornate sheath and a replenishing kit to maintain both blade and container.",,,
,,100,Legacy Bow,Generic Fate Redux,"Once wielded by a red-haired student, this longbow is a timeless masterpiece with distinctive properties tied to its former owner. Imbued with an enchantment, the bow remains perpetually pristine, resilient to the rigors of any abuse it endures.

The true marvel of this longbow unfolds in the art of precision. When the archer dedicates a mere moment to aiming, they are guaranteed a flawless shot. A testament to its magical heritage, the bow ensures that no arrow loosed will ever miss its intended mark.",,,
,,100,Hunting Knives,Kara no Kyokai,"Sturdy and reliable, far better in the eyes of some hunters than some big fancy mystic code that might break if you need to show it through a demon’s eyeball and carve out their brain by hand. These knives you find yourself the owner of are never too far from your hand, sometimes just appearing in your pocket when need be. They’re all fairly rare, some even used to slay beasts or murderers before, but none have special properties beyond exceptional toughness and sharpness. You could stab one right through a stab-vest with ease and the blade being smashed with a thick pipe won’t even scratch it.",,,
,,100,None Shall Pass,Fate/Stay Night,"A somewhat ornate halberd formed from enchanted iron. Close enough to unbreakable to anything short of a Noble Phantasm, able to slice through metal like cheese and unfortunately, just a little too long for someone your size to wield comfortably. In fact, it seems like this Halberd has some sort of strange curse in which it is always slightly too long for anyone who uses it to use properly for someone of their size. I'm sure someone with magical abilities might be able to use it right or maybe just find some use for that increasing size.",,,
,,100,Murderer's Love,Fate/Legends: Vive la France,"There’s not a need for powerful magic or legendary swords when all you want to do is kill a man. A mere knife will do for that, like the one in your hand. It’s terribly sharp but looks really no different than a knife you might find in a kitchen. But it is quite hard for others to notice it, even small efforts to conceal it on your person allowing you to pass most inspections with the weapon unnoticed. It’ll only get more lethal once you make your move too, as bloodying the blade will just cause it to become sharper for the second strike, until you clean the blood off or it dries. It’s never far from your grasp when you need it, wherever you might be.",,,
,,100,Malpractice Methods,Fate/Legends: God Save the Queen,"Still encrusted with dried blood, these may be the very tools used by the true Ripper in his serial spree. A roll of surgical tools are present here, each one unnaturally sharp and capable of dealing agonising wounds to those cut by them. They can’t slice through metal or stone but mere flesh parts with ease and bone is cut in two or three swings. They can also be used for their original intended purpose, performing as sturdy and high quality implements for actual medicine, but they should probably be washed off first.",,,
,,100,Put A Gun On A Mage's Hand,Fate/Strange Fake,"Who said that Magi cannot adapt to the modern world? It has been centuries since the invention of firearms, so it’s only natural that magecraft has started to blend with them too. You have a small set of rifles, submachine guns and hand pistols that have been reinforced via magecraft to fire more accurately and faster, as well as allow a rougher usage than they should without breaking down. You also have been provided with a large set of bullets infused with magical energy. They aren’t going to kill servants due to their mystery being too weak for that, but they could be used to penetrate the defenses of most magi, as well as to kill some of the weaker supernatural entities.",,,
,,100,Loner's Wand,Fate/Legends: Land of Shadows,"It’s no big thing but gosh if it doesn’t look shiny. This softly glowing wand is quite the magical implement, along and thin tool that acts as a excellent focus for magical energy to improve both control greatly and power somewhat, though it’s probably not too useful for one that isn’t a mage themselves. Surprisingly, the wand is incredibly sturdy and can absolutely be used to stab someone in the gut like a very short spear or long knife.",,,
,,100,Rule 63,The Holy Man of The Church Creek,"Rule 63, the brainchild of the brilliant Azazel, is a remarkable yet slightly mischievous device that takes the form of a compact ray-gun. When aimed and fired at an individual, its extraordinary power triggers a profound transformation, altering not only their physical appearance but also their thoughts, emotions, and identity.

The target is seamlessly and comprehensively reshaped into the opposite gender, with the changes applied retroactively to their entire existence, ensuring a seamless integration into the transformed state. Even those without a defined gender will be bestowed one, adding a captivating element of unpredictability. However, as the wielder of Rule 63, you possess the ability to toggle this effect on or off at your discretion, granting you the power to bring delightful chaos or maintain order as you see fit.",,,
,,100,Ninja's Toolset,Fate/Legends: The Land of The Rising Sun,"The samurai has their armor and sword, the ninja has their bag of tools. This sturdy black bag is filled with everything you’ll need for your dark work. Standard weapons like sets of kunai and shuriken, a kusari-gama and a short blade are expected. A variety of infiltration tools, from rope to water shoes to climbing anchors, are also a necessity. The more valuable aspect of this bag is the extensive disguise kit and set of poisons available, both replenishing quickly after use. The disguise kit can allow for minor magical changes, like slight alterations in body shape and size, while the poisons are of moderate rarity, able to both kill quickly and painfully or non-lethally neutralise targets for a few hours.",,,
,,100,A Kingdom Is My Horse,Fate/Legends: Land of Shadows,"Snap and slash! A fancy little riding crop for a fancy little queen. While clearly of the highest make and easy to use to spur on a horse or cause a bit of pain to a unruly subject, the crop is actually enchanted for some additional uses. When intended as a weapon, the crop will strike with enough weight to break bone or even split a thick tree in two, or when intended to cause pain it can cause convulsions strong enough to cause paralysis in less sturdy types without leaving any actual wounds at all! Plus when you use it on a loyal subject, they won’t even protest as long as you don’t cause them serious harm or pain with it. Unless they want to. Lots of your subjects probably want to if it’s you.",,,
,,100,Sword-wielding Swordsman's Sword,Fate/Saber Wars,"A sword for a swordsman, fitting your preferred style. Whatever this is, it is clearly a sword. A six shooter, a surfboard, a magic wand, an actual sword- all are undeniably ‘swords’. Your sword here is a useful one, similar to Billy the Kid’s thunderer as being a fairly potent magical tool. You won’t be shooting down any starships but it’ll serve you well in a fight. Whatever you pick will also always count as a ‘sword’, however that might end up being useful for you. Even if people protest and say it is clearly just a gun. And not even a gunsword. 

An extra 300CP, for 400 total, gets you a sword that really matters. Short of the legendary Holy Sword itself, you can pick just about anything. A rainbow blade that calls down the fury of a god of war, a fairy made weapon that burns with the fury of the sun, even a shield imbued with the power of an entire nation. We all know that if you can make a sword, you can also make shields. Your ‘sword’ will definitely be one of the strongest weapons around, enough to threaten even powerful Servants.",,,
,,100,Stymphalian Birds,Fate/Legends: Empires of Antiquity,"A quiver full of bronze arrows, which seemingly never runs dry. When shot into the sky from a bow, each arrow will transform into one of Ares’ Stymphalian birds, each one the size of a vulture, with a body made of hard bronze and hostility towards any of your enemies. They are not very dangerous on their own, save to ordinary mortals, but hundreds of arrows can be short into the sky to create large swarms of the creatures.",,,
,,100,Mirror Shield,Fate/Legends: Empires of Antiquity,"A bronze shield polished on each side to perfection, letting you clearly see your own face in it, like an actual mirror. While a very durable magical shield it is, it does not match the common legend told in later years about it reflecting the Medusa’s gaze. Instead, the Mirror Shield is a magical sonar/radar device, that shows the layout of the surrounding area and the presence of any creature with a heartbeat onto the inner side of the shield, allowing the user to capably fight without ever lowering their shield from their eyes.",,,
,,100,Sword of the Jumper,Fate/Legends: Empires of Antiquity,"When the hour is grim and your men lose hope, it is your sword held aloft that will catch their eye and inspire them to stand once more. This simple blade of a design of your choice is a representation of you as a king and a commander. A magical blade of some strength, it’s real benefits are that your allies that see the blade will feel themselves filled with vigor, strong morale and a belief that they can keep fighting even when it seems hopeless. An effect that will become more potent the more your forces actually do believe in you already. The sword is also linked to a small rift, allowing you to store any single mount or vehicle of your choice and instantly summon it to your location by cutting the air with your new sword, which opens a rift of size equal to the cut you made. Sadly, the cuts don’t have any effect beyond opening this rift, though clever use could make the portal a nice way to chop things that are hard to cut. Maybe a particularly difficult knot. You may import a melee weapon into this item.",,,
,,100,Arrows of Love,Fate/Legends: Nirvana Yuga,"Shining red shafts, pulsing with the potential for love and life. A quiver that quivers with arrows of love, to cause and change and take it all away. The tools of the once God of Love, now corrupted to evil. These magical arrows are able to manipulate the love that people feel when struck by them, not doing true damage but changing any who cannot resist their magic. Many kinds of arrows exist, for causing different kinds of love. The target of the arrow will strongly feel the love you strike them with, towards the recipient you are thinking of when you loose the arrow towards them. The less one can resist, the stronger and more lasting the love is. Ordinary mortals can be overtaken for their entire lives. And even against those with more power, the arrows can be charged with energy. Both to reinforce their normal properties and to change them somewhat. Charging an arrow with energy while feeling hateful emotions has the potential to damage or destroy love and emotional bonds, not create and alter existing ones. To fit your cupid-like nature, these arrows cannot be felt by those hit by them. They can be seen by any who can perceive magical things like spirits or ghosts but even a god will feel no pain or pressure from an arrow piercing their heart. If you have none, the arrows will manifest a magically sturdy and capable bow for you.",,,
,,100,Sudarshan Chakra Yamaraj,Fate/Legends: Nirvana Yuga,"Now here’s a real weapon, a worthy force for any heroic figure. A massive chakram, bigger than a grown man and made of impossible heavy metal that allows it to crash through even enchanted steel with ease. Despite this mass, it feels light as a feather to your touch and as easy to manipulate as your own limbs. The chakram spins at incredible speeds with a twitch of your wrist, allowing the blades that sprout from it’s rim to cut through most material. When spinning like this it can even be unleashed to roll towards enemies at high speeds, homing in and returning to you via magic. The final aspect to this divine weapon is the holy fire that can be summoned from it. Never harming you but growing in size and intensity the faster the blade spins, it creates a combination tool that crushes, cuts and burns through all enemies that stand before it.",,,
,,100,Agni Gandiva,Fate/Legends: Nirvana Yuga,"A gift from the God of Fire, this ornate bow forbids the hands of any human but it’s chosen wielder to lift it or draw back it’s string. Taking the same form as the favoured weapon of Arjuna himself, the bow will grant great force to any arrow loosed through it and is capable of wreathing these shots in heavenly flames. A mortal man could shoot through thick castle walls and unleash fireballs that melt down dozens of men at the target point but it will only give greater results when wielded by one with already great strength or abilities relating to fire. Arrows will form at the side of the bow if none are given by the holder, pure fire solidifying into an arrow for your use.",,,
,,100,A Poster,Fate/Hollow Ataraxia,"You get a poster that came in a hard, plastic tube. It may be nothing spectacular, but it’s an okay fighting implement in a pinch and once per jump can block any physical attack (anything physical, even if it has magic in it, so long as it’s also physical it will be blocked). You have to actively use it to block the attack; it’s not a passive boon.",,,
,,150,Mystic Code,Generic Nasuverse,"Grants a mystic code of above average power. That is, something useful, but all that notable.",,,
,,150,Electric Pulse Rifle,Generic Nasuverse,"A weapon from the future. It fires bursts of electrons. In other words, lightning. Only, using futurist technology, the electrons stay clumped together.

It harvests electrons from the environment and is solar powered with a battery that can last decades. You’ll have to maintain it yourself, but it was built to last. It’ll take some serious impacts for it to stop working.",,,
,,200,Tools of the Trade (Mundane),Generic Nasuverse,"Things such as thermal vision goggles, grenades, C4, combat knives, all manner of guns, poisons, chemicals, and more. Essentially, any tool that an assassin would find useful.

This only extends to tools. Not things like vehicles or computers.

These tools can be summoned on demand. The Jumper will have an innate sense of what’s available for them to summon.

These tools are produced at a constant rate, with the rate each tool is produced depending on the complexity and power of the tool. For example, throwing knives would be produced much more quickly than bullets and guns. In turn, bullets and guns would be produced more quickly than C4.",,,
,,200,Torshinai,Fate/Stay Night,"This totally ordinary shinai comes with a cute yellow tiger accessory. It is completely normal and any feelings of impending, utter doom that surround the blade and its wielder are simply imaginations on behalf of the viewer. If such an aura did exist, it would be quite effective in unbalancing any opponents the wielder might have. But such an idea is obviously foolish.",,,
,,200,Nanatsu Yoru,Tsukihime,"It gleams so nicely in the moonlight, doesn’t it? A simple knife that has a simple inscription on it: “Seven Nights” in Japanese. It blade is far sharper than any mundane blade, and nobody seems to realize it's a weapon until you start actively trying to use it - and that gives you the lovely opportunity to slide it between their ribs.",,,
,,200,Murderer's Best Friend,Fate/Zero,"Your ever trusty companion. Coming in whatever type or model of knife you want, this razor sharp implement is able to shear through flesh and bone like a hot knife through butter. It can even get through metal with a hack or two. It’ll keep itself sharp for you so you don’t need to worry about taking care of it and even if it gets coated in blood or gunk, it won’t lose its’ cutting edge. And like all best friends, it’ll always be there for you. All you need to do is reach behind yourself or into a pocket and it’ll appear in your hand, good as new and ready to slice. This can be imported into.",,,
,,200,Black Keys,Tsukihime,"Short swords designed to be thrown, these Conceptual Weapons are effective against spiritual entities. By striking an opponent's shadow you can bind their movements; and it's significantly more difficult to remove them by hand when this is utilized, giving you the chance to strike at them.",,,
,,200,Śarīra,Kara no Kyokai,"Within one of your arms, the remains of a holy buddhist monk have been interred, fused to the physical form within. It makes the arm in question into a holy object, a force of significant power against unholy creatures of the night and even weakening weaker beings of such a nature by presence. It’s presence in your body also grants a greater resistance to death, making it significantly more difficult for death effects to be applied to you. While you take damage and injuries as normal, it makes you appear quite a lot more enduring than a normal human, and abilities like the Mystic Eyes of Death Perception would require prolonged focus to see your lines of death.",,,
,,200,Carnwennan,Fate/Legends: Garden of Avalon,"A mystical dagger that belongs to the king, though it appears he will not have much use for it now that you have it. This dagger, beyond being a enchanted weapon that can cut through steel like a hot knife through butter, has the ability to turn the holder invisible when they wish to be. It becomes impossible to detect the user through sight, even with magical sight, though other signs of the users’ presence will remain, such as the sound they make or the heat they give off. ",,,
,,200,Yaga Rifle,Fate/Legends: Baba Yaga,"This hunting rifle might seem out of date at a first glance, inferior to any truly modern firearm. In a different world not meant to persist, this is still the peak of technology. Wielded by Beastman living for nothing but continued struggling, this is their best friend and the perfect tool to hunt the ravenous beasts. The reason is simple. It is particularly effective for hunts against Demonic and Phantasmal Beasts, impacting their hide and flesh more than any other bullet would. You gain an ever replenishing supply of ammunition for this rifle too.",,,
,,200,Sessho Seki,Fate/Legends: The Land of The Rising Sun,"A killing stone made from the corpse of a terrible Youkai monster. Seeping from the cracked edges is a poisonous curse that quickly slays most living beings, only those with powerful resistance to poison or intense spiritual fortitude can withstand it. It doesn’t seem to bother you though, perhaps whatever youkai created this stone would’ve been fond of you. It even allows you to break off small fragments from the stone, which turn into spiritual familiars in the form of kitsune. While physically weak, they can spread the Sessho-seki poison with their bite and are able to possess living beings. A strong will can resist one fox but many at once can dive into the minds of a person, forcefully taking over their mind and making them seem insane to onlookers. The stone will replenish lost fragments over time, maybe even learning to communicate with you directly with continual contact.",,,
,,200,Boudica's Sword,Fate/Legends: God Save the Queen,"A sword that holds no promises of victory, yet remains both holy and strong regardless. Once wielded by the rebellious queen Boudica, the straightforward blade has practical uses. It’s edge is potent enough to cut even the best Roman armor easily and with only a slight amount of energy, it can fire quick blasts of magic across a distance, even at a very high rate of fire. These blasts won’t knock down castle walls but they can certainly tear men or horses in half with each shot. Calling on Boudica and the glories of the blade can let you charge these blasts together, pouring more magic in to create a much stronger attack. The more energy you give, the larger and more intense the blast will become.",,,
,,200,Seafarer's Guns,Fate/Legends: God Save the Queen,"Either the work of a hired witch of some sort or just stolen from someone that wasn’t nearly as good at piracy as these weapons implied, you’ve got yourself a magical arsenal. A pair of flintlock pistols, firing bullets formed from very small amounts of magical energy, yet hitting with the force of a large rifle each time. They can be fired at great speed, several times as second, so long as you pay the energy and charging the shots to greater strength is entirely feasible. The pair of cutlasses you have strapped to your side work much the same way, made of enchanted steel with cutting power that grows as you invest more energy into them, potentially even creating slashes of energy at range. The final part of this set is a massive musket, able to magnify magical energy used for it to several times the strength of the pistols, while maintaining that force without bleed off even at long range. Blow away the entire upper body of a rival captain as soon as you see his ship on the horizon, as the musket is fitted with magical sights to aid long ranged attack.",,,
,,200,Kama Sammohana,Fate/Grand Master,"A quiver of arrows borrowed from Kama, these magical weapons are derived from her noble phantasm. They have age-changing properties and the power to turn men into shotas and women into lolis and back again, with a single arrow performing one transformation. This has a side-effect of reducing your target’s skill in combat thanks to needing to fight with an unfamiliar body. A servant struck by one of these arrows would be reduced to a weakened “lily” form, such as the difference in power between Gilgamesh and his child form. Another arrow will revert the target back to their previous age, or you could just leave them like that forever. However a large amount of magic resistance can make a target resistant to these arrows.",,,
,,200,Black Swordsman's Beam Sword,Fate/Revelation Online,"The finished version of the seemingly doomed Mystic Code that the Black Swordsman and Sixth Ranger had attempted to create together. It is what it says on the tin: A Beam Sword, a Light Saber, a weapon whose blade is entirely made from concentrated Ether. This is a powerful Mystic Code, so be careful in how you use it if you don't want to draw too much attention, especially before Mystic Codes are implemented. In addition, you will also receive the schematics of this item. As with all purchases, this cannot be stolen or destroyed.",,,
,,200,Karmic Poison,Fate/Grand Order: Cosmos In The Lostbelt,"One of the oldest tricks for assassination, poison remains a popular choice to kill those who are too well defended to face normally. And with this purchase you get a dose of a very potent poison indeed. Sourced from a Chinese Mystic, the Xiān Shuāi Míng Mài is a poison that is not only incredibly deadly even if slow-acting, but also becomes more lethal the more bad karma the target has accumulated. Essentially, the more bad deeds someone has done, the worse this poison will affect them. You get one dose of this poison, strong enough that even just half of it would be enough to disrupt the internal organs of unscrupulous people and kill a benevolent and generally innocent human after a few weeks. Additionally, you get one dose of the antidote, in case you accidentally poison yourself or something. The poison itself is supernaturally potent enough that anything short of a absurd resistance to magical poisons won’t be enough to stop its full effect, and given that it is sourced from an alternate, pruned timeline, it’ll be impossible for most to find or develop an antidote without somehow reaching the third Lostbelt. Both doses are returned to you the month after they are used or lost. What will you use this for?",,,
,,200,The Vritra Gears,The Holy Man of The Church Creek,"Vritra, the Black Dragon King, was separated into four different Sacred Gears. These four gears include Absorption Line, Blaze black Flare, Delete Field, and Shadow Prison. Absorption Line resembles a small lizard on the user's wrist that can absorb and transfer powers from others. Blaze Black Flare grants the user control over Vritra’s unique black flames. Delete Field has the ability to suppress the power of your foes though beings overwhelmingly stronger can ignore this effect. Lastly, Shadow Prison allows for the creation of restraints made from Vritra’s black flames. You may pay 200 SP to acquire these gears individually. Alternatively for 600 SP you may purchase all of the gears in a bundle. Doing this will also boost the power of the gears greatly making them on par with a Longinus.",,,
,,200,Yew Bow,Fate/Legends: God Save the Queen,"A crossbow crafted by the hands of one of the many who took up the Robin Hood mantle. Made from the yew tree, each shot from this bow contains a terrible poison, which can weaken and harm even a heroic spirit or powerful demon, with normal humans falling in moments from it’s effects. The arrows appear to the wielders hand when needed, allowing for quick loading for the bow that can optionally fire at quite the rapid speed. 

With a brief surge of energy and calling the crossbow’s name out, a variety of magical effects can be utilised. The first and most lethal is that anything the next bolt fired touches, will see any impurities, diseases or poison in their bodies instantaneously amplified. Only a touch is required as well, making defence difficult as the bolts do not need to pierce the enemy. The effect of this can range from merely intensifying the existing effects and duration to creating an explosion like lightning up gunpowder within their body. Alternatively, the same calling of the name can cause the next arrow to create an area around where it lands that automatically transfers a weaker dose of the Yew poison, strengthening as long as they remain within. 

Finally, through expending magical energy, the Yew Bow can create trees under the user’s command that originate from Sherwood Forest. These can appear as roots that swarm and bind targets, originating from bolts shot by the bow, or as trees that appear and shape themselves to the wielder’s wish from around their body.",,,
,,200,Excalibur Destruction,The Holy Man of The Church Creek,"Excalibur Destruction is one of the shattered remnants of the legendary Excalibur, commanding the destructive power of the legendary sword. When wielded, Excalibur Destruction becomes a weapon of cataclysmic might, capable of sundering even the most formidable defenses. With each strike, the shard releases a surge of overwhelming energy, tearing through obstacles and obliterating adversaries with devastating force.

However, harnessing the full potential of Excalibur Destruction requires great skill and control. Its power is awe-inspiring but also inherently volatile, necessitating caution and precise execution to prevent unintended collateral damage. This shard is a testament to the awesome destructive capabilities that Excalibur once possessed, now harnessed within a singular fragment.",,,
,,200,Excalibur Mimic,The Holy Man of The Church Creek,"Excalibur Mimic is a shard of the legendary Excalibur, infused with the art of transformation. This fragment possesses an uncanny ability to manipulate perceptions and mimic various forms of weaponry. When wielded, Excalibur Mimic adapts to the desires and intentions of its wielder, transforming its appearance and properties accordingly. It can seamlessly shift between different weapon types, mimicking the strengths and characteristics of swords, spears, axes, and more. This versatility allows the wielder to adapt swiftly to changing combat situations and exploit the weaknesses of their opponents.",,,
,,200,Excalibur Rapidly,The Holy Man of The Church Creek,"Excalibur Rapidly is a fragment of the shattered Excalibur, infused with the essence of unparalleled speed and agility. This shard embodies the swiftness and grace that once characterized the legendary blade. When wielded, Excalibur Rapidly grants its bearer unparalleled quickness, enhancing their reflexes, speed, and agility to supernatural levels. With each swing, the shard effortlessly cuts through the air with blinding speed, leaving trails of afterimages in its wake.

This sword is especially effective in close-quarters combat, allowing the wielder to swiftly evade attacks, deliver lightning-fast strikes, and seamlessly transition between offensive and defensive maneuvers. The speed and fluidity bestowed by Excalibur Rapidly grants the wielder an almost preternatural advantage in combat, enabling them to outmaneuver opponents and strike with precision.",,,
,,200,Excalibur Nightmare,The Holy Man of The Church Creek,"Excalibur Nightmare is a fragment of the shattered Excalibur, bearing the essence of illusive and manipulative powers. It grants its wielder the power to conjure lifelike illusions and control the dreams of others. When wielded, Excalibur Destruction allows the user to manifest a myriad of illusions limited only by their imagination. These illusions can deceive and disorient opponents, creating chaotic and unpredictable scenarios on the battlefield.

Additionally, the shard enables the wielder to manifest multiple duplicates of themselves, confusing enemies and enhancing their own combat prowess. Harnessing the full potential of Excalibur Destruction requires honing one's skills in illusion magic and mental manipulation. The shard empowers the wielder to immerse their foes in nightmarish visions and seize control of their dreams, further weakening their resolve and leaving them vulnerable to manipulation.",,,
,,200,Excalibur Transparency,The Holy Man of The Church Creek ,"Excalibur Transparency is a shard of the shattered Excalibur, resonating with the essence of invisibility and transparency. This fragment embodies the art of concealing one's presence and actions. When wielded, Excalibur Transparency envelops the wielder and the sword in an ethereal veil, rendering them invisible to the naked eye and most forms of detection. The wielder can use this cloak of invisibility to maneuver unnoticed through enemy lines, launch surprise attacks, and gather vital intelligence without raising suspicion.",,,
,,200,Wisonsin Death Trip,Fate/Legends: Strange New World,"It’s loud, it’s noisy, it’s positively furious. It’s the most offensive chainsaw ever made and there are so many ways to apply that. Bright pink and screaming, the Death Trip is a chainsaw with some impressive qualities, beyond the fact that it can chew through magically enhanced steel or diamond like it was a thin twig. The chainsaw is especially effective against magical targets and while it can’t cut through everything, it’d take a very powerful magus or spirit to resist it fully. What it does cut won’t heal for a long time either, the brutally jagged wounds left by the saw blades take much longer to heal even with supernatural aid. The chainsaw’s always useful as well, since it’ll grow in size to match you regardless of how BIG you become, is summoned to your hand with a thought and never runs empty on fuel. It’ll barely weight anything to you as well. As you get angrier, the saws will spin faster too, so with enough rage in you, you might even find the wind around the blade is dangerous just by itself!

You may import a melee weapon into this item but it must become at least partially a chainsaw. Wisconsin Death Trip never stops, no matter the form it takes.",,,
,,200,Boneless Man,Fate/Legends: The Land of The Rising Sun,"A double-edged spear with a long blade, this appears to be quite a sturdy weapon. A button found on the haft will open the head, splitting it into a cross guard and revealing a smaller blade at the end of the spear, which can be a brutal finisher if the spear head happens to be impaled in someone when you split it. But the Boneless Man earns it’s name not for being a trick weapon but for how it cuts through men. Before the edge of this weapon, it’s targets are cut through as if they had no bones. Swinging the spear head through a man would be like cutting through a bag of meat and blood, treating the bones as if they were air to cut through. The defence nullification of the spear extends to any similar skeletal form, removing the defensive properties of internal structure that could be compared to bones.",,,
,,200,Beast Fang,Fate/Legends: Empires of Antiquity,"Some monsters, notably those in humanoid forms, enhance their capabilities in a similar way to humans- they make use of tools. This weapon is a tool most suited to you, as it is based on an animal closely associated with you, and magically enhances you in relation to feats connected to that animal. A snake association may result in a similar spiked chain as Medusa owns and significantly enhance the flexibility, acrobatics and striking speed you have while fighting with the weapon. The weapon itself is a fairly powerful magical weapon and will have high quality attributes, perhaps even a moderate magical power of it’s own connected to that chosen animal, such as poison. Whatever the case, the weapon acts as an extension of your body and you will be naturally masterful at it’s use, even should you have no formal training in it. You can import an existing suitable weapon into this.",,,
,,200,Trusty Sidearm,Fate/Legends: Strange New World,"When push comes to shove, as long as you have some iron in your pocket, you’ll be right. If the other guy’s dead, who’s to say what really happened? With a gun like this, it’ll be a rare time for you to be outshot by someone. One of the classic revolvers of the Old West, it takes the form of, but it’s far more than any simple gun. Not only does the gun never seem to run out of bullets, even if you still need to go through the motions of reloading, the bullets fired form the gun possess supernatural power and speed. One shot can stop a train dead in it’s tracks if fired head on or blow a hole in the head of a middle league Servant, who aren’t going to be able to dodge or block as easily given the bullets move several times as fast as before. The final trick is that when holding the gun, your perception of time will slow to a crawl, letting you see the wings on a fly slowly beat in the air. It’s a lot easier to do a trick shot when the world takes a breather to let you do it, though you can adjust this down if needed.

You may import a gun you already own into this item.",,,
,,200,Rule Breaker,Fate/Legends: Empires of Antiquity,"A jagged, seemingly made from glass dagger that clearly looks unsuitable as a weapon. A powerful anti-magical weapon that while poor in combat, is superb in tearing down the workings of other spellcasters. A touch of the blade is able to dispel and return to the original components any magical spell, any enchanted item or person, magical contracts and bindings, magical connections and even creatures made or maintained via magic. As the wielder of the dagger, what is affected by the dispelling is controlled by you, letting you touch a summoned being to remove their contract without banishing the summon itself. However, as potent as this dagger can be, it is unable to work on magic of a great enough level, such as the more expensive items found in this list or similarly powerful spells or beings.",,,
,,200,Jumper's Gae,Fate/Legends: Land of Shadows,"The ever present weapon of choice in these lands. The spear stands out as the perfect choice, with similarly perfect balance between offense, defense and evasion. No wonder all the great heroes make use of one or more. Now you get the chance to buy your own magical spear as well. Each purchase of this option allows you to design for yourself a spear of great magical potency. Examples of the spears you can create would be things such as the legendary Gae Bolg, a cursed spear which reverses cause and effect to strike it’s target through the heart regardless of their actions or abilities, or the Gae Dearg, a spear that severs all magical energy it touches, even breaking contracts and mighty artefacts below a certain level. You can’t have a spear that goes beyond the relative power of these but if you buy one, you can buy extra copies of the spear you have had created for you at 100CP, half the normal price. You can also spend the full price again to create an entirely new second spear instead of an extra copy.",,,
,,200,Hrunting,The Holy Man of The Church Creek,"Hrunting is a legendary sword of great power, forged and wielded by the mighty hero Beowulf. This ancient weapon possesses a unique and fearsome ability to seek out the blood of its foes, granting you unparalleled tracking capabilities in battle. The sword possesses an uncanny instinct, guiding you unerringly towards your enemies, even in the darkest of depths or the most treacherous terrains. As Hrunting cuts through your foes, its blade exhibits a remarkable transformation.

With each strike, the blade becomes infused with the blood of your enemies, turning from its original state to a deep and vibrant red. This crimson hue symbolizes the absorbed life force and essence of those it has vanquished. The more blood Hrunting absorbs, the stronger and more powerful the blade becomes, heightening its cutting edge and overall effectiveness in combat. The crimson infusion of blood not only enhances the blade's cutting prowess but also imbues it with an aura of dread and ferocity, instilling fear in the hearts of your enemies.",,,
,,200,Imperial Blades,Fate/Legends: Empires of Antiquity,"A twin option, for there are two choices to make here. Two legendary blades of the Roman Emperors are available for purchase here. The first is that of Aestus Estus- The Original Flame. A powerful magical blade forged from a meteor’s metal, the blade is both nigh unbreakable, unnaturally sharp and able to alight with the flames of the heart of a volcano, melting most of that the metal touches and badly scorching anything that comes near or even further given that the sword can unleash great lashes of flame at your command. The other choice is Crocea Mors, fabled weapon of Caesar himself. It bestows great luck upon the wielder in battle, both against personal foes and on a wider strategic scale, as well as often enabling the wielder to instantly attack again after they make an attack, sometimes even multiple in a row. As far as anyone can figure, it’s a roll of the dice as to if and how many times it happens for each time you hit a foe. You may import existing swords into either option.",,,
,,200,Class Card: Assassin,Fate/Kaleid Liner Prisma Illya ,"The Class Card of Hassan-i-Sabbah, the Hundred-Faced Hassan.",,,
,,200,Harpe,Fate/Legends: Empires of Antiquity,"Strangely shaped it may be, this scythe like sword is still a legendary weapon. Harpe is a powerful magical sword with a inward curving blade, resembling a scythe or hook at the end, with an edge on the inner curve. Supernaturally sharp as any magical blade is, the special power of this weapon is the Refraction of Longevity, a divine attribute that allows it to deal wounds to any ‘immortal’ beings and make it impossible to recover from with any means but natural processes. Regardless of the power of the magic used, the wounds Harpe inflicts will not close up until and unless they naturally would. Needless to say, Harpe being used for killing blows ensures that the vast majority of immortals will stay dead once made dead.",,,
,,200,Diatrekhōn Astēr Lonkhē,Fate/Legends: Empires of Antiquity,"Straightforward is sometimes the best way to go. Rather than rely on special capabilities that form the core of a fighting style, the best course of action is to have a reliable weapon that enhances what you can do even without it. The spear of Achilles does just that. A very well made weapon, with a sharp and sturdy design, with high capability for use as a spear and a throwing javelin. It has two magical abilities. The first is that the wounds created by the spear cannot be healed without very powerful magic, so long as the spear exists. Similar to the red spear of the later Irish hero Diarmuid, the wounds this weapon makes become part of the normal state of any victim. The second ability is to create a bounded field for dueling. A battleground is created where it becomes impossible for gods, outside help or luck of any kind to interfere in the battle between the two combatants. This created battleground is a separate dimension, divided in space and time from the outside world, ensuring any duel lasts just a brief moment to outside view. The rules of the duel are decided on by both combatants together, but enforced fully on agreement, and the battleground can only be summoned provided both agree with full knowledge of the details of this ability. Only once one of the two are defeated can the field be escaped.",,,
,,200,Sword or Shield,Fate/Legends: Empires of Antiquity,"Offense and defense remain ever as important as each other. The common shield bearing spearman may not be impressive to look at but he remains highly effective, only moreso when he’s a budding demigod with this sort of magical weaponry. The two options here are bought separately, both at a discount for this origin. You may import a spear/sword or shield respectively into the options. 

The first is a spear, Durindana. A golden throwing spear that is said to be able to pierce anything. While it’s not quite that impressive, even a Demigod like Heracles could see it cutting through his nigh-impenetrable skin. Short of extremely potent magic specifically focused on defense, like the shield to come next, it’s impossible to defend against the weapon. Certainly, anything mundane will be pierced and cleaved without issue. The spear itself is also able to shorten it’s long staff and become a simple long or short sword. It’s not looking like much but it’s surprising what being able to instantly extend the reach of your weapon to that of a long spear can do for you. 

Rho Aias, a seven layered shield of impenetrable might. The shield itself is as capable as any magical shield could be asked to be, not invincible but close enough and a handy weapon at the same time. It’s true power is when a small amount of magical energy is poured into the shield, which will caused seven enormous bounded fields to be created, appearing like petals of light layered over each other. These petals are an absolute defense against any thrown weapon, negating the attack without question. Even against attacks that are not thrown, the layers each themselves are as tough as a mighty fortress and significantly reduce the power of an attack as it breaks through each layer. While energy must be constantly put into the shield, though the cost is low, to maintain the petals, they can be summoned at any place and in any orientation that you can see from your current position in a moment. Not only can you protect yourself from surprise attacks while wearing the shield, you can potentially extend the petals to cover entire castles in their embrace.",,,
,,200,Pashupata,Fate/Legends: Nirvana Yuga,"A Divine Construct made by the hands of Shiva himself, this tool appears as balls of light that float around your person and can deliver powerful attacks in the form of blasts and beams of burning light. But these are partial uses of Pashupata. When fully activated and held aloft in your arms, the light concentrates into a single point and radiates beams of light that attack all within range, easily able to cover an entire battlefield. Any touched by the light may be crushed, a chance of instantly undergoing Moksha. If they are unlucky, they will be forcibly removed from the cycle of life and death. The more divine a target is, the greater the chance of suffering death is, while the opposite applies for anyone of a villainous nature. A tool perhaps not meant for war but effectively against heroic forces nonetheless.",,,
,,200,Providential Gourd,Fate/Legends: The Land of The Rising Sun,"From Shuten Douji’s own private collection, graciously donated by demon hunters seeking to cut off her head. This small gourd of sake contains an unlimited amount of the drink, normally so potent that even Shuten becomes tipsy and amorous from a few sips. To any humans, it’d be outright poisonous to take a sip. With a surge of magical energy into the gourd, the drink turns into a terrible poison that lays Oni low in moments and can even shape the sake into a sharp sword extending from the mouth of the gourd. Touching the sake sword inflicts a strong poisonous effect as well as instant drunkenness, making short work of most enemies. Alternatively, someone ‘slain’ by the sake sword can be imprisoned inside the gourd instead of killed, kept in an eternal drunken stupour while present. Apparently, it gives the sake extra flavour too.",,,
,,200,Staff of Selection,Fate - The Island of Sin,"An elaborate staff bearing a sliver of wood from Avalon, it is the birthright of the Avalon le Fae and a symbol that they will bring deliverance to the faeries. It is a top-tier magical implement, capable of focusing your abilities so you can use any form of supernatural ability at only a fragment of the energy cost you would normally expend. Furthermore, the staff itself is unbreakable, and despite it’s awkward-looking shape has perfect balance, making it an excellent melee weapon. If you have the staff present when you perform any sort of ritual magic, the ritual will take only 1/10th as long as it normally would.",,,
,,200,Corrupted Staff,Fate - The Island of Sin,"Once, this was a staff meant for magecraft, wielded by the heroic Aesc. But as she fought more and more, and was betrayed over and over again, and eventually fell into despair, her staff became something else, a Demonic Spear—or perhaps you could more accurately call it a halberd. Not only is it ferociously power of its own accord, but it can shapeshift into whatever weapon its owner desires. When you swing this blade, it will slash at any foe you can see, regardless of the distance between you. It still works as a focus for magecraft, too.",,,
,,200,Vishnu Baja,Fate/Legends: Nirvana Yuga,"The great gallery of weapons that the hero Rama was granted by the Sage Vishwamitra. Stored in a dimensional pocket connecting to your being, you have access to dozens of powerful divine weapons with a variety of magical effects, mostly focused on anti-divine and anti-demon combat. They’re easy to wield for you, feeling natural in your hands, and this only improves the greater your divinity becomes. Those with the blood of a demigod could easily wield multiple of these weapons at once, floating through the air around you as if through telekinesis. A full god could bring out even greater power from each weapon and potentially have the two dozen or more tools all attacking at once! While there are many legendary weapons held within, some appear as inferior copies, such as the tools of Shiva himself. Vishnu Baja contains powerful tools but individually they would be more along the power held by the Agni Gandiva or Sudarshan Chakra.",,,
,,200,Sōkyoku,Vasto of Whiite,"The Sōkyoku is a powerful execution tool. It takes the form of a large wooden tower, resembling a Japanese pagoda, and is decorated with intricate carvings and embellishments. Its purpose is to execute the most dangerous and heinous of criminals by purifying their souls and sending them to the afterlife. The Sōkyoku possesses an incredible amount of spiritual power, equivalent to that of a million Zanpakutos combined. This power is magnified tenfold when it injures someone directly, allowing it to purify their soul instantly. This makes the Sōkyoku a devastating weapon in the hands of a skilled user, capable of completely annihilating the souls of its targets.

However, due to its immense power, the Sōkyoku is a difficult tool to wield. It requires an extremely strong will and vast amounts of spiritual energy to control effectively. Despite its primary function as an execution tool, the Sōkyoku is capable of performing other functions as well. For example, the Sōkyoku can create a massive explosion, capable of destroying the Seireitei in its entirety. Overall, the Sōkyoku is a formidable item with immense power and versatility. In the right hands, it can be a tool of justice, while in the wrong hands, it can bring destruction and chaos to the world of Bleach.",,,
,,200,Vasavi Shakti,Fate/Legends: Nirvana Yuga,"The spear to slay gods, the one shot weapon of the Thunder God that has the legend of destroying whatever it is used against. This enormous weapon, longer than a full grown man, is an exceptionally capable tool to slay Gods. The spear itself is more than capable of slicing and piercing most targets but becomes many times more powerful when faced against anything with Divinity, able to strike at the very core of such beings and deal wounds despite their protections. But when a vast amount of magical energy is forced into the spear, enough that a powerful demigod would feel exhausted from it, Vasavi Shakti awakens to it’s true form. Shattering the thick restraints on the spear, an ungodly fire is released in all directions, enough to vaporise the land for miles around. Just a side effect of the power, the spear’s tip will unleash a ray of light capable of killing even the most powerful Divine Spirits of the land if struck. This ray tears through all things, even magical concepts such as bounded fields are erased by the power. With even more energy, the power could grow greater and greater. Once used, the spear will slumber in order to repair the damage it sustains from activation, unlikely to answer your call for a day.",,,
,,300,Specialized Mystic Code,Generic Nasuverse,"Spellcasters are well known for their poor magical education. However, it's also true that many spellcasters are specialists in their field of expertise. Sometimes, that's due to their own skill. Sometimes, it's because of a mystic code.

This allows you to design a reasonably high level mystic code for yourself. That is to say, powerful, but not on the level of a supreme mystic code or an E rank Noble Phantasm.",,,
,,300,Easily Overlooked Sword,Fate/Apocrypha,"Well, it’s sharp, and pointy, and you can use it to cut and stab things. It doesn’t shoot sword beams or anything like that and appears entirely mundane if well made. Others wouldn’t realise it’s actually capable of hurting a Servant, being just magical enough to count – maybe it’s an unnamed Noble Phantasm? Either way, even your opponents will forget you had this thing if you can get them distracted by using another sword or being flashy with magical beams and landscape-altering attacks, and that might give you just enough time to tip the fight in your favour with this thing. You can even pull it out from behind your back if you don’t want to have it in the sheathe – maybe even you forgot you had it on you until then?",,,
,,300,Lifeblood Weapon,The Holy Man of The Church Creek,"Certain beings possess special weapons that are designed for them. These weapons are sometimes referred to as Lifeblood weapons which are intrinsically linked to their wielders. Each of these weapons is crafted with meticulous precision to align harmoniously with the user’s essence. While not necessarily the most renowned or renowned weapon in existence, the Lifeblood Weapon is uniquely tailored to your individual strengths and capabilities, possessing the remarkable potential to surpass even the mightiest of arms. As a symbiotic extension of your very being, this weapon grows and evolves alongside you, adapting to your progress and mastery. It is an instrument through which your skills and prowess are channeled perfectly. Lastly, you have the ability to summon this weapon to yourself at will and you may store it within your body",,,
,,300,Phantom Maiden,Grand Foreigner,"Phantom Maiden is the Noble Phantasm used by Carmilla. The Phantom Maiden takes the form of a large Iron Maiden with a set of chains that can pull its target inside it. There are three qualities that the target can possess that makes this phantasm far more effective. The first is whether the target is female. The second, is whether the target is considered beautiful. Third, is whether the target is considered young. Ironically this means that Carmilla herself is the perfect target for her own phantasm as she is considered a young beautiful woman. Lastly, all of the damage dealt to the target is then used to heal the user.",,,
,,300,Lord Chaldeas,Grand Foreigner,"When Mashu was struggling to learn which Servant bonded to her she was given a lesson by Cú Chulainn. He instructed her to focus on what mattered to her to protect her Master. As a result she channeled her love for Chaldea and her Master creating a powerful shield. It was not the true Noble Phantasm she possessed, but her own unique copy. This Noble Phantasm takes the form of a large shield. It may not be as strong as Lord Camelot, but it also doesn’t require as much energy. This phantasm additionally is still strong enough to resist head on attacks from Excalibur and similar powerful blows.",,,
,,400,Ether Lite,Tsukihime,"A wire-like substance meant to be used as a fake nervous system but can also be used as an extremely sharp, ridiculously long whip. If attached to another they can be used like a puppet and can read their thoughts as it manipulates their nerves. You may also release the limiter in someone’s brain, giving them a temporary massive boost to their physical abilities, after which they collapse, unable to move for a few hours. A true master can even copy or manipulate another memories with this technique. It can be used to replace damaged or destroyed nerves.",,,
,,400,Alchemical Wires,Fate/Zero,"A large spool of wire has come into your possession, a particularly adaptable mystic code based on the alchemy used by the Einzbern family. This wire, so long as it is touching your skin in some way, responds to your thoughts to control it. It is impressively fast, such that no ordinary human would be able to react to its speed and it can adjust its sharpness freely. At one end it is dull but capable of lifting and throwing a small car with all the wire but at the other end it can slice through stone and metal with barely any resistance. It’s even possible to turn the wires into physical bodies, such as birds, swords or shields. You have a few hundred meters of wire at first and know how to recreate this wire, though the skill level required may take time to reach, and you can only handle so many wires at once without improving the limit of your mind.This can be imported into.",,,
,,400,Heirloom Weapon,Kara no Kyokai,"An ancient weapon of a Demon Hunting clan, perhaps even a replica of the Kanesada Kuji that the Ryougi treasure. A five hundred year old weapon, already a heavy weight of mystery, but with a particular bend towards damaging and destroying magecraft it comes into contact with, at least when younger and weaker than the weapon itself. A sword from this option might disband lesser bounded fields just from being withdrawn from the scabbard and swinging such a blade could cut through even powerful magical barriers that otherwise lock space itself tight.",,,
,,400,Authoritarian Personalism: Faceless Jet-Black Sovereign,Fate/Kaleid Liner Prisma Illya ,"Somehow you have gained a powerful Noble Phantasm contained in a card. When activated it will cause any targets within a hundred metres to be affected with a gravitational force that will plunge them to the ground. It is not physical in nature but rather an attack of conceptual nature able to break through other magical defences. It can be activated selectively to allow avoiding it effecting allies. The force is powerful enough to leave those with strength greater than the strongest of mundane humanity by over forty times unable to move. Curiously its existence is a mystery to even Gilgamesh, the hero who owns all the treasures of the world.",,,
,,400,Maria the Rippers,Fate/Legends: God Save the Queen,"A set of four curved red knives, each the embodiment of the murders that the legend of Jack the Ripper carried out on the London streets. The knives on their own are deadly weapons, cutting flesh and steel with equal ease, but when the user fulfills certain conditions, the weapons become more potent. These conditions are that it must be night-time, that it must be misty or foggy and that the target must be female. The preferences of the Ripper. Each condition filled significantly increases the cutting power of the knives and if all three are met, a curse can be activated on any valid target you see. This curse causes the four knives to manifest inside the target’s body, vivisecting them as desired from within regardless of their physical durability, the grudge filled knives slicing through any defence. Resistance against curses can prevent this however but you can continually use the technique as long as the conditions are met, requiring only small amounts of energy to perform.",,,
,,400,Apneic Beauty: 301 Second Ice Shrine of Eternity,Fate/Kaleid Liner Prisma Illya ,"You have come into the ownership of a card containing a high ranked barrier Noble phantasm. By letting the card sink into the ground it will generate a large dome of ice that will completely seal the area inside it. The ice is capable of taking the strikes of an A rank noble phantasm without even chipping. The price for sealing off the area is that the oxygen within will gradually deplete until after three hundred and one seconds it cannot sustain human life, potentially killing the user if they do not cancel it before then or have some means of surviving.",,,
,,400,Guns of a Patriot ,Fate/Legends: Vive la France,"In a land filled with magical blades, spells and horrific beasts from hell, can a gun really be of use? The gun just needs to get bigger. And there needs to be lots of them. Really, there’s not much you can’t do with enough cannon. Just look at Napoleon. You’ve got a hefty arsenal of hundreds of cannons and firearms from the earlier ages of the technology stored at a safe location. It’s best kept there, since you can summon and mentally command any firearm or gun kept with the rest of this arsenal you have at will and empower the gun to greater effect by channeling magical energy into it, regardless of how the weapon normally works. Just summon a new pistol to your hand every time you run out of ammunition or bring a massive golden cannon to the battlefield and charge it up with mana to knock a hole through an entire castle at once!",,,
,,400,Bakuya and Kanshou,Generic Fate Redux,"The Weapons of Shirou EMIYA. They boost the magic resistance and physical endurance of the user by one rank. These two weapons attract each other like magnets and one will return like a boomerang if thrown. They are far stronger than reinforced regular swords, and they can be overloaded with prana for a big explosion. They will reappear in your possession after a day if they are destroyed.",,,
,,400,Excalibur Blessing,The Holy Man of The Church Creek,"Excalibur Blessing is a fragment of the shattered Excalibur, resonating with divine blessings and the power to strengthen holy spells and rituals. This shard, salvaged from the aftermath of the Great War, amplifies the wielder's connection to their faith, granting them potent blessings and protective abilities. When wielded, Excalibur Blessing enhances the effects of holy spells and rituals, allowing the wielder to weaken supernatural beings like Devils and Vampires during exorcisms.

It can also bestow blessings upon those participating in religious masses, augmenting their abilities and fortifying their resolve. Furthermore, Excalibur Blessing strengthens the power of exorcists, increasing their spiritual energy and amplifying their abilities in combating malevolent forces. The shard acts as a conduit for divine energy, reinforcing the wielder's defenses against dark and corruptive influences.",,,
,,400,Bridal Chest,Fate/Legends: God Save the Queen,"An enormous war hammer, the head in the shape of a strange bronze ball. While a near unbreakable weapon and light in your hands despite the stone crushing weight it swings with, these are all minor physical traits. The true value is the core held within the hammer head, which has the ability to use the Galvanism trait, in a very similar way to the Living Lightning perk. The hammer can absorb any wasted magical energy or electric energy from you as well as anything within a short range around the hammer in your surroundings, acting as a potent defence against magic. The hammer can unleash massive blasts of lightning, taking the form of tree branch extensions, both in close range and at a longer distance when targeted. Just picking up ordinary mana and electricty from the air, the hammer is able to unleash bolts that tear humans, cars or houses apart. A large amount of energy could wipe out a small force of magical golems in an instant.

If used in tandem with the Living Lightning perk, or similar abilities, the two sides work together to create a much more powerful Galvanism expression. The limits on absorption are largely removed, excess energy in the body immediately discharged through the hammer with great force, allowing the user to easily defend against even vast amounts of magic. Bridal Chest also grants easier regulation of energy, greatly improving how much can be used to heal or reinforce your body before you endanger it. 

Bridal Chest is also able to transform into a secondary mode, taking the form of a equally large sword. In this state, not only can the electricity be used to hone the swords’ edge or cause it to vibrate at high speeds, the sword can be reversed so that the energy is channeled into a massive projection of electricity. This energy blade takes a vast amount of fuel but is easily the most destructive attack the weapon possesses.",,,
,,400,Holy Staff,Fate/Legends: Garden of Avalon,"For a magus who looks to do work in the crush of battle yet still requires a proper mystic code, there’s no need to look further than this. A fairy made weapon, similar to Excalibur if much weaker, has been mounted on a staff made from a very old and magical tree. Together, they form the perfect weapon for one such as you. The blade, beyond being a holy blade of excellent power, can unleash good sized blasts of holy light on command. The staff will significantly increase the power of magic used while holding it, as well as making magical energy much easier to shape and direct, even energy from outside the wielder’s form.",,,
,,400,Sword Birth/Blade Blacksmith,The Holy Man of The Church Creek,"Sword Birth and Blade Blacksmith are two very similar Sacred Gears. Sword Birth allows the user to create Demonic Swords with special qualities. These swords can be created with a limitless number of powers based on the user's creativity. Blade Blacksmith on the other hand is designed to create Holy Swords. Similarly the only limitation is the user’s creativity. While these blades normally will be inferior to genuine legendary swords this can be improved based on the user's power and will. You may purchase this two times to acquire both Sacred Gears. Lastly, if you do so then the second purchase will be discounted allowing you to get both for 600 SP.",,,
,,400,Tauropolos,Fate/Legends: Empires of Antiquity,"A very large and sturdy bow, taller than some men, but with powerful enchantments placed on it by Artemis herself. This jet black bow has a replenishing quiver of similarly dark arrows, each one capable of piercing all but the most powerful magical defences, and the bow itself grants immense destructive power to any shot fired through it. It requires no more strength than a normal bow to pull back but even an ordinary man could blast a fortress into many pieces with a fully drawn shot. The bow is also able to call down a rain of light attacks, by expending some magical energy and firing two shots at once towards the sky. This results in a rain of arrows of light, each able to easily pierce thick enchanted metal armour, over a controlled range of attack. Many thousands of light arrows are released and entire battlefields can be lightly sprayed or the arrows can all be focused on a single point to deal incredible damage.",,,
,,400,Add - Grim Reaper,Lord El-Melloi II Case Files,"Morgan le Fey’s replica of the Atlas superweapon known as Logos React, this Mystic Code takes the form of a talking box in a bird cage, with a personality designed by you. At your command, it can transform into a massive and surprisingly dangerous scythe known as Grim Reaper. In this form, it can consume both magical energy and spiritual bodies, boosting the user’s physical abilities in the process. It grows as it does so, somehow without reducing your combat effectiveness. It can also be turned into a hammer, a shield, and probably a few other forms as well.",,,
,,400,Clarent,Fate/Legends: Garden of Avalon,"The corrupted sword that Mordred stole to use against her father, now finds a copy of itself in your hands. It appears that it acknowledges you as a rightful owner however, a touch different to poor Mordred the thief. Clarent is a powerful magical blade, one that makes the wielder stronger, faster and tougher when holding it as well as significantly increasing their charisma and presence. The most notable ability of the sword, at least now that it is here, is that you are able to channel your emotions into the blade alongside mana to unleash potent attacks. The deeper the emotions and more mana you put in, the more powerful and large the outgoing blast will become.",,,
,,400,Fairy Weapon,Fate/Legends: Garden of Avalon,"All of the Knights of the Round have their own special weapon. A magical sword, a enchanted bow, a special shield. These weapons are often crafted by the hands of the fairies themselves, creating immensely powerful weapons for the greatest protectors of Britain. Now you too have a legendary weapon in your hands, on the same level as things like Excalibur Galatine, Arondight or Lord Camelot. You might choose an enchanted sword that can unleash gigantic blasts of energy at will or a bow that fires a dozen shots for every single one you loose or even a flail that can command the wind as it slams into your foes. You could even have a magical prosthetic arm that unleashes blades and blasts of light on command.",,,
,,400,Balmung,Generic Fate Redux,"The legendary sword Balmung, once wielded by the hero Sigurd in Norse mythology, now rests in your hands as the Divine Purifier. This anti-demon weapon possesses the ability to effortlessly slay any demonic or supernatural creature. With a mere flash of light, Balmung can be summoned into your grasp, eternally bound to your side.

Despite its massive two-handed design and incredible weight, the sword becomes as light as a feather in your hands, allowing you to wield it with unmatched ease. The blade, crafted from a special indestructible metal, remains impervious to dulling or breaking, regardless of how extensively it is used.

Balmung's true potency unveils itself in its ability to purify demonic and cursed beings. Each strike releases a holy energy that eradicates the creature's demonic essence and purifies its soul, sending it to the afterlife. This divine power makes Balmung an unparalleled weapon against supernatural foes.

Remarkably, the sword's versatility extends further. By inverting its power, Balmung transforms into a demonic blade with comparable abilities, offering a dual nature to suit your needs. Embrace the divine and demonic might of the Divine Purifier as you vanquish both infernal and celestial adversaries alike.",,,
,,400,Downfall Dragon Spear,The Holy Man of The Church Creek,"The Downfall Dragon Spear is an artificial Sacred Gear crafted by the ingenious Azazel. Within this formidable artifact, the ancient soul of the mighty dragon Fafnir resides, granting you powerful abilities and the Dragon King’s presence on the battlefield. The Downfall Dragon Spear manifests as a magnificent long spear, its gleaming form infused with the essence of the dragon itself. Alongside the spear, you can don a remarkable set of armor that bears resemblance to the awe-inspiring Scale Mail of the legendary Boosted Gear. This armor not only provides formidable protection but also serves as a conduit for the incredible powers contained within the Sacred Gear.

With the Downfall Dragon Spear in your grasp, you possess the unique ability to establish a profound connection with other Sacred Gear spirits, enabling unprecedented cooperation and synergy on the battlefield. This allows you to harness the combined strength of multiple Sacred Gears, amplifying your own power to new heights. Additionally you can summon Fafnir, and create barriers capable of withstanding assaults from Ultimate Class beings.",,,
,,400,Bow of the Hydra,Fate/Legends: Empires of Antiquity,"Favoured weapon of the greatest hero of Greece, the Bow of the Hydra is the same weapon that Heracles would use to slay some of his greatest foes. The bow itself is not particularly special, as beyond being usable as a nearly indestructible club if need be and somewhat enhancing the power of shots fired by it, it lacks magical traits. The quiver the bow comes with is very different, holding an endless supply of both exceptionally tough and sharp arrows as well as arrows coated in the Hydra’s poison, a substance capable of quickly and painfully killing almost any being. Only an immortal being could avoid death, should the poison enter their blood, but it will still deliver unending agony unless they could use powerful magic to remove the poison.",,,
,,400,Caladbolg,Fate/Legends: Land of Shadows,"An exceptional sword is rare in the land of spears but hardly unheard of. Particularly when it comes to the blade now resting in your hands. Caladbolg, legendary sword of Fergus MacRoich and the prototype weapon for many of the most famous blades in history, such as both Caliburn and Excalibur. This drill shaped sword meets little resistance even against powerful magical armour or spells and when it’s true power is released by it’s wielder, it can unleash enormous blasts of light that can wipe out entire armies. Caladbolg however, excels at the destruction of the landscape and when used to destroy the environment, it can even render a mountain to slag or shatter whole islands, much more than it normally can do.",,,
,,400,Class Card: Castor,Fate/Kaleid Liner Prisma Illya ,"The Class Card of Medea of Colchis, the Witch of Betrayal.",,,
,,400,Class Card: Rider,Fate/Kaleid Liner Prisma Illya ,"The Class Card of Medusa, the Gorgon of Greek Mythology.",,,
,,400,Class Card: Lancer,Fate/Kaleid Liner Prisma Illya ,"The Class Card of Cú Chulainn, the Child of Light.",,,
,,400,Class Card: Archer,Fate/Kaleid Liner Prisma Illya ,The Class Card of the Counter Guardian known as EMIYA.,,,
,,400,Class Card: Beserker,Fate/Kaleid Liner Primsa Illya,"The Class Card of Heracles, the greatest hero of Greek Mythology.",,,
,,400,Class Card: Saber,Fate/Kaleid Liner Prisma Illya ,"The Class Card of Arturia Pendragon, the Once and Future King.",,,
,,400,Seventh Holy Scripture,Tsukihime,"This powerful Conceptual Weapon is made from a unicorn’s horn and the freely given life of a young woman who became the elemental dwelling inside of it. It is a weapon made to kills souls, doing massively increased damage to spirits. 'Immortal' beings that rely on the soul surviving, such as beings making use of reincarnation, can be slain with this weapon. It was reforged into a type of weapon of your choice, or else incorporated into another weapon from a previous jump. The spirit within may be a copy of Nanako or a similar spirit of your choosing.",,,
,,400,Thor Card,Fate/Kaleid Liner Prisma Illya ,"The class card of the divine spirit Thor has come into your possession. Including the class card as a weapon will bestow you with an enlarged arm capable of great feats of strength and Megingjord, a gauntlet capable of doubling the users strength. Installing the class card into your body will grant you an enlarged arm, Meginjord, the clothing of the thunder god Thor and Mjolnir, a hammer capable of devastating attacks ranging from lightning strikes to immense pillars of lightning capable of breaking through A ranked magical barriers instantly and leaving scars on the earth they travelled distancing kilometres.",,,
,,400,Fallen Star,Fate/Legends: Baba Yaga,"Light. Light. Light. So bright it can engulf all within your sight, even being seen all the way in Britain should it fall down on this land. A spectacle of nature tainted with tragedy for what was lost is now in your hands to summon once more. Once per Jump you may make use of this Item, a Meteor from outer Space.

This meteorite would be the catalyst of a great calamity, one of the greatest among the animal Kingdom. Exploding just above ground like a Star made manifest, it scorches all in the imminent area. The resulting crater matches the size of Tunguska but that alone isn’t the true worth of this Item, although the destructive potential is quite impressive. Depending on what is in the area of the blast, what perishes in the blaze, it can give rise to something. A Spirit, made from the emotions, the cries, prayers and anger of the victims. What emotions exactly will end up shaping this new creature is decidable by you the moment of impact. The resulting Spirit will start out as weak and lack guidance, only having its own nature to begin with but otherwise will be as described in the first Tier of the Spirit Origin. But who knows what you could do with such a creature or how powerful it could become. The Spirit will count as a follower if you want it to tag along and not remain in this world, but you can also promote it to the rank of companion.

As the explosion is reminiscent of a Star, any Sun or Star aligned entities are bound to take notice of it, perhaps at least visit or send something to check out and nurture whatever is left in its wake. Your newborn spirit might just be adopted by one such Goddess.

Lastly with the purchase of the Item you learn a small trick, replication of the first effect. By using extraordinary amounts of magical energy, enough to power a Noble Phantasm, you may once again bring down a meteor on your foes. However any use of this Item in such a way will never create a spirit. That part is only possible once per Jump with the original meteor.",,,
,,400,Armaments of the Round Table,Fate - The Island of Sin,"Although a distinctly different individual, High Queen Morgan nonetheless possesses the memories of the Morgan le Fae of Proper Human History, and has inherited some degree of fascination with the Knights of the Round Table—enough to reproduce her own through the Gifting of names to the Tam Lin, and to arm them with weaponry reminiscent of the tools their counterparts possessed. Although perhaps it would be more accurate to say she uses them in mockery of King Arthur?

You receive the implements of one of the Knights of the Round Table… well, almost. You can choose any weapon, tool, or Noble Phantasm utilized by any of the Round Table, save for those belonging to the King of Knights. You receive a faerie-crafted tool reminiscent of that item. It may be slightly different in appearance and function, but at heart it will work the same way, and if you ever became a Servant would no doubt make for a fine Noble Phantasm.

You could bear a mimicry of Excalibur Galatine, the flame-wielding sword wielded by Sir Gawain. Or a copy of Failnaught, the lyrical bow of Sir Tristan. You might use something resembling Arondight, or Clarent, or perhaps Sir Gareth’s Ring of Transformation. The Noble Phantasms of the Knights of the Round Table are manifold.",,,
,,400,Ig Alima,The Holy Man of The Church Creek,"Ig Alima, the Mountain Felling Blade is a divine construct belonging to Sumerian mythology. This blade is a colossal and awe-inspiring weapon that invokes both holy and magical power. When unleashed its presence commands attention and evokes a mix of astonishment and fear among all who behold it. The sheer size of Ig Alima is awe-inspiring, with layers upon layers of thick steel piled upon each other. This construction grants the blade unparalleled strength and weight, capable of cutting through even the fabled thousand mountains with remarkable ease. Its massive form creates a sense of overwhelming power and dominance on the battlefield. This was clearly demonstrated when Shirou used the blade to crush thousands of Fallen Angels with a single blow",,,
,,400,Ame no Sakahoko,Fate/Legends: The Land of The Rising Sun,"The Heavenly Retracing Spear used in the creation of Japan by Izanagi and Izanami in ages past. While it is unclear as to the authenticity of the spear, it’s power is undeniable. A divine weapon of enormous power, a strike from the spear can badly wound even the greatest demon found in these lands and most Divine Spirits will find it just as grievous an injury. But such brutish destruction is only a side effect of the incredible power contained in the spear. 

As it was used to raise the archipelago, so too can it be used on reality now. The spear can churn reality itself, taking space and time with all it’s matter, meaning and fates to their original form. All creation is reduced to primordial chaos, a shining black fluid from which existence came about. Even something such as a heroic spirit would find their Spirit Origin negated and cut from space-time. The churning requires the steady swirling of the spear in contact with the target, though powerful beings can expand this into a growing area around the spears’ point. Once this chaos has been generated, raising the spear will allow the wielder to create anew from the fluid, making land and life from the most basic building material of existence. This requires power and intense mental calculation, as opposed to the simple reduction of turning already existing things to their original state. 

A normal human would be unlikely to affect more than what they could physically churn with the spear nor make anything beyond mundane dirt and vegetation. A powerful youkai, onymouji or hero of some sort could like churn dozens of meters of reality around themselves at a time and bring about most mundane existences through the primordial runoff. It would take a powerful deity to churn and create on the scale of Japan itself however, even Izanagi taking time and care to raise the archipelago from the chaotic sea. Intelligent beings must generally be directly struck with the spear to begin reduction, unless they are greatly inferior to the wielder.",,,
,,400,Akhilleus Kosmos,Fate/Legends: Empires of Antiquity,"The shield made for Achilles by the god Hephaestus. Engraved with a detailed depiction of the Greek world, the shield, beyond being an effective indestructible object, is able to project a immensely powerful bounded field in response to any attack. To oppose the shield is the same as making a world your opponent, is what is said, and the bounded field acts as if all of Greece was between the attacker and you when activated. Should an attack be incapable of piercing both through such a magical dimensional construct and lack the power to tear through an entire country, it will fail to reach you. However, not only does the shield’s bounded field cost energy to activate and maintain, it will prove far less capable against any attack particularly capable against ‘worlds’ or dimensional constructs like this",,,
,,400,Crocea Mors,Grand Foreigner,Crocea Mors the Noble Phantasm wielded by Julius Caesar. It represented his endless victories that he obtained through his conquest. Each strike represents a victory distorting causality itself to forcefully create a devastating blow. The only way to avoid the blows of this sword is to possess luck. As Caesar was struck down through luck your targets can similarly avoid this weapon’s blows. This means that this Noble Phantasm can become the ultimate weapon or a useless tool depending on the target.,,,
,,400,Chakravartin,Fate/Legends: Nirvana Yuga,"The great wheels of life and death, endlessly turning in the skies above. These two chakrams of light, one seven kilometers in diameter and the other seventy kilometers so, that hover in the sky above you. The power of the Buddha, manifesting as a divine artillery platform that launches immensely powerful arrows of light in a rain of fury against any enemy you have. This rain increases as any one battle goes on, the Chakrams becoming more ornate and layered, until a maximum of seven rings appear. Little can survive when every individual arrow unleashes enough force to strike down a mountain and hundreds are unleashed each moment. Even the inner ring, with more accuracy than power, can still seriously harm a powerful Indian warrior in a few shots. 

But offence is just one part of this treasure. It grants control over the cycle of life and death to the owner, to an extent. Short of death, any wound can easily be healed by the wielder when the target is within the radius of the chakrams. Those who would be unable to be saved can be prevented from passing on, trapped in a state between death and life where they become vengeful apparitions. The rings could even forcefully control these creatures to an extent. 

Were someone who was truly and fully enlightened to take ownership of this ring, they would find much greater control over the cycle in this fashion and that the chakrams in turn would greatly increase the control that they have in their governance of reality. A true Buddha could even alter the size of the rings, without losing their power, and activate their final function of Amita Amitahba, forcing those within the centre of the rings to reach Enlightenment/Annihilation in almost all cases.",,,
,,400,The Sword of Promised Victory,Fate/Legends: Garden of Avalon,"No light shines greater in the hearts of men than that of glory and no blade embodies that glory moreso than Excalibur. The blade of light that brings out the fondest feelings of all warriors that see it, even as it obliterates them, and can force madmen back to sanity with a glimpse of this glory. 

Excalibur is the embodiment of victory and a mighty weapon in it's own right. A holy blade of truly peerless strength, endurance and cutting power in this world, it is also able to instantly convert any amount of magical energy residing in the wielder's body into destructive beams of holy light. Fired as an energy beam or blast from the tip of the blade in less than a second from activation, the blast of Excalibur can cleanse almost any foe from the face of the world. While costly to activate even for King Arthur, it is more than capable of vaporising fortresses, mountains or even Divine Beasts. The ranks of those that can survive a full power beam, as it can be adjusted for less cost and power, are limited to powerful Divine Spirits, the mightiest Dragons and beings above them. 

The weapon is constantly covered in a powerful enchantment of wind, placed by Merlin himself. This conceals the sword to all eyes but your own, rendering it invisible, and cloaks it in an aura of wind. This wind can be controlled, made to cut and grind away or even unleashed in a powerful blast that on it's own, would be a match for many powerful magical tools. While this Invisible Air is active, it significantly reduces the attack power of the blade and prevents you from activating the holy light. The sword must be revealed to the foe to show it's true self, in the manner of a chivalrous knight. 

Much like the Lance of the End- Rhongomyniad, Excalibur has potentially not normally seen. There are Thirteen Seals on the blade, one made by each member of the Round Table. Each seal that has it's condition met, raises the power of the sword even beyond what you might do by charging it with more energy. Unlocking all Thirteen Seals would return Excalibur to it's original form, a shining light made to protect the very planet. A weapon that can decisively drive away even the Umbral Star itself from this world in a single, glorious ray of light.",,,
,,500,Tools of the Trade (Magical),Generic Nasuverse,"These are the tools a more magically inclined assassin would use. Cursed daggers, magically enhanced poisons, venom from phantasmal beasts, and other such tools.

The strongest of these tools has the equivalent Mystery of the average mystic code. What makes them useful is their quantity, not their quality.

These tools can be summoned on demand. The Jumper will have an innate sense of what’s available for them to summon.

These tools are produced at a constant rate, with the rate each tool is produced depending on the complexity and power of the tool. For example, a weakly magical poison would be produced much more quickly than an enchanted needle that leaves no trace and places a curse on the target that kills within a few hours. In turn, that needle would be produced more quickly than something like hydra venom.",,,
,,500,Lock,Generic Nasuverse,"Conceptual weapons designed to kill evil spirits and demons. They’re not as powerful as Keys of Providence, but they’re easy to use.

They come in a variety of forms, ranging from small knives to gauntlets to crossbows. They’re disguised using a tag that’s placed on them. When the tag is removed, their true form is revealed.

You may select a Lock for yourself. You may choose the form it takes, so long as it isn’t a modern weapon (like a gun or explosive).",,,
,,500,A Contract For Your Soul,Grand Foreigner,"A Contract For Your Soul ~ An Offer You Cannot Refuse is an Anti-Soul type Noble Phantasm. This is the second of Baal’s three Noble Phantasms. It represents the classical idea of deals and contracts being used by demons. This phantasm takes the form of a spear which can be used to seal a target's soul. While sealed the user possesses full control over them. The success of the strike however, depends on the amount of information that the user possesses about the target. There are three main weaknesses to this phantasm though. Firstly, it requires the target to have a soul. Second the contract requires a drop of blood from the target to be spilt meaning bloodless beings are immune to its effects. Lastly, the spear can only be used once against each target. This means that if your attack fails then this Noble Phantasm is basically useless.",,,
,,500,Failnaught,Grand Foreigner,"Failnaught is the Noble Phantasm wielded by the knight Tristan. This bow was created using the string from Tristan’s harp. Unlike most bows you don’t need to draw the string. Merely flicking it is enough to fire an arrow. Due to the bow’s properties it is impossible for the target to avoid the arrows. The only way to avoid being hit is to jump through dimensions or to be out of range. This is due to the arrows taking the form of vacuum blasts rather than standard arrows. Additionally the bow can also fire off unique arrows using copies of the string. For example, Tristan was able to create snares throughout woods trapping anyone who steps in them.",,,
,,600,Severence Package,Fate/Stay Night,"Gathered over a long and illustrious, but unknown to almost all, career. You took what you had gathered with you when you left for the war. This is a particularly vast armoury hidden in a location of your choice, containing thousands of firearms, countless close range weapons, large amounts of explosives, assorted and exotic poisons, dozens of suits of tactical armour and so on. Easily enough to supply an assassin with anything they could need for a few decades of very active work, this can also be used to outfit a military force several hundred men strong in an emergency.",,,
,,600,Magical Mona Lisa,Fate/Zero,"The pinnacle of one of your chosen magical specialisations or at the very least, it is such for the foreseeable future. This powerful artefact has found its way into your possession and is an example of how far a modern magus can really go with effort and the right stuff. Lord El-Melloi’s Volumen Hydrangyrum is a lesser example of what this would offer you, your version of the same artefact would be fully aware and self-sufficient, acting with unnatural intelligence to predict and act in the best way to serve you. Whatever you chose to gain, studying it will greatly accelerate your own learning in the areas of magecraft that were used to create it, until the point that you can replicate the artefact’s creation on your own.This can be imported into.",,,
,,600,Ascalon,The Holy Man of The Church Creek,"Ascalon, the legendary Dragon Slayer Sword, is considered the bane of all dragons. It was wielded by the valiant hero Saint George in his battles against fearsome dragons, making it a symbol of triumph over these monstrous beasts. Forged with ancient techniques and infused with sacred blessings, Ascalon possesses a unique affinity for slaying dragons. Its blade, shining with a radiant glow, is imbued with the power to pierce through any dragon scales and strike at the heart of these majestic creatures.

As the wielder of Ascalon, you gain immense strength and skill in combating dragons. The sword enhances your abilities, granting you heightened agility and precision in your strikes. With each swing, Ascalon cuts through the air with unparalleled speed, delivering devastating blows to dragon adversaries. In addition to its offensive capabilities, Ascalon offers a measure of protection against dragon breath and other draconic attacks. Its blade acts as a ward against elemental attacks, providing you with enhanced resistance to the various attacks that can be unleashed by dragons.",,,
,,600,True Apocrypha,Tsukihime,"The Spear Key and Gun Shield, also known as the Holy Shield Gamaliel. It is a Conceptual Weapon that resembles a violin, a spear, and a shield merged together. While a little bit unwieldy, is is nonetheless a potent weapon against both Dead Apostles and similar foes, its true power is how it defends the wielder. The person holding this weapon would be protected from alterations in the world’s ‘rules’, making them immune to being influenced by a Reality Marble or similar outside forces, and the shield is also a potent defense against both Magic and Mystery, supernatural attacks unable to shatter or dent the shield - though the force and heat of attacks could still harm the user. Your mind and existence are protected by holy light, Jumper - use it well. You may use it in its current form, have it reforged into a weapon of your choice, or incorporate it into a weapon or shield from a previous jump.",,,
,,600,Holy Armament,Witch on the Holy Night,"In this world, just like men and beasts certain weapons that boast a long enough history acquire a degree of Mystery and get imbued with a certain concept powerful enough to contend against Phantasmal Beasts even when magecraft fails. This melee weapon of your choice is one such example. Shining with the light of faith and sharpened by prayers, it cuts through magecraft of all kinds like cobwebs and scorches the flesh of supernatural beings with holy golden flame. Even against mundane materials, it’s sharpness cuts like a hot knife through butter-and it’s blunt edges are almost impervious to mundane force and inertia. Not quite one of the legendary Scriptures nor from the common ranks of priestly armaments, this weapon has one final gift: It is uniquely loyal to you, and can never be used to hurt you without extreme amounts of corruption or reforging. Attempting to strike you with it finds the weapon simply bounce off like it was made of foam.",,,
,,600,Three Thousand Worlds,Fate/Legends: The Land of The Rising Sun,"The three thousand arquebuses that may one day change Japan. Called to your hand and presence by will, you are able to summon these matchlock rifles and control them with your mind, aiming and firing each one as if personally holding them. They do not run dry on shot, taking only a few seconds to reload, but are no more powerful than ordinary matchlocks right now. Against those riding a creature or otherwise known for cavalry combat, the matchlocks display several times their normal power and easily tear through samurai and horse in a single shot. But even without any boost, three thousand focused shots can destroy many foes, particularly rained down every six seconds. If you have any magical energy of your own, you can charge it into one or more of the guns to directly amplify their power. 

Possessing these guns, stored in some form of pocket dimension normally, also teaches you a bizarrely effective ‘gun-kata’ that allows you to fight effectively with muskets even in close combat, utilising them as swords, for parries and rapidly swapping your guns to fire quickly. If you have other firearms, you can also add them in place of one of your three thousand muskets. Replenishing the ammunition of more powerful weapons will take comparatively longer for the magic here.",,,
,,600,Excalibur Ruler ,The Holy Man of The Church Creek,"Excalibur Ruler is the most significant fragment of the shattered Excalibur, embodying the essence of kingship, authority, and command. It grants its wielder dominion over living beings, organic matter, and phenomena. When wielded, Excalibur Ruler allows the user to manipulate the will of their opponents, bending them to their command and subjugating them completely. They can even control legendary creatures, and transcendent monsters like Fenrir.

This fragment's dominion is not limited solely to organic matter either. Excalibur Ruler empowers its wielder to command and manipulate inorganic and energy as well. For example, can manipulate the attacks of others, redirecting them against the wielder's enemies. Alternatively you manipulate the environment to your advantage, and reshape the battlefield to suit your strategic needs.",,,
,,600,Trump Cards,Witch on the Holy Night,"This is the magecraft equivalent of a missile arsenal, passed down to you from some illustrious ancestors. Be they bizarre familiars like the Ploy Kickshaws belonging to Alice that are protected by a form of fairytale logic preventing them from taking harm that does not abide some sort of rule or more solid Mystic Codes, even the least among them has some unique advantage in the world of Magecraft. Among those, one is a puny but sentimental thing that has little to offer you other than loyalty. The majority run the gamut from offence to utility; think of each as a powerful magecraft spell with loose rules incarnated into a physical vessel that can repeatedly cast itself whether you want to trap a person inside a tiny bottle, lower local conditions of reality to empower fantasy-based effects, distort space or monitor a whole city at once. Finally, three of them are catastrophically powerful or life-changingly miraculous constructs on par with the Great Three Ploys Flat Snark, Wandersnatch and Thames Troll. Even if their Mystery is strictly speaking inferior to that of a truly ancient Phantasmal, each operates on a scope resembling more a mythological miracle than anything conceived of by modern civilisation. Only the safest hands can be trusted with such power. And only the most foolish would try to pry them from you, their rightful wielder.",,,
,,600,Musical Mayhem,Fate/Legends: Vive la France,"An orchestra of pure destruction has been created, an array of instruments to surpass any ever made. Around forty musical instruments are lined up in front of you, each one a thing of beauty in a different style. Any collector or musician would be glad to hold even one. But they are more than just able to produce fine music. Each tool here is a magical item, varying from those of moderate use to mighty weapons. A flute may be present that can automatically inflict a hard to notice but weak charm spell on any who hear it, whereas the ornate and massive trumpet in the back could unleash sonic waves that crush castle walls to dust. There may even be an organ in the back, composed of the bodies of theatre goers, that can be used to create sonic weapons and significant magical curses. The arsenal of music present here could turn an ordinary orchestra into something that can bring down an army, as each tool requires minimal magical energy to use despite some of their powers. However, each one must be played well for the powers to manifest at proper levels. If you wish, you may find replicas of actual magical instruments, such as La Black Luna or Christine Christine, in the array.",,,
,,600,America Striker,Fate/Legends: Strange New World,"With the cry of an Eagle, the might of America crashes down on the foe! You have a American Flag that when held high, summons the Spirit of America itself, taking the form of one of the many folk heroes or legends of the country’s past. Imbued with the conceptual power of the history of America in the current world, it strikes down at the foe with annihilating force. Even a mountain could not stand up to this fantastic summon but the spirit can only maintain itself for a few minutes before it fades. The spirit will actually grow in power with the America in the current world, becoming stronger the more developed, expanded and powerful the United States has become and lasting longer as well! It won’t get weaker then here but the spirit does seem sadder when summoned in worlds with a weak or missing US of A. The spirit may or may not actually just be Paul Bunyan dressing up in different crummy outfits that look like other American heroes and legends. Up to the user. Fuck yeah!

You may import a country you possess into this item instead to make it the spirit of said country, rather than of America. Traitor.",,,
,,600,Four Fiend Sacred Gears: Byakusa,The Holy Man of The Church Creek,"Byakusa also known as Táowù grants its user the power to control electricity. Byakusa can transform into a spear for its user and channel its electricity through the weapon. Lastly, Byakusa is capable of healing its user on a molecular level by sacrificing its own flesh. This however, can seal the gear temporarily due to the damage it incurs.",,,
,,600,The Mist,Fate/Legends: God Save the Queen,"An old shuttered lantern, hiding a deadly magic inside. Opening the shutters and touching the candle inside will rapidly produce a deadly mist, to any but yourself. Made from a mix of magical curses and sulfuric acid, it rapidly burns away at anything it touches. Eyes fester, throats and lungs blister and burn, even skin or muscle rapidly begins to boil off of bones. While those of supernatural durability may resist the burns, the mist has other deleterious effects. Magecraft is significantly harder to use while within the fog, the mist interferes with such energies, and movements are rendered sluggish even in those unharmed by the mist. 

The mist expands quickly, to a limit of around a hundred meters in any direction from the lantern, hitting a Bounded Field that limits it’s progress any further. However, the user of the lantern can control the mist finely, limiting it to only the insides of a building or creating a constant free space around certain people they wish unharmed. Others trapped within the bounded field lose all sense of direction and even memory of their location, causing those familiar with their current locale to become lost, and preventing anyone without magical spells or senses from being able to leave the mist. Needless to say, it makes it far more difficult to notice your presence or movements if they’re thus affected. 

The lantern can be taken within your body, removing the weakness of temporarily damaging or destroying the item before it reappears in a few hours, but this forces the mist to be constantly active and automatically target all beings with magical energy within it’s potential radius. While you can prevent it from attacking non-magical beings, the mist is uncontrollable in those other regards.",,,
,,600,Staff of the Ten Crowns,Fate/Extra CCC,"How did you get your hands on this? You really shouldn’t have it, there’s not supposed to be two of this particular stick. Looking like a simple metallic retractable stick, this thing is in truth the Authority of the Ten Crowns, in an unassuming shape. Don’t get too excited though, as you might not have the power to use it properly. If you’re on the level of a Master, even merely using its most basic hacking functions would risk lethal damage to your soul, and if you are at the level of a Servant you could use it as a very effective hacking tool, bypassing the need for actual hacking skill yourself, and could use a mere fraction of its abilities in combat, mostly just designed around buffing yourself and dealing damage. It is when you start reaching beyond the power normally available to even high ranking Servants that this begins to show its true power.

After finally surpassing that wall of high rank Servant power, you’ll find the power of the abilities this stick grants you start to skyrocket, and you’ll start to gain limited access to the true power of the Ten Crowns; Domina Coronam, the ability to reject events forced on you by those born of Earth. Invincibility, in other words, as long as your opponent’s origins are related to the planet that the Moon Cell revolves around and records, Earth. That said, should your opponent have unlocked the power of their Origin, connected to the cause behind their existence and the ultimate source of their being, the Domina Coronam will be unable to reject them. To use it for more than mere seconds without seriously straining your soul and risking damage to it, you’ll have to grow further and further. Perhaps if you match the Moon Cell, the scale of your soul would be enough to fully wield this Authority?",,,
,,600,Regulus Nemea,The Holy Man of The Church Creek ,"Regulus Nemea, also known as the Battle Axe of the Lion King, is one of the original thirteen Longinus. The Sacred Gear houses the original Nemean Lion and normally takes on the form of a large golden battle axe. The gear however, is sentient and can also take on the form of a massive golden lion. This body can act independently and function as a powerful ally in combat.

Furthermore, Regulus Nemea bestows upon you the ability to manifest a formidable armor of divine light with lion-like features. This ethereal armor enhances your physical attributes and provides a nearly-impenetrable defense against projectile attacks. It grants you heightened speed, agility, and endurance, enabling you to swiftly maneuver through the battlefield and strike down your adversaries with precision and overwhelming force. Most of the forms power is focused in its fist granting you immense striking power.",,,
,,600,La Grondement Du Haine,Grand Foreigner,"La Grondement Du Haine is the Noble Phantasm used by Jeanne Alter. Her banner in this form is corrupted having been abandoned by God as it now burns with her hatred. The banner retains its defensive features though it can now reflect attacks back at its foes. The second power the banner possesses is the ability to convert the users hatred and the hatred of those around you into deadly flames. These flames are strong enough to kill most Servants and wound those who can survive. Lastly, should this power not be enough then you can overcharge the flames by providing the Noble Phantasm with more mana.",,,
,,600,Luminosite Eternelle,Fate/Legends: Vive la France,"A holy symbol if there ever was one, a flag to guide the path of the righteous to victory through battle. This flag, tipped with a terribly sharp spear, is by itself a steadfast weapon. The shaft can block the blows of powerful magical swords and the spear blade is more than enough to slice through the skin of a demon or a paladin’s armor. But it’s use as a melee weapon is the most minor. The flag endows the one that holds it with the power to summon dragon flames, terrible fire that can easily spread across an entire battlefield and melt steel to sludge in moments. Drawing on the user’s magical energy, as well as allowing them to convert the hateful feelings and grudges of themselves or any around them to even more energy. In a similar fashion of spending energy, metal stakes can be summoned from the air or ground in a large radius, acting as weapon and hinderance.
 
 But the purest use of the flag is not for offense, despite it’s varied powers. It is to protect. By planting the flag into the ground and calling upon the divine power held within, a light will appear in the form of a shield that isolates the user and everyone else within up to ten meters of the flag. This light takes the user’s own durability and magical resistance, turning both into a protection against any and all physical and magical damage that touches the light. The protections of a Saint could ward of an attack able to vaporise entire mountain fortresses and should it be wished, the shield can then reflect whatever attack it has stopped back at an enemy. Like the fires of the dragon, the user can empower these reflected attacks with grudges freely. The light the flag summons cannot hold forever, damage it blocks will degrade the flag and eventually break it. The flag will slowly heal, even from destruction, but not until you let it rest.",,,
,,600,Canis Lykaon,The Holy Man of The Church Creek,"Canis Lykaon is one of the Longinus Sacred Gears. Canis Lykaon takes the form of a large black wolf with red eyes. Like Regulus Nemea this creature is capable of acting independently of its wielder to assist them. Canis Lykaon has the ability to create powerful blades that can slay gods from its shadow. Supposedly these blades are capable of cutting through anything. Alternatively if you dislike swords these shadows can be modified into other weapons. Lastly, Canis Lykaon can merge with its user to grant them a strong battle form. This appears as a large black humanoid with six tails. While in this state the Sacred Gears cutting ability is amplified allowing them to cut magical effects such as teleportation routes and harvest the souls of your enemies.",,,
,,600,Arms of Heaven,Fate/Legends: The Land of The Rising Sun ,"Within your arms lie miracles, the holy power of the lord. In the left is the foundation of holy power, in the right the destroyer of wickedness. These arms are weapons that turn you into a holy warrior against your enemies, allowing you to make use of their magecraft and empowering your body and mind against them. The left arm reinforces your physical body, granting both eternal youth and enough capability to fight powerful demons and heroes, albeit well short of the Three Great Youkai. The right allows you to heal yourself and to see a short distance into the future, predicting what moves your opponents will make in battle. Each arm implants a wealth of experience in combat into your mind, granting you powerful instincts to see through trickery in war. They also significantly empower any holy abilities or arts you may already be familiar with, particularly the magecraft of the church.

But the core power of these two arms is to turn the tools of the magus against them. Linking to the foundational theory of all magecraft, they allow for you to make use of any magecraft that exists even without knowing anything on how to use them. Esoteric and complicated spells can be cast so long as you provide the needed materials, even the most complex magical tools can be commanded at your touch, bypassing restrictions on the user. The level of use allowed by this almighty key to magecraft is basic, outmatched by true masters of these fields, but your capabilities are comprehensive. If you can provide the power, almost any task can be accomplished, and you can easily turn the magic and tools of enemies against themselves with a touch.

In future worlds, you will be able to connect to similar foundations of magic but the arms will not be able to go beyond what is possible through magecraft here. The strain is simply too great as they are now.",,,
,,600,La Mort Espoir,Grand Foreigner,"La Mort Espoir is the Noble Phantasm of the executioner Sanson. This phantasm takes the form of a sharpened guillotine. The blade is capable of executing anyone who is resigned to their fate regardless of their strength. For example, anyone making a last stand will be cut down immediately since they know they will die. An out of context example would be Sanguinius in Warhammer 40K. Since he knew that he would die in the Heresy due to his visions, La Mort would be capable of killing him instantly. Similarly if anyone loses hope or the will to fight they will fall under La Mort as well. It however, is completely useless against anyone with a defiant spirit and the will to go on.",,,
,,600,Durandal,The Holy Man of The Church Creek,"Durandal, the mighty Holy Sword wielded by the Paladin of Charlemagne, is a legendary weapon of immense power. This formidable blade comes in two variations: Durandal and Durandal X. Durandal embodies sheer strength and durability, capable of cleaving through any obstacle that stands in its path. Its raw energy overwhelms opponents, instilling fear and trepidation in those who face it. On the other hand, Durandal X possesses a calmer energy, yet its power remains unmatched.

In addition to its formidable nature, Durandal X grants its wielder access to three miraculous abilities: Power, Tranquility, and an enigmatic unknown miracle. Tranquility banishes nearby foes, granting respite from battle and restoring stamina. Power unleashes a devastating blast of energy capable of vanquishing even the mightiest Archangel in a single strike, while simultaneously empowering the wielder with enhanced strength. You may acquire both blades by purchasing this item twice, with the second purchase offered at a discounted price, allowing you to possess both Durandal and Durandal X for a total of 900 SP.",,,
,,600,Emerald,Fate/Kaleid Liner Prisma Illya ,"You have been chosen to be the master of a mystic code created by the magician Zelretch. As a mystic code created with knowledge of the second true magic this kaleidostick known as Emerald has the ability to provide it’s master with unlimited magical energy. It also provides it’s master with an A rank magical barrier that shields from magical or physical attacks, accelerated healing, increased strength and the ability to shape mana into rough constructs or blasts. To utilise these abilities however requires the user to be within fifty metres and to be in physical contact within the last thirty seconds. The kaleidostick having a personality/mind is up to you however it will not count as a companion either way",,,
,,600,Silver Inheritence,Fate/Legends: Strange New World,"A arcane artefact, one not of this world. The thing before you is a central object of worship and power to one of the Old Gods, the void things and monsters from out of time and space. It serves as a powerful magical tool, depending on what God it is associated with. The Silver Key of Sut Typhon can unlock any lock and open any gate regardless of place or physicality, the Crimson Staff of Cthugha can create blood-red firestorms that scorch armies of men, entire lakes or even other fires till nothing remains and so on. Whatever the artefact is, it will be a highly powerful weapon for these times, and also have the ability to awaken any latent eldritch powers when touched to a being, such as distant heritage to a Lovecraftian beast in their familial past. If they already had such powers, combining the artefact with their bodies could not only massively enhance those otherworldly abilities and make them far easier to control but also grant them new ones similar to what the artefact itself possessed or enhance further still the ones they already have if the being already had similar powers. The Silver Key with a heir of Sut Typhon could result in a being that can travel to any place, any time, any dimension with ease and little time spent. 

You may import an existing item or artefact into this option, becoming the newly chosen artefact of
whatever god you pick.",,,
,,600,The Spear of Selection,Fate - The Island of Sin,"Once, this was a spear meant to bring salvation to faeries. But after the repeated betrayals experienced by Aesc, its nature twisted into something that brings death to them, instead. You may use this spear normally; it is an excellent weapon of high quality, capable of matching the lance Rhongomyniad itself and easily piercing all but the most mystically powerful defenses. But if you draw upon its power, you can cause it to emit a dazzling white light—a light borne of the lamentations and sadness of the spear. This light can be focused into a ray of power that devastates fortresses and slays Calamities.

Although largely dedicated to destruction now, it does retain some of its ancient capacity to save lives. With protective intent, you can target and individual and invoke a healing light that restores their wounds and renders them briefly invulnerable to harm.

The spear’s great flaw—drawing upon the lifeforce of its wielder instead of their mana—seems to have been abrogated when used by you, perhaps a sign of the spear mending its spiritual wounds. But it nonetheless shows exponentially greater slaying power when used against a faerie or a dragon—and if a foe were to be both, it would surely be capable of killing them no matter their strength.",,,
,,600,Michael's Spear,The Holy Man of The Church Creek,"Michael's Spear is a divine weapon crafted by God himself for his son, the archangel Michael. Though its appearance may seem simple, its true power is awe-inspiring. Originally shattered by Michael due to his feelings of unworthiness, it was later reforged, restoring its divine might. While it may not hold the same level of renown as the Spear of Longinus, it possesses incredible holy power that is unmatched. When wielded, Michael's Spear channels the essence of righteousness and purity. It serves as a conduit for divine energy, allowing you to unleash devastating attacks against the forces of darkness.

With each strike, the spear radiates a brilliant light capable of purging evil and dispelling dark influences. Its holy aura envelops you, granting protection against unholy entities and repelling malevolent forces. The true potential of Michael's Spear lies in its ability to smite the wicked and vanquish evil. It enhances your combat prowess, granting exceptional skill and precision in battle. Against supernatural adversaries, the spear's divine nature amplifies its effectiveness, allowing you to strike at their very essence. Furthermore, it can serve as a beacon of hope, inspiring and empowering allies who fight alongside you.",,,
,,600,Rusted God's Sword,Witch on the Holy Night,"What a wicked, awful thing this melee weapon is, dripping with thousand years-old magical energy and malice. If it truly is the sword that once slew Yamato-no-Orochi it has rusted far from its original glory- yet soaked in it’s victim still holds the power to mark the wielder as “kin” and grant them an otherworldly form associated with the divine serpent while rotting enemies with its curses. If it was once an ordinary tree branch, it’s Mystery has risen to the point it could cleave a streak through small buildings with a single swing-and raise new foliage from where it struck. Whatever it’s true nature, this semi-sentient artifact is a Conceptual Weapon as soaked in the Age of the Gods’ Mystery as Lugh Beowulf himself-and his equal in sheer danger, requiring only a wielder to bond with. Interestingly, it always feels like a natural extension of your body even if you have no hands to wield it.",,,
,,600,Avalon,Fate/Legends: God Save the Queen,"For any who dream of worthy King Arthur, the question of sword or sheathe is well known. The sword may be mighty but the scabbard is all the more valuable and to lay hands on it would be any admirers dream. Wherever you found the artefact, it shines proudly before you and seems to judge you as worthy of it’s use, this Avalon. When worn, or hidden within your spirit with a push, the scabbard grants extremely potent regenerative abilities. Severe wounds, even to the point of lost limbs, replenish themselves in minutes unless barred by powerful curses. Diseases and poison largely cease to be a threat. Even if you body is broken to almost unrecognisable levels, Avalon can allow survival and rapid return to battle as long as both heart and brain remain mostly intact. A side effect of this regeneration is ageless immortality, the user ceasing to progress in years while they hold the scabbard in their possession. 

The unique power of the sheath is a temporary transference to Avalon itself, the isle of the fairies rather than the name of this item. This acts as a nigh-perfect defence, as only a handful of the greatest and most powerful supernatural beings can travel to this realm without the permission of the fae. This travel is only partial, allowing you to still move and act in the original world, yet guarded by an absolute shield as you do. The downside is that the shield is merely temporary, requiring a heavy drain on your spirit to maintain. In bursts however, it can turn one into an indomitable juggernaut against whom no attack seems effective.",,,
,,600,Fragarach,Generic Fate Redux,"Bearing the mythical blade Fragarach - Retribution's Gale, once wielded by a red-haired spirit of legend, you now command the very wind itself. This divine sword emerges from a floating sphere above your right fist, gleaming with celestial radiance.

The legend of Fragarach speaks of its unparalleled ability to penetrate any shield or wall, inflicting piercing wounds from which none can recover. As the wielder, you harness the ultimate Retaliator's power. The sword becomes a symbol of swift and absolute vengeance, a force that cannot be evaded once an opponent launches an attack.

With Fragarach - Retribution's Gale in your grasp, you inherit the authority to command the wind, transcending conventional defenses. Any enemy foolhardy enough to assail you will meet their demise, as Fragarach guarantees a retaliation that is both swift and inevitable. Embrace the legendary might of Retribution's Gale as you become an unstoppable force, striking down adversaries with the inexorable power of wind and retribution.",,,
,,600,Eightfold Mirror of Amaterasu,Fate/Legends: The Land of The Rising Sun,"A divine treasure among divine treasures, the mirror that would later be known as the Yata no Kagami. An artefact said to be descended from Amaterasu herself, it has come into your ownership. The large mirror levitates around your body at your will, slamming crudely into foes to make use of it’s unbreakable nature. It’s true power is to create a bounded field of great size and immense potency. Within this bounded field, the user is able to take command of magical energy and direct it as if it were their own, commonly to turn to the use of mighty blasts of raw power.

A simple use, as full activation of the mirror interferes with the property of ‘Eternal’ to the bounded field. While there are several effects possible with this, the primary one the user will note is the generation of infinite amounts of magical energy. The mirror continually draws forth as much energy as is present within the bounded field, including your own body, allowing you to use as much as you can handle without running dry. With practice, it is possible to use this interference in other ways, such as making it possible to revive the dead without the use of a True Magic or Miracle. 

However, full activation of the mirror is exhausting for those below the divine power of Amaterasu. A normal youkai might find it too much to hold active for more than a few moments each day and even Tamamo herself would struggle if in her lesser forms to use it for more than five minutes at a time. However, as your power grows and the time limit lessens, the range of the mirror’s bounded field will increase. Amaterasu’s power was enough to enable to extend the Bounded Field across all of Japan, allowing her to reconstruct and alter the entire country at the same time.",,,
,,600,True Steel,Fate/Legends: The Land of The Rising Sun,"The pride and joy of one of the greatest swordsmiths in history. While without decoration, the sword in your hands is among the most potent and valuable in all of Japan. A perfect katana, whose quality and specifications appear to have been molded to fit your body and style specifically. Even a novice with this in hand would feel like they could move as a master does. The blade itself cuts without hesitation or restriction when swung with the intent to do so, allowing it to cut through not just any physical matter but even non-physical presences and concepts. Spirits die as easily as mortal men to the sword and the barriers between worlds or dimensions can be sliced open with a flick of the wrist. Combined with the skill to strike at conceptual ideas without this sword, it can even allow for outright destruction of what you attack, instead of merely severing it. 

The legendary sword will not break no matter the pressures you put it through, always adapting to your body and fighting style to remain a true partner in battle. In the thick of it, the sheer power that radiates off the sword can even create an aura around you, shining red and gold.",,,
,,600,Rhongomyniad,Fate/Legends: Garden of Avalon,"The lance that shines to the end of the world, one of the two great artefacts held by King Arthur. This lance is now in your possession, as a copy of the one that the King will come to hold. This weapon is just a reflection of a much greater construct, a pillar that holds apart the two sides of the world. That of reality and the side where mystery, gods and phantasmal beasts makes their home. As a lance, it can pierce any armour and strike through any defence. By calling out it’s name, one can even release a blast of light sourced from the pillar it represents, an incredibly powerful attack. However, the lance is restricted by the same 13 Rules that bind Excalibur, limiting it’s power unless used in the right conditions. If the lance were to be broken, the two sides of the world would combine into one, filling the world back up with all kinds of fantasy. In fact, Rhon retains this quality even in future worlds, allowing you to break the lance to fill the world with magic, myths and mystery appropriate to it. The lance will be restored at the beginning of your next jump and if repaired while in the same jump as it was broken in, it will separate the worlds once more.",,,
,,600,Azrael,Fate/Legends: Oasis of Fantasy ,"A huge black blade, a broadsword that looks like it was made to be wielded by a man seven feet tall. Yet, when you hold it, it does not feel any heavier than a feather. Indeed, you swing the blade as if you were a master of the sword, regardless of your actual expertise in such matters. Almost as if the sword wishes to be used in battle and will show you the way to do so. The first time you use this black blade, Azrael, in battle, you’ll discover it’s power. A single cut, no matter how miniscule, brings death. The mere presence of the blade will weaken and rot your foes but regardless of how strong, important or resistant the enemy may be, a cut from Azrael has a chance of killing them. The greater the cut, the higher the chance of instant death becomes. Even a mortal has a good chance to survive should you barely nick the tip of their finger but even a true and fleshly god might be utterly destroyed in an instant should your dark weapon pierce their heart. The blade kills truly, leaving no chance to return for it’s victims, and will strike without regard to the presence of the physical or not. You may import an existing weapon into this role.",,,
,,600,Brahmastra,Fate/Legends: Nirvana Yuga,"The greatest of gifts, mightiest of the gods’ weapons. The Brahmastra in it’s many forms comes to rest in your hands, the ultimate divine weapon against demons. A weapon that can take on any form of weapon needed by the wielder, it is a tool for punishing those that go against Heavens’ will. Even the mightiest of Divine Spirits will find their bodies cleaving before the stroke of this blade and the most terrible demon kings quail when targeted by the Bramastra in arrow form. More so then, as the weapon is both enormously potent against demons and far more powerful when used in ranged form. Individually, it would allow opposing a threat well beyond your normal level but a ranged blow against a demon could bring low even the greatest evils in a few strikes. 

Becoming connected to you, the Brahmastra will return to your being when called, stored away within your soul when not needed for combat. This connection also allows you to channel magical energy and powers through the weapon, acting as a magnifier for such things against your enemies. Even a modest fireball could turn into raging torrents from the sword of the gods.",,,
,,600,Trishula Shakti,Fate/Legends: Nirvana Yuga,"The three pronged trident of the King of the Gods. Avatar of creation, existence and destruction, it is a weapon without peer. The spear itself releases it’s true power when held in your hands, having the destructive force to shatter planets and destroy whole worlds with a thrust or throw. Each of it’s points confers a unique power relating to the trinity of existence, used as you desire.

The first point represents Destruction and releases divine lightning on command. This lightning unmakes whatever it comes into contact with, short of a fully enlightened Buddha or God of solar scale. What is destroyed by this lightning is done so completely, impossible to bring back short of a reality changing miracle, such as a wish from a Holy Grail or the act of a Bodhisattva of great power. Physical material, magical spells, even the fabric of the world that creates a texture can all be undone. The lightning moves to your will, like gentle waves or a raging storm, guided to every target by thought. 

The second point is lesser, not so deeply represented by Shiva’s aspects, but still potent. Maintenance of reality that allows the spear to reinforce reality as it is, greatly hindering attempts to change it. From magic to authority to mundane methods, the trident can be planted on the ground and extreme resistance to change in the world you are currently in, preventing reality from being altered or commanded by others without immense power. 

Finally, creation as the third point. When holding the spear, you may cast your own magic through the trident and out of this final point. The process immensely improves the power of such things, increasing them to hundreds of times their normal strength. It becomes a tool to aid the shaping of the world around you, creating and manipulating using your own knowledge with the trident as a tool.",,,
,,600,Apocalyptic Flaming Sword,Fate/Grand Order: Cosmos In The Lostbelt,"Rangarok was a cataclysm of flame, destroying the Norse Age of Gods Texture, and paving the way for the Age of Man to arrive. But you may be wondering, what the hell was used to end the Norse Texture so thoroughly that even the myths are but fragments of what it should be? This sword is the answer. A Divine Construct made with the express purpose of annihilating a Texture, Laevatein is the embodiment of several kinds of malicious Authorities, and its blade is utterly lethal to anything that is alive, whether animal, human, or god. Its heat is immense and a massive danger in its own right, reaching four million degrees celsius when filled with great amounts of magical energy. And, of course, it has one special ability.

If you possess enough magical energy to fully activate it, you can perform a full swing of the sword, raising it high to point to the sky and then slashing it down to the ground, unleashing the cataclysmic flames meant to end the Age of Gods. These flames will very quickly spread across whatever planet you are on, incinerating anything and everything. Perhaps the only downside of this attack is that it is restricted to traveling through normal space: It won’t be able to reach other dimensions or into Void Space. It cannot match the Human Incineration Ritual that Goetia performed purely because its flames do not spread to the past by themselves. And of course, the blade or its flames will not damage you, even if you aren’t particularly resistant to fire. As a final note, you may choose this sword you obtain to wield some different element in similarly apocalyptic degrees, such as for example ice. What is it that you wish to destroy, that you wield this weapon, of all things?",,,
,,600,Black Barrel,Fate - The Island of Sin,"This is not a device native to Faerie Britain, but a superweapon carried in from Proper Human History. But it was nonetheless guarded by a faerie of this world, who died defending it and imbued it with her own nature to be its guardian faerie, a trait that even extended to the summoned version of her counterpart from Proper Human History.

In its inactive form, the Black Barrel resembles a cross-shaped shield, and can safely be used as such. Once it’s activated, however, it expands and extends into a cannon several times the size of a person; here, it takes on its true nature as a “Conceptual Weapon of natural life span”, imposing the concept of a limited life span on creatures who have no such limits (or who, if their life span does have a limit, that limit is so divorced from that of an ordinary person that they might as well be considered immortal). 

In so doing, even a god, Archetype, or Aristoteles becomes something that can be killed… and the Black Barrel is very, very good at doing that. It fires a bullet of True Ether, which utterly destroys all supernatural substances it comes into contact with—such as mana, Grain, and Ether, which typically compose the vast majority of the makeup of such ultimate beings. Thus, it could be considered a weapon designed to kill gods and unkillable beings. If used against smaller, weaker enemies, it nonetheless contains ludicrous killing potential, creating a wide area of death and destroying anything caught near its firing path as everything, even down to inanimate objects, is subject to a limited life span, and dies.

Normally, firing this weapon would either require an immense store of magical energy such as a Command Spell, or it would drain everything nearby of life and mana to fuel itself. You have been given 3 special Command Spells marked onto your right hand; these Command Spells can only be used as fuel for the Black Barrel, and replenish at a rate of one per week when used. 

Your Black Barrel has received the benefits of having a guardian faerie even without actually having one, and as such is now capable of being used as an “ordinary” physical weapon akin to an Anti-Army, EX-Rank Noble Phantasm, but lacking the conceptual killing power or True Ether bullets that is possesses when used as a Conceptual Weapon. This lesser use requires a lot of energy to use, but nowhere near the power of a full-fledged Command Spell, and even an ordinary faerie could expect to fire this weapon once in each battle.",,,
,,600,The Tower At The End Of The World,Fate/Grand Order: SkyrimAnon,"What you have in your hands is perhaps one of the most important artifacts of the Human Order. The Tower that pins the Human Order to the Planet that defines the End of the World, Rhongomyniad. Due to its true form being a titanic tower that defines wherever it is as the edge of reality, you have been given a shadow of it, a projection of the Tower that can be wielded without existential risk to your surroundings. Taking the shape of a shining white spear, it possesses many potent powers that you, as its wielder and owner, may utilize.
 
One of the most basic uses of this spear, as a weapon, is conjuring massive pillars of light to smite your opponents. Such things are powerful enough to obliterate whole cities, and prove a danger even to immensely powerful heroes and gods. You may call down these punishments as much as you’d like, out to a range of hundreds of kilometers, and potentially even into other dimensions, should you have a way to aim your blast. You can also identify those who are truly pure of heart, those capable of holding onto compassion even in the face of hell (they are depressingly rare). Additionally, you may use it to conjure as many nondescript nameless knights as you wish, each individually at about the Low Rank in power. Strong, but not too useful against Servants if not in large numbers. Additionally, you can use this Rhongomyniad to conjure an ideal version of Camelot, a massive white-and-blue city kept perfectly clean by magical forces, a monument to human hope and the pinnacle of the words “holy city”.

Outside of such uses, there are a few ways that lets you call on the spear’s true nature. By declaring it so, you can anchor a reality you are in against cosmic forces, allowing you to sustain, say, a Singularity without the use of a Holy Grail. You can also perform a ritual to slowly bring the true Rhongomyniad to you, as well, first conjuring a massive golden forcefield around you as the Tower manifests, and slowly cleaning the surrounding reality into an empty white field, marked by the shining tower that you can command. This Tower is immensely durable, but not unbreakable, especially when it hasn’t fully manifested, allowing particularly powerful Servants an opportunity to interrupt the manifestation by breaking the golden forcefield. And finally, wielding this spear for long enough can see you transform into an immortal and immensely powerful Divine Spirit, although retaining your human perspective might be difficult for the unprepared. Should you wish for more of these spears for some ungodly reason, you may purchase additional bundles of three at 300cp each, 200cp if you have discounted this Item. You can get a maximum of 12 Rhongomyniads, letting you potentially obtain an absurdly powerful array of Divine Constructs fully under your command, with enough firepower to drill straight through the mantle of this Planet when all 12 spears are used simultaneously.",,,
,,600,Nameless 'Sword',Fate/Legends: Oasis of Fantasy ,"It is called a sword for the convenience of those who cannot comprehend what it truly is. Something that predates ‘Sword’, that predates almost all creations of man, and exists solely to bring destruction to the World and reveal the Truth. In ancient times, a golden king would lay on this blade the name ‘Ea’ but that is nothing more than a personal styling.

The nameless weapon in your hands has the hilt and guard of a sword but the blade far more closely resembles a drill. Despite the drill-tip and the rounded edges, the blade remains dangerous as a weapon. Perhaps too much so, as almost anything that comes in contact with the blade is destroyed even when swung by a novice. Even great artefacts of the ancient times are torn through like they were made of paper to the swing of the nameless weapon. When wished, the weapon will unleash a burst of force and energy around itself, hitting only what the wielder wishes, and acting as if the wielder had hit those targets many times over.

The true power of ‘Ea’ is revealed when the user pushes their own energy into the weapon and activates it, causing the weapon to rapidly spin and gather power. This is Enuma Elish, the overloaded activation of the weapons’ attack functions, massively magnifying the energy placed into the weapon to create an attack that surpasses all others. The spinning of the blade creates a current of wind and magic that when unleashed, races forward towards the target. Even with a minor activation of this power, it will rend time, space and the reality of the World apart to leave a void that shows the Truth beneath it. A true activation of this at full force would make for certain annihilation of anything caught in this rent in reality, such that the only method of survival would be to not be hit in the first place. The weapon can easily destroy smaller Worlds, pocket realities and small dimensions, returning those within to the larger reality outside. But should enough energy be put into the weapon, there is no true upper limit to what the weapon may destroy and it can potentially cause a wound significant enough in a reality as to shatter the rest of it as that wound spreads further. You may import an existing blade into this weapon option.",,,
,,600,The End and The Beginning,Fate/Grand Order: Cosmos In The Lostbelt,"What happens when you merge the Authorities of Brahma, the Creator, and Shiva, the Destroyer? This blade, Mahapralaya. Looking by all accounts to be a laser sword projected from what looks to be a very fanciful sword guard with no hilt, the sheer power this sword can wield can remake the World itself. Before that, it is worth noting that to use it at full power, an utterly absurd amount of energy will be required, to the point that you might need 10 full days of harvesting the energy of a Fantasy Tree just to use it on a World as small and as simple as the 4th Lostbelt, roughly the size of India and with nothing but small stagnant villages of humans spread out across the land, and only a single form of monster prowling the wilds. Greater and more complex lands will require exponentially greater amounts of energy. Normally this sword would need thousands of years of gathering energy for the gods to use during the Hindu Age of Gods. You can of course use it on a smaller scale, in case you wish to obliterate a small group of enemies instead of the entire plane of existence you’re in.

But of course, there’s a reason this is so expensive energy-wise. When fully activated, Mahapralaya becomes the epicenter of a constantly-spreading wave of energy that annihilates everything it comes into contact with that spreads across all of space (thankfully not leaving whatever realm you used it on), and records it as information. In case it needs be said, the wielder is exempt from this destruction. Even most of the greatest defenses available to the gods would only be able to stop it for a few seconds. That said, it is possible to escape from the destruction by leaving reality entirely, such as escaping a Lostbelt where this was used via Zero Sail. Additionally, it might be possible to weather the storm, in a manner of speaking, by bunkering within an omnidirectional conceptual defense that blocks anything without caveats. Also, using it at full power too often, such as more than once a century, can start to fray reality at the edges, eventually resulting in spacetime being so damaged that things like true time travel of more than ten thousand years by a Servant with some connection to a god of time becomes possible.

Then, once the destruction is done and all that is left of reality is a starry field with a nondescript ground, you can use the sword to sift through the complete record of everything destroyed, mess with it however you want, and then create it all once more as you bring the world into being. You could completely delete people from the world, modify things more to your liking, and generally change what is created back into existence as you will, even adding to it if you want to expand the contents of the World. This act is true creation, and for any practical or mystical purposes nothing is disrupted in any way by this sword’s utilization if you don’t actively wish it to be. Although it is worth noting that anything you’re adding through this will need an additional amount of magical energy appropriate to manifesting it. Do be mindful that this will be a lot of information, and might take a while to parse, even for a god. What will you do with the World, once it is fully in your hand?",,,
,,700,Keys of Providence,Generic Nasuverse,"Conceptual weapons used for purification. They were designed to be used against vampires, but are also effective against evil spirits, demons, and, to a lesser extent, other humans.

Black Keys are one of the Keys of Providence.

On the first day of every month, you receive a full set of the Keys of Providence (that is, the set of Keys that an Executor would receive before heading off to slay a target).",,,
,,700,Thompson Contender,Generic Nasuverse,"A copy of Kiritsugu Emiya’s Thompson Contender, along with a case of his origin bullets, made from his own bone and containing the power of his dual origin, Sever/Bind. The case will manifest new origin bullets at a rate of one per hour, but only if the bullet was used, lost, or stolen. Just removing it from the case doesn’t let you manifest extras.",,,
,,700,Mjolnir,The Holy Man of The Church Creek,"Mjolnir, the legendary weapon of the Norse god Thor, is a divine hammer of immense power and significance. Crafted by the dwarves of Nidavellir, this mighty weapon is capable of harnessing the elemental forces of thunder and lightning. As the wielder of Mjolnir, you gain not only the ability to summon and control lightning but also the immense strength and durability of the God of Thunder. This enchanted hammer can be effortlessly wielded and manipulated, returning to your hand with unerring accuracy when thrown. The power of Mjolnir is so great that it can summon thunderstorms, channeling bolts of lightning to strike down your enemies. Its impact is capable of devastating even the most formidable adversaries, causing massive destruction and unleashing a shockwave of divine energy upon impact. Moreover, Mjolnir carries the worthiness enchantment, allowing only those you deem worthy to wield its power. This ensures that the hammer cannot be used by your enemies, adding an additional layer of protection to its immense power.",,,
,,800,Noble Phantasm (Item Type),Generic Nasuverse,"You may select an item type Noble Phantasm of rank A or below from any servant. Or, if you wish, you may upgrade an item you already own into being a Noble Phantasm.

Any Noble Phantasm you gain through this is a freshly made copy of the original. It will recognize you as its true wielder, if it’s one of the Noble Phantasms that does that sort of thing. You may choose to make minor cosmetic changes to it and to change the true name of the Noble Phantasm, but the actual functions and abilities of the Noble Phantasm will remain the same.",,,
,,800,Absolute Demise,The Holy Man of The Church Creek,"Absolute Demise, also referred to as the Eternal Ice Princess, is one of the thirteen Longinus. Absolute Demise takes the form of a large three meter tall woman in a dress with four arms. Whether this Sacred Gear possesses sentience is unclear, you may decide this for yourself if you wish. Absolute Demise has been shown to be able to freeze entire countries in a single attack though this has been limited by its human users.",,,
,,800,Alphecca Tyrant,The Holy Man of The Church Creek ,"Alphecca Tyrant is a fourth Holy Relic that was turned into a Longinus. Alphecca Tyrant was forged from the nails that were used to hold Jesus on the cross. After the disappearance of the nails they were taken by the Sacred Gear System and reforged into a new Longinus level Sacred Gear. The gear allows the wielder to generate Holy Nails that can be fired at their opponents. Anyone struck with these nails including other Longinus users can be controlled and brought under the command of Alphecca Tyrant. Lastly, aside from the nails, the gear can also create larger nails similar to swords. This gear may not directly offer power, but it is considered to be one of the most dangerous gears overall.",,,
,,800,Incinerate Anthem,The Holy Man of The Church Creek,"The Sacred Gear Incinerate Anthem is the first of the Three Holy Relics. It is said to resemble the Holy Cross. It grants its user the ability to control purple Holy Fire. This fire is lethal to any being of darkness with particularly deadly effects on demonic beings. The flames can manifest in a variety of ways including a flaming giant, fire coating your blades, or simply elemental blasts. Lastly, Incinerate Anthem possesses Independent Action allowing it to move without your control. The artifact is sentient and will act to protect its wielder should they be in danger or unable to defend themselves.",,,
,,800,Excalibur Morgan,Grand Foreigner,"Excalibur Morgan is an extremely powerful Noble Phantasm possessed by Arthuria Alter. This allows the user to summon a corrupted Excalibur and unleash a massive energy blast. This particular variant of Excalibur is effective against those with positive karma or “good” beings. This however, makes Excalibur Morgan completely useless against Undead, Demons, and other so-called evil creatures. Alternatively if you dislike this version of Excalibur you may purchase the original Excalibur as well. It possesses the exact same abilities however, it is designed to combat evil beings. Lastly, you may purchase this twice to acquire both variations of Excalibur.",,,
,,800,Sorcery Code,Generic Nasuverse,A mystic code that has a connection to one of the Five True Magics. This sorcery code is capable of granting the user the ability to use one aspect of one of the Five True Magics.,,,
,,800,Photon Ray,Grand Foreigner,"Photon Ray is the Noble Phantasm wielded by Altera. It was the first Divine Construct ever created and originally belonged to Ares. It allows the user to call forth the collective might of every battle, conflict, and war that has ever taken place in a single powerful strike. Unlike Altera however, you are capable of commanding the blade’s full strength. Perhaps you somehow earned Ares’ respect or you found a way to dominate the blade. Regardless, its power has now been greatly boosted. It was already a fearsome weapon capable of destroying countries before, so who knows how strong the War Gods blade is now?",,,
,,900,Holy Scripture,Generic Nasuverse,"Only the Seventh Holy Scripture, wielded by Ciel, is well known. That Scripture puts a large strain on her body, but gives her the ability to kill immortals, as the Scripture is inherently an anti-immortal weapon.

You may design a Scripture for yourself. Using it will strain your body, so you must find a way to permanently or temporarily increase your physical body to the level of E rank in both Strength and Endurance in order to use it.

The Scripture will inherently have the ability to slay any and all things that would threaten humanity as a whole, no matter the inherent defenses of their race. They’ll also have a certain measure of “anti-magic” properties, allowing the Scripture to be more effective than it would normally be against magical defenses.

For example, vampires wouldn’t rapidly regenerate the injuries caused by this Scripture, despite having the innate ability of regeneration. They would have to heal normally, through mundane biological processes.

Mundane or magical defenses would be effective as defenses, though mundane defenses would work better than magical ones due to the anti-magic properties of the Scripture.",,,
,,900,Class Cards,Generic Nasuverse,"Seven Class Cards. Using the command Install: Class, you can gain the skills, parameters, and noble phantasms of that servant, albeit as ranked-down versions of themselves. Saber, Lancer, Archer, Rider, Castor, Assassin, and Berserker. You may choose which servants the cards hold.

For an additional -200 points cost, then there's no restrictions on what servants you can choose for the cards. But fair warning: servants on the level of Gilgamesh will retain their own sense of identity. It's not impossible for them to possess you and take over your body when you install their class card.",,,
,,900,Annihilation Maker,The Holy Man of The Church Creek,"Annihilation Maker is simultaneously thought by many to be the weakest and the strongest of the Longinus. It does not bestow any power directly upon its wielder. It instead grants them power of the creation of life. This Sacred Gear is capable of creating any form of life that they can imagine. The greater the user's imagination the greater the power and variety of the beings that they can make. These beings can be given powerful attributes such as anti-species properties, immunity to certain attacks, the ability to replicate when destroyed, and other fearsome powers. Once the beings have been created they will be considered genuine life forms and will not require any energy to be maintained. Anything created using this Sacred Gear will be loyal to the user. Lastly, the user can also create intelligent beings though this can become more difficult as they become more complex.",,,
,,900,Poseidon's Trident,The Holy Man of The Church Creek,"The Trident of Poseidon is one of the legendary weapons forged by the Cyclops, the master craftsmen of ancient times. This divine artifact represents the might and dominion of Poseidon, the god of the sea. Crafted from the essence of the ocean itself, the trident embodies the immense power and authority over water. As the wielder of Poseidon's Trident, you gain unparalleled control over the element of water. With a mere gesture, you can command the seas, summon tidal waves, and manipulate water to your will. The trident acts as a conduit for your divine authority, allowing you to shape and direct water with unmatched precision and strength.

Not only does the Trident of Poseidon grant control over water, but it also establishes your dominance over aquatic creatures. With a mere flick of the trident, you can communicate with marine life and bend them to your will. Even the mightiest sea monsters and creatures of the deep are compelled to obey your commands, becoming loyal allies in your endeavors. The trident's power extends beyond the realm of water, radiating a potent aura of divine authority. It bolsters your presence, inspiring awe and respect among both mortals and immortals alike. With the Trident of Poseidon in hand, you command the might of Poseidon, standing as a true master of the seas.",,,
,,900,Death Made Manifest,Generic Nasuverse,"This could be considered something similar to a Noble Phantasm, for this is the Concept of Death, crystallized into a weapon.

You may choose what type of weapon it manifests as. Alternatively, you may fuse it into a weapon you already have.

This weapon is capable of killing anything that exists. Even beings such as Ultimate Ones, who lack the concept of death, can be killed with a single strike. This is possible because it imposes the concept of death on the target, then enacts [Death] upon that same target.

Even if the blow you strike with this isn’t an immediately fatal one, it leaves behind a curse that attempts to spread through the target and impose the concept of “dead” on it. (Not merely that it’s able to die, but that it already died.)

A Mana parameter of rank A or a Magic Resistance skill of A makes it possible to resist the instant death feature of the weapon. But there's always a chance that the target simply dies, no matter what defenses and resistances they have.",,,
,,1000,Nereid Kyrie,The Holy Man of The Church Creek,"Nereid Kyrie is one of the new Longinus that was developed. The gear lacks a physical shape though it will make the user's eyes glow while it is in use. You may optionally disable this effect if you wish. This Sacred Gear grants its user two abilities. The first of its abilities allows it to control dragons. The user’s voice is able to force dragons to sleep, weaken them, and strengthen them. This effect is noticeably stronger when the user sings. Supposedly this Sacred Gear is even strong enough to affect beings like the Dragon Gods as they are still Dragons. The second of the gears abilities allows the user to control the oceans. The user can freely control and manipulate bodies of water. This includes oceans, lakes, and rivers though smaller bodies of water can likely be controlled as well.",,,
,,1000,Boosted Gear,The Holy Man of The Church Clear,"The Boosted Gear is a powerful Sacred Gear, bestowed upon its wielder with the essence of the Welsh Dragon Ddraig. When activated, the Boosted Gear manifests as a fiery red gauntlet, pulsating with draconic energy. Though this can evolve into a full set of crimson armor as the users’ mastery of the Boosted Gear grows. The Boosted Gear grants the user a variety of powers including Penetrate, Transfer, and Boost.

Boost allows the user to double their overall capabilities. This includes your magical power, physical strength, speed, and literally every characteristic you have. You may optionally choose if this gear has a copy of Ddraig or another powerful dragonic spirit within it. If the gear does possess a spirit you may design their appearance and personality. Lastly, like the Boosted Gear it will come with the spirits of a few dozen of its previous wielders who can advise you on its power. Perhaps you could create bodies for these wielders and the dragon granting you some powerful allies.",,,
,,1000,Divine Dividing,The Holy Man of The Church Creek,"Divine Dividing is a Sacred Gear that harnesses the power of the Vanishing Dragon Albion, granting its wielder incredible abilities and control over the concept of division. This Sacred Gear manifests as a pair of white wings with eight large feathers, radiating a serene and ethereal aura. With the Divine Dividing, you gain the ability to divide and halve the powers, attributes, and abilities of any target you choose. The power that is then divided from your opponents is then granted to you allowing you to rapidly overwhelm more powerful opponents. If the user receives too much energy it will be expelled from the wings.

 There are a variety of powers as well such as Reflect, Reduce, and Scale Mail which can be unlocked as you grow stronger. You may optionally choose if this gear has a copy of Albion or another powerful dragonic spirit within it. If the gear does possess a spirit you may design their appearance and personality. Lastly, like Divine Dividing it will come with the spirits of a few dozen of its previous wielders who can advise you on its power. Perhaps you could create bodies for these wielders and the dragon granting you some powerful allies.",,,
,,1000,Enuma Elish,The Holy Man of The Church Creek,"Enuma Elish is a divine weapon forged by the Mesopotamian King of Gods, Anu, designed specifically to bind and restrain powerful entities, be they gods or primordials. The Chains of Heaven are a massive set of golden chains which can be summoned by the user. Additionally the longer the target is restrained the more chains that can be summoned. The amount of chains that can be summoned depend on the amount of power you have available. This cost however can be supplemented by your own target as you drain their power. Once a being is caught within even someone as mighty as Trihexa would be unable to escape.",,,
,,1200,Zenith Tempest,The Holy Man of The Church Creek,"Zenith Tempest, hailed as one of the most formidable Longinus, bestows upon its wielder the dominion over the very forces of nature. With this awe-inspiring Sacred Gear, you gain control over the weather itself and receive potent elemental affinities rivaling deities. Through Zenith Tempest, you wield the power to shape and manipulate the elements at will. You can summon raging storms, summon bolts of lightning, conjure powerful gusts of wind, and unleash torrential downpours that can drown your enemies in a deluge of devastation. Your command over the elements allows you to unleash both destructive and defensive capabilities. This Sacred Gear is even capable of overpowering other Longinus. For example, the ice generated by Zenith Tempest can freeze the flames created by Incinerate Anthem. While Zenith Tempest grants you the ability to unleash devastating small-scale attacks in one-on-one combat, its true strength lies in army-level conflicts. With the power of a walking hurricane at your disposal, you can unleash cataclysmic storms that ravage entire cities, leaving nothing but destruction and chaos in your wake. Your mere presence becomes a force of annihilation, capable of reshaping the very landscape and decimating all who oppose you",,,
,,1200,True Longinus,The Holy Man of The Church Creek,"The True Longinus also known as the Spear of Destiny is considered the most powerful Sacred Gear. This is the same spear used by St. Longinus to stab Jesus Christ and is the final piece of the Three Holy Relics. The True Longinus takes the form of a long bladed spear. It has the power to kill any devil or god with, but a single touch. The mere presence of the spear can cause horrific pain even in Satan Class Devils. Aside from its holy powers the spear is capable of extending at will, shielding its wielder, and shattering any seal. The True Longinus additionally has a number of special powers and abilities that can be unlocked as the user’s mastery over it grows.",,,