CP Cost,Name,Jumpdoc,Chapter,Description
Free,Imposing Declaration of Title,Asura's Wrath,Presence,"Whenever you do something dramatic or just something really badass, perception of you changes for a split­second. Observers see the title or high­concept description of your current state or action as awesome block characters superimposed on their vision. This applies to named attacks/combat maneuvers, legendary weapons, companions and so on."
Free,Symphony of Violence,Katana Zero,Presence,"Your standard-issue soundtrack perk. Ludowic’s works shall bless your ears, all of which will be custom-tailored for your situation. Well, you do also have the game’s soundtrack if that’s your jam."
Free,Punching Music,One Finger Death Punch,Presence,"You have a blood-pumping, upbeat and dramatic soundtrack that plays whenever you start getting
into the thick of combat, perfectly accenting your blows and blocks. This may be toggled."
Free,Beautiful,Tales Of Demons and Gods,Presence,"You are very beautiful, guaranteed to be beautiful enough make the majority of the opposite sex think you are hot. This won’t shift your appearance to something you find ugly."
Free,There s Nothing Anyone Can Do,Baki The Grappler,Presence,"Martial arts are called “arts” for a reason. In the midst of action, your movements are dynamic, your
posture radiates with almost mathematical perfection. The flow of energy, the trajectory of blows,
the rippling mussels supporting every lock and hold; your every movement is a sight of profound
beauty, and primal masculinity. Even outside of tense situations, you may find your more masculine
traits exaggerated, though not to the point of inhumanity (yet). You may even find scenery warping
in the eyes of observers, to illustrate the tension between you and an opponent. May be toggled."
Free,Fleeting Melody,Baki The Grappler,Presence,"I suppose your heartbeat isn’t the only thing pounding in your ear. Going forward, you’ll be followed
by the original soundtrack of seasons 1 & 2 of the Baki the Grappler anime. The music will play as
appropriate for the current situation, and nobody else seems capable of acknowledging it. This may
be toggled on and off at your own discretion."
Free,If it Costs you Your Health,Baki: Son Of Ogre,Presence,"Nobody here is completely sane. This is a world where head pats and biting someone’s finger off
are equally valid shows of respect. You know intuitively what actions are seen as polite or rude,
when among company who are clearly insane, even with no evidence to base those judgements
on. This naturally ineffective on sane individuals."
Free,Imagination has no Limits,Baki: Son Of Ogre,Presence,"This world has a particular style: exaggerated proportions, bulging muscles, emphasized kinetic
motion, etc. Some may call it grotesque, others beautiful, but you’re stuck with it for the next 10
years, after which it’s togglable. Nobody will find it strange if you don’t make note of it first. - 0cp"
Free,Chinese Ink Style,Fog Hill of Five Elements,Presence,"It seems that you liked the animation style used to bring this world to life, for free you can obtain this style to apply it in future jumps, something admirable and worth observing, each thing that seems hand painted with beautiful colors and minute details, in future worlds you may want to stop and observe how this style gives a new perspective to observe the world."
Free,Bathe In Beauty,Saint Seiya: The Original Series,Presence,"If there is one trait the warriors of the Gods and their imposters
share, it is that they are recognizable and distinctive. You are no exception - whether you look
large and intimidating, handsome and rugged, or beautiful and voluptuous...your appearance
could give almost any human on the planet pause for thought."
Free,Cool Monologing,Saint Seiya: Omega,Presence,"In this and future worlds, monologuing is not merely a theatrical trope but a
powerful tool wielded by individuals to convey their ideals and explain the inner
workings of their techniques. No matter how cringe-worthy or grandiose one's
monologue may seem, the people of this and future world will take their and your words seriously."
Free,Good Looking,Saint Seiya: Omega,Presence,"In this world where devotion to the gods is intertwined with physical attractiveness, it seems fate has smiled upon you, granting you a visage that ranks at least an 8 in the realm of looks. Whether by divine blessing or mere coincidence, your appearance aligns with the standards upheld by those who worship the gods, adding an extra layer of allure to my presence in this world."
Free,Vivid World,Demon Slayer,Presence,"The world of demon slayer may be extremely dangerous, but it is just as beautiful. Should you wish to, you can bring the art of Demon Slayer into other worlds and even allow people to see the elements that seem to appear when using breathing styles. This also gives you the ability to have music that is thematically appropriate for the situation at any time."
Free,Nine Sols Original Soundtrack,Nine Sols,Presence,"If you’ve played the game, you probably enjoyed some of the music. There are 72 separate tracks total. You have all of them, and may play them at any time. You may decide if others can hear this or not, adjust the volume, and toggle this perk on and off at any time you wish. You also have your own personal leitmotif by FFXX, Im Baek Hun, Vincent Yang, and the rest of the music team."
Free,Boss Card,Nine Sols,Presence,"When you fight each Sol (and a few formidable enemies besides) in the game, they have their own title cards that indicate you’re in for a tough battle. It consists of big red characters that spell out your name in Traditional Chinese, and text in the middle in English or another language or your preference. It makes you look cool."
Free,Battle Theme,Tekken,Presence,"No matter where you are if the Battle starts you find yourself listening to a great
song, pumping you up for the Fight. This can be deactivated at will."
Free,Painted Screen,Okami,Presence,"Ever wanted to live in a moving ink wash painting? Now you can! You can even switch between other sorts of animation if you so desire - and toggle it off entirely, of course."
Free,Kagura,Okami,Presence,"You now have semi-traditional Japanese music as background music wherever you go, whether
in your head, audible to those around you, or switched off altogether."
Free,Hyugan Aestethic,Samurai of Hyuga,Presence,"Whether rough or dignified, slender or muscular, Hyuga is a land of where great beauties have
been and it’d be a shame if you didn’t live up to that standard. You and the “important
characters” of your life will never look uncomely, possessing rippling chests, massive
mammaries and the like. If you chose to, you could even view this world through the lens of a
certain art style, many centuries before its conception. You know, the one with exaggeratedly
large eyes and vibrant hair colours. Furthermore, the “important characters” that have romantic
chemistry with you will retroactively end up being the sex you prefer, with minute details about
their backstory changing to fit."
Free,Harbringer,Ironsworn,Presence,"Many an Ironsworn picks up a nickname as their tale spreads. ward Disciple of the Forgotten One, the Sharp-Eyed Hunter of the Hinterlands, the Hero of Wildwatch, and so on. You may choose such a title or name to be known by, and all shall associate it with you."
Free,Painterly Style,Sword of the Stranger,Presence,"At will, you may choose to see the world as if drawn and painted by a skilled animator -
people drawn in clear detail, and backgrounds like watercolour paintings. Likewise, you
can hear a soundtrack similar to the movie in your mind, with tones and melodies appropriate to the moment."
Free,I Am Beautiful,Soul Calibur,Presence,"Many of the prominent characters in this world are very beautiful and you are more
than a match for them in that regard. Perhaps you are roguishly handsome like a pirate or
classically beautiful like Aphrodite herself. It doesn’t matter what form your beauty takes.
You will turn heads either way and you will have no lack of suitors aiming for your hand.
Even your every action only serves to accentuate your beauty. Unfortunately, your beauty
doesn’t actually work as a distraction in fights. Perhaps people are just too used to beauty in this world."
Free,Referred to As,Soul Calibur,Presence,"Everyone here has or will make a name for themselves. You are no different. You
now have a title of your own. At first, this title will be merely another name people will know
you by but as your reputation grows and word of your exploits come around, your title will
start bearing the weight of your achievements. People in this world and beyond may not
know exactly what you have done but merely knowing your title will give them an
understanding of your might. As a bonus, you will also be able to bestow upon your followers
a title of their own, one that they will accept, no matter how strange it is."
Free,Leitmotif,Soul Calibur,Presence,"A leitmotif is a recurring piece of music associated with a particular person, place or
idea. As such it is only fitting that you should have a fitting soundtrack of your own.
Now, whenever you wish, music fitting to you and your actions will begin to play
whenever you do something particularly impressive or noteworthy. Of course, you can let it
play whenever you want if you so wish.
By default, the music can be heard by everyone around you but you can change it so
that only you and the others you choose will be able to hear it."
Free,Joking Taunt,Darkstalkers,Presence,"You have something of a trickster’s wit, able to take the sting out of your blows (or make them hurt more with a sick burn). Either way, you have phrase, gesture or other action that really gets under your opponent’s skin. Careful though­ if your opponents are smart, they’ll suckerpunch you."
Free,Sexy Taunt,Darkstalkers,Presence,"You are all the right kinds of classy, and can flash a leg or show of your guns in such a way to win the
crowds and distract your opponents. Expect to have a fan­following if your actions are publicized."
Free,Badass Taunt,Darkstalkers,Presence,"Making a sign that marks your opponent as going down, you can shock, humble or frighten people into making a critical mistake. Alternatively you radiate such confidence that people start to believe you’re unbeatable."
Free,Soundtrack,Furi,Presence,"You get the full Furi soundtrack, featuring songs by Carpenter Brut, Danger,
Waveshaper, Lorn, and The Toxic Avenger. Aside from all the songs from the game, you also
get a pair of songs all your own; one that wouldn’t be out of place in the lead-up to a
confrontation, and one to play during the fight itself."
Free,One Liner,Katanagatari,Presence,"Everyone needs’ something to make them stand out. A gimmick phrase that lets the reader know
just who you are and what you’re all about. You’ve got a cool catchphrase now, one that gets across
the core concept of your character and sounds pretty cool too. Everyone finds it really memorable
and you’ll always get a chance to say it during a fight, especially in dramatic moments."
Free,Gotōge's Style,Kimetsu no Yaiba,Presence,"Whoever designed you clearly is a fan of the exotic, and frankly, they did a damn
good job, didn't they? You, as a result, have an appearance that screams ""important anime character""-
Feudal-era Japan-inspired clothes with brilliant decorations and patterns, eye and hair colours that range
the entire visible spectrum (hell, maybe even several at once)...basically, you're encouraged to take it to
eleven. Of course, what would be the point of this if you got to look cool, but not look cool? Along with your
distinctive appearance, you exude personality, not in the ""my enemies know I'm a brash bastard"" sense, but
the ""woah, he looks intense"" sense, and in battle, even your mistakes seem choreographed."
Free,Demon-Slaying Tunes,Kimetsu no Yaiba,Presence,"Every superhero needs their theme music...but you aren't a superhero.
Instead, you're an epic swordsman or powerful demon, and as such, your music reflects that, as well as the
power of anime music teams. You have a personal soundtrack, including your favourite Demon Slayer
songs and some custom tracks in the same style, that you can toggle on and off at-will. Oh, you already
have soundtrack perks, you say? Well, no problem - just add these tunes into your playlist whenever you want!"
Free,Grand Orchestra,Sword & Sorcery,Presence,"I have no doubt you’ve supped on countless stories where their grandiosity and grandeur were
matched with symphonies composed to ensure every vast landscape and momentous occasion
filled the breast with awe. The dreary truth is that no such thing would exist should one stand in
them as you do now, or at least there shouldn’t be. You may choose to have a perfect soundtrack
of music that will accompany your adventures. Whatever its nature the composition matches the
events of your adventures, your personal tastes, and your character sublimely. You may turn this
on or off at will, and you may allow others to hear it if you wish."
Free,Stupid Name,Mad Max,Presence,"Chumbucket, Gutgash, Stank Gum and Scaborus Scrotus are all fairly ‘normal’ names in the wasteland, now you too can have a stupid name that nobody thinks is weird or will make fun of you for it."
Free,Chime,Worldless,Presence,"The standard soundtrack option. You have a soundtrack in the style of Worldless
following you around. Significant changes to your form or situation, such as a new
form, can slightly alter this music as appropriate. Togglable."
Free,Grenier's Style,Arawn,Presence,"Do you like the artstyle of Arawn? The author of this document has tried
to include lots of images so you can decide. Regardless if you do or not, you may choose to perceive the
world as if it were drawn by Sébastien Grenier, the artist behind the comics. In times of intensity, your
eyes glow, as if you were a demon. If you are a Son of Bran or a Shaman they glow red, and if you are a
Son of Dag they’re blue or green. Other origins get to pick freely. The effects of perk are toggleable, so
you can stop or reactivate them anytime."
Free,Artstyle,YOMI Hustle,Presence,"There is no YOMI art style. But with this, it's almost like there is one! You can visualize any fight in the style of YOMI hustle. Complete with pixel art of you, your enemy, and your background!"
Free,Game Protagonist,Ryse: Son of Rome,Presence,You gain a look boost as if you were sculpted by professional game developers to be the protagonist. This makes you a 10/10 in looks since good game developers wouldn’t make an ugly protagonist unless it was a part of the plot. You get to redesign your looks and can do so again after each new jump or 10 years later.
50,Nickname and Title,Grant Morrison's 18 Days,Presence,"A suitably epic nickname and title for you to be known by, like so many that abound in this world."
50,A Truly Abnormal Specimen (Aesthetic),Baki: Son Of Ogre,Presence,"Whether by freak mutation, surgery, or the wear of a lifetime of combat, some part of your body is simply abnormal. For 50cp, this is purely aesthetic, and neither helps nor hurts your performance, even if it logically should."
50,"He Who Fights, and Runs Away",Baki: Son Of Ogre,Presence,"Ancient battles weren’t as soft as those today. You have a way with words lets you twist cowardly acts into something almost respectable. You didn’t run away, it was a tactical retreat, you didn’t beg for your life, it was psychological warfare, so long as you don’t overuse this, you can speak with enough confidence to convince most listeners."
50,Will Live to Fight Another Day,Baki: Son Of Ogre,Presence,"Scars on the front are a swordsman’s pride. Should you gain any scars or noticeable
appearance quirks that you take pride in, such as bizarrely shaped eyes or mouth, you
may have them travel with you as a kind of fingerprint. These are bound to your soul, so
they can be used as a way to distinguish clones and such from the real deal."
50,Natural Elegance,Baki: Son Of Ogre,Presence,"You possess impeccable manners, allowing you to fit in and thrive in any formal setting, even as
a towering mound of muscle and bloodlust. This also lets you effortlessly handle any elaborate
upkeep on your appearance, whether it be your wardrobe, makeup, hairstyle, etc."
50,For The Ladies,Baki: Son Of Ogre,Presence,"What’s the point of being strong if you can’t show off? You can always think of party tricks
that aren’t actually useful but are still damn impressive. Maybe you flex so hard you burst
out of your clothes, maybe your karate chop can cut wire while barely bending it.
Naturally, you can’t make tricks based on physical abilities you don’t possess."
50,More Than Megalomania,Live A Live,Presence,"At will, you may play any song from Live A Live’s soundtrack, which includes some of Yoko Shimomura’s finest work. This also includes the remixes from the Mémoria and Drammatica albums. You may choose whether others are aware of the music, and you also get a CD with the soundtrack on it as a mundane option."
50,Distinctive Look,Jade Empire,Presence,"You have an interesting appearance that looks pretty badass. Want Furious Ming’s sick tattoos, or Silk Fox’s ninja outfit? Go for it"
50,It's A Style,Katanagatari,Presence,"How Stylish! Such strong ink, such bold colours. A world where every movement is like a graceful
stroke of the brush, who wouldn’t want to continue experiencing it? Taking this allows you to have
part or all of the artstyle of Katanagatari follow along with you to future worlds, customising how
stylised you want each place to be."
50,Brütal Legend: The Album,Brütal Legend,Presence,"A copy of the game’s soundtrack, as well as some original pieces you’ve never heard of can play whenever you want. Rock out to your heart’s content."
50,Cave Paints Aestethic,Primal,Presence,"For another 50 CP, you’ll find that your Warehouse, and other properties, may
spontaneously develop cave paintings across their walls illustrating your personal journeys and stories."
50,Vae Victis!,Legacy of Kain,Presence,"What this gives you is a personal battle cry of your choosing that will be instantly recognizable to anyone who has ever heard of you. That way you can be sure that your enemies will know just who it was that killed them. As a complementary bonus you may also receive a talent for bone chilling mocking laughter should you wish for it. Who knows, if you manage to cultivate enough of a terrifying reputation you might find the enemy rank and file to be shaken just by hearing either before the battle even begins. Woe to the conquered indeed."
50,The Voice of the Ancestor,Darkest Dungeon,Presence,"“In time, you will know the  tragic extent of my failings...”
The voice of the Ancestor will follow you on your journey, serving as both commentator on the actions you take and narrator- always having a suitably grisly story for the places you visit and the ferocious beasts you encounter. Perhaps humorously, he may even claim to have been involved in their origin. His sardonic words may also be heard by those in your party, should you wish it, though his transcendent voice will not reach the uninitiated- his role is to inform, not distract. "
50,Darkest Designs,Darkest Dungeon,Presence,"“Now, like me, you will begin to see things as they truly are.”
This world has a certain charm to how it appears; stark and grim, and yet instantly recognizable in style. Should you purchase this, you will find your vision shifting so that all worlds appear this way for you, if you wish- a hand-painted landscape, sprung forth from the nightmare of a madman."
100,Cute As A Button,A Will Eternal,Presence,"You are extraordinarily attractive. The cultivation golden standard. While in a youthful form this will translate into being mind-bogglingly adorable, in adult form this will even attract the lustful gazes of men and women with iron hearts. Your sheer ethereal beauty will put other cultivators to shame, people who already are innately attractive by virtue of cultivating. Of course, such beauty can come with its own drawbacks, especially in settings like this."
100,Gift of Gab,A Will Eternal,Presence,"Your tongue is nearly as sharp as your sword, and sometimes it feels like it can do more
damage too. You have quite the ability to talk your way around people, leaving them with
little option but to do as you wish, whether by their choice or not. Your arguments hit the nail
on the head time and time again, leaving no chance for your opponents to retort against the
facts. Should you turn your tongue to insults, those on the receiving end will quickly grow red
with indignant rage."
100,Make an Example,Asura's Wrath,Presence,"Whenever you do something dramatic or just something really badass, perception of you changes for
a split­second. Observers see the title or high­concept description of your current state or action as
awesome block characters superimposed on their vision. This applies to named attacks/combat maneuvers,
legendary weapons, companions and so on."
100,Born of The Black Age,Grant Morrison's 18 Days,Presence,"There is something cursed about you, wanderer. A stink... ah. You hail from a world already in
the heart of the Age of Iron. Very well. You are granted the power to impose the mores of your
age upon the world around you.

And contrary to what one would think solely off the words of Markandeya, not all is lost in even
the Fourth Age. For is not even the least of souls still part of the Universe Soul? While yes, the
aura and the effects you exude do contain within them the greed, corruption, ruthlessness, and
ambition of your age, they hold also the compassion, the concerns for universal rights, and all
the things one might regard as good.

And what use is power one does not control? You have control over which aspects of your time
you bleed into the world around you, picking and choosing at will."
100,Speak My Name,Grant Morrison's 18 Days,Presence,"Light burns low in this sinister age, but it is not yet extinguished. Any man or woman living in
these dire times need only speak your name and you will know of their identity, situation,
location, and needs. Whether or not you choose to intervene is another matter.
Unless you wish otherwise, any who lay eyes on you would know who and what you are, and
treat you similarly. Especially so with divine or magical beings of any kind, who would fear or
respect you as befits them and you."
100,The Aestethic Touch,Grant Morrison's 18 Days,Presence,"This doesn’t do much to change your powers or possessions, but it does provide them with the
same techno-mythological appearance of this world. For 50 CP you may apply them to your
personal possessions or your warehouse and owned buildings. With a second purchase, totaling
100 CP, it’s applied to everything."
100,Dragon Touched,Sekiro Shadows Die Twice,Presence,"You eradiate an aura of royalty. Your poise is flawless and your steps are graceful. Some say
certain warriors exude auras much like a dragon, commanding respect, but that is in terms of
strength. You exude aura much like a dragon’s but that is through wisdom and charisma. People
will look upon you as if you are divinely touched, and depending on how you approach it,
perhaps even worship you."
100,Eyes of Fire,Sekiro Shadows Die Twice,Presence,"Your eyes say much, about who you are and what your intent is. Looking into your eyes gives
others a sense of pressure, as if you’re trying to force them to kneel with your spirit alone. This
has a direct relationship with your willpower. The greater your willpower, the stronger this effect
is. You could even win fights without drawing your blade by convincing your opponent to submit."
100,The Painful Scent,Baki The Grappler,Presence,"It may not be realized immediately, but to those who get the chance the fight you, it’s nothing short of invigorating. Something about you lets opponents walk away feeling like they genuinely had fun duking it out with you, though especially sore losers may not react as gracefully. Not even less intelligent animals are exempt from this. Though your battles may begin as territorial disputes or the like, as your conflict progresses, your primal opponent will feel the embers of fighting spirit take hold in them. Though the flames will only ignite if you can give them the environment to truly savor the stimulation of battle."
100,The Complete Picture,Baki The Grappler,Presence,"This won’t be much help in the long run, not without the skills or power to back it up, but it will certainly help ward away the chaff. A large portion of your body is covered with an intimidating mark of some kind. It may be a few dozen massive scars, perhaps a tattoo, the likes of which you’d expect to see on yakuza, perhaps both."
100,Fucking Maniac,Baki The Grappler,Presence,"Most people would be ecstatic to see their attacks doing visible damage on an opponent, but when
it’s you, that sentiment rings hollow. It’s not about empathy, there’s something purely disturbing
about  you react to injuries, even self-inflicted ones. If you can stand to fight through the
pain, your opponents will be struck with enough repulsion over your distorting form to overshadow
any confidence they might have gained from inflicting that damage."
100,It's Too Bright,Baki: Son Of Ogre,Presence,"Word of you spreads fast. Even if there were hardly any witnesses your most impressive feats,
somehow word will spread around. For 100cp, you can quickly become an urban legend, with
just enough details wrong to protect your privacy, but enough right for you to take credit for it later."
100,It's Too Bright (Boosted),Baki: Son Of Ogre,Presence,"If you pay 200cp instead, your legend could spread globally, potentially making you an
object of reverence across cultures. You may even find vague prophecies of your glory

Requires ""It's Too Bright"" to Purchase"
100,"That Disdainful ""Comon Sense""",Baki: Son Of Ogre,Presence,"The strong don’t take too kindly to the weak bossing them around, but you manage it.
Something about how you carry yourself makes dangerous individuals oddly patient with
you, and you can tell when you’re about to cross the line. Those you form deep bonds
with will even tolerate repeated emotional outbursts from you, up to a point."
100,Initiated,Baki: Son Of Ogre,Presence,"There’s a thin line between charming confidence and obnoxious narcissism. People just get used to your elitist comments. Someone could call you a friend, even if you casually belittle the skills they’ve devoted their life to, as long as you’re an otherwise good friend. Even works on strangers, but to a much lesser extent."
100,"No Gods or Kings, Only Brothers",Baki: Son Of Ogre,Presence,"A born leader is what you are. Maybe it’s how you talk, how you walk, or just some intangible quality about you, but you carry with you an aura that is equal parts dignified and brotherly. Those who come to respect you don’t build the usual walls that come with hierarchy. They’re able to open up and talk to you not as underlings, but as family."
100,No Wonder Nobody Respects You,Baki: Son Of Ogre,Mundane Talent,"Make no mistake, your bark is just as bad as your bite. You always know just what to say
to tear open someone’s major insecurities. If they’re weak willed, they’ll either likely deny
or fully submit to your claims, but if your opponent’s will is strong, it’ll have the opposite
effect, pushing them to work harder than before and reach for new heights."
100,It's All White,Baki: Son Of Ogre,Presence,"Everyone has rules they live by, some more strict than others. By ensuring that you prepare and participate in battle in whatever way you deem “purest”, it adds a kind of aura to your image in battle. One that can overwhelm those with particularly strong battle instincts for at least the first hit. Not as effective on amateurs."
100,Funcional and Fashionable,Metal Gear Rising: Revengeance,Presence,"Why have one when you can have both. Whether you’re a cyborg, a mutant, or an eldritch horror, your form will shift into one that is visually appealing with no loss in abilities and power."
100,Attractive Appearance,Fog Hill of Five Elements,Presence,"With that appearance, you could very well pass for a fish in your element, albeit a much more attractive one than usual. Your smooth, fair skin is able to catch the eye with ease, while your silky, prominently coloured hair adds a touch of distinction. What really stands out, however, are your eyes, which not only catch the eye, but also reflect and reveal your true self through their striking colour.
I must admit, Jumper, your appearance is very striking, and I mean that in the best possible way. No doubt you will attract stares and arouse curiosity in the opposite gender wherever you are."
100,One Step in Front of Everyone,Fog Hill of Five Elements,Presence,"You are a notable person, not in the sense of fame or glory, it is by your presence that you are noticed, how you move, how you stand with your back straight and with a stare like a spear, pinning beasts and people alike to the spot where you set your gaze and  you act and behave ensures that wherever you walk you attract attention, you will surely give your allies a second wind and your enemies will be more wary, ignoring your allies or other people to focus on the more immediate danger which is likely to be you."
100,Command Voice,Fog Hill of Five Elements,Presence,"You have a spectacular voice, whether it is deep or high pitched your voice has a soft and pleasant sound when you talk to others, but it stands out more when you give orders and tell someone not to do something, nothing supernatural, but it is the kind of voice that is heard, obeyed and that wakes up people who are frozen by fear or some other emotion, it is quite useful to calm down or make people who are in panic or are not thinking well, although it would also serve you very well to lead or command both groups and soldiers."
100,Disturbing Presence,Fog Hill of Five Elements,Presence,"As a demon, it is only natural that your mere presence unsettles those around you, even your own kind. You can unnerve your superiors and instil fear even in the most seasoned among them—let alone in humans. The simple act of moving, the sound of your footsteps, or even a single glance from you can leave even the bravest frozen in place. If you so desired, you could become a living nightmare, a walking horror story among them. Even the mere mention of your name could be enough to strike fear into those who hear it."
100,Chill of the Grave,Saint Seiya: The Original Series,Presence,"Fear of death is not merely a sign of cowardice - it is
 things should be. And no one embodies death better than the servants of Hades
himself. You are intimidating and imposing, able to inspire fear in weak hearts and wary caution
in the strong. You may even have an aura of gloom and icy cold air around you to emphasize
this, should you so wish it."
100,Wolf's Bond,Saint Seiya: Lost Canvas,Presence,"Not every Saint is a giant one man army. Bronze and Silver tie close bonds and work together efficiently, a strength of their own you now develop naturally : any comrades you have that do not already hate you will work along, growing rapidly into a well oiled machine that runs on friendship and brotherhood. The pack is tight and all the stronger for it."
100,Harpy's Rank,Saint Seiya: Lost Canvas,Presence,"The hierarchy of Specters is… well, there is Pandora, then the Three Judges, then the rest, so authority inside the “rest” is sometimes a pain and counterproductive. Not you though. Not only do you always have some form of authority or respect if you have greater power than those in front of you, your superiors tend to notice your true abilities and “promote” you accordingly, much like Happy Valentine belong to the four elites of Radamanthys because he equal Gold Saints and is loyal to the death."
100,Sphinx's Curse,Saint Seiya: Lost Canvas,Presence,"A cunning and wicked creature, one you share a trait with now. At will, you can emit an aura around you that slightly weakens everyone but you in a 10m or so (at first), enough to give you an edge in a tie. It however affects everyone, ally or enemy, and those with a pure heart (either 100% good or 100%  evil) are immune."
100,Loved,Saint Seiya: Omega,Presence,"Much like the beloved Goddess Pallas herself, you exude an irresistible charm and adorableness that endears you to others effortlessly. Your innate charisma and warmth make it effortless for you to garner affection and loyalty from those around you, drawing people towards you with ease. This charm extends beyond mere likability, granting you the ability to forge deep connections and recruit powerful allies to your cause."
100,False Camaraderie,Saint Seiya: Episode G,Presence,"The Saints, despite the unified front they may put up towards enemies, have rarely been such a
thing in truth. From mere personal clashes due to mutual dislike to hatred that stems from years old
blood feuds, it’s a mess of tangled friendships, rivalries and enemies. But even with all that, you’re
still Saints. When the enemy comes to the door, you’ll be by each other’s sides. You’re able to put
aside any differences you have with someone and work together with them like they were a friend if
you wish. If they have a reason to work with you too, you can extend this effect to them to assist you
both in being efficient. Who knows? Maybe you’ll be able to work things out between the two of you
as you fight together."
100,Egalitarianism,Saint Seiya: Episode G,Presence,"The stain of your family’s sins can mark you for life, no matter how unfair that fact might be. The
crimes that those associated with you will no longer affect  that people perceive you. Even if
your entire family line has been known for treason, cowardice and a lack of any good qualities, you
will be judged entirely apart from them with not even an ounce of guilt assumed before you prove it
to be so. Even if you look like someone, rather than just being associated with them through family
or friend ties, you won’t be wrongfully blamed."
100,Up on the Podium,Saint Seiya: Episode G,Presence,"You’ll never need cue cards against, for you’ve got a fantastic, long winded speech ready for almost
any situation, the sort of stuff that genuinely inspires courage and wards away fear and worry.
You’ve got a fantastic, clear voice for those speeches too, able to carry across even the din of battle
between Saints and their foes."
100,Lookind Down Upon You,Saint Seiya: Episode G,Presence,"Tis only rightful that a mortal bows to the greater Gods of this world. All you’re doing is making it
obvious that they should do such. You are capable of making known your true power, or just a
portion of it, to any who look upon you or come near to you. The physical effects or costs of
releasing your true power are not required, thus allowing you to impress exactly how superior you
are to any around you at your full power without needing to shame yourself with the release of your
true form to a mere mortal."
100,Pretty as a Picture,Demon Slayer,Presence,"The designs of the various characters are vast and different, and you are no exception. With this you are now at least an 8/10 and at the beginning of every jump you can have your hair or eye color changed should you wish, even to exotic colors. No one will question it, though you could also allow the rest of the world to have unique hair and eyes if you wish for a more colorful world."
100,Peach Blossom,Nine Sols,Presence,"Beauty is ephemeral, like the peach blossom on the tree, overtaken by time or violence - but that makes it no less precious or meaningful. You are an example of such beauty; whether masculine, feminine or androgynous, whether ethereal, regal or cute, your looks are enough to turn heads and open hearts to you - and to get fans, in and out-of-universe, raving over you."
100,Seen Weirder Things,Tekken,Presence,"Isn’t it odd that no one seems to bat an eye at things like Bears fighting in
a human Tournament? Either everyone in the World of Tekken has been conditioned to accept
crazy... or it is this Perk. No matter what you look like you find that people will accept it and won’t
treat you differently for it. When people run from you screaming it will be because you killed their
family and not because you have a pair of horns."
100,Moonlight Beauty,Okami,Presence,"You are beautiful in a way rarely seen in mortals; the Moon's light is reflected throughout your
entire being. And like moonbeams on the surface of water, it’s the sort of thing people notice."
100,Lovable Fool,Samurai of Hyuga,Presence,"Life for the average denizen for Hyuga isn’t the greatest but that doesn’t mean you need to be
so glum about it. Your easygoing and seemingly simple attitude carries with it an enthusiasm
that seems to be infectious. Bumps and bruises from encounters with thugs won’t bring your
spirit down and most people will learn to forgive or at least tolerate the little (and big) mistakes
you make, believing you didn’t mean any bad by them."
100,Forge a Bond,Ironsworn,Presence,"You are incredibly good at making friends and
allies. Don’t be surprised if all sorts of people you meet are willing to help
you out, or find some way to pay you back for your heroism."
100,Cute Charisma,Sword of the Stranger,Presence,"Something about you seems to strike people as cute or innocent, and you’re good at
making that impression work for you. People will tend to trust you just a little more
than they maybe should, or think of you as less of a threat than you are."
100,Cotton-Eyed Jumper,Hanachirasu,Presence,"Looks are often deceiving, and while most masters can read enough to find the
true nature of an opponent – most civilians are completely unable to tell the
difference. This is an advantage. You got some really nice looks with you, enough
to deceive those with low instincts or gain the favor of the superficial."
100,Fearsome Visage,Jade Empire,Presence,"You are simply a scary looking individual. Whether it’s the pale skin, the black veins, or that menacing
glare, others are more likely to do what you say out of fear"
100,Trader Relations,Kenshi,Presence,"People you meet will look upon you slightly more favorably. Bandit groups will
consider trading with you rather than attacking immediately on sight, and city guards will be less inclined to
search your bags. When selling or buying goods, you tend to get a better deal than you normally would."
100,Looks,Vinland Saga,Presence,"Your appearance can be any type that you want, elderly, cute, handsome, or
weak. This does not affect anything but how you look, which can be great for hiding your
strength, and can be drastically changed once every 5 years."
100,"""So much...fun""",Soul Calibur,Presence,"People often forget how to have fun as they grow older and time bears on them. Not
you though. You’ve learned to enjoy the things you do and just generally have fun. It even
seems like that hanging out with you shows people how to have fun again."
100,Cheerio!,Katanagatari,Presence,"No matter how brutal and swift their deaths, your opponents always have enough time for a short
few last words, as do you yourself in return. Any battle is always preceded by a dramatic change in
weather and lightning. Foes call out personal catchphrases and technique names that never manage
to be embarrassingly poor unless it fits. Your presence turns the world around you into an over the
top samurai drama, blending fiction with the more absurd tropes of that medium. You could even
prevent things that you cut from falling apart until you’ve given a short speech. They won’t give you
much benefit but it will make all your conflicts become far more entertaining and memorable."
100,Beauty Sun Throghout the Land,Conan,Presence,"You’re beautiful. Beautiful enough that
you could be famed across many kingdoms, a breadth of land as great as Europe, for your
beauty alone even in an age when news traveled only by word of mouth and no faster
than a horse could ride; at least if you were in a position that brought you to the public eye."
100,Battlefield King,Conan,Presence,"Your presence on the front lines serves to inspire your men. As
long as you fight from the front, your forces will be much harder to break and stand and
fight past where they might normally rout. Even supernatural terror will affect your men
less when they can see you still fighting on the front lines."
100,Aloof and Mysterious,Conan,Presence,"A good sorcerer always seems to have some air of mystery
about them. And you certainly do now. You know how to cultivate a sense of mystique
and a supernatural presence. There’s nothing truly supernatural here, but you’re good at
projecting a sense of a certain inhumanity, and determining what actions you must take to
cultivate an air of otherworldly power and knowledge."
100,Combat Beauty,Cradle,Presence,"Scars you obtain will never heal ""badly"", and always tend towards
the attractive or ""cool"" side of things. Even if you're somehow covered in hundreds of small
lacerations, it makes you look like a badass instead of a freak."
100,Take Your Medicine,Cradle,Presence,"These fools are wasting precious time asking you silly questions
like ""will this shred my organs apart"" when every second they spend running their mouths, the
pill they hold in their hands is losing potency! No more. If you tell someone to take their
medicine, they'll do it without question. Obviously this doesn't work in instances where you're
handing your mortal enemies some sort of poison, but it certainly saves time building up trust."
100,Alluring,Cradle,Presence,"Something about you, perhaps the perfect body you've been blessed with, attracts the mind, people pay attention to you, though what kind of attention might take some work on your end."
100,Baffongly Likeable,Mushoku Tensei,Presence,"Oddly enough you are quite likeable to everyone even with your constant perverted laughter, groping, and innuendo can’t seem to turn people off. While your charm affects everyone, it is particularly strong with the elite and powerful, either politically or otherwise, as they focus on your strong and positive traits more than the negative ones. Simply being around people for a long time would cause them to lower their guards and invite you into their factions and family. Everyone you meet will at least treat you as a guest and would not be hostile unless they were already hostile and intended to harm you."
100,Natural Attractiveness,Mushoku Tensei,Presence,"Like many people in this world who are beautiful or handsome, it would be embarrassing if you are left being
ugly. This perk improves your appearance to the point that you would rank in the top percentile of the world in
terms of attractiveness. Even when covered with dirt and wearing the worst fashion you still look good
compared to most people. You even make scars look appealing."
100,Noble Presence,Mushoku Tensei,Presence,"There are times that even though you are a noble, other people seem to fail to recognize it unless they see you
wearing expensive clothes, being followed by guards and a noble bearing, but not with you. With this, your very presence screams you being a noble of higher lineage that no matter how you present yourself, wear a commoner's clothes others will always recognize you as a member of the nobility. You have gained an
incredible grace that attracts people's attention and you always move subconsciously in a way that maximizes
your appeal of your appearance towards other people. Though you can turn off the effects should you want to
go incognito and you don’t want others to find out that you are a noble."
100,Courtly Grace,Thunderbolt Fantasy,Presence,"You know all the courtesies and social customs expected to blend in
among nobles, kings, and queens. You’re charismatic, friendly, and an excellent dancer
and singer. And, when it comes to political schemes, while you are no political savant,
you’re easily able to identify the schemers, the charlatans, the honorable men of their
words, and the sheltered princesses in a room."
100,Sweet Sister,Duel Monsters - Duel Terminal II,Presence,"Wow, I guess those three sisters everyone is chasing after finally have some competition... then again, they’d probably thank you for getting some of their would-be grooms to leave them alone for once. Regardless, you’re a real beauty by both human and Laval standards. Your eyes gorgeously burn with your preferred shade of fire as well, and the wild flames resting upon your scalp are unmatched in being warm yet comfortable. Furthermore, you seem to naturally find yourself crossing paths with people who would be attracted by your personality and exotic appearance, and these people will not overstep any boundaries in trying to woo you. Post-Jump, you may toggle these effects on and off as you wish."
100,Picture Perfect,Duel Monsters - The Abyss,Presence,"As the art of a card game and, more importantly, as the faces of a story told almost entirely through card art, basically all of the people in the story of The Abyss are very attractive in one way or another. By taking this Perk, you are now as well. You possess no visual flaws that you do not wish for, have your body changed to be more in-line with your ideal body shape if you weren't already there, and are attractive enough that even those that despise your general type of appearance or consider it a turn-off will be forced to admit that you are an 8/10 to them. Naturally, you're higher than just an 8/10 with people neutral to your looks, and people who are even moderately into your appearance may try and propose to you on the spot, if they don't consider you so far above their level that they'd have no chance. Oh, and as a small benefit, all photos you are in always turn out perfectly."
100,D-Spirit,Duel Monsters - The Heroes,Presence,"There’s something you’re just known for. Whether it’s one of your hobbies, one of your traits, or just something you really like, anyone who looks at you knows you’re the type of Guy (or Gal) who’s all about that thing. Doesn’t matter whether that makes you a Die Hard Guy, Diamond Guy, or Decision Guy, people know that’s what you’re all about. You can change what type of Guy or Gal you are at the start of every jump, and you can freely control how much this manifests at any time. Having everyone know a mild mannered reporter is the same type of Guy as one of the Heroes might raise questions."
100,With An E! So They Know We Aren't Fucking Around!,Brütal Legend,Presence,"They know now. Whatever your name is, everyone will take it seriously, and treat it with all the respect you want them to. Which could be none, depending on how you're feeling."
100,Dreadful Decorations,Brütal Legend,Presence,"It is a well-known fact that black is the gloomiest of colors. Everything you own now reflects your sadness, with a blackened color palette."
100,The Charm of Rogues,Sword & Sorcery,Presence,"Maybe it’s the wry smile you give, unapologetic of your trade but filled with good humor. Maybe
it’s  you seem to flaunt the rules of society while somehow never making it personal. Either
way you have a preternatural ability to be charming and likable almost because of your roguish
nature rather than in spite of it. You find it easy to leverage people’s reactions to your larceny and
similar exploits into something positive. Depending on who they are this might just be a small and
grudging respect, like from the king for the skill it took to ransack his vaults right under his nose,
but even that can be a useful tool for the clever."
100,Famously Worded,Elric Saga,Presence,"The nobility is often fond of the fine art of verse, and even if you are not,
you have a talent for it regardless. If you were to find yourself destitute and make an attempt at
earning your bread as a poet, you’d find your creative endeavors of sufficient quality to end up in
the courts of the richest lords and ladies, and yourself with quite a few ardent fans of your work.
Besides this and an excellent singing voice, your quick wit and experience with using words to
influence the emotions of others leave you capable of easing tensions when the mood is
unpleasant or deescalating a conflict of opinions with a well-placed sonnet (or just regular speech,
if you’d prefer)."
100,Crimson Moody Eyes,Elric Saga,Presence,"A skin as white as bleached bone. Eyes as red as blood. Even if you
lack the fine features of a Melnibonéan nobleman, there is something about your appearance that
appeals to others regardless of it being considered strange or frightening. Beyond mere physical
attraction, the sight of you influences people in a way that could equally be be charm and
intimidation, making it easier for them to look past any grim reputation you might have as long as
they want something you could obtain for them. The caution preventing someone from parleying
with a man known throughout the continent as a demon in human skin, devouring the souls of men
with his hell-sword, is second to the need to find someone who they know can get the job done."
100,Offensive to Reality,Elric Saga,Presence,"Since the matter that makes up the forms of many otherworldly
creatures does not originate from a place of logic and set physical laws, their appearance is often
strange and uncomfortable for mortals to behold. Yours is very similar in that way, having some
abstract quality that affects others even if it looks human and isn’t constantly shifting and reforming
like living smoke. Weak minds become unnerved just by looking at you, hampering their focus and
causing them to feel sick by keeping their eyes on you for too long. Their thoughts jumble and
might become entirely incoherent if they are particularly mentally fragile, and even the strong-willed
could be struck with a sudden nausea or shivering if they have no experience with the
supernatural. These effects will never be permanent, but will sustain themselves as long as you’re
in their vision, and their clouded minds can be very beneficial to you when making a deal or
crossing blades. If you would prefer some subtlety, you can also choose to disable this at will."
100,"Hear Me, Lord",Elric Saga,Presence,"As it is common for practitioners of magic and servants of higher beings to
call upon them from entirely different dimensions than their own, it is only logical that they should
have some means to actually hear it when someone wishes to speak to them. As long as someone
intends to contact you, you will always be able to hear what they have to say regardless of the
distance between the two of you, even the barriers between dimensions not halting their message.
If you deem it necessary, you can also reply and initiate a telepathic conversation, but if their constant attempts to contact you prove tiring you can also simply block said attempts from your mind altogether."
100,Effects,For Honor,Presence,"You may choose a purely cosmetic effect to trigger whenever you want to add a bit of flash, like wings made of fire, a beam of sunlight or a lightning bolt to strike down. People will not burn you at the cross for having this, but expect a lot of questions (and added intimidation factor).
"
100,Flash (Extended),Worldless,Presence,"Your form here normally resembles a mass of floating geometric shapes that vaguely imply your full silhouette. Your true appearance can only be seen the instant you are damaged, or attack, or use a special technique. If you prefer, you can alternate between the simplified and your true appearance at will post-jump. This is a purely aesthetic change. For an extra 100 AP, you may apply a similar effect to other forms, where flashes of your “true” form (or whatever form you feel best represents you) can be seen during moments of action or conflict. Togglable."
100,Hawkmoon! Hawkmoon!,Hawkmoon,Presence,"In the chaos of battle, it’s difficult enough to tell friend from foe, let alone who’s who. You, however, have a very distinctive battle cry which is strongly associated with you. It seems that whenever you shout this cry, everyone who hears it instinctively knows it is really you who shouted it. Additionally, any ally hearing this will receive a minor boost to their morale while your foes will find their resolve slightly shaken."
100,Wonderous Wordsmith,Hawkmoon,Presence,"If there is one thing the diverse nobles of this world have in common, it is that their eloquence never falters. If you do not wish to, you will never stutter, stammer, or stumble over your words while talking. Furthermore, you become quite the talented poet and playwright, perhaps even rivalling the likes of Bowgentle and Elvereza Tozer if you truly applied yourself."
100,Eternal Gamester,Legacy of Kain,Presence,"And to help ensure your pawns move how you want them to, you may pay an extra 100 CP. If you do, you will find that your voice now carries a subtle suggestion effect that slowly but imperceptibly sways your listeners to agree with your offers or positions. The longer they listen to you the more they will find themselves agreeing with you, not even noticing how their own position changed from the beginning of your encounter.

Keep in mind that this is not true mind-control, so on its own it will not be able to make someone agree to a course of action that is clearly against their interests or actively harmful to them. In simpler terms, the more blatant you are in your persuasion the less effective this will be. On the other hand it is perfectly fine to propose something that might seem reasonable but in truth is massively beneficial towards your side. Similarly it is well within your power to slowly chip away at someone‘s will to resist you over a longer period of time, gradually lowering their defiance until even those that by all means should hate you will find themselves becoming hesitant or perhaps even cooperative. The more powerful they are and the more intense their initial hostility is towards you the more time this will require, but few if any will ever be outright immune to such attempts.

Requires ""Deceiver"" to Purchase"
100,Shallow Glamour,Legacy of Kain,Presence,"It is an open secret that beautiful people get away with more than those less gifted in terms of appearance. So what better way to hide one‘s nature as a wolf among the sheep than by being too good looking to suspect? The purpose of this perk is thus twofold. First it provides a slight boost to your beauty. More importantly however it ensures that people will be more likely to overlook any oddities that you might possess the more beautiful you are, at least to a point.

Having an unnaturally pale skin? Merely an inborn defect or a family curse, nothing to worry about. Never seen eating and going out only after dark? Clearly you are merely a person of small appetite who values their privacy. Keep in mind that there is only so much this can cover, so if you become too blatant and tear someone apart with your bare hands in public then there is no helping there. Should you be of clearly monstrous origins then you will have to find alternate means of disguise, though this perks extends to any such means that hide your true form. Also worth noting is that this does not help with actual stealth, so if you want to pass around unseen you will have to look elsewhere to help with that."
100,We are the Flame!,Darkest Dungeon,Presence,"“A ray of sunlight. A beacon of golden hope.”
Even heroes need to see if they are to traverse the ruins, and where torchlight may fail divine radiance shines . Your devout acts of faith and usage of holy miracles strengthens the light, allowing torches to burn longer and brighter and even lighting flames that have faded entirely- at least until the darkness closes in once again. In battle, you can make your weapon shine with enough light to illuminate those who skulk in the darkness, perhaps even stunning these lurking terrors with your radiance. Doing this will only strengthen the light little, for all that you’re directly channeling the Light for the purposes of your miracles, but standing at the front of your party and daring your enemies to go through you may well rekindle a spent torch entirely."
100,An In!,Hajime no Ippo,Presence,"Your innate ability to connect with others effortlessly extends to the boxing community. Boxers, coaches, and fans alike find themselves drawn to you, feeling a sense of trust and camaraderie in your presence. Your warm demeanor and genuine interest in their stories make you a beloved ûgure in the world of fighters, opening many doors in this world."
100,Bonding Vow!,Hajime no Ippo,Presence,"Your mastery of persuasion enables you to wield promises with profound impact. Whether it's convincing a boxer to retire for their own well-being or inspiring them to pursue their dreams with unwavering dedication, your words hold tremendous sway. Your ability to elicit emotional responses and foster a sense of accountability ensures that promises made in your presence are honored without fail."
100,Inhuman,Good Hunting,Presence,"You possess grace and beauty of an inhuman level, making it easy for you to entrance
mortals left and right. Even if you take a human form people would be able to sense the
otherworldly nature of your origin. This also makes you better at dodging but gives you no training."
100,A Sense of CLass,Good Hunting,Presence,"You carry with you an innate air of superiority and high-class,  you move, talk and
look. Anyone looking at you could see that you are cut from a different cloth than the
common rabble, even if you were muddy and dressed in torn rags. This also comes with an
attitude that can easily overwhelm weak willed people into following your commands without
question, though do beware of who you try to use this on and that people can adapt to your presence."
100,Knockout,Manyuu Hikenchou,Presence,"In a world so obsessed with one physical attribute, it can be easy to forget that
breasts alone do not bestow beauty. Like the famous cherry blossoms, you are a hidden flower,
capable of drawing the gaze of even those who wouldn’t normally be attracted to you. From
obvious features like your figure, to smaller details like your hair and eyes, you could challenge
even the fabled Chikumi for the title of fairest in the land."
100,Breasts Are Equal!!,Manyuu Hikenchou,Presence,"Big, flat, saggy, perky; it doesn’t matter! God will never make a
breast that is superior to another! With this perk, you’ll never need to worry about society’s
expectations. Even if you refuse to conform or stand out in some noticeable way, you’ll always
be respected as an equal by those around you. This won’t uproot the system at large, but it
seems society will always be willing to make an exception for you."
100,Intimidating Presence,Manyuu Hikenchou,Presence,"The Manyuu clan quickly rose to power in a time of national
turmoil, and they sure didn’t do it by asking nicely. Like their fiercest clan members, you now
excel at leaving your enemies frozen in fear. Whether you’re cowing a family of peasants with a
choice threat or spreading dread without a word, few can resist your menacing aura."
100,Preferential Treatment,Manyuu Hikenchou,Presence,"Whether you’re acting flirtatious and seductive or bashful and
blushing, you know how to get people to give you what you want. You can leverage all of your
physical assets to enhance your persuasiveness, making you a force to be reckoned with in any
social circle. This perk also makes you an exceptional dancer, letting you approach aristocratic
courtly functions and a traditional village pole dancing competition with equal grace."
100,Talk Cool,Real Steel,Presence,"Not only can you maintain your composure and think clearly in the most intense of
situations, but you also look extremely cool, just giving an air of confidence."
100,Bright Eyed and Bushy Tailed,Tunic,Presence,"It is undeniable that the Ruin seekers are adorable, from the way they happily bounce
as they move, or wiggle their tails as they climb a ladder. They possess a strong sense
of adventure and are filled with childlike wonder, enjoying the small things while
bravely facing the large. If you had reason to be one, you could easily be a mascot.
Adorable as they are, they also have an endearing quality in that they brave the
unknown with a kind of excitement that probably borders on recklessness. A Ruin
Seeker knows as much of the history of this world as a being completely separate from
it does, but confidently they step forward to see what awaits.
Explicitly, you possess these two qualities, the adorableness and the endearing qualities of a Ruin Seeker."
100,Like a Goddess,Arawn,Presence,"You are blessed with looks that bards will sing of for ages to come, allure to
enthrall the hearts of kings with. Your form is as pure and beautiful as a flower just in bloom. Arawn (the
comic book) has a lot of fanservice, and to put it simply, you’re good looking enough that the artist
might draw you topless or in a skimpy outfit, the better to show off your rippling muscles and/or
curvaceous physique. Tldr u r 10/10 sexy total smash on smash or pass."
100,Hustler,YOMI Hustle,Presence,"You can do a little taunt that has a special effect you can decide. The effect should be something minor. If you have ""Super Meter,"" this also gives you 1 level of meter when not interrupted."
100,Mask,Ryse: Son of Rome,Presence,"The Roman Empire was a den of snakes, and to not only survive but thrive it required to be one yourself. This allows you to hide your expressions behind a mask of politeness. Someone may even be convinced you like them before they get stabbed 27 times."
100,Trust,Ryse: Son of Rome,Presence,"Nemesis was somehow not questioned by Marius as soon as she appeared despite an attack going on and her being suspicious as hell. Now, unless you betray them in front of them, you will be trusted."
150,Titled Fighter,Baki The Grappler,Presence,"You have some name tied to you, that distinguishes yourself as the successor to one or more of
history’s greatest warriors. Maybe it’s a specific fighter that left their mark on history, like
Muhammad Ali, or Bruce Li. Perhaps it’s a traditional title, such as the respected title of Kaioh.
Whatever the case, while this doesn’t instantly place you at the level of your predecessors, if taken
alongside Got Too Much Desire, you may select a martial art evocative of your title, one which you
have perfected into a complete martial art with almost flawless compatibility with you, even if it
stems from a combat style that was originally unsuited for real battle on a fundamental level."
150,Ladies' Man,Baki: Son Of Ogre,Presence,"If ever a true alpha male existed, you’d be a top contender. You possess an animalistic charisma. Sufficient displays of dominance and aggression engender a blend of fear, awe, and desire in onlookers. For 150cp, this could help you easily have bystanders thanking you for letting them witness a street fight, befriend weak opponents, and maybe even score a date."
150,Ladies' Man (Boosted),Baki: Son Of Ogre,Presence,"However, for 300cp, this reaches a new extreme, threatening to rape someone could have them fall for you on the spot, you could kill someone’s loved one, but they’ll still feel a deep respect for you, killing a woman’s husband on their wedding night might just get them ready to have your child instead, though extreme cases like that are on in-a-thousand. Of course, the effectiveness of this all depends on a person-by-person basis, and only if your action is sufficiently extreme, and how terrified they are of you.

Requires ""Ladies' Man"" to Purchase"
200,Outer Beauty Matching the Inner Strength,Against The Gods,Presence,"A general rule of this world is that the more
handsome/beautiful someone is, the more powerful they are. This applies to you too. As your
strength and power grows, so do your looks, and vice-versa.
Not just this, but with this perk the baseline of this advancement is set permanently to the absolute
peak possible for humanity, meaning you’re among the 0.01% of the fittest, healthiest, strongest and
most beautiful non-cultivating people on the planet already, and only grow from there."
200,The Tyrannical and Oppressive Presence,Against The Gods,Presence,"For all the cultivation you might do and
achievements you can attain, can you really be considered powerful unless you’ve reduced a grown
and experienced, battle-hardened adult to a blubbering mess with nothing more than your aura and
the look in your eyes?
Seems not. Good thing you have both, now! You have the ability to generate a massive, immense
aura far around you, a humongous thing that stands above and beyond anything possible for people
even several times more powerful than you. It can be a fear aura, wherein you appear as something
out of ancient legends, a devil or demon of utterly nightmarish power, or it could be a ‘good’ aura, or
perhaps it could appear as either to people depending on your mutual feelings and intentions
towards each other.
In either case, you can do a lot with this, including making it semi-visual with your shadows or a
heat haze or just an illusionary presence around you or so. It reflects your power in relation to the
world around you, and you can fine-tune it to reflect or not reflect anything and everything about
you. Sky’s the limit, really."
200,Celestial Profound Basic Decensy Inducement,Against The Gods,Presence,"This world... you don’t know what
exactly is wrong with it, but you can at least do your part in making it better.
You have the incredible power of making people act like rational human beings. Through a
conversation, a beating, or whatever other method you like, you can beat the intricate mysteries of
Common Sense and Basic Human Decency into people lacking them, and make it stick."
200,Beauty Soothed the Savage Bea- Demigod,Asura's Wrath,Presence,"Being beautiful or handsome is incidental when compared to the unlimited font of divine empathy.
The urge to lash out or give in to knee­jerk reactions is muted in your presence, and mutually reciprocal
communication is encouraged. Further, you are able to both display and interpret expressions and body
language, allowing you to have meaningful conversations without speaking many words­ or any words at all."
200,Eyes Bright as You Sow the Earth with Blood and Fire,Grant Morrison's 18 Days,Presence,"“In Fire was I born, not the warm blaze of the welcoming hearth, but the icy flames of
revenge.”

Superwarriors do not walk the world unseen, and nor are they taken lightly. Your very nature as
a thing of perfection and supreme craft lends a magnificence to you, an air of being something
beyond, something more than mortal.

Your power shines brightly within you, so brightly that none can look upon you and not be
moved. Even the mighty will think twice about facing you and you can shame all but the greatest
of warriors and sages with simple words."
200,The Ballad of Strong Terry,Katana Zero,Presence,"Fuck me, there’s something about you.
Despite looking and acting no different from other people, your charm is pretty
evident to anyone who interacts with you. You’ll climb a social ladder no problem,
and it’s possible that within a few short years you’ll end up a beloved person across
any class in a city-state like New Mecca, just like Strong Terry."
200,Deeper Than Muscle,Baki The Grappler,Presence,"For every fighter you ask, you will find just as many answers to what a warrior is. Strength is one
commonality, but just below that, is spirit. Even if you are objectively weak, you have a warrior’s
soul, a will that other fighters can’t help but respect, even if they ordinarily value strength above
all else. They won’t expect you to fight, if you can’t keep up, but will still treat you as a peer, if not
their equal. More than fitting in abnormally well, there’s something about you that compels strong
fighters to associate with you, whether as acquaintances, friends, or something more."
200,S-Rank Style,Metal Gear Rising: Revengeance,Presence,"Whether it’s fighting cyborgs, running through the street, or
baking a cake you will do so in a way that elicits awe and wonder in those that see you
ensuring that they’ll remember you for a long time."
200,Bathe in Beauty (200),Saint Seiya: The Original Series,Presence,"For 200 more points, you may appear especially beautiful or handsome, enough so that could be mistaken for the opposite gender or one of the Gods given flesh on Earth. Perhaps you could even bewitch divinity with such beauty?

Requires ""Bathe in Beauty"" to Purchase"
200,Paid My Dues,Saint Seiya: The Original Series,Presence,"The toll to join the deceased in the Underworld is a
fine all must pay eventually. You’ve paid yours in advance, by virtue of being a Specter of
Hades. Beings in charge of death or the afterlife will look upon you with respect, treating you the
same way they would a fellow employee or an honored guest. After your chain ends, whenever
you end up passing from this world forever, your soul will be ferried to any afterlife of your
choosing...whether empty oblivion or a utopian heaven, that choice is in your hands."
200,Temptation of Evil,Saint Seiya: Omega,Presence,"With the acquisition of a silver tongue akin to that of Medea, the wife of Mars, you now possess unparalleled guile and persuasion skills. Harnessing the power of your words, you can effectively sway and recruit any Saint or individual from an enemy faction to join your cause. By delving into the depths of their hearts, you tap into their innermost desires and manipulate their desires to align with your own agenda.

With compelling promises and artful manipulation, you convince them that switching sides will lead to the fulfillment of their deepest desires, whether those promises hold true or not."
200,Forged in Fire,Saint Seiya: Episode G,Presence,"Putting aside your differences is the first thing but you’ll only become a true team when you become
true companions, even outside of the fight. It’s something you find quite easy to do as you naturally
befriend any people you work alongside with over time. The less friendly the person you’re working
alongside, the longer this will take but even a rather churlish young man shouldn’t take more than a
few weeks of daily cooperation to start to come around to you. The more dangerous the work you
share, the faster this will happen too. The average work of a Saint can get pretty darn dangerous too."
200,Soul of the Blade,Saint Seiya: Episode G,Presence,"Fighting alongside you is an action not only unique to your allies. You may not realise it or even be
able to sense it but the weapons you wield and armour that protects you can feel for you every bit
as much as a friend could. The gear you’ve used for a while starts to gain a certain level of
intelligence and autonomy, never enough to really become able of sapient thought but enough that
it can act in order to help you independent of your own body. Weapons adjust themselves to hit
perfectly when they might have missed, armour strengthens itself at the points you are hurt and
magical staffs strain to channel more magical power. When in great need, they may even animate
entirely separate from you to fight for you, swords swinging themselves through the air or armour
animating and brawling with your foes, though such a thing can only be maintained for a short time."
200,,Nine Sols,Presence,"In another world, you could be a very successful preacher, or perhaps a cult
leader. You have the skill to convince others of your beliefs, and to adopt them themselves -
even if doing so would require making significant sacrifices, so long as you can provide some
reasonable cause. The ideology of Lear, encoded in Taoism, caused many to give up great
power in advanced technology. This perk also works with beliefs that you don’t hold, or
don’t consider true, but not as effectively."
200,Human Sacrifice,Okami,Presence,"You can demand regular human sacrifices from a community and they will be given willingly, if
not gladly. Note that this does not preclude a wandering hero coming along to sort you out."
200,Modern Thought,Swords,Presence,"The future doesn’t have prejudice. No matter anyones preconceived notions about your race, where you came from, favorite pizza topping, or anything that is superficial and not based solely on yourself. All will keep an open mind meeting you, remaining unclouded by societal judgments or collective biases."
200,Silver Tongue,Ghost of Tsushima,Presence,"You have a silver tongue, you have such a way with words that it
could be said to be the main reason you have managed to survive this long, well except for luck
maybe. In addition, you receive a moderate increase to your innate charisma and likability.
When it comes to you bullshit can and does walk the walk."
200,Flower in Full Bloom,Samurai of Hyuga,Presence,"Well, well, aren’t you quite the fine catch. Your body has all the right curves in all the right
places, with generous portioning of your assets all around. Your beauty is such that most people
will become entranced, if not outright proposing to you, and if you tried you could even make
those typically uninterested in your type reconsider just for you."
200,Banner-Sworn,Ironsworn,Presence,"You know the secrets of how to inspire true loyalty and love from your comrades, quickly becoming fire-forged family who would never dream of forsaking each other. Your friends and followers fight all the harder when you stand beside them. You are also wise to s of tactics and strategy. Lead your forces to victory."
200,Strange Bedfellows,Sword of the Stranger,Presence,"You have an unusual ability to convince other groups to help you, playing on their own
desires to overcome differences in culture that might otherwise interfere with their
willingness to give aid. You could convince the nobility of a notoriously-xenophobic era
to aid foreigners with relative ease - and maybe some gold to cross some palms."
200,Loyalty,Vinland Saga,Presence,"You now have the ability to inspire loyalty in soldiers. With each victory, this
loyalty will strengthen, and at its maximum, your men will follow you through a harsh winter in
enemy lands while being chased by a superior force for a full year without breaking."
200,Calling Out Society,Samurai 7,Presence,"You are excellent at calling others out, cutting to the heart
of their pride and their hypocrisy, and doing so in a way that jars others from
self-righteousness and complacency. This does require you to be heartfelt and honest in
these attempts, you must really believe it and be emotionally invested if you want others
to be, but you can shake people’s ideas and force them to listen. They may not always
end up agreeing with you, you still need a working argument, and they’d have to actually
care about being wrong, but they will be forced to actually face and consider it and not
just dismiss it out of hand based on their preconceptions, or their pride."
200,Jewel Lost in the Dirt,Samurai 7,Presence,"You are beautiful. Even without make-up or any
artifice to enhance your appearance, you are lovely enough that someone could be
surrounded by their pick of beauties from a city, or even a country, and you’d stand out as
clearly superior to them all at a glance.

This goes a little beyond that as well. Your dirt and calluses? The sweat on your brow?
These won’t necessarily improve your appearance, but they don’t seem to hurt it much
either. Stinky odors your body would produce or which you’d acquire from proximity
seem to stink less than normal. Labor will leave your hair almost perfect. And dirt is
more likely to come off as cute than truly hindering your appearance. Though given you
look this good in peasant grime, imagine what you’d look like if you actually did use make-up and artifice."
200,A Mercenary’s Charisma,Soul Calibur,Presence,"There is an aura to you that just draws people in. You find yourself easily able to
integrate yourself into the groups and organizations you encounter, the people within those
groups quickly taking a liking to you. You’re able to rise up in rank in the organization’s
hierarchy, if they had one and you could quite easily set yourself up as the leader of the group
were it small and centered enough.

As the leader of a group or organization, you inspire great loyalty to those who follow
you, such great loyalty that even years after you’ve gone missing, they will still follow your
teachings and rules, even willing to fight and die for you with no hesitation. When or if you
ever return, they will gladly hand back the reins to you, happy to see their leader fighting
alongside them once again.

Hopefully you can live up to their expectations."
200,A Lone Spark,Bloody Roar,Presence,"When the chaos closes in, and all around grows dark from death and destruction, your flame is the one that will still shine. Even if it is extinguished, or forced to move onward, you leave embers in your wake - for you are capable of uniting even the dregs of society against a threat, and your actions are capable of driving a crowd to any feat - be it defense of their home or a violent revolution."
200,Your Terrorists are Our Freedom Fighters,Bloody Roar,Presence,"No matter how brutal or destructive your actions may be, to a point you can still sell them as being heroic and gold-hearted. People will still love you, even if you bomb cars and break faces. There is a breaking point to this however, an atrocity you may commit, where no amount of help will save face - be it tearing out the soul of an innocent, or committing cold-blooded torture right on national television. Once that threshold is crossed, this perk is nullified."
200,You’ll Find I Can Handle Anything,Blue Eye Samurai,Presence,"Sometimes, all it takes is a great poker face and some good acting.
Whether it’s faking it for a client or pretending to ignore your in-law’s
attempt to humiliate you by making you eat your own pet bird, you
can now put a front like the best of them, putting aside any disgust or visceral reaction to a situation."
200,Hyborian Dimorphism,Conan,Presence,"What is it about the Hyborian age that makes the men
manly and the women voluptuous or otherwise ideals of feminine beauty? Well it might
be selection bias, as we’re only shown those who are of note, and they tend to be
warriors, sorcerers, or beautiful damsels, but it does just seem everyone of note is either a
masculine men - even the robed scholars have toned muscles - or a beautiful example
feminine womanhood. And now you seem to carry this with you: the men look manlier
and more masculine; the women look more feminine; everyone is more fit, at least in
appearance; and people just look more attractive - at least by early 20th century American
standards - across the board.
You can toggle this on or off at the start of each jump. This only affects appearances. Men
won’t actually be stronger, and behavior will be unaffected."
200,"You Saved My Life Once, and I Shall Not Forget",Conan,Presence,"A life is a great debt to owe someone. Sometimes people will forget such a debt, though, especially in the face of dangers or political unrest beneath them. But people seem to remember it better when it comes to you. When you save people’s lives it creates a lasting bond of loyalty from them. This isn’t unbreakable; treat them poorly, oppose them, attempt to change them, or the like and it is possible to create a rift between you and them. Even so it is stronger than it normally would be. Some individuals may be so twisted and depraved that they may ignore this to betray you despite that, but such decayed souls are rare even among the worst villains and sorcerers, and even most cutthroats and rogues will be willing to risk themselves to repay such a debt.

Sparing someone’s life is not nearly as effective, but you will see a slight boost in the gratitude you receive from such an act."
200,Merely a Gesture to Convince You Who is the True Master,Conan,Presence,"Fear is a great power, and you know how to wield it to great effect. You are not better than others at
causing fear; you’ll need to figure out how to do that on your own. But when someone
fears you they seem to let you push further without balking than they would for another
they feared equally. People who would choose rebellion and death over the indignity and
abuse you would pile upon them, will submit quietly to their fear of you. This does work
directly proportionate to how much they fear you, and more specifically your personal
supernatural powers (supposed or real). It’s almost as if how much one feared you was
multiplied. A man without fear will be unaffected, but a powerful king who might
otherwise balk at such mistreatment even as he trembled inwardly at the death he knew
would come could find that fear to be enough that he would kowtow and submit."
200,Traffic with the Powers of Darkness,Conan,Presence,"Other powers here require one to deal and
trade with dark powers from unknown abysses. And you seem to have a gift for this.
Gods of evil, great old ones, and the like even (especially) those who would normally
treat humans as nothing more than ants are more likely to treat with you for mutual
benefit than kill you outright... at least as long as you are willing to serve their desires.
And those who would be more amiable to such dealings in general seem to give you
better bargains than they might give others. Even in future worlds which might lack such
entities, you will find that you maintain some pacts with beings of the dark void who will
offer you secret knowledge, or empower your black magic in exchange for vile sacrifices
- usually the sacrifice of lives, or worse still living individuals."
200,Traveler,Thunderbolt Fantasy,Presence,"Years of travel have taught you how to life off the land. You can easily
survive anywhere in the world, no matter how hazardous. If its physically possible to live
there, then you would know how to do so. You would know which precautions one
needed to take to avoid starving, being ambushed by the wildlife, or dying to the
poisonous fumes or traps that exist in an area.
Beyond that, your years of traveling around the world have left you with a magnetic
personality that makes it easy for you to acquire friends and allies.
If you were to enter a new country, ignorant of the culture, customs, and history of it,
you could still quickly make an inner circle of close friends who would happily fight for
you if they shared the same ideals and dreams as you."
200,Presence,Duel Monsters - Duel Terminal I,Presence,"Leodrake, Beast, Barkion... they’re not called Lords because they’re actual nobility. They’re called Lords because they deserve that respect. Only a fool would say their titles are invalid because they were not born to some specific bloodline. You, too, command this level of attention. Your titles shall carry the full weight and meaning of their very existence, such that others will find it impossible to brush off the names you’ve rightfully earned simply because they were gained through deed rather than birth, knowing what exactly nature deeming you a Lord means even if they’ve never seen a talking Hydrangea in their life. You may, of course, choose which titles exactly are affected by this."
200,Beauty Leads to Death,Duel Monsters - Duel Terminal I,Presence,"Ah, what a pure soul you are. Untainted, shining with a gentle light like morning snowflakes refracting the ephemeral rays of the rising sun. To corrupt it and bring you to the depths of vileness would be such a pleasure... ahem. This pure soul of yours, besides looking rather pretty to anyone with the appropriate senses, makes you a rather fitting sacrifice. Even just a mouthful of blood taken from you as payment could have effects similar to an entire life’s taking... and that’s assuming you don’t have any special traits that might raise your “value”. Still, that type of thing could get you killed easily, so you’ve figured out how to hide or negate all of these traits as a necessity for survival."
200,Militum,Duel Monsters - Duel Terminal I,Presence,"They’ve got a friend in you. You can figure out how to make some time for those you care for even if you’re drowning in work, and well as think of something everyone involved can enjoy even if some ridiculously contrasting personalities are involved. While some might take exception to it on principle, you can do far more than just make them happy for a little while, as well. You can help others work through their issues, both short-term ones like the sudden loss of a loved one and the long-term ones like repressed trauma, just by talking with them. Your words help others work through these things by themselves, gently leading them to epiphanies and realizations about what exactly these things mean to them and how to live despite that. Not being friends isn’t an excuse for not helping, either. You can still get people to properly consider your advice and help them keep up with their own responsibilities even if there’s no real reason for them to consider your words."
200,Soldiers of the Stars,Duel Monsters - Duel Terminal II,Presence,"Nothing ends a war like another, even worse war. You are the great enemy, the terror from beyond the stars all men unite to stand against. Through violent intervention upon battlefields, you can easily paint yourself or any groups you lead in these attacks as a much more dangerous opponent than whatever the parties you’ve attacked consider the others to be. Furthermore, you’ll find that so long as you would desire such, any enemies made in this way will not only find themselves willing to cooperate for the sake of survival, but will move past their previous grievances with great ease and form the basis for lasting peace. Though they will strive to end you, your cause is just."
200,Building Bridges,Duel Monsters - The Abyss,Presence,"In a world where everyone is divided and generally isolationist, if not hostile, to outsiders, it can take something special to truly bring people together. And now, you are something special in that way. You have gained an ability to bring people together and mend relationships that borders on the supernatural. You can get your foot in the door and break the ice between groups of people like no one else, even being able to bring enemies that have been feuding for millennia or beings that are intrinsically opposed to the same table to talk in good faith. Additionally, are peerless as a relationship counselor, able to both understand and help anyone work out their relationship and it's issues, be it to resolve things (relatively) amicably or to end up stronger than it ever was before the issues. Be in international relationships or marriage counseling, there's no one better for people in need of this to go to. This also also applies to your own relationships, although it's doubtful that they would ever fall to significant issues so long as you have this Perk and put in the effort. Even with this Perk, building and reinforcing connections between people isn't a breeze, but with you around, it's certainly not impossible."
200,Beloved Clergy,Duel Monsters - The Abyss,Presence,"In Dogmatika, Faith is everything. As such, the Clergy are some of the most respected people, but the expectations for the position are also immense. Luckily, you have the skills needed for the job. You have the presence to captivate a crowd, like when reciting scripture, and the charisma to make the lessons stick in their minds. You also have an approachability to you that makes people tend to open up to you, even about their darkest secrets, and possess the wisdom and perception to be able to understand their problems and know how to guide them from there. Where exactly you'll guide them, however, is up to you. Neither your position nor this Perk require Morality or allegiance to a Faith, so whatever you wish to do with this is up to you. If you wish, this Perk can grant you a pre-existing position as a low ranking but still respected member of an existing religion within this and any later Jumps upon entering, such as a Priest."
200,Misery Loves Company,Brütal Legend,Presence,"So spread the word. Your songs of suffering spread throughout the world like a plague, afflicting depression and gloom upon all who hear it. If exposed to it for far too long, listeners will lose the will to live, and may contemplate suicide."
200,Grandeur and Allure,Sword & Sorcery,Presence,"Who would wish to partake in the spoils of this world without looking the part? Whether it be the
bronzed and rippling muscle of a fierce warrior, the scented and seductive allure of an
enchantress, or the roguish handsomeness of a thief your appearance and attractiveness has
become awe-inspiring. You truly look like some grand man or woman that has stepped out of
legend and into flesh. Whether you wish to never suffer from a cold bed or simply to look the part
your visage alone is enough to have people spreading tales.

For 200 points this is the extraordinary visages of iconic warriors or seductresses that so easily
wrap entire courts around their fingers with sultry glances. Whether or not your body is strong or
swift it is a worthy fit for the grand aesthetics of this age and the stories that take place here."
200,A Cry of Thunder,Sword & Sorcery,Presence,"You are no silver-tongued lie-smith. Nor are you some simpering merchant who seeks to ensnare
the purses of others with honeyed words. One should not smother the pure flame of their heart
with their tongue, and nowhere is this truer than in battle. You can release a battle cry that can
carry the full force of your heart long and loud clear to the horizon over the din of any battle or
storm. This cry skips the grand speeches needed by kings to reach directly to the core of a man’s
being. Your allies will hear you and their hearts will burn bright and brave with will and fire. Your
enemies will be shaken with fear and doubt as the full force of your fury and personality falls upon
them unabashed. Even should the day be all but lost your roar might turn the tide. Assuming your
charisma and will have the force necessary to truly move the hearts of men, one day poets might
speak of how your battle cry heralded the death of armies, and the glory of victory."
200,That I Am,Elric Saga,Presence,"Indeed, you are exactly the person they see you as. Or are you? While bluffing is
not a glamorous skill, you exceed in uttering complete nonsense and coming off as entirely
legitimate in your claims, though not in the manner of a corrupt statesman or a convicted criminal.
Rather, you just so happen to say the exact right things to play into the beneficial preconceived
notions of others, even if you have no idea at all what they could possibly be talking about. If
someone thinks you could be an incredibly powerful sorcerer not to be trifled with, and you would
benefit from keeping it that way, the two of you could discuss magic at length even if you’re a
novice in the art. If a spy approaches you and attempts to discern your true loyalties, you could
respond perfectly to every secret code-word by random chance and have them out themselves in
the process. While you can attempt to cultivate a particular image to influence the first impression
of others, your bluffs will only be on this level if the initial impression originated from the other
person. And of course no amount of convincing will change their mind if you’re forced to, for
example, display your grand magical abilities and fall short."
200,Gentleman,Primal,Presence,"You are fully versed in the behaviors expected of the upper classes of polite and civilized 19th century societies. Beyond this when you act in a polite manner befitting the rank of a British gentleman of a civil society, you will find that even if you commit social faux pas by local standards, your intention of polite behavior will come across and come through and such failings will be easily forgotten. This is assuming you are actively being polite; if you’re actively being double faced and attempting to insult and demean this won’t help you even if you’re trying to hide it as ‘polite.’"
200,You are a Raider!,For Honor,Presence,"Legendary! You have something of a habit of impressing people through your actions. Friends will admit that you’re at the top of the totem pole and enemies will at least begrudgingly respect your capabilities.
"
200,Webweaver of Londra,Hawkmoon,Presence,"To survive as an aristocrat, it is essential to keep up with the ever-shifting alliances, rumours, and schemes of the royal court. While this is a struggle for most, you are a master manipulator, with the art of intrigue being little more than a game to you. People invariably seem to find you extremely trustworthy subject and a steadfast ally, and would never even suspect you would backstab them unless they had damning evidence otherwise."
200,King Jumper the Just,Legacy of Kain,Presence,"Despite the name you do not have to be a king...or just for that matter. But with this you might find it rather easy to become a ruler anyway. First, you gain a major boost to your personal charisma, finding it easy to sway individuals and masses alike under your banner. Second, you are very good at inspiring fierce long-lasting loyalty of those already following you. Whether you are a dictator or a benevolent leader, it would require truly grave prolonged abuse of their trust for anyone already allied with you to be swayed. Finding actual subjects to follow you is different matter of course, but at least you can be sure of those that you can sway.

And third, you also become a competent tactician, logistics expert and administrator - being capable of leading your comrades to victory even against highly unfavorable odds or managing your realm single-handedly if necessary. And while no king rules forever, you now have everything you need to make your reign a good one. Just beware of any time-traveling assassins, because this does nothing for your personal combat capabilities."
200,Zealous Leader,Darkest Dungeon,Presence,"“This day belongs to the Light!”
These forays into the surrounding ruins and wild places are no mere picnic; without a strong leader death is sure to find your fellow soldiers. Perhaps it was one of the hundreds of holy wars fought in recent years, or merely leading sermons; either way, you have gained an inspiring presence, stifling fears when seen charging into the fray and even encouraging others to fight on through near-mortal injuries. A speech alone could work wonders for morale, let alone the encouragement you can give one-on-one- even in the heat of battle, a choice word here or there can bring an ally back from the brink of madness and death. "
200,Echoes of Strenght!,Hajime no Ippo,Presence,"This world is one of action, where people transform themselves into something more than what they are, and it shows in how they move and the presence they project. You are now capable of resonating your fists with vivid imagery and sensations. When you square back and land a hit, it creates a unique auditory or visual effect—like the sound of an airplane roaring, the crackling smoke of an explosion that comes with powerful punches, or the feeling of being stalked by a wolf’s howl echoing in the arena. These effects not only enhance your presence in the ring, unnerving your opponents and potentially lowering their morale. This perk allows you to choose the specific imagery or sound that your opponent feels when they fight you."
200,Beacon of Resolve!,Hajime no Ippo,Presence,"Your presence radiates an aura of inspiration, igniting a spark within those who cross your path. Boxers, trainers, and fans alike ûnd renewed motivation and determination in your company, emboldened to chase their dreams and conquer their obstacles. Your words and actions serve as beacons of hope and encouragement, guiding others toward greatness in the ring and beyond."
200,Emotional Bonds,Good Hunting,Presence,"Those you possess a strong emotional bond with, whether that be one of hatred or love, are
connected to you on a supernatural level. This allows you to feel where they are, how they
are feeling and somewhat what the source of their feelings are (if they long for your
presence or flee in fear from an adversary) and if their distress is great enough, you can
even hear them. This can be turned off if you want."
200,A Perfect Liar,Good Hunting,Presence,"You can act as a perfect gentleman for months without anyone finding out your true self, well
if that true self differs from a perfect gentleman that is. Even supernatural abilities will never
find out anything except the false truth you want them to believe."
200,The Human Heart and Soul,Kajiri Kamui Kagura,Presence,"Showing any kindness or morality in this fucked up world will have you labelled a madman. Any
empathy or compassion is met with scorn and hatred. However, there are some, now including
you if you take this perk, who may show even the most callous individuals that love and
compassion are not bad. Given enough time and effort you could turn the most violent mass
murderer into a caring individual. Even at a basic level, vile people will not openly scorn your
empathy and will even work with you towards positive goals even if they do not understand or
care why you are  you are, though they will go back to their evil and amoral ways once you are gone."
200,Fear and Oppression,Kajiri Kamui Kagura,Presence,"Distortions terrify the average member of the population, but your ability to generate terror is
beyond simply being scary. You radiate an aura of fear and oppression. It can extend out for
about 50 feet and can be toggled by you. Normal humans within this aura will be unable to act
other than to scream in terror and attempt to flee you or simply be rooted to the spot. Those of
stronger will can resist the effects, but even the strongest of wills will feel unnerved and
uncertain when near you."
200,Great Speech,Kajiri Kamui Kagura,Presence,"Words can move mountains. The correct words can move entire peoples and cause armies to
march to their certain deaths. A correctly timed and properly worded speech has very little limits
and what it can accomplish if the people hearing it truly believe. You are now one of the
greatest speech makers in this or any other land. A simple but heartfelt speech from you can
raise armies and overthrow governments. A longer, well planned, and properly executed speech
from you can cause 10000 people to happily march to their certain death for a cause they did
not even believe in before you started talking."
200,Auto Censorship,Real Steel,Presence,"At will, you can block the ability of electronic devices to perceive you. From cameras
to microphones to radars and pressure plates. As long as they have some electronics in them, you're good."
200,Public Relations,Real Steel,Presence,"Be they smear campaigns organized by rival businesses or just some kid giving you a
metaphorical black eye, you are a master of managing your reputation and keeping it
good and clean without looking like it bothers you or even affected you in any way."
200,Kin of Sorjha,Arawn,Presence,"Arawn was the unfavored son of Siamh, cast out at birth to the mercy
of the wilderness. As such, the first true family he had was not made of humans, but of wolves. Perhaps
this was the case with you, as well, for you possess a kinship with canines of all sorts, who are loyal to the
death once you have earned their trust and friendship. Additionally, living as a member of a wolf pack
for so long has instilled the value of teamwork - working or fighting in tandem is intuitive and
instinctual. This does not apply to humanoid beastmen or werewolves."
200,Firstborn Son,Arawn,Presence,"Math and Kern were the favored sons of Siamh, being the products
of her husband instead of the products of rape. Math especially, since Siamh ultimately wished for him
to be the son equal to gods, even after he instigated the war with his brothers. You benefit from this as
well, as any parental, authority, or mentor figures will look upon you with affection and show clear bias
and favoritism to your benefit, even after you’ve come of age. This will even extend to the law in future
jumps, and you’ll generally get off lighter for committing crimes. Of course, this can only go so far..."
200,A Stranger's Trust,Arawn,Presence,"All of this pain and suffering to come can be traced to Bran, the warlock
who murdered Dag in his sleep, forced himself on Siamh, forged the Cauldron of Blood, and was going
to sacrifice children to it. He couldn’t have done such things if Dag hadn’t offered him hospitality. You
come off as honorable and trustworthy, even when you are anything but those things. Lies and deceit are
old hats to you, and the vast majority of people will offer you friendship if you put on a show of acting in
good faith. All the better to slip the knife in with."
200,Parlay,Luther Strode,Presence,"What use are honeyed words to an insane mind, when soothing gestures cannot penetrate a red
haze of anger. Yet yours are the words and actions that could sway them, ears and hearts pierced
with your voice. You can even be heard by your enemies while in thick combat. Of course, it is
always easier to persuade your inferiors and lessers, defeat in combat is the grease of diplomacy."
200,"We’re not so different, you and I… fate has made us enemies… but in another life",Ryse: Son of Rome,Presence,"Once you have beaten your enemy, you have the choice of sparing them and making them your ally. Keep in mind this doesn’t change who they are, so if you spare a psychopath they will keep doing their horrible acts, but they will at least consider stopping. But like I said, this depends on the person and whether they actually will."
200,Charisma,Ryse: Son of Rome,Presence,"In order to compete with these snakes you need to be charismatic or at the very least fake it. Now you are a master of all aspects of social skills, manipulation, and leadership. Getting a part of the Senate is significantly easier with this."
300,Presence of the World,A Will Eternal,Presence,"What a strange ability this is, to hear and talk to the conscious of the world directly. It’s like
your mind has a direct line to the planet below you. In worlds without a conscious, you are
able to ‘awaken’ it with a bit of forceful yelling. In many worlds this may not have much of an
effect, but can make for a good talking partner. Of course, as the consciousness of the
world, they will also be able to monitor, and report back, anything happening on them, should they wish."
300,Don't F**k With This Senator,Metal Gear Rising: Revengeance,Presence,"You are not someone to be messed with and
now everyone knows it. Whether your form is that of a child or a frail old man people
will be hesitant to get on your bad side and will try appeasing you to ensure their safety."
300,Legendary Status,Ghost of Tsushima,Presence,"This perk will serve as a capstone booster improving the overall
effectiveness of chosen perks within the jump, unique augments to each origin’s respective capstone perk.

This Perk is a Capstone Booster"
300,Compel,Ironsworn,Presence,"You are skilled at deescalation, and can often end a fight with your words. This may involve reason, trickery, or sheer force of personality. In extreme cases, you may need to surrender, but be assured you will almost certainly not be killed and have a chance to escape later. Your charisma and people-skills have countless other uses."
300,Little Bit Beastly,Darkstalkers,Presence,"Whatever your monstrous form, it’s not that far away from being human­ to the point that your animal
ears or zombie­flesh is seen as complementary. This perk removes the aesthetically negative manifestations of
monstrous forms like rotted flesh, and ensures that the remaining features are pretty, noble or handsome."
300,Elegant Appearance,Darkstalkers,Presence,"The power of Makai is such that physical changes are easy. This perk confers a form of shape shifting,
allowing you to change the aesthetic details of any form you possess. On it’s own this disguise is not perfect,
but is better than most. Alternatively you can accentuate your appearance with demonic traits such as pointed
ears, horns, fangs and so on.
Additionally, You can switch between your sinfully beautiful forms and darkly handsome monstrous
states, showing as much demonic aspect as you like."
300,Look Ahead,Volgarr the Viking,Presence,"You have a heightened awareness of everything in an area of about 50 meters around you,
as if you were currently looking at everything in that area at the same time. This means that
you can easily spot ambushes in advance or see an arrow flying at you from behind. It works
through walls, meaning you can be ‘aware’ of things happening on floors above or below
you, but it only works if you could have been capable of seeing it, meaning rooms completely
blacked in darkness will be hidden from you (unless you can see in darkness that is). If you
ever tire of this awareness you can turn it off and on at will."
400,Stable Presence,A Will Eternal,Presence,"A common problem with the higher levels of cultivation is the ability for the world to handle
your sheer power. Some of the most powerful cultivators are unable to harness their full
power in battle simply because the world around them would not be able to take it. The
power you exude is different from theirs though. In fact, it does just the opposite. Your power
actually stabilises the world around you, letting you exist at a level that should have
previously been impossible unrestrained."
400,With the Flick of a Wrist...,A Will Eternal,Presence,"... You gain a harem. One way or another, powerful women (or males as the case may be)
seem to gather around you. Feeling will start to bud and develop within their heart as they
witness your actions, for your audacity sometimes if nothing else. This effect seems most
pronounced among women that start out as your enemies. Quickly people who were vying
for your blood find themselves unable to deliver that final killing blow, as flashes of
tenderness replace bloodlust. This does presume that you aren’t actively trying to piss them
off though."
400,In Your Presence,Grant Morrison's 18 Days,Presence,"Wars are won not by armies, not by astras and not by vimanas. Wars are won by people. And
there are few people such as you. The presence of a divine being such as you on the base earth
is like a blazing light amidst the darkness, an impossible radiance that explodes out of you into
the souls of all around you.

Your charisma is like a brand on one’s senses, a burning, endlessly bright light that penetrates
all obstructions and burns itself deep on the souls of any that behold you. It’s all but impossible
for any in your presence to even imagine not doing anything you will, or doing something you
forbid.

With but a conversation you can turn the harshest of enemies into devoted fanatics willing to
die at your word, and armies would march at but a gesture from your exalted self. Your beauty
rises to match your inner might, transforming you into a vision of perfection made manifest.
You’re not just good-looking, you’re a God made manifest, a sight men would kill to just see
once. Such is your grace that people fall in love with but a glance, and thousands would kill
themselves out of despair at the thought of parting company from you.

While it is still possible to resist you, it would take someone with a will strong beyond words
and belief, someone willing and capable of laughing in the very face of God Manifest. After all,
that is precisely what they would be doing."
400,Hero of Myth,Saint Seiya: The Original Series,Presence,"The battle is to the strongest! You either lead, follow,
or get the hell out of . When you perform great deeds or fight for something you believe
in, you attract devout and capable followers and underlings that will rally under your banner.
Unique and powerful individuals require a more personal touch than this, but many others who
have witnessed your strength will all-too eagerly see you as their guide and leader."
400,For Honor,Saint Seiya: The Original Series,Presence,"Many times, the opponents of the Knights are merely
heroes on different sides, or those who would not mercilessly strike down an enemy without due
warning or chances to surrender. This may not be true in future worlds, but something about
you compels similar behavior out of others...so long as you do not openly act in a ‘dishonorable’
fashion through deception or cheap tactics, your opponents who can recognize this will feel their
own sense of honor brought forth by this. Those who are misguided or reluctant will likely cease
fighting you entirely, those who are dead set on their ways will give you chances to surrender or
leave. Finally, should you defeat a foe who you have more in common with than against, they
are likely to change sides and team up with you. Do note, this isn’t very effective against
individuals without sentience or some sort of guiding conscience...still, who ever said acting
honorably never paid off?"
400,Dead Man's Judge,Saint Seiya: The Original Series,Presence,"It doesn’t matter how guiltless one claims to be
at the moment of death, all of one’s sins and flaws are laid bare and judged accordingly. You
just know how to do so ahead of time. By gazing into the eyes (or closest equivalent thereof) of
an individual, you will immediately know every sin they have committed in their lifetime from
birth until this moment, and the context behind each and every deed. What you do with them
from there is up to you, but such knowledge is likely to terrify the living...as it should be, for a
Judge of the Dead."
400,The Path of Orpheus,Saint Seiya: The Original Series,Presence,"Neither the living nor the dead are strangers
to you, for you walk within the Underworld where all souls will one day come to rest. After a
short ritual, you may open a doorway to the afterlife of the world you rest within, letting you enter
it safely and without fear of the environment forcefully making you part of it. What’s more, a
glowing ‘path’ will manifest to a destination within this realm of your choosing, which will led you
safely sojourn to this place. But be warned: This path will disappear if you should stray or turn
your back to it before reaching the end, requiring you to perform the ritual again to make a new
path or hope to find a different way. In worlds without a known quantity of souls or a true afterlife
will take you to a darkened mirror of this world’s Underworld, empty and in a stagnant limbo,
holding the memories of the lives that existed beforehand."
400,Devine Gifts,Saint Seiya: Omega,Presence,"It appears that Pallas, or perhaps another god lurking in the shadows, has
bestowed upon you their undivided attention. This newfound focus could herald
both blessings and perils, but one thing is certain: divine beings within your
faction will now shower you with unprecedented generosity and favor. From this
moment onward, you will receive gifts and blessings beyond compare, far
surpassing what any normal servant could hope to receive in their entire lifetime."
400,Big Bro,Saint Seiya: Episode G,Presence,"Strong as you are, you won’t be winning against the Titans on your own. The Saints are a powerful
group but it is only when they are just that, a group, that they truly show their colours. You’re able
to bring out the very best in those around you, your words of encouragement making people
become able to break their limits and draw out an incredible amount of both power and emotion.
Normally, these bursts of power are only temporary but if you keep at it with someone, you’ll find
that they retain more and more of the potential you encourage them to reach just by giving them
some inspiring words. And summoning up all that emotion out of someone can be pretty darn good
for getting them over some internal issues too."
400,Pretty as a Rose,Saint Seiya: Episode G,Presence,"Few to none can hope to match the magnificence of your features. Even the Goddesses themselves
feel jealousy when they look upon your features. You are one of the most beautiful beings in the
world and as you grow in power, that power will only enhance your beauty all the more. Perhaps
your cosmo infuses into your features to make yourself more gorgeous or perhaps just having that
much more makes you all the more alluring. Whatever the case, you are almost incomprehensibly
gorgeous already and will only become more so over time."
400,Born Leader,Tekken,Presence,"No man is an Island. You might need help in whatever challenges find you in these
Jumps. Fortunately help won’t be too far away. This perk turns you into an excellent leader on par
with Lars Alexanderson. Men will follow you without doubt in their hearts into Fights and your
strategies will always show at least some success."
400,Little Bouncing Friend,Okami,Presence,"You get away with being outrageous – sneaking into people's clothes, making comments about
their figures, or even just insulting everyone you meet; you actively have to try to make people
take offence. And when it comes to the crunch, people will listen to you about how to solve the
current crisis – provided you actually have the right answer."
400,King for a Kingdom,Swords,Presence,"Made to be a king, you have the airs of a true ruler with the will to see it through to its eventual rise. This comes in the form of a charismatic bearing able to entreat with other greats, the wisdom to make choices that can see your kingdom through the greatest of hardship, and an extraordinary popularity that can enable entire populations to come to love your virtues and find you without vices."
400,The Pen is Mightier than the Sword,Swords,Presence,"You, my friend, possess a remarkable talent for persuasion, able to convince even the most skeptical of individuals to do your bidding. It matters not if you stand before them with a sign declaring yourself a well-trained actor, for your mastery of the art of manipulation and framing is second to none. With nothing more than a single letter, you could spark a war that would engulf entire kingdoms, your words acting as a catalyst for conflict and chaos. Your ability to wield language as a weapon is truly awe-inspiring, and those who underestimate you do so at their own peril."
400,Command & Cunning,Ghost of Tsushima,Presence,"You are a talented tactician and strategist knowing plenty of
methods and tactics to break your enemy’s spirit/morale and devastate their forces. In
addition, you are also an expert at ambush tactics and more consistently being able to
surprise your opponents in combat and battle with unorthodox tactics and even just sheer
unprecedented brutality. You also have a surprising amount of charisma and are cunning
enough to persuade former and even current enemies to collude with you and eventually even
defect to your side in a conflict. For you frenemies are just that, potential friends or enemies,
except you will be able to definitely decide most of the time which of the two they will be."
400,A Brillantly Shining Star,Fist Of The North Star,Presence,"You are impressive, perhaps it is your appearance,  you
move, or your ideals but something about you inspires awe and jealous in others in equal measure. If it
is your looks expect to have men and women alike fawning over you in public while in private those
you've shunned and those with power plot to acquire you for themselves. If it is your movements that
catch the eye then expect to steal hearts while fighting, inspire unending jealousy in your rivals, and for
those you are killing to occasionally stop and stare while you end their life. With ideals like this you
can gather an army while preaching peace without anyone thinking you a hypocrite, after all they just
want to protect you. And if you are of a more militaristic bent then you could convince those you've
just conquered and enslaved to join you with a smile on their face."
400,Touki no Aura,Fist Of The North Star,Presence,"You are strong in both body and spirit, able to produce a power aura around
your body that can even force lesser men to their knees or push them back. You can also harness this
power for a number of ki based techniques such as energy blasts."
400,Killing Intent,Vinland Saga,Presence,"Vikings are feared throughout Europe, and now you will be as well. You
may, with a look, instill in a person a primal terror so great that lesser men’s minds will
completely shatter, and those of great wills will pause before fighting you."
400,Cold Fesh Warm Heart,Samurai 7,Presence,"You may be a mechanical samurai - or maybe you
aren’t - but even as a man of iron, your heart remains one of gold. This means two
significant things. First you are capable of caring and empathy. Even if you grew up
among peasant farmers twisted into immoral monsters by the higher echelons of society,
you could continue to empathize with people from the lowest farmers to the mightiest
samurai. This won’t guarantee you care about everyone. Some people are just selfish,
self-centered monsters, haughty and arrogant assholes, or have crossed lines which
should never be crossed whatever excuse they can give. But your heart will not grow so
cold and jaded you no longer can.

Secondly, you seem to warm the hearts of others, giving you a form of charisma. This is
not the charisma that makes men follow you, or helps you to win arguments. Still when
you earnestly care about people, and are not scheming against them or attempting to
manipulate and control them, it does make you somehow quite likable. You could be a
continuously failing buffoon who brought danger and mischance time and time again, and
still earn a place as a dear friend and ally in the hearts of your traveling companions as
long as you really did wish for their best. In fact your presence just seems to lighten the
mood of others around you, and bring cheer to them even in the moments of greatest darkness."
400,Hot as Hell,Darkstalkers,Presence,"If you frown, your beauty is arrogant and disdainful in it’s perfection. If you smile, you enrapture and
inspire generations of poets. People who look upon you find that you are if not their ideal aesthetic, you are
instead an ideal aesthetic.
This perk ensures that everyone can and will appreciate your beauty, and prevents negative
consequences like traffic accidents­ if you want it to."
400,The Legendary Blade,Katanagatari,Presence,"A name that resounds far and wide across the world. Whether you earned it or not, you’ve got an
incredible reputation as both a master warrior and an expert mercenary. The very mention of your
name is enough to send fully grown men quivering in fear and that same fear brings in some
lucrative contract work too. Whether you live up to the name or not doesn’t seem to matter much, as it takes constant and public displays of you not matching your reputation for people to actually
start believing you don’t deserve it. Play it right and you can win fights without even needing to fight."
400,Remember to Lift Your Voice,Blue Eye Samurai,Presence,"In a snake’s den like the Shogun’s court, you are equipped to do
more than survive, but succeed. You know how to study people,
identify their weaknesses and how to approach them, and then pull it
off. You can put the right tone of voice, body language, and pick the right words to get what you
want. In short, you have Akemi’s charisma when she actually tries."
400,Awe-Inspiring,Cradle,Presence,"Never find yourself questioned as a leader again. Your rule is
absolute, your orders firm and clearly received. When you tell someone to jump, they ask how
high, even if they met you five minutes ago. This works even if you're only on an equal playing
field with your allies, but it's especially powerful when there's a clear gap in skill or strength
between you and your cohorts."
400,Charismatic Personality,Mushoku Tensei,Presence,"Whether it's natural or out of necessity there are some nobles who are quite charismatic that charms others with just their presence and words and you're the same as well. With this, you gain an increase in your charisma and charm to the point that so long you show some competence, people will always think of you first should their goals and interest align with yours. Your charisma is incredible to a degree that giving a speech in a city would cause the people to rally to your cause and your mere presence can attract the attention of the most arrogant, haughtiest nobles. This also affects the common people to a slightly lesser level. Even your charm is incredible such that you can charm your way into a tight-knit group of nobles and then have them openly welcome you with just a few days of well placed and calculated words from you, though this would be a lot harder if they're hostile towards you. This also helps that in any territory that you have, your people are unlikely to rebel and more likely to be obedient so long as you're not actively abusing your power over them and exploiting them."
400,Leader of Men,Thunderbolt Fantasy,Presence,"You are a brilliant military leader, and you possess a captivating
personality that leaves your men awestricken and filled with pride to serve you’re your
charisma rouses the hearts of your men, which has led to them becoming fiercely loyal
to you, so as result, your men will never betray you or rout, and they will always obey
your orders on the battlefield, so long as they did not call for the destruction of what hold
they dear. When your men fight, they will fight at 200% of their normal capacity because
your presence inspires them enough to fight beyond their normal potential.

But beyond that, so great is the commanding aura that you command, that with a
rousing speech and common ground, you could easily get two opposing sides to see
reason and fight side by side for you against a common enemy.
If you were to fall in battle or be permanently crippled, your men’s hearts would be
touched and enraged to the point where they would fight down to the last man to
avenge you. And if they survived, they would happily continue the fight to preserve and
spread the ideals that you died for, because your dreams have become their dreams as well."
400,Maneater,Thunderbolt Fantasy,Presence,"You’re dangerous. Not because of your martial skills or your magic but
rather because of your charisma and your beauty. You’re drop dead gorgeous and
wherever you’ll go, you’ll turn heads as people gaze upon your figure with awe, for your
skin is silky smooth and perfect without a single blemish or scar, the symmetry of your
face is perfect, your eyes are piercing and beautiful color that are like a portal to another
world that people could get lost in, your voice is honeyed, pleasant, and sultry. If you
were a woman, you would have hourglass hips and a voluptuous bosom that would
make your admirers’ mouth water with lust. You are aware of your beauty, and you’ve
learned to use it to your advantage, allowing you easily seduce even married men and
women to follow you into the bedroom and lay with you. Even a monk or nun with an
oath of chastity would struggle to turn you down should you approach them. If one is
able to resist your advances, they should consider themselves lucky, because you
possess enough stamina to literally fuck a man or woman to death without breaking a sweat."
400,The Next Generation,Duel Monsters - Duel Terminal I,Presence,"No matter how mighty one’s body is, or how deftly they handle the sword, none can hope to overcome the march of time. Bones weaken, muscles falter, and the mind grows feeble. To leave a worthy legacy, one must lead  for those who will shape the future. More so than having simple leadership and charisma skills, you are inspiring. To see you cut down a giant beast does not fill the common people’s hearts’ with fear or envy, but hope and pride. Hope that we will one day become as great as you. Pride for we will one day become as great as you. These feelings will burn bright, and give them the will needed to achieve greatness like yours, and should it truly be impossible for them to do so... this passion will not burn them out from the inside, but instead galvanize them to become masters of whatever field they can excel, such as one born with a broken body that could not hope to survive the battlefield becoming a great artist instead in order to share these feelings with the world."
400,Be Faithful to Your Desires,Duel Monsters - Duel Terminal I,Presence,"Such is the ideology of the Fabled. A noble concept, perhaps, but one that is certainly immoral when applied to entities as sadistic as such dark gods. Even so, the beauty of such a simple statement has left its mark upon you. You no longer have any trouble with holding yourself back, the feelings of others and decades of social conditioning having no effect on your ability to cut loose and party like it’s your last day alive. However, you are not some base beast, an animal mindlessly self-destructing for fickle pleasures. Temptations and psychological addictions simply do not apply to you, your dedication to enjoyment too much to let short-term gains get in  of a much more delightful pay off later on. As a side effect, this also lets you make the conscious decision to cease following your desires, whether it’s for the sake of your family, social propriety, or something else entirely, without really feeling bad about all the fun you’re missing out on."
400,Peace =/= Powerlessness,Duel Monsters - Duel Terminal I,Presence,"When the Naturia go to war, whether it’s the greatest beast or smallest grain, all of them march without hesitation. For when fighting for what matters to them, fear can not take root in their heart. Seeing this example, you’ve gained the ability to instill such determination in those who follow you. Whether in a war or less deadly competition, you can banish the mind-killer simply by being there, none at your side or back ever faltering. Even should they be in a completely different battlefield, or working dangerous machinery back home, they will not hesitate."
400,Energetic Merrymaker,Duel Monsters - The Abyss,Presence,"An important part of the various elementals, but especially the Springans, is that they do very much enjoy themselves. The Springans are, as a people, very lighthearted and energetic, enjoying celebration and literally exploding themselves in rocket-bodies for fun. The Therions are less wholesome about it, but a Gladiator needs to be able to make the crowd go wild to be truly great. By taking this Perk, you gain a variety of benefits related to this idea.

Firstly, you gain a mastery of showmanship. You now have a fantastic sense of style and have gained a mastery of color theory, allowing you to craft fantastical outfits and make anything you wish to do more impactful. You can effortlessly insert massive amounts of flair and style into any or all of your movements and attacks with no additional effort or reduction in effectiveness. Even if someone is so far away they can barely see you, they will still be able to understand what you are trying to portray in your motions. Next up, you are a master at sleight of hand and drawing the attention of others where you want it. Be it in the pursuit of stealth, feints, or tricks in a fight, some kind of decoy strategy, or even just putting on a Stage Magician-style show, you will have no issues keeping your audience's and opponent's eyes where you want them. Lastly, you have gained a mastery of drawing in the investment of a crowd. You can make even a lacking fight into something that has people on the edge of their seats, and you can make a festival or celebration something that those there will remember for the rest of their life. So long as you put the effort in, boring is the last thing anyone would think about one of your productions.

Secondly, you also possess a mastery of bringing up the mood of others. This is explicitly different from Showmanship, but the two do work well together. You have an exceptional ability to read the mood of others. Additionally, you have been given the supernatural ability to know how to best cheer up and/or comfort others, being able to understand how to best do so for both individuals and groups. This also assists the effectiveness of any action, events, or plans you make to assist in cheering up and/or comforting others far more likely to work as planned and be more effective. Lastly, you now possess the ability to counteract any sort of corruption effects and/or depressive mental effects. This works at a low level by simply being in the general area, but does work significantly better when actively doing something to assist in the process, like the actions covered in the last section of this Perk. So, be it a festival with a fireworks show, or a one on one talk, you will always be able to help those around you and deal with their problems, even with all the tragedies yet to come."
400,Gospel of Blood,Brütal Legend,Presence,"Spread your preachings of pain across the lands, as sinners flock to your church for salvation. The greater your Metal sound is, the more worshipers will follow you, eager to be punished for their crimes, and seek redemption in your conquests."
400,Grandeur and Allure (Legendary),Sword & Sorcery,Presence,"Who would wish to partake in the spoils of this world without looking the part? Whether it be the
bronzed and rippling muscle of a fierce warrior, the scented and seductive allure of an
enchantress, or the roguish handsomeness of a thief your appearance and attractiveness has
become awe-inspiring. You truly look like some grand man or woman that has stepped out of
legend and into flesh. Whether you wish to never suffer from a cold bed or simply to look the part
your visage alone is enough to have people spreading tales.

For 400 points instead it is even greater. The beauty or visage of someone whose mere appearance
is practically a monumental legend in and of itself. Enough to boil hearts with desire or envy,
launch a thousand ships to war, bring the proudest to their knees in attempts to win your affection,
or simply to ensure that no eye on earth or heaven will see you and be left unawed."
400,King of Beggars,Elric Saga,Presence,"King Urish, ruler of the city of Nadsokor, is not a king in the traditional
sense of the word. While he does have a crown on his head and subjects to follow his commands,
those subjects are not followers of him because they belong to a certain people or kingdom.
Instead his followers are beggars, the impoverished and the sick, the malformed and all other
unfortunates who skulk the streets of the poorest corners of cities all across the Young Kingdoms.
Much like Urish, but hopefully somewhat more hygienic, you are viewed by some as the ruler of a
particular profession or way of life that can be found all across the world. While not all people
belonging to said group answer to you, there is a sizable minority among them whose loyalty to
their local kings and emperors is superseded by their loyalty to you alone. The less ordinary and
more specialized this group is, the less followers you will have, so expect a king of tailors or smiths
to have far more subjects than a king of assassins or necromancers, but your influence would be
nothing to scoff at either way. Even a humble beggar can make for a good source of information,
and with a significant sway over so many of them you would have eyes and ears all around the
world."
400,Sweetest of Slaves,Elric Saga,Presence,"Though the Lords of the Higher Worlds have many underlings, there
are some who they prefer above others to the point of obvious favoritism, regardless of the actual
services they’ve performed for their master. Much like those individuals, powerful supernatural
beings in search of mortal servants will see you as an excellent candidate for the position, even if
others might be of greater use to them and more fervent in their worship. They will regard you with
some warmth and mercy, in their own strange way, and are much more tolerant of backtalk and
rebellious behavior that would leave other servitors of theirs a pile of ash on the ground. Even a
token show of loyalty and occasional sacrifice in their name will be enough to keep you in their
good graces, and if you actually put a great deal of effort into pleasing them they’ll be sure to
shower you in rewards both earthly and magical. They might not always have the time to aid you,
since demons and gods are often busy with their own politicking, but if you’ve recently done
something that has benefited them they will make sure to send at least some help to you."
400,Tiger Eyes!,Hajime no Ippo,Presence,"You have the look of a natural killer now. To many of your opponents, the feeling they get from ûghting you is akin to being locked in a cage with a wild animal—a sort of primal fear that raises their goosebumps and leads most of your opponents to make what would otherwise be rookie mistakes or flinch at the slightest movement. If you were especially vicious while fighting them, you might make them swear off the ring entirely, leaving them with trauma that stays with them for the rest of their days."
400,Keep Punching His Stomach!,Hajime no Ippo,Presence,"When your fighter is on the back foot and comes to the corner exhausted, they may struggle to focus on strategy. With this Perk, you can communicate essential instructions using simple, direct phrases that your fighter instinctively understands. For example, telling them to target their opponent’s lower body helps maintain their focus and prevent dangerous hooks."
400,Fist of a God!,Hajime no Ippo,Presence,"The bond between a fighter and their coach can become incredibly deep, with some coaches viewed as father figures. Under your direct guidance, fighters will quickly form strong connections with you, absorbing your lessons and philosophy with near-fanatical devotion. Your words will serve as a constant source of inspiration and advice."
400,I Want to Get Him in the Ring!,Hajime no Ippo,Presence,"Many individuals possess natural fighting talent but often lead unruly lives that require more than just words to entice them. With this perk, you know exactly how to motivate anyone—from a random street thug to a wild child—to drop their current life and join you in the ring as a fighter, with you as their coach."
400,Second Wind!,Hajime no Ippo,Presence,"It can be said that a fighters fist is heavy not just because of the training they do but the promises they take and make to the people that support them in the ring, that extra piece helping see through the toughest challenges and if anything can help a fighter not lose, it’s not being seen as lame in front of the ones they care for! Now with this, boxers facing exhaustion or doubt find solace and strength in your presence, tapping into an inner reserve of determination and resilience. Your unwavering support and encouragement bolsters their spirits, enabling them to push through adversity and emerge victorious from the hardest fiights! Or at least come out of it not too busted anyway if the enemy is that overwhelming."
400,Great Line of Masters,Good Hunting,Presence,"You stem from a noble bloodline, having an extensive and highly-regarded family-line in
another country than the one you started the jump in. The country your kin comes from is
probably one far away but with at least some influence over your current location. Your
status as one of noble blood, even if foreign, will open doors that would otherwise be shut
and the power your name holds in your home country should not be underestimated, as the
word of you or your family can decide things such as trade-blockades or perhaps even the
initiation of hostilities between that country and another. You will receive the same status in
future jumps as well."
400,Underestimated no More,Kajiri Kamui Kagura,Presence,"It can be difficult being a kid and trying to be taken seriously by the adults around you, even if
you are more skilled and powerful than most of them. They look at you as immature or without
experience even if you have proven yourself. Then again this can sometimes be useful. People
pay less attention to someone they underestimate, at least until they see that same someone
explode in righteous, fearsome anger and then suddenly they realize the threat that has been
near them this entire time. You now have the ability to seem non threatening and be easily
underestimated. No one around you will be able to get a read on how powerful you are, and no
matter what senses or scanners they have will just see you as weak and beneath them. This
can let you get away with a lot of things and easily misdirect potential rivals or even friends. On
the other end of this, you can suddenly lose this nonthreatening easily underestimated aura in
an explosion of anger and destruction and everyone who sees this will never underestimate you
again and will be innately aware of your power relative to theirs much to their surprise and fear."
400,Don't Mess with Family,Tunic,Presence,"Within the Frog’s Domain are a great number of Frogs, more than could exist within a
single family, and yet they work together with little distinction amongst them. Their
close communal bond makes them care much more for each other, working collectively
for the betterment of each other. There is a kind of peaceful allure to being able to participate in this.

When you are in a group, provided you work towards it, the group will become closer
over time until the group is as close as a family could be. Arguments that once could
fracture a group will eventually be calm discussions over a meal. Even when times are
tough, this newfound family will usually work together rather than come into conflict from rising tensions.

Beyond the obvious benefits of the camaraderie this provides, this perk also grants
you skill and knowledge in how to develop and maintain groups like this."
400,Right of Conquest,Arawn,Presence,"The house of Siamh is a house of conquerors. The brothers will carve
up the entirety of the British Isles between them, slaying and usurping the previous kings to establish
one (fractious, divided) ruling dynasty. You’d think slaying the king would bring the wrath of his nation
upon the murderer, but no. The brothers are just too CHADLY and exude too much RAW, PRIMAL
ALPHA MALE ENERGY for that to happen. Too much MANLY AURA for that. And now you do
too. When you slay someone, everything they had is now yours. It would take little effort to get an
entire country to kneel before you as their new liege if you’ve taken out the previous leader and the line
of succession, and they’ll respect you just as much as their dead predecessor. Why, you could even shack
up with their relatives and loved ones with no problem, though strong-willed people will resist this
effect. Furthermore, you are a terrifying figure to behold should you wish to be, easily able to cow
legions of lesser mortals. Finally, any lands you rule may be taken with you on the chain at your leisure."
400,Packmasters,Arawn,Presence,"Why fight when you have bands of monstrous creatures to wage your wars for
you? The brothers raise armies of treemen, the undead, and demons of fire throughout the series. Why
should you be left out? Alas, gaining control over such a terrifying force often involves an artifact or a
deal with a god. Sometimes both. However, you have an affinity with beastmen, who are eager to do your
bidding and fight for you. Namely, two breeds of beastmen. The wolfmen, who are tall, strong, and
armed with razor-sharp fangs and claws as well as canine senses and unnatural vitality, and the crowmen,
who are fast and naturally gifted with flight. You will possess this authority over other forms of
semi-sentient beastmen in future jumps, and can always find more of the mentioned breeds."
500,RULES OF NATURE!!!,Metal Gear Rising: Revengeance,Presence,"When the music kicks in you know things are about to get crazy. You now have your own theme song and whenever you listen to it you find your abilities and power doubled and when played during intense fights your abilities are boosted exponentially. You can choose who can hear this song beside yourself.

This Perk is a Capstone Booster."
500,High Score!,Volgarr the Viking,Presence,"You can use wealth you possess to instantly repair/restore things (such as a spear, a broken
bridge, or with enough wealth: a kingdom). Furthermore, the more wealth you gather while
on a mission/quest/whatever, the better the results/rewards of completing your main goal
tend to be, proportional (though with vastly diminishing returns at higher levels) to the
amount of wealth gathered. The wealth gathered has to be related to the goal you are
currently pursuing, such as being on a quest to save your homeland and looting the corpses
of invaders or looking."
600,Divine Disaster,A Will Eternal,Presence,"If there is one thing that Bai Xiaochun is famous for to the population of the Eternal realm, it
is his ability to cause disasters wherever he goes. So bad is he, that great celebrations are
held when he leaves his current residence for prolonged periods of time. His pill concocting
caused poisonous rain and thunderous lightning. His pills themselves drove people mad with
their effects, and more often than not had strange effects that even he didn’t know or expect.
Even something as simple as him cultivating had side effects that destroyed prisons and
arrays, and broke the foundations of sects. You’ve inherited that particular talent of his,
letting you cause great disturbances with even the most peaceful of things. Luckily it tends to
work out in your favour in the end somehow, but well, there’s always an element of danger
involved when disasters follow you. Why would you want something like this Jumper? It’s not
going to earn you too many friends."
600,Beloved of the Infinite Mysterious Samsara,Against The Gods,Presence,"You have a way with beings that are beyond mortality. Be it gods, spirits of nature, even devils or other similar beings, you find they all tend to have an inexplicable fondness for you.
Firstly, they always start with a good opinion of you. Unless you knowingly do something to offend
them, even the most unreasonable beings tend to be understanding and friendly.
But a more relevant part of this is that such beings are excessively likely to grant you powerful
blessings and treasures, even forgiving any transgressions or irregularities. Simply put, if there
exists a possibility of something being granted to a mortal by a divine spirit, not only do you find
yourself propelled to the absolute front of the waiting list, you also find that such beings go far
above and beyond in rewarding you, granting you favors and powers far beyond those they would
otherwise bestow, all other things being equal.
This can even, time to time, go to ridiculous extents, like a spirit granting you something it really
shouldn’t, even things it might need to survive in the future."
600,The Greatest Astra of Them All,Grant Morrison's 18 Days,Presence,"The most beautiful person of the age, born of boundless rage, created to be the perfect tool of
vengeance, the greatest tool of war of all. Born to Conquer, to rule. Born fully formed, clad in
the mightiest Yajnatek armor. A true born monarch and catalyst for cosmic events.

Draupadi and her brother were born to be living weapons, instruments of the rage of Drupada,
King of Panchala. While this meant a lot of things for them, one important thing was that they
were Catalysts.

They were beings with tremendous metaphysical weight behind them, initiators and deciders of
cosmic schemes. So are you now. Wherever you go, prophecy and fate wrap around you like a
mother embracing her children. You’re simultaneously unbound by preordained fate and the
instrument of it.

Unless you wish otherwise, every action you take is laden with cosmic significance. This includes
breaking apart fated courses of events. When you are in play, no prophecy is absolute and no
prediction guaranteed to be certain. At the same time, your actions always have far-reaching
complications and interpretations, and with even minimal effort you find yourself sliding into
the place of prophesied characters with weighty destinies, shapers of ages to come.
The promised Prince, the second coming and the antichrist, the avatar and the glorious hero...
all such are just skins to be worn, by you if not by others."
600,Just Baseless Rumors,Baki The Grappler,Presence,"Baseless rumors or not, even an unearned title will take you far. You have somehow been give the
false title of being a fighter equal to the Ogre. You’ll have no issues finding work, or scaring off
weak-willed opponents with this reputation. More experienced warriors will know on sight if you
live up to your reputation, but will more often than not decide to ignore you, if you fall short."
600,Bridge Of Men,Baki The Grappler,Presence,"You’re strong, so who cares about minor things like your age, or how many people you’ve killed,
you can bridge any of those societal gaps and more. You can become the boss of a yakuza
group in your teens, might as well be a fashion model while you’re at it, and become the hero
of the local police by stopping an infamous criminal. So long as you have the ability to meet
these various expectations, no one bats an eye at these contradictions. People tend to keep
your various accomplishments separate in their minds, so you won’t get arrested as a
yakuza boss for bringing a criminal in to the police station, nor will you deter any of your
fans from requesting an autograph in person."
600,The Chained Patriot,Baki The Grappler,Presence,"For those who know what true strength looks like, they know that it is as much a symbol, as it is a tool.
It is a reflection, of one’s roots, and values, and yours reflect something glorious. The strength to
chop through trees with one sing of a 100kg axe, durability like a stone, and dexterity like a gymnast.
Although, your true strength is as a symbol. The stronger you are, and the more you show it off, the
more beloved you are by your fellow countrymen, and the more beloved you are by your country,
the stronger you become in all areas, your growth only ever slowing when your countrymen’s faith
in you wavers. You may become a form of walking propaganda. There are creatures in this world
much stronger than you still, so advertise this at your own risk."
600,For the Improvement of Our Home,Fog Hill of Five Elements,Presence,"Belonging to the family of the five elements is more than just a lineage. It is a blessing that
grants you the skill and heritage needed to master one of these fundamental forces: fire, water,
earth, wood, or metal. This choice is not to be taken lightly, as the element you select will define
not only your power but also the branch of the family to which you belong. It is not merely about
controlling an element, but about letting it infuse your spirit and body, elevating your strength to
heights rarely seen. While this will not immediately grant you a divine manifestation, it will set
you on the path to attaining one.
Beyond your elemental mastery, being part of this family naturally earns you recognition among
those around you. It is not just about being seen as someone with wealth or status but about
possessing a distinctive presence that reflects your heritage. Depending on your choice, you will
radiate a unique energy—an intense, striking aura if you belong to the fire branch, a calm and
reassuring presence if you are aligned with water, or any other defining trait linked to your element"
600,The Fourth Demon,Fog Hill of Five Elements,Presence,"Countless ages ago, demons roamed the world, destroying villages and devouring whatever they desired. They were creatures driven by chaos, and only three beings possessed the power to lead them—either by earning their loyalty or instilling in them such absolute fear that none dared rebel. Their strength and might were so overwhelming that neither demons nor humans dared to challenge them. For a long time, they ruled with absolute freedom, striking terror into humanity. However, their reign came to an end when five gods sealed them away. From that moment, they became known as the Three Venerable Demons.

Now, you are part of that legacy. You possess a unique charisma, an innate authority that commands both respect and fear, drawing demons to your side and making your enemies tremble at the mere mention of your name. No one will question your leadership or power, for you know how to command and unleash the greatest chaos. Wherever you go, your demons will thrive, and regardless of your adversaries' desires, fear will always linger deep within their hearts.

Every demon will follow you with unwavering loyalty, even into the depths of hell itself—and if necessary, they will free you from it. No matter how long it takes or what sacrifices must be made, the Three Venerable Demons will surely acknowledge you… or at the very least, they will be wise enough not to turn their backs on you.

Make no mistake, Jumper: the fate of your race rests in your hands. But only if you take command. Whether it is over the corpses of your enemies or their shattered, withered bodies, you will prove that your place is that of a true Demon Lord… even if you still have a little way to go before fully claiming that title."
600,Garuda's Dominion,Saint Seiya: Lost Canvas,Presence,"Specter like you, with quite a lot of subordinates to handle, have to maintain order. With you however, order maintains itself. Why ? Fear. Any you largely overpower or inspire fear for any reason will be far more receptive to you, eventually to the point obedience. The closer they are to you in power or the less they fear you, the less it affects them.

Capstone Boosted: Die for Me: Well, that’s a twisted form of charisma you have there. Your fear and demonstrations of authority are so effective, your minions are in practice closer to “brainwashed” than obedient, preferring death in a suicidal charge than by your cruel hands, or too fearful to even flee. Unless your equal in power and complete moral opposite shows up to give them doubts, they are yours."
600,The Will of Pegasus,Saint Seiya: Omega,Presence,"Indeed, loyalty to Athena courses through your very soul, a bond that has
endured since the age of myth and transcended the boundaries of time and
space. As a reward for your unwavering devotion, you have been bestowed with
two remarkable abilities. Firstly, at the onset of each jump, you select a person
whom you vow to protect with your entire being. While safeguarding this
individual, your skills and combat abilities are heightened beyond their limits, and
your resilience reaches absurd levels, ensuring your survival until your charge is safe from harm.
Secondly, deep within your soul lies the ability to defy even the gods themselves.
Through constant reincarnation, you have awakened the innate properties of an
anti-divine creature, becoming a terror to any deity who seeks to bring harm to
humanity. With this formidable power, you stand as a bastion of protection
against the machinations of the divine, unwavering in your commitment to
safeguarding humanity and upholding the ideals of justice and compassion."
600,[皇帝] Huangdi,Nine Sols,Presence,"Like Shuanshuan, you’re something of a polymath. You can learn new
skills with exceptional speed - even if you’re not all that good at first, you’ll still advance
rapidly. Moreover, you are excellent at finding synergies and combinations between various
skills, making something more than the sum of its parts - and at teaching others what you
know, individually or on a grand scale. And like Shennong, you have all the qualities needed
to lead a people to prosperity. The charisma to have them gather around you, the wisdom
to see through the lies that others would believe, and all in all, you could lead your people
to a point where they will never need to pray to false gods for help again. Perhaps one day,
you might be acclaimed as the originator of a whole culture.

“I've recently traveled to many places, and I never knew the world was so vast. I just want you
all... to be able to see it too. I don't know where to go either, but I will lead . All that I
learn and all that I see will be yours to know.”"
600,Celestial Envoy,Okami,Presence,"In any universe that has deities, you will have an easy time earning their aid. In fact, they will be
downright eager to help you, provided you in turn do your best to spread the good (or bad) word
and gain them worshippers."
600,The Kasumi Effect,Ranma 1/2,Presence,"You're just so nice that people will go out of their way to avoid upsetting you. Martial Artists will stop mid-fight, and pretend to be getting along. Rampaging monsters will pause, and carefully step around you. People will just generally try to avoid being violent when they know you're there."
600,Lord of Tsushima,Ghost of Tsushima,Presence,"You now have the charisma, and force of personality equal to
that of a story protagonist. In addition, you also possess the necessary knowledge and talent
to do what lords should be doing: rule; you know what a lord does for their territory and
people and can do it well. You find it very easy finding new allies and recruiting them to your
side and cause. You find it similarly easy endearing yourself to this land’s inhabitants and if
you went a little bit out of your way to offer aid and assistance to them, this effect becomes
magnified to the point where you could become a de facto leader of an island nation because
you have become so popularly admired and feared by the populace. This also grants you a
relatively high level of plot armor, you will find yourself surviving many half-baked attempts at
storming enemy camps solo-dolo when by most rights you would die or be severely injured without question.

+Legendary Status: You have reached the pinnacle of swordsmanship, capable of feats that exceed
what a human can do: swinging a sword faster than the blink of an eye, dual wield weapons
and use them as well as you could singlehanded. You also gain heightened reflexes, hand-eye
coordination and perception speed all enabling you to deflect just about any projectile this
setting can throw at you including bullets and smaller sized cannonballs; faster and more
numerous projectile groupings will still present a significant challenge but can be overcome
with practice. Additionally, you have the option of being apart of either the Sakai or
Shimura clan and as a result hold an actual claim to lordship on the island. Lastly, all perks
within origin now function more effectively and efficiently."
600,King of the People,Samurai of Hyuga,Presence,"The Emperors of Hyuga rule through divine mandate, yet it is the nobles and generals in their
court that hold the lion’s share of the power. But, while they may possess great riches and
control over armies, they lack something that would allow them to truly control Hyuga: the hearts
and minds of the people. However you, who possess a genial demeanor and magnetic
personality that endears you to others easily-especially children-who could only be hated by
those with age old grudges or similar grievances, have a good shot capturing that. Were you to
make a serious attempt at it, you could carve out your own domain with your loyal followers."
600,Rise & Fall,Hanachirasu,Presence,"Ishima Kaigen wasn’t just a mere politician or writer. Kaigen was someone that managed to forcefully grasp the hearts of many and use them to force ideals into the country, even during a time when that shouldn’t have happened. A storm in the form of a human. Political radicalism aside, there’s no denying Kaigen was charismatic and relentless, same virtues that now apply to you. Of course, it’s not like you will be able to match Kaigen’s legacy with this alone, not unless you pour yourself into a cause, the same way Kaigen did. Although, it would be better for everyone if you don’t do that."
600,Leader of Man,Kenshi,Presence,"When it comes to recruiting people to your cause, you’re supreme. Whether you
need settlers for your new town, or soldiers for an army, your silver tongue has you convincing eligible people
to join you. This ability only works on people that have a chance to join you to begin with. Convincing members
of existing factions will be harder, but you’ll on a rare occasion even be able to convince an enemy to switch
sides and join you."
600,Post-Apocalyptic Savior,Fist Of The North Star,Presence,"Within you rest a curious thing in this world, the hope for a better
tomorrow. You believe that there is no such thing as too far gone, that even the most ruined land or
damned soul can be saved. You may or may not be right, but either way you can inspire others to
improve themselves and the world around them in a positive way. Then they too will inspire others like
a plague of hope. Even amidst ruin you can inspire greatness, men and the world can rise again. This
is not the end and you will prove it."
600,Dread Pirate,Soul Calibur,Presence,"There is only one man who has ever the title of Dread Pirate and his name is Cervantes de León, the worst pirate the seas have been witness to. Cervantes was a man of such power that he had gained the ability to teleport and even fly for a short amount of time. His might was so overwhelming that he could fight off an entire ship’s worth of battle-hardened sailors with nary a scratch.
Now, you have the same abilities as the dreaded pirate and people across the world will fear you once your reputation gets going, to the point that the mere mention of your name is enough to send the weak of will running like headless chickens."
600,Loyal Blades,Katanagatari,Presence,"Even if you’re not that great at strategizing, you’re still one hell of a leader. You naturally inspire
loyalty in other people just by having them work under you, forming stronger and stronger bonds
the longer they serve you. Even those that are secretly working against you or are aware you are just
using them or have some nefarious plan for them in mind will be affected, though you’d need to
make a reason for them to stay serving you in such situations. A few days together is enough for
them to confidently follow your orders regardless of their view on your skill and a couple of months
under you would make them into the sort of die-hard fanatics that would prefer to die trying to
avenge you than live on without you in the world. While this effect works on any serving you, it will
become less and less effective the more distantly they serve you. Someone personally serving you
would work as above but a frontier guardsmen who only serves you in the sense that you are the
distant king of his nation may take years to reach noticeable results."
600,Onryō,Blue Eye Samurai,Presence,"Be it an icy gaze, a towering physique, a fierce mien or some other characteristic, you’re great at intimidating your foes or just producing an aura of ‘Fuck Off’. An effect you can enhance when you’re particularly angry or determined by giving it a slight supernatural edge, like your eyes seeming to glow, or the lighting shading your features just right.

You can also make it match some destructive mythological creature, making people think of it whenever they see it. It won’t make them believe you are one from the get go, but scare them enough and they’ll start to wonder. And they will. With every encounter you have, every foe they see you defeat, everything they see you survive, the effect will keep getting stronger. You could be panting for breath, unable to stand, and your foe would still believe you to be unstoppable, a thing to be appeased or fled from.

As you embody this monstrous legend and build momentum, you’ll find yourself empowered by it. You’ll fight harder, keep track of your foes better, find it easier to get up and continue your rampage. Luck will start to swing on your side, be it making a deadly strike miss anything vital or causing misfortune to your foes. The particulars can be tweaked to better match the mythology you wish to embody.
The longer and more impressive your onslaught, the stronger the foes you defeated, the greater this effect, and the terror you generate, becomes."
600,Did I tell the Stygian to fall in love with me?,Conan,Presence,"You seem to possess some raw, animal magnetism about you. You are simply attractive to those who are attracted to your sex. A princess could find herself having urges just by being in your presence due to how strong and wild you seem, and should you go further and save her life and her kingdom, well she’d be most certainly willing to reward you. That is to say even without doing anything to encourage such attraction you may find people first finding themselves wildly, even madly, attracted to you, and this will only be more effective if you do encourage it with your behavior and actions. Do be careful, though, there are those who can get possessive even if you do not accept them, or who can be dangerous when scorned."
600,They Fight For Me,Conan,Presence,"Your martial prowess seems to translate directly into a swirling force of personal charisma. While this will not take into account your supernatural powers, only your pure martial puissance and skill, the better you are as a warrior - in both personal and large scale engagements - the more you seem to grow and swell with charisma and personal magnetism.

While merely possessing such power will be something that will be recognized and felt by those around you, when you demonstrate it you will find that it touches the hearts of those around you, especially your fellow warriors. Fight against foes until a mountain of the dead piles around you and your men will fight for you until their deaths even past your own. Even your enemies would have to feel a sort of respect and affection for such a resistance, and as a king or other public figure simply winning battles - especially those where the odds were stacked against you - will do much to keep the public supporting you."
600,Executor,Duel Monsters - Duel Terminal I,Presence,"There is a dignity to you, slaughterer. Decisiveness, group psychology, diplomacy, logistics, all such things leaders must excel at to bring plenty to their tribe, and excel you do. Though you are not some supernaturally magnificent ruler, you are certainly one the people would welcome. But the path to leadership is often one paved in blood. Undergoing countless battles, seeing countless massacres, watching how the mages and tacticians work their magic... you’ve realized a deep hatred for these things, and this hatred is more than simple emotion. When you join battle, when you step forth to siege a fortress, when you walk into a room, continuous spells and traps alike shatter. Wards created thousands of years ago, carefully planned avalanches, all such things fall apart when you enter the equation. Of course, this will not help much if enemy mages await until you’ve shown yourself to set sorcery upon their allies in order to strengthen them... but will you truly let something so minor stop you?"
600,Naturia: SAMSARA,Duel Monsters - Duel Terminal I,Presence,"You are within the forest, and the forest is within you. In more ways than you might have thought at first. Like a tree spreading its seeds, your lifeforce can expand far outside your body, forming into an invisible aura (around the size of a village, barring any other enhancements done to it) that suffuses the ground and ecology around you. Wherever you tread while this aura is expanded shall find itself giving birth to life like the most fertile of lands, even if it were but an arid desert before. But should you remain within an area like this for a longer period of time, around a year or so, this life shall bloom into a new tribe of Naturia. Much like the denizens of the Naturia Forest are visibly derived from more mundane plants and creatures, the new Naturia you’ve created will be based on the native life of the land. These Naturia are their own people, with the ability to choose for themselves, but will be naturally predisposed to liking you even if you act in a way the original Naturia might find objectionable. This may result in them developing a very “interesting” culture, should you be a rather antisocial person."
600,King,Duel Monsters - Duel Terminal I,Presence,"There is a purpose for your existence. A glory that was meant to be the second you spawned from a slurry of genetic material. Now that the time of crowning has come, this glory shall smother those who would dare to deny your dominion. Lesser Worms know to obey you, for it is simply right for them to do so. But a King, sadly, must heed their Queen and Dukes and Counts and so many other accursed Nobles. The nearer one is to your own level of power, the more they can resist this innate biological craving to follow your will. Your equal would be, of course, your equal. Someone slightly weaker would feel an undercurrent, a small desire to serve. But the whelps, the Apocalypses and Hopes? Loyal to a fault. Still, no Worm would ever obey a mere human, so you shouldn’t expect other races to obey you while you are in the shape of a Worm... but, on the other hand, assuming the form of a human or Jurrac or whatever else would allow you to exert this same influence upon them."
600,Mind Pollutant,Duel Monsters - Duel Terminal I,Presence,"They say burning a village is evil? That slaughtering soldiers and civilians alike right when it seems like they’ve won is the height of malice? Really, you haven’t even gotten started. Something much more precious is your goal. To put it simply... your tongue’s as silvered as they’d expect a devil’s to be. Turning brother against brother, making a mayor bleed their domain dry before running away from the angry mobs, convincing a nun or priest to embrace sinful joy. Really, it’s quite the enjoyable way to pass time if you’re stuck in the same place for a month or two while waiting on orders. Why, you could do much more than just corrupt if they genuinely began to listen to all the vileness. Teaching them to enjoy the evils you partake in, strengthening their will to match yours so they won’t ruin everything by going overboard, sharing your mentality with others is really no trouble if they listen. Of course, if someone isn’t even willing to listen to you, then I reckon even you would fail to plunge them into damnation... this way, at least. See, all this corrupting you’re doing has had a much deeper effect on you than anyone might hope. You’re, quite literally, a corruptive force. Unless you deliberately tone it down, just being near someone allows you to shape their morality and mode of thinking into something more fitting to your desires. How much, of course, depends on your level of power against theirs. Get strong enough and turning a mass of normal people into believers of your dark faith would be as easy as killing them. Sure, someone actually capable of fighting you for a while would resist this almost completely, even if it were a fight they’d certainly lose. But there’s nothing saying you can’t have a riveting conversation with them while you’re at it, is there?"
600,Lord,Duel Monsters - Duel Terminal II,Presence,"Laval society might seem odd or plain impossible for outsiders, given everything is settled with fighting. However, you are not an outsider. This system of governance follows you like a cloak, allowing you to skillfully rule entire nations or lead armies despite having no actual leadership skills just by being strong enough, as well as convince others any position of authority you claim truly belongs to you by beating dissenters into pulp. Unless you desire otherwise, your followers will also benefit from this, allowing even the dumbest brute to masterfully contend with logistics or write up new laws simply by being mighty."
600,The Brightest Darkness and Darkest Light,Duel Monsters - The Heroes,Presence,"Some might call it destiny, while others would just rage at how unfair it is. But there is a power deep inside you that has waited your entire life for it to come forth, unbound only by your fall from grace and transformation into an Evil Hero. If you were a genuine Hero disillusioned with the world, then the power you’ve awakened is a deep darkness within your soul... but a gentle one. This darkness grants you an innate awareness of what your underlings and servants desire, and how to best resolve any disputes between your subjects. It may cloak you, hiding your identity and making it harder to actually see you, but it may also become a poisonous cloud which erodes the willpower of enemies inside it until they fall unconscious. This darkness can also be honed into a physical form, either exerting physical pressure on everything around you, or being focused into shock waves and bursts of pure shadows able to rend steel and demolish small buildings. If you were a villain through and through, then the power you’ve awakened is a blinding light within your soul... scouring from existence everything that displeases you. This light grants you an innate awareness of the psychological state and weaknesses of others, and how to best twist them to your desires. It may cloak you, blinding any who try to gaze upon you, but it may also be turned into other images, allowing you to overlay reality with illusions of your design. By overwhelming the will of someone touched by this light, you may turn them into puppets, inducing fanaticism and obedience to you. You may also imbue this light and your very will into items, allowing them to perform this same effect on anyone touching it. Note that the item’s ability to overwhelm others is tied to how much you put into it, and the sheer mental exertion from placing your willpower into objects might overwhelm you in turn if you are not prepared. Finally, this light can be used as a vector of force, with such strength that you may take apart or hold together a building if it flared bright enough to cover it."
600,Symphony of Suffering,Brütal Legend,Presence,"The Sorrow you hold in your heart is too much to bear. So instead, you may release it. The bleaker, sadder, more pathetic and tragic you become, the more this Sadness grows. At will, you may release it, devastating the surrounding area and all unfortunate to be in it with the weight of your woes. Now, they will feel your pain, fear your misery. Be warned however, that by holding such sadness inside yourself, you suffer its torment until it is released. When your Sorrow reaches the point where it could drive others to suicide, do not let it grow, or you will turn to death yourself."
600,The Making of Myth,Sword & Sorcery,Presence,"We can be so much more than we let ourselves. Isn’t it time that you cast aside the simpering
mundanity that lies upon so many of mankind? You can give your actions and deeds the weight of
myth behind them. This will not only drive you to push your limits and achieve remarkable things
but will cause your actions to be told and spread like wildfire everywhere there are people to hear
of them. Perhaps you are some great godlike being, or perhaps the secret to this is in the fact that
you are but mortal. Regardless, you will be remembered when much else has been long forgotten.
In other worlds you may choose to have your exploits and previous adventures recorded in the
form of ancient myths. These will be viewed through the same lens as other legends and epics.
Your travels among the stars in your ship might be recounted in the likes of the Indian vimanas,
your workings of technology and magic fogged over in the symbols and language of mythology.
These legends will not be something widely known, but anybody who cares to study such things
will eventually stumble upon them and might just see one too many parallels with some grand
figure who has recently entered their life."
600,By Might Divine,Sword & Sorcery,Presence,"While yet flesh and blood a king is nonetheless something more. You possess the sheer gravity of
presence and personality that leaves none in doubt that whether it be one of carved stone or
immaterial glories your feet tread ever onward towards a throne. This presence seems to be
amplified by your personal skill and strength. Your acts of glory and might leave others in awe,
your victories win hearts and minds with wild abandon, and whatever virtues you may possess
seem to burn brighter than even the sun where you tread. Whether it be by right of conquest, by
the adoration of the masses, or simply the will of fate all who think to look will know that you are
meant to be crowned. King, Queen, or merely a Champion, in some manner you will rule. You need
merely grasp the world that awaits you."
600,A World Laid Low,Elric Saga,Presence,"Above all, a ruler must reign. But often those rulers who possess grand moral philosophies will find that the ideals they want to impose on their domains are not exactly compatible with reality. Fortunately however, the laws of this world are more malleable than those of others, especially where Law and Chaos are concerned. Just by aligning yourself with a cosmic principle, whether that means a specific being like a Lord of Chaos or Law or even the general concept of one, all that you rule over by blood or right of conquest will begin to change to better fit your chosen ideal.

Adherents of law will find their realms slowly shifting to a place perfectly ordered and neat, a realm of stark, bright castles, of flawlessly symmetrical crystal trees and docile animals. Attempts to change the landscape will be hindered, simply rearranging itself to its pure and intended form when it has been altered. Their subjects will be immaculate in appearance and health, loyal to a fault but suffering from a lack of passion or creativity that is in some ways the invention of chaos.

Conversely, those sworn to Chaos will find the very earth under their feet begin to warp and become unstable, water becoming rigid as stone and ground giving in like water, but even if they are magically lacking the landscape will bend to its ruler’s will, completely changing the bizarre flora and fauna growing all across the realm or causing castles to spring up from nothing. Their subjects become more eccentric and whimsical, in many ways brilliant but prone to doing things their own way. Lastly, magic and other supernatural abilities strongly tied to the ruling principle will become more powerful within the realm’s borders, while the power of an opposing principle will be stifled. The given examples here are only that, and the effects might change depending on the nature of law and chaos in other worlds."
600,Chieftain,Primal,Presence,"You seem to carry with you an aura of respect and leadership. This isn’t strong. You’ll need to demonstrate real leadership abilities if you actually want to hold a position of leadership, but it’s enough to make people more likely to listen to you and at least consider your ideas, especially in a crisis.

That alone is useful, but you’re also very good at understanding what is needed to calm heads and bring things back from the edge of violence. You’re great at defusing situations, and keeping misunderstandings from becoming un-restrained violence. You might not be able to stop a fight when a t-rex comes to attack your village to eat you, but if a neanderthal woke up in your medical hut and assumed he’d been captured by slavers, you could probably find  to quickly calm both him and your local warriors even after he’d injured a few of them.

You’re actually good at being warm and welcoming in general, and making someone feelat home in a community. It’s a simple thing, but you know how to be hospitable and welcoming, in a way to make someone at home even if they come from quite a different culture, or even another species entirely. You could make a t-rex feel at home in a town, though you might need to be a bit accommodating and meet them part way."
600,To Make Amends,For Honor,Presence,"A lot of the time, different cultures can have a hard time working together for a lot of reasons. Different mannerisms and traditions, different motivations or even just a bad history between each other in general. You, however, are a lot better at helping two forces meet halfway and work together. You tend to run into disgruntled fighters from all sides easier too, potentially letting you assemble a motley crew against a greater threat."
600,Commander of Arms,Darkest Dungeon,Presence,"“A fever of willful determination sweeps through the barracks!”
Dodge! Strike! Such is your command of the battlefield that even the simplest orders, from your mouth, can make an ally fight better- making them harder to hit, less susceptible to trauma, and granting them the precision to make the best of every blow they make. Not only that, but your barks and screams are intimidating enough to make even the dead falter with uncertainty- giving your fellow soldiers a chance to attack while they are distracted and off guard. Finally, you are simply a damn good soldier- well-trained, and more than capable of training others to follow in your footsteps, if they live long enough to internalize your lessons. Even if they have a foreign, alien fighting style you will be able to impart lessons and principals on all those willing to spar or listen to your words."
600,Captain of the Guard,Tunic,Presence,"While most Rudelings are given orders by more powerful beings, rarely one would be given a position of command. One of your ancestors was one of these rare few, and since the collapse of civilization after the war, it seems the authority has simply been passed down.

While this grants you a meager amount of skill commanding a small group efficiently, at least theoretically. Your initial benefit is that one of your soulless contemporaries treat you as their commander.

They possess the equivalent to the 100 CP perk and item of your Origin here along with a single purchase of the Melee Weapon Item. Being soulless they don’t possess a complex mind, but it is possible to ingrain in them various tactics with enough effort. They obey your orders without question and won’t betray you from any decision of their own, even if you treat them poorly. If they perish, another similar ally will find its way to you in a week or so.

Within this group there are special individuals, your lieutenants, with your very first lieutenant being the one soldier you start with. These lieutenants can have more than just tactics ingrained in them, you can teach techniques and abilities to them, though they will be a fraction of the potency of your own.

With time you can add more to this retinue, including up to six lieutenants before you start facing diminishing returns on time and effort. It is possible to temporarily break the group into smaller groups for simple tasks, and indeed it is easier to give complex orders the fewer there are in the group receiving the orders. If your group becomes large enough you can begin to assign soldiers beneath your lieutenants, and they will be able to gain abilities through their commander, though these abilities will be weakened once more.
With enough time, perhaps you could finish the war that left your soldiers in this state."
600,Fist of Life!,Hajime no Ippo,Presence,"The punch of a boxer is made to ensure the person they’re punching is struck down hard and never gets back up again—your fists are those of death. On the other hand, your fists are those of life. While other boxers aim to destroy their opponents, after someone loses to you, they are filled with a sudden surge of motivation to improve from the last fight, with any animosity slowly fading into a sort of friendly rivalry."
600,Light a Fire!,Hajime no Ippo,Presence,"The life of a coach often involves a lot of yelling to keep your charges focused and motivated. Through years of experience, you’ve mastered the art of igniting motivation in even the laziest individuals. Your powerful voice can inspire athletes to engage in the exercises you’ve taught them, even in your absence."
600,Ways of Eros,Luther Strode,Presence,"Your charisma is the stuff of legend, from your magnificent beauty to your dazzling wordplay.
With a glance, you could hypnotise crowds into changing their ways, your lectures taming wild
hearts and minds, promising to deliver their deepest desires or bringing their morals in line with
yours. You also become an amazing lover, your pillowtalk changing the fates of nations. Your
charm is not restricted to human beings, animals, aliens, and the fantastic may be affected."
800,Living Saint,Asura's Wrath,Presence,"You are so pious, your presence enriches local flows of Mantra. As a base effect, you are, in a way, holy, as regarded by the spirits of the world. Hostile spirits, souls burdened by emotions of the base and impure, and similar beings will be wracked with discomfort by your humble glory. Such is your piety that those beings and souls gripped in madness will have trouble attacking you, stumbling and fighting themselves as you walk amongst them. Prayer lead by you doubles the amount of Mantra or faith generated, as long as people can see and follow your ritual performance. If not utilized by something, the surge of Mantra or energized faith saturates the surroundings, miraculously repairing the broken, healing the sick and purifying the land of taint, including that of Gohma."
800,Untouchable,Baki: Son Of Ogre,Presence,"You have earned yourself the title of president. You could either be the president of a preexisting nation, with all the laws and limits implied, or of your own newly founded country, in which case you’ve somehow convinced the rest of the world to fear you as much as they would other major countries. Wherever you go, authorities will fear you, even as a prisoner, you’d be able to do as you please with impunity. The only ones who would dare cross you are those who don’t know your position, or those confident enough to pick a fight with an entire country."
800,Pandora's Favors,Saint Seiya: Lost Canvas,Presence,"There is something about you, something the Divine can’t help but not ignore. When working for or following the code of a God, you will find that they are much more likely to take notice of your dedication and reward it than with others, though you will rarely get more than what you rightly deserve. The reward can come in many forms : role attributed among their organizations, blessing, special permissions, and so on. In future jumps it works on Gods or similarly “higher powers” : they always seem to favor you over others if you follow their doctrine.

Capstone Boosted: God's Right Hand: Well, “liking” you may be far stretched as they are Gods, but you surely have their trust. Much like Pandora for Hades, if you earn and work for it, you can become akin to a god’s right hand, embodying their full authority and role in their absence among any religious or politically affiliated organization. Any follower or warrior will take your order as if it came from their gods, because as far as they are concerned, it is the case. Be careful of your conduct or policy however : what has been given can be taken back, and Gods are not as patient and forgiving as humans…"